# 3D point list with one line of data per point:
#   POINT3D_ID, X, Y, Z, R, G, B, ERROR, TRACK[] as (IMAGE_ID, POINT2D_IDX)
# Number of points: 3100, mean track length: 4.1161290322580646
1497 -5.1695101383785333 -0.93892833887804139 5.3426537657591222 92 95 90 0.31365028146321156 3 3199 7 4632 2 3984
1496 -4.3505523010927032 -1.6597478656720672 4.3673335407430098 207 166 180 2.0925104254789568 3 3162 5 3649 7 5001 2 3963 10 3005
1495 -3.6919323591229971 2.7634701428272468 5.2758446663029313 39 36 19 0.68416393631149941 7 4518 2 3900 3 3076
1494 -4.6845366619495055 2.8170247810046036 5.4415376233813122 181 184 165 0.36666813760932143 3 3073 7 4515 2 3895
1493 -4.6278468467784215 2.7677413957494603 5.3863067655822148 147 172 104 0.64029544080315459 3 3066 7 3890 2 3890
1492 -4.8052212210697736 2.8064099015636126 5.7181852188103734 39 35 12 0.58993095344835078 3 3061 7 3868 2 3886
1491 -3.8209631491954412 2.7042980631978577 5.4476717563596848 27 28 14 1.1248504487681452 7 4910 2 3882
1490 -3.3706938637247781 2.6854120728335205 5.5555292144289536 48 46 39 0.95381032643927044 3 2547 7 4498 2 3878
1489 -5.032548208674327 2.6903115814016423 6.0351356932782902 51 53 49 0.27754859331845394 3 3436 5 3519 7 4476 8 3970 2 3845
1488 -3.6957042925360803 2.3047158267864254 5.9090137998502463 29 37 6 0.715176442480559 3 3394 7 4853 2 3799
1487 -3.7467842257722799 1.9602156973614835 5.6121708801248245 105 113 76 1.0289138353468583 7 4401 2 3776 5 3873
1486 -5.6553374369959686 0.82176845794703923 5.6303702017588684 86 113 66 0.81681015809358204 3 3310 7 4762 2 3679
1485 -5.3055868885262889 0.3264584566715048 4.1602349603934012 94 100 88 0.97279274711997366 3 2841 7 4223 2 3621
1484 -4.7271464859819901 -0.028846584119826654 5.5488189880453556 58 58 27 1.0908553064131208 3 2220 7 4191 2 3596
1483 -5.0316503735427718 0.1247382622179776 4.030006334514983 167 182 90 0.48635003419621436 3 2786 7 4162 2 3580
1482 -2.0448890078709496 -0.5550092236223273 5.8922477410539011 85 64 69 0.37646856423552483 3 3219 5 3180 7 4104 2 3534
1480 -5.1885036616064308 -0.93094248401649571 5.1816659066306814 153 162 145 1.0923828453411224 7 4055 2 3506 3 2703
1479 -4.375808632566847 -1.7354668637051534 4.2959692259857478 199 150 169 1.0772439683237593 3 2678 7 4012 2 3480
1478 -4.4518281494005878 -1.8517620382471609 4.4979342239055118 185 151 167 1.255082799785489 3 2675 7 4011 2 3478
1477 -4.1826576108610061 2.9784979739940836 4.851655990280678 91 85 80 1.5489117597680686 8 4077 2 3462 9 1163
1476 -4.5053412420824355 2.976118961990593 4.8521984594906282 109 113 123 0.56289170703234814 5 3067 8 3530 2 3460
1475 -3.9471871077041047 2.9072581300080813 4.8687176967446089 105 114 117 1.2028285823030909 7 4568 2 3453 3 2651
1474 -4.0274327042295832 2.9504778058069112 5.3544444146680217 52 57 25 0.85537260600741283 5 2320 7 3954 2 3425 3 1981
1473 -4.9468181466784076 2.9266035178394771 5.3095323063115725 125 118 89 0.7341584763543394 6 1845 7 3943 2 3403
1472 -3.6095422869522609 2.7574067298996656 4.9895715214320875 115 117 112 1.0198543922060532 3 2593 7 3930 2 3384
1471 -3.5458987115371046 2.8056529764511247 5.344369738226824 94 99 102 0.7135310444032128 5 2281 7 3924 2 3371
1470 -4.7052926800715875 2.8155090718385285 5.2743080904247721 109 117 94 0.76245295412835123 3 1928 7 3038 2 3362
1469 -4.6727944867242313 2.7758097413352796 5.466643192765285 127 136 87 1.1632643243962348 7 3883 2 3331 3 1895
1468 -3.5572249238455287 2.6540312643352602 5.3236244182509473 180 182 161 0.46920559560957892 3 3050 7 4501 2 3313
1467 -4.6828948763720089 2.6471493571794165 5.8410483038503331 115 132 83 0.79823490346089321 3 1132 7 2883 2 3284
1466 -3.5334980931092268 1.1806978838503699 5.2583109088818656 90 108 47 2.0296010723775795 5 2784 7 2605 2 3095
1465 -4.0412056838520751 1.0370924371139203 5.6148869053571797 55 58 51 0.51293936184393496 3 2908 5 2745 7 4325 2 3062
1464 -5.3188847815993983 0.41364510005964472 4.00567180717107 132 148 92 1.1843411111563336 5 2633 7 3481 2 2957
1463 -4.9982574146816443 0.16327075801665619 4.0779269099658491 126 150 74 0.47370254914211446 3 2195 8 3011 2 2908
1462 -3.4070553396859453 -0.27886490759030214 5.9729449081464914 243 247 233 0.74105239048178506 3 3248 5 3239 7 4154 2 2888
1461 -5.1845164911161961 -0.093543054773734466 4.322294830233866 87 79 77 0.75947312632804731 5 2525 7 4133 2 2868 3 2755
1460 -3.7104610056975402 -1.3563047459591058 4.9646321579660988 72 75 33 1.0008003993915491 7 4036 2 2761
1459 -4.3907296174323998 2.9706534982198471 5.0222278841646277 94 98 92 0.92079853503134612 6 1470 7 3981 2 2712 3 2654 5 3608
1458 -4.1722013150088086 2.9283046436254261 4.921670235298393 113 119 118 0.27641353935233209 3 2004 7 3980 2 2708
1457 -3.9783929593748808 2.9092562049023645 4.9300865234442677 128 136 142 0.44908308080034037 3 1993 7 3152 2 2700
1456 -4.5156965244152856 2.9478283533054652 5.0594756240387708 107 110 92 0.61427685014644273 3 2646 7 3147 2 2696
1455 -4.5156965244152856 2.9478283533054652 5.0594756240387708 107 110 92 0.61427685014644273 3 2645 7 3146 2 2695
1454 -4.5493890382146143 2.9104638196358215 5.0670027560030508 115 116 100 0.46833588565674761 7 3119 2 2666 3 2629
1453 -3.7618241034270898 2.8446505290437063 4.9193425784190614 124 128 140 0.92361860559046183 6 1865 7 3952 8 3517 2 2656
1452 -4.9833945533560682 2.8880117433840748 5.4823781156177169 59 74 43 0.55547420216190713 3 2594 7 3047 2 2604
1451 -4.7197123317584202 2.8232766855202458 5.227801376460774 121 133 111 0.65546496631364837 5 1464 7 3045 2 2596
1450 -5.022042776766745 2.8310663271275542 5.6871575703884316 121 121 97 0.58646998373073334 3 2566 7 3888 2 2556
1449 -4.9910745033442909 2.8326095820884887 5.734435310903609 74 74 50 0.38525595200012114 3 1206 7 2997 2 2555
1448 -4.8465618256446579 2.8221745946452366 5.7101789257793856 164 164 143 0.49770467635036125 6 1366 7 3881 2 2553
1446 -4.995806497671218 2.8175586496013998 5.7338631699504576 115 115 91 0.27779380923473135 5 2241 7 2987 2 2543
1445 -5.0425422547981329 2.8037779187250278 5.6728142708756115 229 229 211 0.1777869451150054 3 2560 7 3867 2 2537
1444 -3.5213211700946419 2.6768310342960837 5.2559994095812517 90 92 75 0.86506553710034118 3 2557 8 2654 2 2532 7 2984
1443 -4.8700481110529328 2.7820383495079675 5.8516367033690448 183 186 163 0.52499620195169916 5 2231 7 2960 2 2503
1442 -4.6295545355375713 2.7393013360454468 5.6320765772040744 78 104 38 1.3998979239033522 3 1872 5 2955 7 3848 2 2501
1441 -3.5991203677628443 2.6323759764281673 5.2635121132724247 187 191 168 0.50265091058627986 3 2545 7 2956 2 2498
1440 -4.9695867138178409 2.7693504735886627 5.8731927935938346 38 37 9 0.58338848144083388 3 1166 8 3393 2 2490
1439 -3.3573358101038036 2.605963670018788 5.7599416110863082 104 101 84 0.39886385028928589 7 2892 8 3407 2 2459
1438 -4.9982286832999012 2.6820622846239908 6.0776125907562744 79 85 73 0.48323616749059733 7 1699 2 2448 3 1130
1437 -3.2988204993831061 2.4666667893881455 5.5784736676640518 70 80 43 0.35486125629293302 3 1824 7 2847 2 2415 5 2184
1436 -3.5563195213516789 2.5008088517810569 5.8047497330122546 150 148 123 0.084673866178746823 3 2501 7 3791 2 2414
1435 -3.5563195213516789 2.5008088517810569 5.8047497330122546 150 148 123 0.084673866178746823 3 2500 7 3790 2 2413
1434 -4.7438082836352073 2.4852104473409167 5.6489896021998662 116 136 87 1.5832853449801723 7 2833 2 2403 3 2495
1433 -3.511651820054011 2.461827948447239 5.9511891737533125 36 41 18 1.1530527313215251 3 3010 7 3775 2 2396
1431 -3.5861734572056938 2.3731148038008549 5.881886352818106 17 21 6 0.53328864735089454 7 2802 8 2477 2 2374
1430 -3.5831345226664078 2.2837770198803349 5.8393790240027883 156 161 131 1.0120361366966293 7 3753 13 1916 2 2361
1429 -3.3742800260521482 2.0022997329393575 4.693300633635916 215 224 206 0.43956112988553547 3 1072 7 3737 2 2343 7 2756
1427 -5.185866774865918 0.46535375452190558 3.8892111536006695 134 157 106 0.32393023953387517 5 1904 7 2387 2 2109
1426 -5.2999212018340325 0.38337634185330893 4.190681078060722 109 126 90 0.8070200442498674 3 1580 5 1900 7 1212 2 2103
1425 -5.2822343697603014 0.21860533667037968 4.1489232555201543 84 88 97 0.26640738871835601 7 2329 2 2069 3 1537
1424 -5.305597238078235 -0.071670769451545172 4.2404340660181985 153 154 158 0.21423132816676824 3 1462 7 2217 2 2005
1422 -2.6295504336067892 -0.53426212591134781 4.8062238429014679 92 111 61 1.5922986097149952 3 2080 7 988 2 1931
1421 -5.166394264233376 -0.76878263632698474 5.0771391911525017 209 222 194 0.70973431355501038 3 1369 7 2093 2 1908
1420 -4.032142276082439 -0.4593000571352252 2.8357677932436824 147 156 109 1.2621249883951828 3 1356 5 786 2 1895
1419 -5.0000186853778033 2.9331103906024616 5.234171995602197 146 156 158 0.51032448405891973 3 550 7 1947 2 1761
1418 -4.1419492159744609 2.9151557450641739 5.2968033574149835 23 25 14 0.26619043187292651 3 1277 7 3105 2 1759
1417 -3.6369725537331004 2.8339452696242078 4.990871077017017 100 92 98 0.88478543247650665 5 1502 8 1771 2 1755
1416 -3.6613571822701356 2.8222208339048085 4.9661249839757264 179 185 184 0.32162210394213758 7 3099 2 1746 3 1964
1415 -4.8682258327306087 2.9013219380817796 5.2377853628763811 74 81 40 0.30396434244196141 7 1933 2 1738 3 1272
1414 -3.5243757673735718 2.733745657589076 5.0683779935509889 139 139 147 0.46483590972060201 3 1230 7 1880 2 1684
1413 -4.4653801222352572 2.810986754518237 5.331581916285189 83 97 70 0.33854755375459011 3 1926 7 3034 2 1679
1412 -3.5400198531730611 2.7336589224435994 5.1246178644759759 103 101 88 0.57059699219666593 3 1223 7 1877 2 1675
1411 -5.013444152049952 2.841119690655078 5.5853061266502371 41 39 16 0.50761318088325746 3 1217 7 3014 2 1656
1410 -4.8604938575316217 2.8101437507500022 5.7741775654831651 75 78 58 0.27373443586986268 3 1201 7 1805 2 1606 5 616
1409 -4.8542909070690961 2.7823819101161837 5.8238820022684328 63 66 42 0.098910836260557286 3 1178 7 1780 2 1579
1408 -3.3171281657198564 2.6479119621507148 5.3844124563057729 150 155 153 0.52395150188453876 3 1169 7 1776 2 1574
1407 -4.9697753507114966 2.759753620534132 5.905780049044651 104 103 73 0.56538944066322161 5 1383 7 1758 2 1554 3 1154
1406 -3.5528759023568437 2.657161175831714 5.5811440619144275 81 77 65 0.46040052242728596 3 1857 7 2936 2 1552
1405 -4.8720975736304046 2.7026347863573985 6.0882218261783612 61 63 31 0.26993459480023302 3 1137 7 1713 8 1476 2 1491
1404 -4.8173773966483768 2.687110159662168 6.06329767347375 73 80 42 0.25750936518565237 5 2206 7 1706 2 1480 3 1840
1403 -5.0158779325193059 2.6868962377219279 6.0798136549714261 134 140 133 0.4826584442267543 7 1702 2 1475 3 1131
1402 -4.852178600258366 2.6690985308735966 6.1191114114243881 116 116 98 0.37045252377864851 3 1122 5 1342 7 1690 2 1465
1401 -4.8897741796277154 2.6701507440657326 6.1241499640288435 113 114 93 0.24336392024358952 5 1341 7 2872 8 2509 2 1463
1400 -3.769697364312961 2.5699378967933106 5.7871692702662605 46 49 22 0.46910973380685894 3 1119 7 1686 2 1454 5 1335
1399 -4.4383385721147768 0.94087766120612248 6.5618780144586255 174 177 161 0.65302933732157531 7 1389 2 1198 3 309
1397 -5.2903000463583831 0.22271886846035951 4.2068208769052662 162 160 171 0.37996710059878969 7 2334 2 1092 3 1541
1396 -5.2578550251074843 -0.31213612327436896 4.3202882454141891 219 218 226 0.77769606749483666 3 114 7 1021 2 989
1395 -5.1941207002365921 -0.83131893860389461 4.9556109932122352 0 0 0 0.49751832695500176 5 107 7 90
1394 -3.6734927883831592 2.6914818760368404 5.3185942571558664 58 60 41 0.48108765093812328 7 724 8 607 2 652
1393 -4.6826665948366335 2.7589016960322836 5.6050613479431322 99 114 43 0.51752168760029316 7 706 2 637 3 1189
1392 -4.7664543053825517 2.7802905579169601 5.7709201631546048 56 67 28 0.48792918249370348 3 475 7 1785 2 623
1391 -4.872560750833701 2.7790568558980229 5.9055105882675534 49 52 24 0.78313243483485395 5 590 8 531 2 600
1390 -4.8459392527011209 2.7477088661057749 5.8594091318135 70 76 39 0.18476629851766913 3 1151 7 2935 2 589
1389 -4.6144230659526864 2.4544322033244024 5.5792005887737259 98 113 79 1.9963962428019364 6 1308 7 1651 2 469
1388 -4.6239909114097912 2.4458036466246695 5.5349990772670639 108 122 86 1.6321884082098472 5 527 7 588 2 468
1387 -3.6030285849795831 2.2976359165433209 5.8138366724917514 86 92 44 0.27927349688781716 7 578 8 451 2 450
1386 -3.5002508391196976 -0.26329213287380565 6.1808320797461507 193 210 165 0.87450716675338702 6 1157 7 1117 2 180 3 823
1384 -2.61871048830232 -0.27525069872149766 6.3837518962705531 72 69 54 0.17163161682419434 3 4167 7 5824 5 4655
1381 -4.0540782099322676 -0.82885529089713672 3.831128005975303 127 155 80 1.7734829675049877 3 3186 7 5363 5 3681
1380 -4.6382458527877288 -0.49761593221630007 2.0914099103425685 161 174 148 1.1099276839894832 3 3172 5 3667 2 3973
1379 -3.6110663270050152 3.0528129710850433 5.2031650300334382 52 34 24 1.3718901045540965 3 4066 7 5559 8 5073 5 4558 2 4801 4 2355
1378 -2.8624139901718064 -0.49666563874073627 4.8222370874557736 52 61 45 1.6025660983340921 3 3569 7 5375 5 4054 13 3266 6 2803 2 4357
1377 -3.9333802307065153 2.4632076436707546 5.3462555733469603 102 95 65 0.4622651924404696 7 4882 8 4429 3 3421 5 3914 7 5258 13 3140 6 2713 2 4218 10 3280 9 1781 11 2893
1375 -3.5044470036949678 2.5603243628456953 5.7033369384043304 118 118 86 1.8337280308928157 13 1974 6 1788 3 2513 5 2200 7 3806 8 3389 2 2442 4 1319 15 1546 12 2208 14 1802 16 3126 11 2241 17 2461
1374 -3.9491243869280614 4.6289860246981984 4.1887268417996628 39 46 90 0.2642343273997092 7 6069 5 5036
1373 -4.176518388269062 3.0238622984508687 4.8807314256702679 87 52 33 0.08508714761905227 8 5572 5 5033
1372 -3.8249463754136244 2.0439827252409071 5.3682694811252416 48 64 35 1.1311035695070604 3 4564 7 6053 5 5024 2 5277
1371 -6.1069814641954618 0.8202486271349726 5.2938047993385098 113 141 101 0.97426466821065405 8 5471 5 5015
1370 -6.4758434529624544 0.34954670765825185 5.5377152990170888 147 174 139 1.2312814792035605 7 5956 5 5007
1369 -6.4758434529624544 0.34954670765825185 5.5377152990170888 147 174 139 1.2312814792035605 7 5955 5 5006
1368 -5.1305551765459052 -0.074502064293040696 4.2678437657610848 44 31 24 1.7650282108913149 3 4536 7 6027 5 4996 2 5255 1 1885
1366 -5.3861807805067521 1.1632072321725362 4.7658572164648492 142 157 124 1.6070595766430404 3 4559 7 6045 5 4946
1363 -5.6653637228675526 0.66851188415257567 5.7568882750454895 78 106 66 1.0709658213008271 7 5962 5 4936 2 5183
1362 -5.2243920926204552 0.58155771220359564 5.1057109148860169 85 80 42 0.64222154204974569 7 5959 5 4933
1361 -6.2619795042919142 0.42542055951222285 5.457945115772862 100 137 83 1.8428210411052999 3 4473 8 5362 2 5061 1 1811
1360 -2.5720879685146381 0.62760393262437364 1.7406513892113364 89 109 38 0.042133042241774908 7 6032 5 4924
1358 -4.9810630759157037 -0.078495751095727775 4.3039590326200274 76 71 68 1.8278572842779106 3 4457 7 6026 5 4909 2 5158 4 2645
1357 -4.6995798996020799 -0.34135111170115323 5.0830963640760256 64 81 26 1.6893530176072811 3 4450 7 5930 5 4903 2 5153 1 1675
1356 -5.2433380475731077 -0.73131544425879336 3.9567705299409903 112 135 62 0.019548660114202747 7 6015 5 4892
1355 -4.09417534157466 -0.8513073873721938 3.8173380327902433 80 53 46 1.8562049162658241 7 6012 5 4888 2 5240
1354 -3.2610225400314676 -0.90086823889643763 3.8398632711977281 141 166 75 1.2917534576822594 13 3864 9 2189 15 2507 1 1773
1353 -2.3063602065695332 -0.98284565321121931 3.728489228059527 130 155 72 1.3927379426093105 7 5907 5 4884
1352 -2.5166840763070972 -1.1137631125998078 3.5541183009951758 92 106 45 1.1119526332389587 7 5896 5 4873
1351 -2.4494726796965489 -1.2460961304917382 3.4945298654240804 119 142 64 2.1893524817662326 3 4418 7 5885 5 4865 2 5129
1350 -5.0852593602591796 -1.7305998548997443 4.5746516958346302 205 133 144 1.1136260128483337 3 4417 7 5887 5 4864 2 5125
1349 -4.2645337645272772 2.2214789079023496 5.2450503219430216 93 93 65 0.92289394092970112 3 4393 7 5865 5 4845 2 5099
1348 -4.2645337645272772 2.2214789079023496 5.2450503219430216 93 93 65 0.92289394092970112 3 4392 7 5864 5 4844 2 5098
1347 -4.4602067215837753 2.1234601644057753 5.0589229608772825 92 114 67 1.2392606910677155 3 4391 7 5862 5 4843
1346 -3.5025709445458153 1.4394082140938351 5.7885280232463643 207 216 230 2.0457879935678283 6 3529 7 5979 5 4834 2 5202
1345 -4.3380394095076165 0.85459459799655701 4.9326898542681121 45 62 28 1.9190623576457047 3 4361 7 5844 5 4819
1344 -4.936767225036137 0.27065528990362192 4.1049322066089831 68 54 38 1.6441728608165971 3 4346 6 3299 5 4808 2 4894 1 1589
1343 -4.5738556471602161 -0.32652405596847267 4.8311640377005247 91 111 48 1.4156252241096876 3 4325 7 5810 5 4785 2 5037
1342 -3.4450488470995713 -0.75666926310071048 3.7869609721655513 94 109 41 1.1657749296076392 3 4305 7 5911 5 4765 2 5020
1341 -3.1647177388317766 -0.85872639494929581 3.8296915128019915 156 180 84 1.3025757461080896 3 4301 7 5789 5 4764 2 5018
1340 -2.2750929265225825 -1.0173056384031096 4.2066564473150239 137 161 72 1.5737356406890648 3 4437 7 5785 2 5143
1339 -4.2675847009556156 -1.397510132684564 4.3927722962549725 166 121 115 1.1418611570193098 7 5767 5 4754 10 3824 15 2311 12 3166
1338 -4.2645644047772864 -1.3819876833595899 4.3562578860739034 166 121 115 0.32072511757914024 7 5766 5 4753
1337 -2.4393440089889484 -1.1513213511862375 3.3866077232478347 87 101 40 0.56922169254836741 3 4420 7 5890 5 4748
1336 -3.8440766040210317 4.6468211785566513 4.6268767557730168 58 72 149 1.3824802141653338 3 4259 7 5563 5 4741 2 4986
1335 -4.38663968386797 2.6136096745540875 5.3033778025622489 103 142 77 0.42560013650157597 3 4243 7 5730 5 4729 2 4966
1334 -3.6216118957572414 2.4485263669654915 5.8622264206606438 88 90 64 0.28097102762073178 3 4233 7 5722 5 4720
1333 -4.8279546225719399 2.4412820801515731 5.7620108540705379 0 0 0 1.8814107527302493 3 4232 7 5514 5 4719 2 4952
1332 -4.0390214461603078 2.2555452083329164 5.2820760259616844 89 107 62 1.2302030270024116 3 4227 7 5716 5 4710 2 4945
1331 -4.8767846752682118 0.54020753146660461 4.2836404641958481 105 128 48 0.88527881519668572 3 4356 7 5834 5 4680
1330 -4.8767846752682118 0.54020753146660461 4.2836404641958481 105 128 48 0.88527881519668572 3 4355 7 5833 5 4679
1327 -4.7207362717766541 0.057911528282433178 5.4877442855784029 204 206 218 0.9385574941276138 3 4183 7 5663 5 4672 2 4893
1326 -5.4813846670298867 0.2213485188072784 4.1709297487839878 218 226 218 1.4686099207474963 3 4178 7 5825 5 4662 2 5054
1324 -5.3355210194572757 0.16911391414341548 4.1739898533168063 187 191 202 0.36153112983663016 3 4173 7 5658 5 4658 2 4887
1323 -3.3890783353173308 -0.1934973493969315 6.0091789442764911 214 213 210 1.3736339119118837 3 4168 7 5654 5 4656 2 4885
1322 -4.0753107590779463 -0.31093516263859056 6.3462186577902528 231 233 228 1.5022401852471319 3 4164 7 5823 5 4653 2 5048
1321 -2.6967438534650006 -0.26473084585339796 6.000640563957675 200 217 182 1.1637780637146986 6 3286 5 4651 2 4882 4 2422 1 1584
1320 -4.9180880651650742 -0.11445274151097765 4.304805029344541 20 16 9 1.4702503927243664 7 5814 5 4643
1319 -2.0644132147738645 -0.65834031342538923 6.1385886631467814 94 55 58 1.0027214522034367 6 3081 5 4631 2 4862 1 1573
1318 -2.0654652715760693 -0.65656400138120219 6.1310970060794956 94 55 58 1.2013112361720497 6 3080 5 4630 2 4861
1317 -3.4377188349683365 -0.29970696275901881 4.2205444033362136 125 148 78 0.72002486020416301 8 5130 5 4621
1316 -2.1048643906920161 -0.78737158255928597 6.0814731442815972 110 60 69 0.91687476784614197 6 3069 7 5377 5 4619 2 4852
1315 -3.137613347246913 -0.62303992094740157 4.0030501849901095 131 157 71 1.5138096256222242 7 5622 5 4616 11 3494
1314 -3.3178746251755067 -1.0907288462558271 3.578314481559004 116 134 58 1.6476947183218571 13 3699 5 4586
1313 -4.5042841851374265 -1.5234408593582938 4.4405961103086957 187 135 141 1.3647149055368992 3 4085 7 5577 5 4576 2 4819
1311 -4.7961776911420309 -1.8035368981080442 4.5321607869132867 195 122 129 0.24724596299385693 6 3024 5 4567
1310 -3.9579829686375665 3.1733755516224327 5.0764944509770187 138 92 69 0.86293898644699851 13 3456 5 4560 2 4984 4 2356
1308 -3.6100567009166515 3.0567110355122087 5.2277474500527692 136 95 73 0.6619477594254507 7 5558 5 4557 4 2354
1307 -4.6511516601885923 2.9846094437649544 5.275269732039674 34 35 21 0.17745132897198668 7 5299 5 4555 2 4797
1306 -4.3389547705295186 2.9078545554930235 4.9882139399106808 122 117 96 0.86924626872669675 3 4062 7 5554 5 4553 2 4796
1305 -3.4950553492690331 2.809522207752043 5.1112342865163116 102 66 34 1.4185117036467974 3 3811 7 5292 5 4550 2 4279
1304 -3.9093612831719788 2.8929226558053021 5.5586326031448667 19 24 17 1.011488943198249 7 5289 5 4546 3 3808 2 4557
1303 -4.8351334115433602 2.7687088438486169 5.7477284962071238 110 113 82 0.56781001423565935 6 2999 5 4537 4 1948
1302 -4.3942823875090848 2.57590645149399 5.4340849727093703 31 34 7 0.22287525001538913 3 4240 7 5728 5 4529
1301 -4.5558087417873097 2.4954951948238726 5.5941543486225456 10 16 12 0.60218472543604162 3 4235 7 5518 5 4522 2 4953
1300 -3.8376180261704578 2.4168652286601922 5.5140674223171464 49 46 35 2.1044738272427108 6 2980 5 4520 2 4524
1299 -4.0819579438175504 2.0646726121722017 5.636270610597788 116 106 97 1.3623678462472426 3 4011 7 5222 5 4507 2 4756
1298 -4.0819579438175504 2.0646726121722017 5.636270610597788 116 106 97 1.3623678462472426 3 4010 7 5221 5 4506 2 4755
1297 -4.0260317339544063 1.0701302994179085 5.4747913746731589 209 219 231 0.43281706441132001 3 3984 7 5475 5 4477 2 4732
1296 -3.8170247757364653 0.96547736862461842 5.4306229387356133 79 94 63 1.6651497356896181 3 3981 7 5181 5 4468 2 4925
1295 -4.2674857696341126 0.86185682715232748 4.9961280661898924 202 214 226 2.2661532784185359 7 5465 5 4458 2 4717
1293 -6.3934517372186725 0.37142853319409735 5.5410610807981326 111 143 94 0.86552211431531534 6 2610 7 5449 5 4438 2 4426
1292 -5.3972185444829233 0.25532036303209082 4.0999579154847554 177 189 176 0.36846132736390996 3 3946 7 5436 5 4426 2 4686
1291 -5.2267552048592334 -0.12841771829912674 4.2648829685212482 70 50 51 1.5639336194301765 3 3913 7 5396 5 4400 2 4652
1290 -3.7498001205465785 -0.28821242010531539 4.5154028415941418 210 218 221 0.77442721975241646 3 3581 7 5065 5 4393
1289 -3.7498001205465785 -0.28821242010531539 4.5154028415941418 210 218 221 0.77442721975241646 3 3580 7 5064 5 4392
1288 -4.9650600513609211 -0.81999344881047498 5.7789170573986501 97 103 98 0.77129202753771586 3 3892 7 5372 5 4377
1287 -5.1987846187044617 -1.0473244825497114 5.4422279159895073 217 215 210 1.6326120336488952 3 3888 7 5624 5 4366 2 4627
1286 -3.9396529242176013 -0.86739628942290381 3.667069528441032 126 139 81 0.99997083659217667 7 5358 3 4108 2 4618
1285 -2.9558220653249272 -1.0913738819268166 3.768433532558249 126 152 55 0.84797929992280363 3 4091 7 5589 5 4353
1284 -4.0305707368366273 -1.4603493981186086 4.679148636258696 79 63 40 0.15079676410721937 13 3229 2 4613
1283 -4.6983514841952196 -1.7265406734093145 4.5660400882495962 228 220 231 1.1753479122876611 3 3843 7 5336 5 4331 2 4598
1282 -4.6928682666517902 -1.7089719580500979 4.5263340588691765 228 220 231 0.90258336318472898 3 3842 7 5335 5 4330
1281 -5.1446762857914248 -1.7915663683415644 4.6872280492035063 200 117 109 0.98715779809062587 3 3841 7 5332 5 4329 2 4596
1280 -4.3445677220578256 -1.7152850598401994 4.4150668741658983 172 120 133 1.7945635431353719 3 3837 6 2770 5 4325 4 1992
1279 -4.5671157313948774 -1.7962702809257516 4.4154981696956934 172 113 133 1.3841686838080931 3 3833 7 5326 13 2866 5 4324 2 4591
1278 -4.5117485989398105 -1.8438401845052215 4.4697382644252484 173 110 133 0.96917383300220938 3 3832 7 5324 5 4322 2 4590
1277 -4.5117485989398105 -1.8438401845052215 4.4697382644252484 173 110 133 0.96917383300220938 3 3831 7 5325 5 4321 2 4589
1276 -4.1125275762833731 3.2684782143603921 5.045362140152327 149 106 84 0.47483432091982719 6 2765 8 4816 5 4317 2 4308
1275 -3.8969637075245966 3.1746288851623459 5.0048772160867507 103 59 35 1.0230916492258644 8 4814 5 4315 2 4576
1274 -3.8963521998698996 3.1788062856295638 5.0248405916437218 103 59 35 1.7925054512415162 8 4813 5 4314 2 4575 4 2182
1273 -4.9101432967483998 2.9558030860601416 5.1897600657474943 207 211 204 0.6344958040909946 7 5298 5 4308 2 4568
1272 -4.1336801288929683 2.9028607866175391 5.3912711939847648 21 24 13 0.98955784446645412 3 3815 7 5297 5 4305 2 4561
1271 -4.3765146772206798 2.7845938829562931 5.4387798363927295 50 64 38 0.4762733744872405 7 5280 5 4296 2 4552
1270 -4.6978985297449984 2.7653951146685665 5.557417710651543 79 79 52 0.38107442380352036 3 3798 7 5277 5 4290
1269 -4.6642236015147782 2.7074049715362198 5.6414495391774064 196 212 138 1.1887864133186588 6 2722 7 5267 5 4280 2 4241 7 4901
1268 -4.70961883013831 2.6312080660281367 5.8476694589081442 42 43 10 0.66506439454139876 7 5264 5 4268 2 4537
1267 -3.3914823964071563 2.5518880702315387 5.6705323870601321 51 52 32 0.24295801524850347 3 3779 7 5528 5 4267
1266 -3.3914823964071563 2.5518880702315387 5.6705323870601321 51 52 32 0.24295801524850347 3 3778 7 5527 5 4266
1265 -4.0506430498267303 2.502867555094999 5.350082700823231 11 18 3 0.49748378436937002 3 3428 7 4887 5 4262 2 4535
1263 -4.0115327080657934 2.3755023582633963 5.5326231952435823 34 38 15 1.0626103191110947 3 3758 7 5513 5 4247
1262 -3.637409633913995 2.3670259350924043 5.8459014901308262 25 28 17 0.6368967741060354 3 3753 6 2699 5 4242 2 4515
1261 -3.6175694423792266 0.89099532013602745 4.4633183944798285 136 153 81 1.886128580638111 7 4767 5 4171 2 4111
1260 -5.5139720417256983 0.81696482792836567 5.5493245626633678 129 153 127 0.44157566907706003 7 5164 5 4168 2 4455
1259 -4.1178602818632575 0.68486754889869261 5.2157721718207419 82 98 49 0.81576544051443489 7 4747 5 4161 1 1407
1258 -6.0447437664610941 0.6942490997167331 5.2826968877743168 85 116 72 1.2081944861567366 3 3667 7 5153 5 4158
1257 -3.5778785513996105 0.076836043451819797 5.574920057134193 64 75 43 1.5395402718118023 3 3954 7 4215 5 4133 2 4417
1256 -5.3195392519886058 0.30091391080991281 4.0908309997570109 203 209 207 0.38557561561242304 3 3952 7 5439 5 4127 2 4413
1255 -4.7832197264175047 0.060761332934220015 5.3611360700346182 108 132 56 1.5933681086886717 3 3638 7 5123 5 4123 2 4068
1254 -4.1445074253189738 -0.24149466150971452 6.3826733804459703 214 220 219 0.80269544459625564 3 3627 7 5107 5 4112 2 4400
1253 -5.4041229074795343 0.04621688912786677 4.1823400441201839 216 226 227 0.44119790529495612 7 5098 5 4101 2 4669
1252 -4.8351087410201803 -0.041373093240411343 4.3715469970224419 57 57 49 1.3941207124428059 7 5087 5 4090 2 4389
1251 -5.2791469368927881 -0.019861916453769467 4.2210902085184863 202 201 209 0.34932555827271233 3 3605 7 5085 5 4085 2 4386
1250 -5.331725689039561 -0.059285874214225556 4.2552673087143118 172 169 178 0.42129021969034119 3 3598 7 5081 5 4081 2 4381
1249 -5.2567899314365372 -0.11129421401704048 4.2600722216703142 169 169 170 0.78022115744048115 3 3914 7 5399 5 4078 2 4378
1248 -4.0598469297871596 -0.57768446943909035 5.2493897370858305 119 85 102 0.31575939122728186 3 3572 7 5055 5 4057
1246 -3.6190053839120573 -0.75687518069858462 3.6305894408885133 95 125 65 0.97012786152879704 7 5032 5 4041 2 4341
1244 -5.1645050820366674 -1.7127483861925175 4.6011696278541532 207 141 155 0.51805140244107573 3 3165 7 4607 5 4015 2 3966
1243 -4.3788750141930688 -1.6731663382358166 4.4072522690653706 178 131 141 0.58287504614484131 3 3519 7 5000 5 4013 2 3964
1242 -4.6100127002293121 -1.8028138992620391 4.5673663144230661 182 129 159 0.36898341068986534 3 3515 7 4993 5 4011 2 4320
1241 -4.9130355421920822 -1.8767776769651217 4.6692916369998736 201 141 150 1.3592580824700089 3 3836 7 5328 5 4007
1240 -4.6475988593254423 -1.8495526698459472 4.4908799496991891 199 155 173 0.49121000301939088 3 3508 7 4983 5 4005 2 4314
1239 -4.6209006948342841 -1.8688547713639794 4.4660858688946963 168 105 126 2.5820589962732372 7 4590 5 4003 3 3143 2 3951
1238 -4.1834061113879937 3.2956995681010257 5.0978821470803757 135 94 66 0.85705720984790512 7 4973 5 3999 2 4309
1236 -4.2266905555237937 2.9844170948897681 4.7820995752832038 80 52 41 0.4902848139723735 7 4961 5 3990 4 1608
1235 -4.5919234161804097 2.9314132513553122 5.150301397823732 20 20 8 0.65861467730911438 3 3488 7 4952 5 3984 2 4290 6 2198
1234 -3.7869881205762335 2.8630913977988008 5.1910882088356889 116 119 112 1.1446841336871119 7 4949 5 3979 2 4564
1233 -3.8313005011282293 2.8548009666959153 5.1708833835075865 63 60 45 0.42863403761351498 13 2839 5 3978 2 4283
1232 -3.889936309889757 2.8913901704817548 5.3899269670472796 55 52 37 0.34536840076472891 7 4945 5 3977 2 3914
1231 -3.4913135102972803 2.7362763678722422 5.0931681968305975 131 136 140 1.5172913471433531 3 3473 13 2441 5 3963 4 1778 10 2615 15 1841 11 2622 12 2617 14 2182 16 3530 17 2525 21 1776
1230 -4.6822667609963791 2.816439352088639 5.4321234584992997 166 178 149 0.64269538428657458 3 3074 6 2462 5 3958 2 3896 4 1770
1229 -4.9850012395124299 2.8680423998533229 5.7212751091787153 73 73 47 0.77855797176553054 7 4921 5 3955 2 4265 3 3471
1228 -5.0782352514047258 2.7692398332930699 5.8777676265790753 42 48 36 0.4629692010207645 6 2449 8 4440 5 3941
1227 -4.8540720977935905 2.7092383858513509 6.0692854590238481 72 68 42 0.24116493718947093 3 3440 7 4895 5 3932
1226 -4.6579379660683928 2.6419827942247074 5.8712811802466902 137 151 107 0.3410086201145382 7 4473 5 3925 2 3843
1225 -3.5376924957076805 2.4878345083199251 5.8432370560156563 49 53 18 0.23134186468381249 3 3413 7 4873 5 3909
1224 -3.7731993174539031 2.330436297171818 5.5886221611724052 112 121 95 0.10009618789889667 3 3752 7 5243 5 3896
1223 -3.9998965213872517 2.0665257381959585 5.0650399909372226 67 81 46 2.6147756136801572 7 3739 5 3882 2 3787
1222 -4.4297369298207006 1.9079395997679769 5.4617897129666542 212 223 229 0.49127311757171854 3 3370 7 4832 5 3871 2 3775
1221 -4.0047513910407622 1.687321062200289 5.3117078289638027 92 105 60 1.3075511678217495 3 2956 6 2667 5 3865 2 4165
1220 -5.5138999081304272 0.87612733166987178 5.6456898582695141 119 146 113 0.78019532292239246 3 3314 7 4771 5 3812
1218 -5.1294618344196756 0.33815798901273292 4.2019959507611775 175 179 178 0.34052823248226605 3 3281 7 4720 5 3777
1217 -5.1097008393915466 0.30201733213773196 4.1660756188073975 189 193 192 0.33802697857985864 7 4712 5 3773 2 4069
1216 -4.6585727491521745 -0.037393968875230395 5.472949868153032 126 141 78 0.33813628874081125 7 4700 5 3763 2 4059
1215 -4.7265329669030534 -0.086331368580643109 5.5255135984699093 142 164 83 1.0383952515809667 3 2794 6 2586 5 3757 7 4174 2 4054
1214 -5.4072333335506828 0.11260329487302519 4.200375544298546 179 183 186 0.21652592484787697 3 3258 7 4693 5 3750 2 4047
1213 -5.4072333335506828 0.11260329487302519 4.200375544298546 179 183 186 0.21652592484787697 3 3257 7 4692 5 3749 2 4046
1212 -5.2545066490899561 0.046443792824536333 4.2181446033442969 189 194 200 0.73345270064190737 7 4153 5 3744 2 4035 3 3616
1211 -5.450094626176095 0.010468910468476025 4.1569441309186148 126 132 128 0.79106513680770552 3 3239 7 4677 5 3738 2 4031
1209 -3.9232762336042679 -1.0452832428063172 4.0587277605978329 127 73 42 1.1737353358901441 3 3178 6 1925 7 4622 5 3674 4 786
1208 -4.1053554459860102 -1.3524005280881481 4.4862320304406973 134 87 77 1.3059399340675075 7 4618 5 3668 2 3974
1207 -5.133354404272259 -1.6790166836569669 4.6613266705359964 213 153 155 0.52378220636064743 7 4609 5 3656 3 3168
1206 -4.572204071707028 -1.777808797211553 4.6125394136080216 192 154 172 1.2304877735832029 3 3161 7 4019 5 3646
1205 -4.9875794543048553 -1.7200924677569724 4.4553208519176168 202 150 155 0.78149706843373645 3 3159 7 4998 5 3645
1204 -4.364173601890684 -1.7708235212059493 4.4624641707271762 171 113 128 0.91692736927653451 3 3151 7 4600 5 3640
1203 -4.7323158750983785 -1.9172955538970682 4.5691842100607607 194 139 158 1.5844791052484519 7 4591 5 3634 3 3505
1202 -4.563362410622922 -1.8469979532754248 4.4040294371416699 186 135 154 1.3569163793444308 7 4979 5 3633 2 3950
1201 -4.6455966227067931 -1.8880006242434064 4.4715855659772057 200 156 169 1.4994907252824914 3 3142 7 4589 13 2860 5 3632
1200 -4.3003115959484699 2.9654548460359442 4.8080593592066458 77 81 90 1.0205790995839965 7 4573 5 3611 3 2660 2 4298
1199 -4.4915424036623257 2.9744622138314885 5.1123754460826412 117 120 99 0.86728084084348867 3 2652 7 3978 5 3606 2 3450
1198 -4.241405527417923 2.9320346992470339 5.2907675808262571 30 31 13 0.51365847286911859 6 2196 5 3593 2 3925
1197 -4.9283645017517648 2.9308569622854246 5.2249636995178035 94 92 71 0.45368166231872792 7 4541 5 3589 2 3921
1196 -4.7833234784519965 2.9171010878748733 5.3138676820131154 39 41 19 0.54009912545901817 3 3099 7 4533 5 3585 2 3916
1195 -4.3452587432594383 2.8917668703480146 5.3855579630822348 20 22 9 0.53422287485141917 7 4528 5 3579 2 3911
1194 -3.5432259550852621 2.7853393775403603 5.0569464881417217 103 104 106 1.3121046570650436 6 2183 5 3574 4 1594 10 2986 9 1355
1193 -5.0077405642121837 2.898488914842491 5.4775871390662632 135 138 111 0.64943777378234213 3 2601 7 4525 5 3572
1192 -3.6290131305664408 2.7722133597293883 5.1095954629599154 63 60 41 0.30337110625957575 3 3083 7 4524 5 3568 2 3906
1191 -4.5476310616435072 2.8336689223090112 5.3646335963781961 67 88 56 0.80459709581824013 3 3080 7 4932 5 3565
1190 -3.7390072782170032 2.7671095453576386 5.2437442517824513 126 129 102 0.40723648027532638 3 2579 7 3916 5 3564 2 3356
1189 -5.0609241320476732 2.8397903414295986 5.6621928240582067 144 142 127 0.41955521020460795 3 2569 7 3893 5 3556 2 3333
1188 -4.4782698512834811 2.7977982197676146 5.5089848498104006 58 74 38 0.72600914193152066 3 3068 7 4512 5 3555 2 3336
1187 -4.427788441204215 2.7319286477687488 5.3718704195289337 31 55 3 1.3887164881870846 3 3060 7 4505 8 4019 5 3551 2 3321
1186 -3.7320970731041192 2.6956832380191456 5.2861558391729888 57 58 43 1.4310544952367181 6 2458 7 4506 5 3549
1185 -3.7044820695864247 2.7090335781663732 5.4510677216670471 46 43 28 1.1753501962470694 3 3058 7 4503 5 3546 2 4252
1184 -4.0144988320817108 2.7148576513838312 5.6037137835346256 61 69 51 0.035681825830198237 3 3053 7 3850 5 3538
1182 -4.3578641671567402 2.6458566717782519 5.3610060310300076 63 86 30 0.86093343379858345 3 3046 7 4488 5 3532 2 3864
1181 -4.3210008541969582 2.5918865925930805 5.1800383763773086 56 71 34 0.6635129089165247 7 4487 5 3528 3 3450
1180 -3.6908615255046282 2.6012609437304142 5.718107568513271 70 70 58 0.19250493409527233 8 3996 5 3517 11 2581
1179 -4.5829231224391043 2.5823943640158662 5.5172271634497081 114 133 79 0.4131493912094808 3 3035 7 4472 5 3513 2 3842
1178 -5.0126852306227514 2.6695860383431582 6.0744424069739642 69 76 68 0.29477395749728408 7 4470 5 3512 2 3840
1177 -3.5761344639188275 2.5936525350831721 5.8201362130369594 105 104 74 1.8179400239106798 6 1789 5 3511 7 3809
1176 -4.5062189035141076 2.4750401404480842 5.4616442312782381 97 115 71 0.8828341805163461 3 2499 7 4450 5 3499 2 3255
1175 -3.4807696039108329 2.485082327052146 5.874577714911001 26 30 0 0.32086050756801332 3 3016 7 4446 5 3493 2 3820
1174 -3.6827737265525631 2.3842137344915586 5.878633817816203 170 178 129 0.45920594889657851 3 3003 7 4432 5 3474 2 3807
1173 -3.6923939679960616 2.3426947277028076 5.7997966445236004 70 82 27 0.87111561160489226 3 2999 7 4430 5 3472 2 3803
1172 -3.7192886115995658 2.3087306364101217 5.8754041078261059 141 149 115 0.52385374862395162 3 2993 7 4424 5 3467 2 3219
1171 -3.995604516194899 2.1128667434563115 5.3185407335659916 60 77 43 1.8263567304769579 3 2467 7 4413 5 3454 2 3201
1170 -4.7567327040312675 2.0622210541475741 5.8301963511001382 48 66 26 1.087008255972018 7 4406 5 3444 2 4174
1169 -3.697175478853957 1.9862652807835339 5.4833523676628024 110 120 95 0.54976543699853386 3 2974 7 4405 5 3439 2 3779
1168 -4.7100550222702999 2.0258495891923545 5.724329425736232 57 74 35 1.171298316875252 3 2976 7 3723 5 3437 2 3185
1167 -4.6595477061318205 1.241708916516165 4.570503899494569 89 96 48 0.5071876004638608 3 2940 7 3659 5 3385
1166 -5.1696393029082195 1.1350208831187096 5.6457109497759559 164 170 168 1.6388937079134649 7 3633 5 3369 2 3717
1165 -3.3326938177762071 0.82754541213669952 4.7566724158269116 126 150 83 1.8025569144645837 3 2889 7 4303 5 3338 2 4106
1164 -3.2021095027674948 0.22019922209978535 5.0394981664954139 85 108 66 0.39420205334305075 7 3477 5 3285 2 3631
1163 -5.1006690903092249 0.32927329278398748 4.1914529598129642 152 159 154 0.65090651413712641 7 4227 5 3280 2 3624
1162 -5.4164737223515393 0.33609915115579098 4.1326052782839424 133 146 93 1.1975719497239958 3 2251 7 4226 5 3279 2 2949
1161 -5.4434151381621385 0.25472104309586763 4.1518409840655517 110 125 91 1.331520278475431 3 2818 7 4205 5 3269 2 3605
1160 -5.0463901367607615 0.2190125145170162 4.1427335646791885 52 52 40 0.61484673496028641 7 4194 5 3264 2 3600
539 -4.4876544170490176 2.9661732247916861 4.9330446921711353 95 95 95 0.93422259079695791 8 2765 6 1022 5 1547 2 1843
532 -4.8797129597677262 2.8446389378863621 5.6975103909374658 93 92 61 0.44696105410880493 7 753 8 1589 6 926 2 692
511 -3.4044271693585437 2.7032901494528114 5.2128238766063486 215 220 214 0.74454449282308521 13 4008 8 5506 6 3543 4 2697 10 4143 9 2315
481 -4.3114286590308621 -1.2600662809035457 4.4737966956822559 182 142 134 1.0277143081361866 13 3715 8 5309 4 2383 6 3397 10 3835 9 2027 11 3638
479 -3.1898156423810571 -1.0721350343596712 3.6587787692868337 95 111 36 2.0202062712548003 13 3707 8 5296 6 3243 5 4755 4 2375 10 4088 9 2179 11 3746
440 -4.0767769523201007 -1.3599222797636492 4.1873710258818679 0 0 0 1.5405384964243152 7 5348 6 2778 3 4089 4 2001
426 -3.5808221396169557 2.7206503138658369 5.1674978275630687 26 21 2 0.39715327888634788 13 3444 8 5066
422 -3.6617394472625366 2.6325282350037145 5.4467273186360261 65 64 46 0.6935641480096375 7 5734 8 5058 6 3201 3 4248 5 4535 2 4783 4 2335
418 -4.3291194822551109 2.5431400660768477 5.3391035796614101 81 95 52 1.663986533845214 13 3419 8 5048 6 2989 10 3569 9 1783 11 3390 14 2709 16 3748
404 -4.9786043644916518 -0.14618584474629751 4.3684985299142332 70 61 59 1.7398545919802733 13 3277 8 4907 2 4654
399 -3.2176811688365903 -0.75667543330338471 3.9118851176854261 128 152 54 0.77199552610878575 7 5616 8 4878 3 4117 5 4361
377 -4.331800752870179 2.6256136275652664 5.3899723018873322 50 62 24 1.1596443179181219 13 3153 8 4780 5 4277 3 3788
363 -2.9958233669368086 0.4019191482154495 5.0517470237108046 60 78 20 1.9306206571654165 7 4730 8 4662 10 3153 11 3042
360 -5.2011209644582559 0.15607766428003605 4.2173676148660686 73 54 56 1.1330998469679814 7 5112 13 2982 8 4639 6 2590 3 3631 5 4114 2 4680 4 1853 10 3111
351 -4.2357033779661348 -1.5652220566815889 4.3521664174417634 191 144 154 1.4368266150813291 7 5009 13 2491 8 4531 6 2510 3 3530 5 4021 2 4324 4 1806 10 3011 11 2958 15 1599
348 -5.183631448680865 -1.6921634400513528 4.5516369018203564 240 223 229 1.6665115425654844 7 5004 8 4526 3 3845 5 4016
329 -4.8847824218549647 2.8611037522996834 5.4391516755762348 57 63 16 0.93757622835184173 13 2421 8 4462 4 1771 10 2946 9 1329
324 -5.081743906599244 2.7962803808374641 5.7811489140345644 63 58 39 1.4831474707370838 7 4909 13 2391 8 4448 2 4545 3 3796 5 4287
314 -3.8151667243930723 2.4824240300165412 5.7159345076502683 79 87 49 1.4556806794365986 13 3138 8 4424 10 3568 11 3391
313 -5.7280845613604932 0.82416735221098181 5.50389177832652 82 107 67 1.006523351052053 7 4761 8 4292 5 3807
307 -5.2734565037865782 0.32331471303272558 4.1149107114156003 184 187 176 1.1969308936898397 7 4220 8 4246 2 4070 6 2599 4 1858
304 -3.0692369552910441 -0.33145459631039947 6.1608538042530325 115 145 66 2.255678393727063 13 2587 8 4209 3 2776 5 3236
296 -4.9073680941135658 -1.7773594929523382 4.5339849091545403 229 190 195 1.8956738038051677 13 2485 8 4108 10 3003
295 -4.4009924693271438 -1.723183425326698 4.3737574688611334 199 155 172 1.1347781682152411 13 2484 8 4104 2 3959
287 -4.4102393795470087 2.9713858787033076 5.0969928738719181 16 14 0 0.40934624888571769 7 4566 8 4064 3 3119 5 3607
282 -3.6891445576856223 2.7990472995885152 5.2241378057658014 20 14 0 0.52397998689476333 7 4936 8 4047 10 2981
2631 -4.8111883778372748 -0.083898933044182403 4.3283081028883217 148 146 160 1.6346249876721064 22 3914 23 4531 27 4018
274 -3.4669005713778209 2.5908916943675906 5.7129825876803153 99 96 62 1.2339648870553721 7 4478 8 4003 3 3038 5 3514 2 3846 4 1571 11 2587
2630 -4.3960460852030607 -1.812903701413773 5.6353757781321807 230 227 236 1.4017019174926653 22 4066 23 4470 20 3501
273 -5.0235903959849812 2.7817616615913798 5.842037493111782 31 28 9 0.70453000670550048 13 2388 8 4000 6 2138 3 3052 9 1312
2629 -3.2676321098383005 2.6207933601930375 5.4046404031769519 88 90 105 1.2988153937065152 21 2005 23 4442 24 1814 29 5544
272 -5.0235903959849812 2.7817616615913798 5.842037493111782 31 28 9 0.70453000670550048 13 2387 8 3999 6 2137 3 3051 9 1311
2628 -3.6273867944199387 2.6355519488314343 5.3873602631815114 81 83 69 0.77398000666945166 21 1996 23 4429 20 3280
271 -3.41646276046297 2.5763000519384898 5.7289096536793194 185 181 151 0.38692629858214256 13 2407 8 3997 2 3283 7 4474
2627 -3.6377800038232655 2.519878808234425 5.7584323728737683 206 206 182 0.56869764139012113 22 4031 23 4422 24 2240
270 -3.5637894138233155 2.544451801072241 5.6943519785336942 107 104 69 1.4135444043073644 13 2389 8 3988 10 2938 9 1113
2626 -3.5996515299909357 2.4905751010966384 6.0450752140565012 7 3 4 2.0288730366494181 22 3459 23 4421 20 3268
269 -3.7208825877124645 2.5673801223124482 5.732549410730587 58 53 31 0.72185461460174816 13 2386 8 3987 6 1785 12 1420
2625 -3.5726349069797556 2.4167913428287195 5.9236732176353684 38 40 29 1.194878864678169 21 1988 23 4418 20 3262 27 4730 24 2027 26 2654 29 5815
268 -3.6195209395579941 2.5379750514298287 5.7226286412987379 100 99 68 1.3747165838532784 13 2383 8 3979 3 3028 4 1567 6 1779 10 2933 9 1317 11 2574 14 1793 17 2864
2624 -3.8325649011954006 2.4244525908496124 5.8514393469785961 40 23 5 0.60529549870209642 22 4016 23 4413 20 3616
267 -3.9357723893202086 2.4949608198841524 5.3834903076527878 31 34 13 0.87584651719017992 7 3797 8 3976 3 2506 2 3264
2623 -3.8937498879898338 2.3081511918234305 6.5466123831465772 127 136 119 1.2120438938620124 21 1962 23 4405
266 -3.8574952502784643 2.517596472558866 5.7032934562795017 27 25 9 0.97314218932838792 13 2377 8 3974 5 3502 3 3422 2 4219 10 2523 15 1525
2622 -3.8581031974058617 2.2036936278769237 6.1238100988730695 74 79 56 2.5470953452505625 22 3404 23 4395 20 3449 24 2531
265 -3.583124048499533 2.5038484298024004 5.9267870927301471 164 162 139 0.7849352959125554 7 4448 8 3968 6 2418 3 3415 5 3498 2 3823 4 1744
2621 -3.0307542344310607 0.40114959028038971 5.0500113663250685 149 179 109 0.52602239607521029 22 3685 23 4324 20 3148
264 -3.5993021919596724 2.3850063977200513 5.8967154123823438 115 118 87 0.6342060932060759 7 4431 8 3950 3 3004 5 3899 2 3808 11 2186
2620 -4.8731980957333745 -0.052786523748816615 4.3136565612098643 46 43 54 0.79286165746705561 22 3916 23 4268 20 3092
263 -3.5845613739300375 2.3471827537593319 5.8589187714421875 109 113 77 1.286021962903962 7 3763 8 3947 5 2166 2 3804
2619 -4.8812176936752047 -0.21926708879619894 4.3679095000522938 124 123 131 1.0621061713126203 22 3906 23 4251 20 3081
262 -3.3137373663185787 2.0284401607756539 4.5925642952695709 122 143 101 1.199473281392643 13 2343 6 1757 3 1776
2618 -5.2726809763823992 -0.15301319154148646 4.2759228215715428 119 109 127 0.65499906235730931 22 3604 23 4250 20 3079
261 -4.9341992565723336 2.1125589411514145 5.9714515795998979 105 132 92 0.98078186085958308 7 4840 8 3914 6 2682 3 3736
2617 -5.1836166337931413 -0.2612548015913721 4.3332592971477899 67 46 63 0.41684732032477617 22 3602 23 4247 20 3071
260 -2.4091919444092675 1.231009461047827 6.0472796301945877 110 126 97 0.77269513613015928 13 1859 8 3883 4 1259
2616 -4.1131830290566622 -1.7145113317447203 5.8694084796683219 170 93 114 1.6224643921976161 22 3548 23 4214 20 3008 27 4424 29 5583 30 2815 31 3312
259 -5.4623287689689102 1.0566372740341889 5.6338205354261826 49 71 35 1.4667202819208915 13 2289 8 3831 10 1922
2615 -4.3649075186271791 -1.8494952622021616 5.7464956998997589 231 199 202 1.1823627166459094 22 3532 23 4201 20 3303
258 -5.4175993623280441 0.99256565152572307 5.5851821850316483 120 138 106 0.22268061253578245 7 4775 8 3825 5 3820
2484 -3.7295637525286147 2.4846336301239358 5.7308722184785319 110 110 84 1.5762989717437812 21 1729 22 3450 23 4126
127 -4.2457038671514464 2.8543203512637771 5.3282129619244252 10 11 5 1.4040621117673939 7 6064 13 4007 8 5569 6 3544 3 4507 5 4974 2 5225 4 2699 1 1849
2483 -4.8201595756785816 2.9411999196718619 5.2132122342628326 71 73 50 1.2753413058866492 21 1726 22 3442 23 3637 17 2859
126 -3.4309248470813003 2.6407021874900809 5.4997590593479604 29 22 28 1.0618750357728928 7 6062 13 4006 8 5568 3 4573 5 5030 2 5282 1 1921
2482 -4.8231266900084799 2.9294057878300874 5.1376077127192028 67 70 53 1.3511600576692659 21 1724 22 3439 23 4116
125 -4.5678372563739513 -1.6939671705292325 4.4768349567117003 220 214 221 1.3813682133932983 7 6005 13 3844 8 5411 6 3474 3 4512 5 4979 2 5232 4 2619 10 4085 9 2263 1 1855
2481 -3.963497117765685 2.4350140802483788 5.3814344200298079 44 44 16 0.83741479527138341 21 1976 22 3429 23 4408 20 3246 24 1774 27 4706 26 2625
124 -5.1096643459551583 -1.7997469998640165 4.5271271541500635 228 221 228 0.84601078587630041 7 6004 13 3843 8 5410 6 3370 3 4414 5 4861 2 5119 4 2513 10 4084 9 2262 11 3738 15 2582 12 3427
2480 -3.8464617982246092 2.0263544985106039 5.3639746582434995 55 69 33 1.616321151235514 18 2326 22 3388 23 4382 20 3218
123 -4.5393783892471431 -1.8695532790690228 4.4177227319321979 197 154 166 1.5585123814272419 7 6003 8 5509 6 3473 3 4511 5 4978 2 5231 4 2618
2479 -3.6088849391489304 0.91091865029841745 4.4588137220714499 174 197 153 0.99373871843848283 21 1637 22 3334 23 3490
122 -3.7243741773863919 3.1873867079223617 5.1978415700993787 152 105 80 1.1887764946325772 7 6001 13 4015 8 5574 6 3470 3 4509 5 4976 2 5228 4 2702 10 4147 9 2318
2478 -3.9994989162094003 -1.4761007735942075 5.6158443473288422 165 101 119 0.70606434775345239 21 1551 22 3168 23 3813
121 -6.2648452824822316 0.42770194826513436 5.4939673688793569 98 131 78 1.3174945551556918 7 5957 13 3776 6 3308 5 4931
2477 -4.4603384111709756 -1.8293125998144277 5.563354073091098 203 162 172 0.80975015733603206 21 1531 22 3139 23 3202 20 2548 27 4401
120 -3.0089135522973764 -0.3905429247828735 6.1913197559119313 129 160 77 0.74622985847188383 7 5938 8 5450 6 3420 2 5045
2476 -4.4762093151355824 -1.8688954303060585 5.5634577387524624 207 160 175 0.57604419862590373 21 1527 22 3132 23 3777 20 2544 27 4779
119 -2.8331886389957308 -0.44858118204794112 6.2153804483329242 49 53 28 1.755855434321177 7 5936 13 3752 8 5337 3 4332 5 4796 4 2415
2475 -4.4762093151355824 -1.8688954303060585 5.5634577387524624 207 160 175 0.57604419862590373 21 1526 22 3131 23 3776 20 2543 27 4780
118 -5.2710404841075018 -0.31541729092692328 4.3548595029521469 212 212 220 1.3487866393101751 7 5924 13 3878 8 5445 6 3404 3 4446 5 4777 2 5029 4 2543 14 2975
2474 -3.7027894883928525 2.8330894450631683 4.9310726997122263 118 128 140 1.1275118398409698 19 1615 21 1503 22 3103 20 2511 23 3732 27 3833 26 2129
117 -3.399606772954924 -0.56071445931480679 4.0760639538371599 131 157 68 1.2132185178309305 7 5920 13 3875 8 5441 5 4986 2 5244 10 4098 9 2278 11 3760
2473 -3.4726020891027272 2.6947584360151029 5.2622190577883519 84 85 67 0.47066335104151685 21 1493 22 3097 23 3144
116 -2.801246838531529 -0.6396946160231175 4.1752334618503291 108 127 48 1.6382806766551841 7 5919 13 3874 6 3259 3 4443 5 4896 4 2631
2472 -3.404790544225297 2.581067058458367 5.7313516029574192 170 177 146 0.47037666137655326 21 1473 22 3078 23 3110
115 -2.6946862807255676 -0.72884560425188183 4.1016453007156644 112 131 52 1.7493705749062765 7 5916 13 3961 6 3400 5 4893 2 5146 4 2629
2471 -3.7199774381083572 2.6744940442883172 5.3720391667392366 25 25 17 0.54395348982540503 19 1802 22 3070 23 3694
114 -3.2756385873982325 -0.78144800799791236 3.8856760182722772 148 175 80 1.9584840302842366 7 5912 13 3868 8 5435 6 3399 3 4439 5 4889 2 5145 4 2628 12 3442 1 1868 16 4248 15 2602
2470 -4.3730039063533628 2.9570518159225245 5.24311585782712 49 43 17 0.57209953522924017 19 1590 22 3066 23 3682
113 -3.1325262591087424 -1.0489334679097329 3.6738080287062158 146 170 82 2.5345602819771913 7 5902 13 3855 8 5421 6 3388 4 2524
2469 -4.2814231544804011 2.9043598489804476 5.3215270422214171 23 24 8 2.2185016226125147 19 1378 22 3059 20 2928 23 4145
112 -2.7695786660194877 -1.1739289073481693 3.5606112047804364 148 170 85 1.451193215795461 7 5892 8 5414 6 3377 3 4422 13 3848
2468 -3.838604468700344 2.5160383321371245 5.7532666312184908 103 105 79 1.3409838542013262 21 1436 22 3015 23 3043 20 2439
111 -2.7268625818559604 -1.2354710739087638 3.5024937499122064 91 110 46 1.7453579257579157 7 5888 13 3845 8 5412 6 3373 3 4419 5 4866 2 5131 4 2514 1 1640
2467 -3.6451042762017321 0.8908126898340557 4.4212477354016064 129 158 105 1.6283442113570632 21 1349 22 2863 23 3486 20 2323
110 -5.0768398830742969 -1.7117744653407474 4.5236829173274895 212 135 145 1.5612482670476702 7 5886 13 3680 6 3375 3 4416 5 4863 2 5124 4 2363
2466 -4.2094638755627614 -0.20797308921493682 4.3860971575091927 147 164 122 1.2488540616225741 21 1292 22 2688 20 2194 23 2615
109 -4.4782251850686405 -1.6952418426154003 4.3976201277126261 144 76 89 1.6393581977032574 7 5881 13 3677 8 5276 6 3371 2 5122 4 2360 10 3811 9 1823 11 3438 15 2086 12 2904
2464 -3.9482197754426607 4.2210762067916709 5.417987659725334 211 193 189 1.8630164464439787 21 1224 22 2562
107 -2.7428950820947824 -0.68444511973398436 4.1814139946314812 111 130 51 2.1780926802454181 7 5793 13 3728 5 4614
2463 -3.5908927372035744 2.8114158145869466 4.9994020221695594 161 163 176 0.61823233972144598 21 1509 22 2543 20 2517
106 -3.2233942381834457 -0.98288783244505196 3.7420453079172367 128 152 67 0.98411635923697915 7 5779 13 3716 5 4760
2462 -3.7805987516872088 2.8606473085637538 4.9205574998291768 146 151 170 1.0955547880640431 19 1404 22 2536 23 3147
105 -4.5863586017715559 -1.3668341277558169 4.5498520738548143 163 103 114 1.8863424126489914 7 5773 13 3486 9 1839
2461 -3.5043900089958173 2.6803195209931721 5.2776903658182945 57 56 36 1.01759562244305 21 1487 22 2511 23 3725 20 2956 24 1806
104 -4.2022967885258771 -1.3995383188549724 4.3776777527351269 152 91 96 1.6156788518706424 7 5765 13 3696 5 4752 10 3991 11 3627 14 2769 3 4282
2460 -4.0716122808432686 -1.5633943601613973 5.7550556308795677 240 219 224 0.23248077694435196 21 943 22 1948
103 -4.409226627465106 -1.4457123745551645 4.4211480290815421 180 124 123 1.2518976485896747 7 5762 13 3476 3 4276 5 4751
2459 -4.0410306195711598 -1.5544436249826572 5.7272304176944608 240 219 224 1.215394992521897 21 942 22 1947 23 3250 20 2114 27 3916
102 -4.6890309166078463 -1.517923723223497 4.5202482104055202 191 124 135 1.2588908028954884 7 5758 8 5285 6 3235 3 4275 5 4749 2 4996 4 2368 10 3818 11 3451 15 2304
101 -4.974879363468391 -1.6460581460277277 4.50964052661877 197 118 121 1.5997353984195126 7 5749 13 3467 6 3231 3 4268 5 4570 2 4813 4 2365 9 1667
2457 -3.62806322475693 2.4680999888575572 5.9126768344865885 51 57 24 0.52672753782552195 21 849 22 1783 20 807
100 -4.3008091471042906 -1.5915563982742853 4.3566060765157077 166 102 126 2.1584573704732448 7 5748 13 3466 8 5079 6 3230 3 4267 5 4746 2 5127 10 3619
2456 -3.6571952164362882 2.4236866146382643 5.9178359619551086 136 141 113 0.73421352854914812 21 835 22 1763 23 2232
99 -3.8233097701728416 2.9174211342756533 4.896530208700173 92 55 35 0.89135001178669082 7 5742 13 3674 6 3220 3 4258 5 4740 2 4983 4 2353
2455 -3.6275997800239272 2.6145061123166635 5.679701040337136 68 69 38 1.2883761579161541 19 825 22 1118 23 470
98 -4.4792306819276 2.6379618496349013 5.3369470634253267 56 85 27 1.1463324694753911 7 5733 13 3649 8 5254 6 3199 3 4247 5 4732 2 4969 4 2331 10 3960
2454 -4.8381101761147445 2.9544850335720061 5.1043433173998114 113 117 118 0.45413087141172287 21 846 22 1080 20 1351
97 -4.478113470135078 2.6374352849421414 5.3299734439928619 56 85 27 1.0045999175225422 7 5732 13 3648 8 5253 6 3198 3 4246 5 4731 2 4968 4 2330
2453 -3.8484864194634198 2.3379298010871166 6.4334157381900692 84 88 73 0.65529637799080831 17 1372 22 1051 23 2184
96 -4.3899877087692554 2.6229770065006623 5.349376703170198 107 149 73 0.90049191652529537 7 5731 13 3830 8 5402 3 4244 5 4730 2 4967 4 2496 10 3961 9 2144
2452 -4.402254376611288 -1.8330086101261867 5.6122135289324309 171 123 145 1.2463779728113689 21 653 22 572 23 2464
95 -5.2382460010867025 -0.26509903050330902 4.3666176404319179 48 23 27 1.904148031615168 7 5637 13 3271 8 4898 3 4142 2 4639 10 3655 14 2587 12 2972
94 -3.1907505509150993 -0.94940713627965123 3.7716021045580277 118 142 54 0.75031875267705461 7 5601 13 3495 8 5108
2450 -5.3839194891287363 -1.5392311205131564 4.5713486354579542 150 71 58 0.96869562723098313 21 28 22 26
93 -3.8413203000607488 -1.4349543237743967 4.7295932230840494 95 84 52 1.2437456213805702 7 5592 6 3041 3 4093 4 2198
2449 -3.4486607451531865 2.6118021773820548 5.6192842830143235 34 35 19 1.6826345376119156 21 2576 22 4465 23 5075 24 2741 19 2453
92 -3.9739837443552597 -1.4439869101066594 4.7234510810116976 73 56 38 0.4067502586338711 7 5591 13 3483 5 4590
2448 -4.871130037940361 2.8179493067625661 5.3888363398843593 172 179 163 2.0583184616612362 19 2450 21 2571 22 4379 23 4999
91 -3.9653327340843707 -1.4741984694633232 4.6590618808930788 118 91 72 1.5722969315266779 7 5587 13 3228 8 4847 6 2780 3 3864 2 4611 10 3368
2447 -3.3070989690533859 1.0308110247363991 4.1738067230310145 164 183 156 1.0149821266308281 19 2437 21 2559 22 4451 23 5047
90 -2.5558599584144677 -1.0668980981193237 3.5781380695107861 88 101 45 0.081390224007313702 7 5585 13 3700
2446 -3.4521654447506509 -0.91480002440927388 3.7520403794528767 128 155 60 1.361195434167868 19 2404 21 2527 22 4318 23 4946
89 -3.1017797280079562 -1.1407331201132882 3.6493816075414052 111 135 57 1.3396591036212346 7 5582 13 3692 5 4585 4 2520 10 3989
2445 -3.2895403084847294 4.1558572865696872 5.9693046448062779 0 0 0 1.8800138004604026 18 2853 19 2398 23 5014 21 2510 24 2668 26 3179 27 5585 29 6371 30 4018 35 6990
88 -3.102670563303064 -1.1425683444417714 3.6545996676428341 111 135 57 1.4584208538317618 7 5581 13 3691 5 4584 2 5003 4 2519 10 3988
2444 -3.730361890980245 3.1942620345022577 5.1970399149449698 175 132 112 1.429366888205073 19 2397 21 2508 22 4401 20 3847 24 2665 27 5387 26 2900 28 3756 29 5831
87 -2.8172788857493996 -1.2057237401460474 3.5626975431369048 118 141 53 1.0158963524590603 7 5575 13 3468 8 5080 6 3033 3 3849 5 4337 2 4817 4 2193
2443 -3.7254703672860354 3.1892836909282054 5.1915016268296075 175 132 112 1.3289788946050163 19 2396 21 2507 22 4400 23 5013 20 3846 27 5386
86 -4.6897296869789278 -1.8248032647510679 4.4792630746854494 183 119 145 1.6855863153099779 7 5565 13 3461 8 4825 6 3022 3 4073 5 4566 2 4806 4 2187 9 1820 10 3612 11 3211 15 2080
2442 -3.7378106660536368 2.8523699723006146 5.0008050809574236 176 182 196 1.4027294867454037 19 2392 21 2503 23 5008 20 3842 24 2661 27 5500
85 -4.1214136479758192 3.2037377559065021 5.0138819505367129 168 126 102 0.96183753572047803 7 5561 13 3458 8 4812 6 3018 3 4069 5 4562 4 2183
2441 -3.2656571655196429 2.5854840900055631 5.576812321561758 158 160 171 0.79919401586900474 19 2389 21 2502 22 4390
84 -4.4178633113548758 2.9470977787401322 5.1424782833616112 116 121 89 0.88626190076165801 7 5555 13 3452 8 5070 6 3014 3 4063 5 4554 2 4798 4 2175 10 3800 9 1811 15 2277 11 3420 12 3119 14 2738 16 3986 17 3750 18 2539 19 2152 21 2178 23 4666
2440 -3.2656571655196429 2.5854840900055631 5.576812321561758 158 160 171 0.79919401586900474 19 2388 21 2501 22 4389
83 -3.4915512313426058 2.7636917649353565 5.0827654789689944 221 224 217 0.94373625021393936 7 5548 13 3669 8 5271 6 3214 3 4055 5 4544 2 4792 4 2346 10 3976 9 1992 11 3604 15 2472 12 3317 14 2943 16 4137 17 3911 18 2697 19 2293 21 2429 23 4934
2439 -3.593889635809842 2.4944304071508503 6.2075794279907255 44 37 27 1.4094256930353604 19 2377 21 2496 22 4288
82 -3.7923261213782626 2.7528452215258512 5.313338818964926 37 40 23 1.3389791379626534 7 5542 13 3665 8 5266 6 3209 3 4052 5 4540 4 2341 9 1985
2438 -4.0479895966201473 2.5620132975473084 5.671547393146307 14 10 1 0.76774576728835731 19 2372 21 2494 22 4382
81 -3.5500218199662199 2.6153859585189791 5.5869014465325222 146 148 121 1.4638613185841336 7 5534 13 3433 8 5056 6 2996 3 4043 5 4272 2 4541 4 2159 10 3791 9 1797 11 3412 15 2461 14 2928 16 4123
2437 -3.768248770526621 2.3557051909727851 5.9273840267762585 175 185 148 1.1615866043034146 19 2449 21 2491 22 4380 23 5070
80 -3.4709071320053946 2.5642685266138052 5.7245464014110983 206 202 165 1.0968808988940173 7 5526 13 3653 8 5054 6 2990 3 4037 5 4527 2 4536 4 2325 10 3964 9 1974 11 3586 12 3304 14 3053
2435 -3.4794125567928726 1.0338628630835907 4.7611536636948779 108 150 44 1.0437742530400738 18 2752 21 2474
78 -5.2913641506011677 0.165682130854992 4.2208015240921624 69 60 61 0.53743710159529834 7 5430 13 3315 6 2863 3 3937 10 3683
2434 -3.2974475184440308 -0.94991403545567932 3.6985792261310402 85 107 25 1.6811072934226274 19 2307 21 2442 23 4700 24 2085
77 -5.3768112307078884 0.1329565392461392 4.1922585064073967 193 199 205 1.4149586954930775 7 5425 13 3304 8 4938 5 4420 2 4678 10 3681
2433 -3.2952183382153617 -0.96900594844285493 3.7728597650261548 134 160 69 0.019517060877264909 21 2441 22 4317
76 -5.3765187673761456 0.1337093476881826 4.1925827939771967 193 199 205 1.2975229495581391 7 5424 13 3303 8 4937 6 3106 3 3934 5 4419 2 4677 4 2246 10 3680
2432 -3.2062754519838532 -1.0636317734478642 3.662432811702621 106 135 45 1.3424888791753176 19 2306 21 2438 20 3648
75 -5.3357911940904996 0.12189838085918855 4.2143214029268927 61 52 56 0.68381924563682173 7 5422 13 3305 8 4935 6 2857 3 3932 5 4418 2 4675 4 2066 10 3434
74 -2.7594410371450016 -0.41730577251700846 6.1444851297925736 90 101 65 0.90199797856044073 7 5404 13 3289 8 4918 3 3921 5 4411 2 4668
2430 -3.3739808816571464 2.5050720164241103 5.590523330089189 199 199 173 1.1871165946129854 19 2283 21 2424 22 4295
73 -2.7575081822312888 -0.41917919330855075 6.1509236839100661 90 101 65 1.3872353986005117 7 5403 13 3288 8 4917 3 3920 6 2569 5 4410 2 4667 4 1847
72 -3.3771446614863105 -0.32906654716075623 4.2635123987154397 78 89 45 0.28903123067861475 7 5383 6 2808
2428 -4.3311440755809469 4.6983218835484086 4.3941805475513913 120 134 199 0.26308755274793805 19 1829 21 2329
71 -3.6096307364141142 -0.76210968756406172 3.5563853297752455 78 109 45 1.6424357128196874 7 5361 13 2912 6 2790 3 3877 2 4340
2427 -4.3311440755809469 4.6983218835484086 4.3941805475513913 120 134 199 0.26308755274793805 19 1828 21 2328
70 -4.3077580181818309 -1.3004538627914406 4.4599593713876873 124 80 69 1.7364416010734673 7 5356 13 2901 8 4543 6 2785 3 3543 5 4029 2 4615 10 3033 11 2671
2426 -4.292575679073007 3.2050894154773637 5.1252618919668596 183 147 121 1.7888081383813601 19 2164 21 2322 23 4833
69 -4.6905344901280159 -1.4445693346593738 4.5207735155263595 181 109 120 1.9406437821363076 7 5352 13 2893 8 4539 3 3862 10 3028 11 2972
2425 -3.4053657118425185 2.6439267518843921 5.3922609936121182 43 45 34 1.8143785023584236 19 2287 21 2320 23 4679 22 4044 20 3486 24 2410
68 -4.691502350282347 -1.4480617473583013 4.5244692157687538 181 109 120 1.2697249327102451 7 5351 13 2892 3 3861
2424 -5.0114535605338117 -1.6024104393938947 4.5380537056641863 229 202 207 0.2851001663758958 19 2173 21 2206 22 4059
67 -5.0064247335987888 -1.620833216925522 4.5530833219720366 231 215 217 1.4711859640588869 7 5344 13 3215 8 4535 6 3038 3 3852 5 4335 2 4603 4 2194 10 3359 9 1831 11 2961 15 1856
66 -4.2911841283380303 -1.5249908361664961 4.3381213349985579 165 109 122 0.12335318943451565 7 5342 13 3216
2422 -4.1158784389148924 3.1948519177142596 4.9958877147979877 200 172 155 1.1955166570332392 19 2166 21 2189 22 4048
65 -5.0033071272268597 -1.6997729847726457 4.5076419217101726 229 217 217 2.1587156431851993 7 5334 13 3212 8 4835 6 3031 4 2192 10 3616 9 1828 11 3218 15 2292
2421 -4.2023853678297574 2.974105007650925 5.4150196304950677 18 22 8 1.248220071824518 19 2158 21 2182 22 4040 23 4674
64 -4.9985768910246939 -1.6973868558007599 4.4920523557622589 229 217 217 1.5537289277185284 7 5333 13 3211 8 4834 6 3030 3 3520 4 2191 9 1827
2420 -3.3723163078143816 2.5365550332027214 5.8827897540998144 41 34 32 1.2085678420695278 19 2009 21 2180 22 3814 23 4433 20 3282 24 2251 27 5013 26 2671 25 2100
63 -5.1173027967741076 -1.7325273238970733 4.5423860493315003 203 118 125 1.8180129806225003 7 5331 13 3210 8 4833 6 3028 3 3840 10 3615 9 1663 11 3217 15 2089
2419 -3.8030085804399092 2.4215980821993095 5.668582085882222 74 88 54 1.7649831681396897 21 2167 23 4654 24 2223 27 4981 28 3944 25 2539 29 6021 31 3786 32 3262 35 6510
62 -4.5848624436003771 2.845431726429525 5.450636617476194 78 101 52 1.5587550738100182 7 5285 13 3440 6 2738 4 1960
2418 -4.8695297743435164 2.8232173292595291 5.5439838527949643 209 223 190 0.60590337917316739 19 1991 21 2163 22 3785 23 4651
61 -3.5072876905150858 2.7140807553100443 5.237478631984799 50 48 33 1.360142552902198 7 5282 13 3177 8 4469 3 3801 5 4293 2 4787 6 3003 4 1961 10 3322 9 1480
2417 -3.7634778966421467 2.2677657522332737 5.6442185756689822 82 93 63 1.2755455800618707 18 2072 21 2158 22 3780
60 -3.6480185655281416 2.6767380839526096 5.3208240572483598 50 50 25 1.7541237803889953 7 5274 13 3169 8 4793 6 3001 3 4047 5 4538 2 4546 4 2163 10 3595 11 3182
29 -3.0142575339810596 -0.4771334542459878 4.8647767783307847 211 222 180 2.106565658717813 7 4081 13 2134 8 2889
1138 -4.8865080012793856 2.9496138881857501 5.1407298346861712 227 232 219 0.95749157221317793 8 3485 5 3047 2 3432
2385 -5.1225892708459861 -1.7201218000711442 4.5550758430121769 144 100 106 1.5347995548948472 18 2140 19 1831 12 2907 14 2207 16 3547 17 3304
28 -3.4216481021099763 2.7079860102423456 5.1736398005849651 136 140 139 1.5030502478662244 7 3899 13 2017 8 3469 6 2165 5 2983 2 3892 4 1347 10 2608 11 2620 12 2245 14 1837 16 2728 17 2908 15 1839 18 1530 22 2541 21 1501 23 2403 20 2039 24 1343
1137 -3.7373813684048605 2.8481383187955385 4.8279495746779846 156 152 150 0.63067191267459899 3 2635 6 1875 7 3962 5 3045 2 3434
2384 -3.871200525409729 4.57997919636143 4.2338209036312167 61 67 141 1.7342815907723759 19 2457 21 2584 22 4404 18 2854
27 -3.4835506836235819 2.688341063754065 5.2218474360927676 172 168 146 1.0710252725974818 7 3886 13 2821 8 3457 6 2157 3 2563 2 3330 4 1581 9 1344
1136 -4.2097924091517678 2.9225361186830487 5.2339506299270253 30 28 16 0.72560358167096128 3 1975 7 3951 8 3501 5 3034 2 3421
2383 -3.6712524146981065 2.5918869268338129 5.6737205320006812 33 34 18 1.5483592459363102 16 4307 18 2848 19 2452 21 2498 22 4387 23 5004 20 3839 24 2659 27 5496
26 -3.4732553965666044 2.6707856011756235 5.2331726507890801 74 67 49 2.1142885307114363 7 3870 13 2815
1135 -4.3705506776032319 2.934475147415887 5.2820556969763537 36 31 12 0.37820082677265437 3 2621 7 3950 5 3033 2 3419
2382 -3.5022112836811541 0.96868814367917333 4.8249844619491791 210 226 216 0.86545820408328955 18 2831 19 2435 21 2555
25 -3.7709089989191886 2.6845274940544694 5.4510906225547666 55 57 51 1.3793091441127352 7 3856 13 2420 8 3430 10 2579 9 1335
1134 -3.8489596426619754 2.8711784423473339 5.0869344843127875 111 117 116 1.3091585035323678 3 3106 7 4547 5 3029 2 4284
2381 -4.251196272054365 -0.09624588114406131 4.3902891314753303 51 68 23 2.2163571651300011 18 2812 19 2418 21 2538
24 -3.5854753293770196 2.4833742618786379 5.9190978643900385 29 31 5 0.8343258334257454 7 3779 13 1412 8 2503
1133 -4.3750178772422998 2.9351251101741229 5.3691581823123355 90 86 74 0.27560479290753442 6 1854 5 3027 2 3409
2380 -4.143864419307568 2.9099908593557893 4.9543340550514259 62 61 41 1.586055840472161 18 2691 19 2387 17 3904 21 2499 22 4388 23 5005
23 -3.0750366820215782 -0.30274804421270346 6.086366878777496 118 146 69 2.0536942939367862 7 3381 13 1690
1132 -3.5457763378615565 2.8051669876681911 5.0391825972743787 147 136 137 0.32957714385160569 6 1852 8 3504 5 3020 2 2632
2379 -4.392844647639782 2.6269646904126609 5.3663010631324886 151 183 116 1.8192368358469704 18 2769 19 2370 21 2492
22 -3.3911321632630882 -0.34147174069271563 6.1128942891270643 109 142 59 0.99186057211617618 7 3368 13 1120
1131 -4.8501802964690297 2.8663866577206782 5.3392905421268786 230 236 201 0.48141256749869121 3 3089 7 3927 5 3010 2 3381
2378 -3.7716023157466405 2.3302227201645245 6.0585945881665042 57 60 41 1.7070231742030528 19 2369 21 2490 22 4378 18 2768
21 -2.6693002262522332 -0.43800920742622784 5.9481072257022962 32 28 0 1.3557312447981822 7 3337 13 1659
1130 -3.7456843270391671 2.7756900382864553 5.1891885494606287 65 65 40 0.86923917884151602 6 2173 5 3002 4 1352
2377 -4.536188918669195 -1.5253504904420447 4.4704927208220298 210 169 177 0.26017176218811111 19 2303 21 2335
20 -5.1977830613540466 -0.11525207220147733 4.319239669494741 99 86 88 1.6859638545779598 7 3334 13 1641 8 2947 5 2521
1129 -4.6607715917169372 2.7768770036573613 5.5285984299889002 63 80 19 0.24584244207465766 3 3062 7 3876 5 2975 2 3323
2376 -4.2950657035324449 2.8965141322615073 5.2376009675764115 100 99 69 1.5759205426666225 18 2686 19 2282 21 2423 22 4294 23 4929 20 3738 24 2544 27 5372 26 3052
19 -2.4940710630569258 -0.3949812411587324 5.7274874582472375 67 72 45 1.823318809365011 7 3333 13 1098 8 2022
1128 -3.7951188424853983 2.6909500833447213 5.4280723181958583 78 80 68 0.59249239167425782 6 2147 13 2423 5 2962
2375 -4.5835536478247301 2.9583960664630311 5.1116863374568222 97 96 78 1.3102680572285785 18 2776 19 2279 21 2420 22 4290 23 4926
18 -3.0358840617777259 -0.48046532352050614 4.8653146830748462 83 105 41 2.398459880209737 7 3267 13 2133
1127 -4.8156091770660945 2.7141930663364433 6.0212637764758439 151 150 120 0.44435933803108213 7 3822 5 2933 2 3290
2374 -4.5343530863154564 2.5905387227126822 5.2967306183172917 174 204 152 1.5440462995096229 18 2674 19 2269 21 2295
17 -2.9515171427912179 -0.50604679933794849 4.9227834379755473 119 141 79 1.4386883911728761 7 3259 13 2538 4 1432
1126 -4.9906501528199376 2.7177621033514674 6.0204725765432894 104 104 74 0.5438229666012524 3 2527 7 3820 5 2931
2373 -5.2195105949705134 -1.5336259076318144 4.5965074719741379 222 167 172 1.1539737567383579 18 2569 19 2174 21 2208
16 -4.8098736968456102 2.9351013695774806 5.2161230114975243 47 41 19 1.1452123522724058 7 3111 13 2013
1125 -5.0428610731222259 2.6645129814145516 6.0103931191888194 203 209 204 0.37276120753632708 7 3808 5 2925 2 3841
2372 -3.3079001311430365 2.6259402351120378 5.3596575848651318 166 174 177 0.90576873691670723 18 2549 19 2160 21 2321 22 4046 23 4441 20 3488 24 2257 27 5015 25 2355 28 3754 29 5827 31 3542 35 6533
15 -3.6202817077543652 2.460742968629217 5.9078221693918582 32 35 6 0.65484831084565298 7 2824 13 1408 8 2497 3 1812 5 2174 2 1403 12 1377 14 1108 12 1790 16 2076
1124 -4.791483904123897 2.6557761865683283 6.1120242931217641 39 43 6 0.76926656648852243 7 4468 5 2921 6 2116
2371 -4.3725752806886558 2.8862090267147038 5.3662623671293845 2 3 0 1.303265748471524 17 3893 19 2147 21 2313 22 4196 23 4825 24 2231 25 2323 28 3723 29 5808 30 3413
14 -3.6202962320973824 2.4609954819982858 5.9090577680046561 32 35 6 0.63360741396638187 7 2823 13 1407 8 2496 3 1811 5 2173 2 1402 16 2075
1123 -3.4055873887728247 2.4831506852793361 5.7340467331448828 218 227 180 0.57764248113394978 6 1777 5 2915 2 3257 7 4452
2358 -4.5239576579533445 2.9795175828960723 5.0513445512167507 62 65 49 1.1170904792660039 18 2357 19 1801 22 3472
1 -4.8710340348016601 -1.9567185187554295 4.5130385859003379 215 197 194 0.83824075024894684 7 0 13 4 4 390
1110 -5.3011173328137824 0.11100442113788032 4.1889024902946828 96 87 88 0.88041164019706031 7 3394 5 2561 2 2896
2 -2.5515292383655108 -1.3205067964742547 3.3717684276560713 0 0 0 0.24994634282746608 7 14 13 474
1111 -5.2874471628589896 0.10862753665861245 4.2441916043338059 58 49 50 0.98667560355043482 3 1509 7 3397 5 2565
2360 -3.5634493124724518 2.6245651007736499 5.2519889126046637 169 168 147 1.0700287052922173 17 3265 19 1809 22 3074
3 -3.0997304368183949 0.55853556258057502 4.9844971017733162 0 0 0 3.3506604600592595 7 303 13 251
1112 -5.0669714078895334 0.22312718133721779 4.1983441833817627 161 165 164 0.6684623435533984 3 2235 7 3441 5 2595
1113 -5.0165885796885146 0.2712988142176388 4.0379974745001324 103 99 98 0.61008514361799793 3 2238 7 3447 5 2608 2 2079
2362 -3.1804680524521207 1.3186132011987921 6.0582058237873682 77 97 70 0.69592929456206498 18 2501 19 1950 21 2276
5 -3.395130857401806 -0.31948394799505475 6.1089773964822154 44 64 7 1.5558768888135854 7 1095 13 1126
1114 -5.2562377573795507 0.40032434925295762 4.0650119275372232 165 179 147 1.3404758714185656 8 3073 5 2632 2 3634
2363 -3.5705743059884893 2.2778184423726437 5.853582207308011 60 67 48 1.2904550061130515 18 2335 19 1990 21 1977 22 3789
6 -3.5703654023560771 2.6069762238211007 5.6238080513003075 97 98 66 0.66471012820621589 7 1724 13 900 2 560
1115 -3.1912354534500911 0.27525390854473986 4.9809724172394008 85 114 49 1.9471832889983927 3 2270 7 3483 5 2637 2 3638 3 3283
2364 -3.6911380618947645 2.5704801429256281 5.7197021525908536 47 46 25 0.85103128772845216 18 2348 19 2006 21 1991 22 3468 23 4424 20 3270
7 -3.3667909441291717 2.6986984512741659 5.2355613153777396 160 164 165 1.2584836123964971 7 1841 13 927 8 1671 6 939 3 1893 5 2247 2 682 11 991 15 1110 12 1040 16 1598
1116 -5.6378966071454411 0.85298401116664957 5.5523500961410388 133 148 115 1.253792968687083 3 2894 7 4307 5 2710 2 3683 4 1502 9 1269
2365 -4.5889102886460718 3.0051350027610848 5.0595984007955206 118 117 97 1.0209753521805871 18 2356 19 2008 21 1994 22 3809
8 -3.7379431849673739 4.706804484982567 4.4444327027615449 163 168 190 0.86546884799432444 7 2055 8 1854
1117 -4.7656931226107897 2.1196455529106535 5.8934081101395019 102 128 66 0.2317865732430649 3 2983 7 4410 5 2863 2 3785
2366 -3.9853105020797512 2.9317713869360849 5.2100206942028002 41 39 27 1.716894173267363 18 2550 19 2021 21 2185 22 3823
9 -4.2170794032785235 -0.28375062206560941 5.1468861693092451 96 53 52 1.5875133121483691 7 2214 13 601 8 1011
1118 -3.7403796697467402 2.3047574024242041 5.8372958377283535 40 45 21 1.6015278156152224 7 4423 5 2884 3 2994
2367 -3.9358029867682807 4.572507604749056 4.3166328850164888 109 125 203 0.67538633813098292 18 2558 19 2023 22 3840
10 -3.2488268141485346 0.53165062219781867 5.002929484271041 93 109 63 0.97950719364922234 7 2414 13 1238
1119 -3.6475523764676048 2.3916392742361681 5.8256902053523643 108 114 88 1.2627922890548311 3 3006 7 2805 5 2894
2368 -2.9558634672856048 -0.63850068251805703 5.7007151369537628 111 147 47 0.79068313194731632 18 2417 19 2046
11 -5.6885575531378949 0.90131753562381467 5.4872107685577776 116 141 102 0.89070282570493742 7 2517 13 1798
1120 -4.6694119356221631 2.4189381946926281 5.499584425628484 68 77 44 0.30236088605551747 7 2815 5 2896
2369 -4.4621754047197202 2.5495536542468216 5.3448647765654371 171 201 139 0.99524655184545807 18 2671 19 2134 21 2294
12 -3.647146254244888 2.448909753271602 5.9033317874335571 187 189 167 0.7476042582959338 7 2818 13 1937 2 2391
1121 -3.2898601537311611 2.4186313213356136 5.7259527736873927 225 228 219 0.53959654268829838 5 2900 11 2570 10 2928
2370 -3.8270216762498244 2.4052283252163118 5.6246883863652952 30 23 15 1.8369347301211454 18 2676 19 2140 21 2416 22 4186 23 4814 20 3614 27 5368
13 -3.6452769530367104 2.4494156360143067 5.8909399211730573 187 189 167 0.88642355974968445 7 2819 13 1938 8 2492 3 2489 5 2899 10 2516 12 1785 16 2626 18 1451 17 2843 22 2437 21 1148 23 3052
1122 -3.4559082682555826 2.4695151883456297 5.7019341134607116 158 166 107 0.52844576061391235 3 2497 7 3789 5 2911 2 3253
2387 -3.6664477927778965 2.5230093090294554 5.8821436385222334 122 122 97 0.64176444750139006 18 1779 19 1567 21 1734
30 -3.6308183624510328 2.319664160515472 5.8361748227365489 21 26 5 1.370018191178163 7 4426 13 1923 8 4410
1139 -4.9230758272884891 2.9659729640856582 5.1636097680953617 93 99 102 0.73792468188099491 7 3131 5 3051 2 3439
2388 -5.1645078733814405 -1.4375675830348198 4.5767037442271299 211 151 149 2.0910174423400254 13 3481 14 2777 16 4016
31 -3.4420073626084782 2.6291887507441372 5.7356179844660939 78 79 62 1.2529178980437488 7 4483 13 1987 6 1798 3 2525 2 3292 10 1583
1140 -4.0886825393192243 2.8931460907396693 4.819179409461948 147 156 155 0.82265639556608794 7 3977 5 3056 3 2000 2 2702
32 -5.0632345406557908 2.7826957849739777 5.8166988148359904 122 121 106 0.43520256493055215 7 4495 13 1962 6 1810 8 3398 3 2549 5 2958 2 3309
1141 -4.2001607301373483 2.9198996197971354 4.8816623545919988 108 114 109 0.76664646245830204 3 3121 7 4567 5 3059 2 3931
33 -4.2995897999144095 2.9211511082795036 5.2563183695106144 109 105 78 1.0503170090827032 7 4545 13 2834 6 2480 3 3486 5 3592 4 1784 9 1349
1142 -4.0198821623040359 2.9346402370872013 4.867153139901931 103 109 106 0.26429829425305723 3 3123 7 4570 5 3062
2391 -3.3616984716084355 1.0336813506828013 6.4469704731398414 48 67 45 1.2812586741775209 19 1312 21 487 23 2043
34 -4.2327847931481406 2.922188267779239 5.1343916545044026 81 83 62 1.5682899778899337 7 4552 13 2451 8 4493 2 4291 3 3490
1143 -3.6957685739284498 3.1664859834285264 5.200672369515484 166 119 93 0.9969596988474666 3 3133 7 3991 5 3077 2 3937
2392 -4.6589024653196303 2.8017481686585346 5.3529273958964563 121 135 109 0.26335822410067317 18 790 21 547 22 1749
35 -4.2125608015150924 2.9551263313139033 4.8242580494720011 82 89 95 1.2057642568387235 7 4572 13 2464 8 4074 2 3932
1144 -4.9879252157065599 -1.9063657765618141 4.6004939374182738 202 158 160 0.41287396624245049 7 4010 5 3087
2393 -2.5409337198593818 0.11379532475014571 6.3427865277516426 179 191 169 2.1876075021241741 19 1708 23 4580
36 -4.4837589996638458 -1.7633313065978908 4.3937471397751535 201 158 168 1.1204538153974068 7 4599 13 2479 5 3637 8 3571
1145 -5.2329656766532304 -1.7787522796384805 4.6971913806067782 182 111 108 1.2399911929718408 7 3184 5 3103 3 1344 2 3965
2394 -2.5409337198593818 0.11379532475014571 6.3427865277516426 179 191 169 2.1876075021241741 19 1709 23 4581
37 -4.4426562740833644 -1.6958768364939329 4.3690169217733752 171 114 125 1.1673213747770603 7 4604 13 2487 8 3575 3 3156 5 3643 10 2636
1146 -5.0489601036810576 -0.9146933053450077 5.5365159800787636 129 144 125 1.0558252485331741 7 4635 5 3138 2 2780
2395 -4.3256574052874859 2.9058120499485649 5.2352749995325842 93 89 62 0.35924342150539662 18 1491 21 1179 23 2284
38 -5.3967905636885583 -0.032975849024867658 4.2082968399894236 77 69 59 0.87899157506229453 7 4671 13 2164 5 3211 10 2273
1147 -5.2710125197537501 -0.24848666533641528 4.3422923312832156 144 134 142 0.43403266482836372 3 2740 7 4102 5 3166 2 2830
2396 -3.9200407894871274 2.8541823193509748 4.8912318771407195 147 155 157 1.9920741642873663 10 1618 21 1197 23 3115
39 -3.0620593288269493 -0.38730595186416361 6.1254221992842739 123 156 69 1.185683393685977 7 4676 13 2959 8 4622
1148 -5.2907394445741289 -0.00060484037442193295 4.1896200559321297 87 84 92 1.0000048527068446 7 4142 5 3214 2 3556
2397 -3.5726503621274075 2.3631101357447459 5.883156085745437 96 104 58 0.8464057488628709 19 1359 21 1433 22 3008 18 1763 23 3643
40 -5.3927357710912061 0.018976587053317246 4.2090030402749621 61 57 56 1.9279603180196516 7 4679 13 2581 8 4204 6 2573 3 3609
1149 -5.3851243540383607 0.086160382550826406 4.0680876536857982 67 66 69 1.574787286937215 7 3382 5 3228 2 3572
2398 -4.6574576396380865 2.9890725513474394 5.165106526346734 74 72 49 0.6424045332775784 19 1120 21 1453
41 -5.2434179619669781 0.22067973455551743 4.2174250043249222 202 207 204 0.67801062141990376 7 4706 13 2608 8 3738 6 2299 3 3268 2 3601 4 1669 10 2728
1150 -5.0674779815287865 0.081796780385185133 4.064417816090236 157 168 79 0.4289052672330172 7 4155 5 3229 3 2183
2399 -4.5028582006158411 2.955618244246728 5.281599925459517 38 41 24 0.92366224158421628 18 1487 21 1458 22 3043
42 -3.6101463812204488 2.4331318150923127 5.9049743174661211 166 169 138 0.43485587605018267 7 4864 13 2771 8 4420 6 2411 3 3405 5 3903 2 4201 10 2910 15 1795 12 2172 14 1776 16 3084 17 2842
1151 -5.480993026948858 0.076075504568658331 4.1470357459560354 191 193 178 1.39602227844203 8 2976 5 3231 2 3570
2400 -4.473482940873283 2.9847211785138645 5.014206408683469 111 111 85 1.1079580846252153 18 1498 19 1133 21 1467
43 -3.5293914781737747 2.6574219560169912 5.2578064559064925 170 167 149 0.8717583730326689 7 4911 13 3171 8 4794 6 2729 3 3795 5 4286 2 4251 4 1955 10 3596 9 1983
1152 -5.2281842258682714 0.052210478727253158 4.2767583381547203 197 201 212 0.84179128384557811 3 2781 7 3384 5 3233 2 3573
44 -3.4488755242173079 2.6634905857906497 5.2815990911379522 167 160 142 1.0114951883156564 7 4913 13 2814 8 4027 6 2457 3 3461 5 3947 2 3881 4 1768 10 3320 9 1474 11 2928 15 2063 12 2880 14 2507 16 3515 17 3278 18 2365 19 1819 21 2003 22 3497 20 2959 27 4750 26 2407 28 3040 29 4623 31 2901 35 5314
1153 -5.1342481617573394 0.11669279781763978 4.2050982385357134 141 136 143 0.69650616647167196 7 4169 5 3245 3 2789
2402 -3.9609354390545493 -0.68764889063354073 3.9555924865379279 38 68 2 1.08791873513767 19 1645 21 1566 22 3585 23 3831
45 -4.2672640316923642 2.9222600575881121 5.253855081777413 28 24 13 1.0037808564618835 7 4951 13 2836 8 4488 6 2481 3 3487 5 3983 2 4286 4 1972 3 3818 10 3324 9 1647
1154 -5.1381536208803915 0.14031057204404238 4.1451678128680474 80 74 86 1.0344759084744959 3 2792 7 4173 5 3247 2 3584
2403 -4.3602221879666176 2.9203137827188761 5.2014627293876021 113 112 91 0.55433003594459695 18 1791 21 1750 23 3673
46 -4.2014632552653604 2.9313283456955306 5.1746300125780929 74 77 60 0.61721447470491253 7 4955 13 2841 2 4292
1155 -4.5584049434695633 -0.0076365216777284327 4.9113314569478046 182 195 113 0.6180467028072999 7 4695 5 3248 2 3582
2404 -3.3819472663017249 2.5062563127777922 5.89382524901613 182 188 160 0.52871483958085908 19 1579 21 1751 22 3481 23 4151 20 2941 24 2043
47 -4.9497256909445033 -1.8301538422738044 4.5297957938481517 223 196 201 2.0129547768590954 7 4987 13 2481 8 3572 3 3148 5 3090 2 3954
1156 -4.5833678963657052 -0.017627492816762229 5.2104062862800404 141 156 100 1.0892134643180009 3 2802 7 4179 5 3255 2 3589
2405 -4.4415399153728261 2.9685853062221312 5.1149259839612657 158 157 136 0.51852861237631021 19 1586 21 1752 22 3057 23 3675 20 2462
48 -4.7174148177209272 -1.7833183917718562 4.4644638524221945 203 145 159 1.0405056830201047 7 4989 13 2870 8 4520 5 4008 2 4317
1157 -3.1192194668662045 -0.18178038055757229 6.0992537771866608 94 107 79 1.4906192198238131 5 3258 2 3590 11 2745
1158 -5.5026261055538974 0.17797005450897554 4.2141627452583892 120 125 104 0.57760314221100995 3 2803 7 4186 5 3259
50 -4.9522310565699197 -1.7960187641056566 4.5316275458165602 199 144 153 1.672111546822596 7 4992 13 2872 6 2231 3 3514 4 1802
1159 -5.4456814391403947 0.23287556260014047 4.1194708802569853 205 216 196 0.40719002320395575 3 2227 7 3439 5 3263 2 2931
2408 -3.7739452464279548 2.4958285508352325 5.9170545107230126 96 104 67 1.3514357103835384 19 1789 21 1987 22 3447
51 -4.9782061790995069 -1.7772051197235867 4.5216893797034237 234 223 223 1.3261491011069031 7 4995 13 2875 8 4107 3 3155 5 3642 2 4319 6 2771 4 2190 10 3356 11 2954 15 1853 12 2268 14 2202 16 3187 17 2549 18 1834 22 3117 21 1519 20 1497
2409 -4.3270684979466019 2.9444208938608059 4.9208725523828081 86 85 66 1.0307256747010995 18 2542 21 1997
52 -4.417495254702315 -1.6902252424889517 4.3727918825673537 222 216 220 1.317407754936468 7 4996 13 2877 8 4831 3 3516 5 4012 2 4595 10 3355 11 3213 12 2905 14 2528 16 3542 17 2929
2410 -4.1629376783544876 2.9357793616603205 5.4612683625539367 13 14 1 1.6807193312844158 19 1805 21 1998
53 -5.0866143871762954 -1.6008675105097621 4.5398434636974638 193 115 115 1.2050543675894883 7 5012 13 2882 6 2513 3 3532 2 4326 10 3360
2411 -4.1013569930851626 2.9344391829459799 5.0470000890957873 68 72 58 0.3109494612325413 19 1815 21 2000 22 3821 23 4435
54 -5.1160084163599207 -1.5828937599538915 4.5489688960167216 209 150 146 1.4856552374364642 7 5013 13 2494 8 4112 3 3170 5 3660 2 3970 10 2642 12 1926 11 2314
2412 -3.2962684190664846 2.6588023766412401 5.3342912340933317 91 89 100 1.3789004257751774 19 1822 21 2007 22 3826 23 4444 20 2970 24 2258 27 4758 26 2412 29 5150 30 2745 31 3258 35 6221
55 -5.2078634322796002 -0.24998303738601757 4.3847651936053849 165 164 159 0.9565506478079584 7 5068 13 2932 8 4166 6 2818 3 3583 10 3414 14 2588
2413 -5.1470893827798836 -1.6190499443320525 4.5559001225685831 211 137 152 1.3997478527881326 19 1837 21 2018 22 3124 23 4188
56 -2.942042940411707 -0.39396179194131697 6.1848821230726374 47 56 22 1.2408567018306629 7 5088 13 2962 3 3607 5 3217
2414 -2.4474315928119998 0.11069756563847009 6.069336917544474 183 196 176 1.6006051320905512 19 2076 22 4137
57 -5.2980882698964242 0.087117815794166276 4.2265977314143166 52 45 39 0.66656699639896089 7 5102 13 2971 8 4632 3 3620 5 4104 2 4394 10 3095
2415 -4.6182584433526968 0.94182403899482303 4.4645371383175094 71 100 36 1.6114099431399667 19 2083 23 4585 20 3149 27 4888
58 -6.1249716337452078 0.73219871858071717 5.3634662996107716 83 113 72 1.6453257276659907 7 5157 13 3034 8 4973 6 2624 3 3970 5 4450 2 4449
2416 -3.7634778966421467 2.2677657522332737 5.6442185756689822 82 93 63 1.2755455800618707 18 2071 21 2157 22 3779
59 -3.4278775750972121 2.5440212902849844 5.7906296815160125 51 48 9 0.63587054466924642 7 5259 13 3425 8 4773 6 2717 3 3426 5 3917 2 4224
2485 -4.4283453130958081 2.8886516304802847 5.0663581249220497 85 86 70 2.3105636969551266 21 1741 22 3467 23 4133
128 -4.4544612981820713 2.9062620814507856 5.3175373023481649 29 27 28 1.0552703319234011 7 6065 13 4010 3 4575 5 5032 2 5284 10 4140
2486 -4.5062016557079758 2.9449635571321622 5.0628000804703559 122 124 100 0.65864857156881262 21 1743 22 3469 20 2918
129 -5.5238768107211493 0.079565171844523372 4.1565902426456933 115 110 86 1.7425613430133453 7 1109 8 205 5 979
2487 -4.2959143735953358 2.9018803803447599 5.392506404778735 40 44 29 1.1585886343764427 21 1466 22 3476 23 4142
130 -5.0041901730621436 2.7923715747411677 5.8187594319134215 152 150 127 0.13383768321222569 7 697 8 534 2 620
2488 -3.6956708247967165 2.7811484556474348 5.2685360919304811 51 48 31 0.75109305810932314 21 1771 22 3496 23 4162 20 2957
131 -4.2646653453844694 2.8970959170058022 5.2672841174921485 24 21 6 0.21631221093763847 7 821 8 707 3 546 5 673 2 772
2489 -3.4450734440887065 2.6608143929634718 5.2762837719319542 205 204 183 0.85937439333603871 17 3279 22 3498 23 3726
132 -4.7951361886824841 2.9680971487329653 5.057143198978503 100 104 97 0.60893736623353134 7 854 8 733 3 571 5 693 4 343
2490 -3.4249684741250146 2.6735409347504975 5.2813128601993569 76 79 68 1.2346731546257028 19 1820 21 1494 22 3503 23 4168 20 2963 24 1812 27 4375 26 2134 29 4629 30 2419 31 2529 32 2203 35 5317
133 -4.4380180647297678 2.9657405270259023 5.1265170663816768 35 36 4 0.63583949277540153 7 1991 8 751 2 831
2491 -3.9760933407025534 3.2493705623235574 5.1817441877990458 121 72 58 0.37814433518224411 19 1617 20 2974
134 -4.3010996242837374 2.9800516636375827 5.1825541190576265 75 77 55 0.60515631235655176 7 1999 8 764 6 1463
2492 -4.1101207948396148 -1.7391332617106869 5.8992689711067623 234 214 215 0.93238176514995552 21 1537 22 3545 23 3228 20 3313 27 4786
135 -2.6673956926049414 -0.48192063982135663 5.9667925962028026 80 87 34 1.5830690016050228 13 600 8 1005 2 1022
2493 -2.1580092053522768 1.3292768945227467 6.0799199760580542 173 185 161 1.5751610264851372 21 1944 22 3759 23 4076 27 4974 24 1993
136 -5.2788172165358995 0.098818542440814644 4.2257599802267229 136 128 130 0.51159044526816722 7 2274 8 1059 3 826 5 1796 2 1061
2494 -3.8159694882835415 2.3643058511514798 5.7661781151936742 160 161 145 1.1283255986863121 21 1709 22 3788 23 4107 20 3247 24 2215 27 4976
137 -5.301768912168594 0.40233083574299222 4.1170149404488479 137 150 107 1.4455577783781477 8 1114 6 1185 5 2636 2 2106
2495 -4.4300775340726322 2.9262318401645033 5.1738415457483846 56 59 38 0.23062602964901599 21 1993 22 3808 23 4137
138 -5.6377912115401205 0.57449186846088296 5.7419458008665973 104 128 87 0.9211563521398769 7 1271 13 716 8 1168 2 1152
2496 -4.2643080779281046 2.8880020929707673 5.4084685283872727 10 12 6 1.430936418051137 21 2176 22 3811 23 4426 20 3271 24 2031 27 4729 28 3730
139 -3.6054130495768355 2.4030924483046756 5.9073080677029672 118 121 91 0.584125876557539 13 846 8 1431 3 1804 5 1308
2497 -4.3321624482223928 -1.8022220315063722 5.6361363824889823 164 69 78 0.42647023723976246 21 2022 22 3853 23 4472
140 -5.0301922389366291 2.7276197701330953 5.919458658473526 64 59 38 0.3307673467219826 7 1734 8 1493 2 1524
141 -4.9269190541727994 2.733136315587585 5.9640315578162193 86 82 54 0.57881476935014065 7 2912 8 1497 5 2216 2 2473
2499 -3.1384376198088555 0.45367505205942593 5.0830058429863101 177 207 137 0.7701123346163653 21 2088 22 3947 23 4583
142 -4.9664840438306772 2.7452140542751295 5.9392846762427629 154 152 121 0.15248941985855927 7 1746 8 1501 2 1538
2500 -3.8761169541494271 2.1922646986573233 5.5156826993535333 34 27 7 1.7096534517756445 23 4803 20 3446 24 2377
143 -5.0699382500476071 2.7576118061958343 5.929646552870258 187 187 175 0.19218713039951418 7 1754 8 1503 3 1859 6 1343 5 1377
2501 -3.9392842336451124 2.3041717373165835 6.5312325936328488 62 71 50 1.2644836792581728 21 2156 22 4005 23 4643
144 -5.0052354713217939 2.7647304414237444 5.9063679274466301 107 103 78 0.67245925321669908 7 676 8 1514 2 2486
2502 -4.7720570804804874 2.8303811240071775 5.4508667332024405 107 120 81 1.4439474836712953 21 2300 22 4013 23 4652
145 -4.9378499043597683 2.7835184586143824 5.837018178741384 97 91 67 0.46510011851384225 7 1774 8 1530 6 900 2 612
2503 -3.5363973505600539 2.463774069475515 5.937971017824764 181 189 165 0.80579868085464246 21 2172 22 4028 23 4662 24 2401
146 -3.5692007382392683 2.5968283571166326 5.6332313199243824 137 135 107 0.51863455842841599 7 1721 13 1461 8 1533 2 1497 10 2139 11 2246
2504 -4.4107080586407053 2.9454604652290328 5.137649924166527 165 169 147 1.2064123013765031 21 2177 22 4033 23 4665 20 3473 27 5210 24 2398 26 2889 25 2541 28 3721 29 5507 30 3408 31 3518 32 3054 33 2288
147 -3.3748084473360374 2.6045720469355347 5.756865617576671 57 55 32 0.24915292179573231 7 1718 8 1543 10 1081
2506 -3.2112427819745935 2.6292654305812495 5.5381052013641785 104 61 55 0.97966139591070434 17 3286 19 1821 23 4445
149 -3.4375506229501585 2.699801240323465 5.177960961988564 218 220 217 0.5856437332277481 13 1502 8 1674 6 946
2507 -3.8071002538996326 3.1920412659515716 5.134723636094507 172 125 98 1.9406760485867958 21 2012 22 4050 23 4449 26 2141
150 -4.6392445026270765 2.8347037309096561 5.0247881084383108 110 116 88 0.61614250130145753 7 3077 8 1685 2 1725
2508 -2.5596322721877778 0.1188695369711124 6.221189124059328 174 190 163 0.97096307398156723 21 2078 22 4136
151 -4.6392445026270765 2.8347037309096561 5.0247881084383108 110 116 88 0.61614250130145753 7 3078 8 1686 2 1726
2509 -3.9145590470599205 2.4321137528669969 5.5881097744653925 57 59 48 1.6271353245649245 21 2297 22 4184 23 4811 20 3462
152 -3.3886868306458235 2.7232000898471989 5.199686344730921 118 116 113 0.13317441653715653 7 1863 8 1691 2 1664
153 -3.7237932942690861 2.8064653597287736 5.2686660942356713 29 27 5 0.52749754977303631 7 3054 8 1709 3 1936 2 3377
2511 -4.0375310601527969 2.7765961680935685 5.3631924048225192 20 22 17 0.92521776984472059 19 2151 22 4200
154 -3.5099546318391135 2.7915634520928125 5.0876881128073981 114 108 102 1.1913904908875037 7 809 8 1739 3 528 5 653 2 748
2512 -3.9019259935334696 2.7191690090865905 5.4257416592724637 78 94 66 1.9718063698303092 19 2281 22 4201 23 4827
155 -3.660340561413737 2.8332183372243804 4.9634360302627867 95 97 98 0.84571664693573456 7 3109 8 1774 6 1436 5 2306 3 1970 2 1760 12 1499
2513 -4.1093578397021879 2.9344076770208272 5.4306673139216359 25 26 10 0.71629844298729017 21 2318 22 4204 23 4675 20 3482 24 2246 27 5214
156 -4.2764919521238651 2.9515162370464223 5.1157041457587527 51 51 28 0.76557452389976899 7 1986 8 1779 3 1293 6 1459 5 1532 2 1808
2514 -3.4872767287558366 2.654505486658191 5.720674449378202 26 28 12 1.125657483222481 21 2426 22 4206 23 4831 20 3485
157 -3.8133928591791522 2.8683320515985247 4.8843015584896428 112 117 121 0.23084197520251298 7 1980 8 1805 3 1986 2 1798
2515 -3.489829515328946 2.9974323443671134 5.2111988559386715 151 106 87 1.0532115098149437 21 2325 20 3493
158 -4.2344887298017504 2.929575283527873 4.8242697621637882 103 110 113 1.5011381990166741 7 2021 8 1825 6 1024 2 851 16 1007
2516 -3.9397669581908161 4.5668089459173338 4.2268073305684375 115 132 211 0.88521846385145486 19 2169 22 4212
159 -4.210340148506897 2.9276469653372184 4.8230631779291882 106 111 118 0.75803809861823779 7 2017 8 1826 6 1023 2 1839
2517 -2.6852827806025834 -0.74863945974569146 3.9331550279575493 86 105 23 1.8023905218383827 21 2450 23 4949
160 -4.2343722727268265 2.9715270106702913 4.8160517114694654 188 187 183 0.81341853831949174 7 2027 8 1831 3 1319 5 2355 6 1892 2 1852 4 1387
2518 -2.5832942596536119 -0.78909660274849991 4.0381459748072492 136 156 71 0.20710464956700753 21 2358 22 4236
161 -5.123178442776779 -1.8215184912814331 4.5157885558353499 191 103 108 0.13907311989636523 8 1863 5 1573
2519 -4.1437164236327808 -1.7636555340856856 5.7682737523413925 232 232 237 1.2293996599584662 24 2678 27 5512 26 3186
162 -5.3168314368764706 0.17080219736749816 4.2006817503518334 76 74 79 0.56605491551196452 7 2309 8 2110 6 1620 3 2209 5 1832 5 2582
2520 -4.199245275682931 -0.44691758475447274 4.2857479974258448 196 226 140 2.1272053747333781 21 2364 22 4325 23 4953
163 -3.6096566657118707 2.3287493441619347 5.8410815519706389 144 145 106 0.43563995712639786 7 2790 8 2469 5 2163 3 1794 2 2366 13 1392
2521 -3.3906535487284577 0.21983437932811664 5.047779015251991 110 136 91 0.96292837230557815 21 2463 22 4347 23 4974
164 -3.573974820373393 2.3365565796404528 5.8667227747258055 117 123 78 1.2127259630531735 7 1627 13 1927 8 2471 5 2890 3 2481
2522 -3.4525709209970334 1.1122570368854536 6.1085584460834337 102 121 75 1.5085459148508487 21 2475 22 4359 23 4777 20 3708
165 -4.9213015820386614 2.6991215349705335 6.0705078053945911 150 142 117 0.12339126842876737 7 2886 8 2527 5 1358
2523 -3.6887582281455633 2.0617729829163673 5.3665316184824494 119 149 113 1.9175334731230889 21 2570 22 4373 23 4998
166 -3.800619638169576 2.5442007911892328 5.7229839345982345 66 67 36 1.7676147701372782 7 2863 8 2534 12 2187 11 2222 18 1777 21 1732 22 3452 23 4129 20 3261 24 2025 27 4991 26 2378 29 5519 30 3112
2524 -3.7087796033134999 3.005019603312709 5.1314905539237312 149 118 115 1.5612989228768133 21 2505 23 5012 20 3845 24 2557 27 5384 26 3066
167 -4.985020306314957 2.7286224319392391 5.9720758135055831 162 161 133 0.50400019864673484 7 2907 8 2541 3 2532 5 2214 2 2471
2525 -3.7692163028808894 3.1237564060963172 5.3431042833314244 155 118 99 1.1631486354415639 19 2456 22 4397
168 -4.9864849314852089 2.7386918905884969 5.9365106127363587 88 82 56 0.33331146304738551 7 2918 8 2549 3 1852 2 2479
2526 -3.9463742357806479 -1.5603094734106295 5.8351016888503642 147 70 88 1.1998525691289332 21 2440 22 4415 23 4944
169 -5.0129962618813817 2.7553721199143926 5.9424985824120098 55 51 26 1.1722523447267894 7 2929 8 2557 3 1858 6 1801 5 2948 2 2482 4 1322
2527 -3.5950140368248866 -0.78492721730232351 3.7687283471248492 119 146 65 1.2679042157404108 21 2528 22 4417 23 5022
170 -4.4022406908690774 2.6496567025555282 5.2891573852686422 55 89 12 0.87126076678409459 7 2947 8 2580 6 1808 3 2541
2528 -4.1406369301787818 -0.62765561638572642 4.1583921273222542 139 170 111 1.8231573127114125 21 2531 22 4419 23 4950
171 -5.0378242510144053 2.7937728966198896 5.7209284515875245 197 194 171 0.1533360135118387 7 2973 8 2582 2 2522
2529 -2.6652499553049109 -0.71917146592682935 4.09473844507602 147 167 78 1.5442765845628723 21 2532 22 4420 23 5024 20 3863
172 -4.8983315246096382 2.8138537440757494 5.8127906886347018 37 33 6 0.16084209790067838 7 2979 8 2598 6 1353 2 2530
2530 -2.7808092871036618 -0.6401081433360627 4.1748778540789155 136 160 65 0.92271810790779762 21 2534 22 4423 23 5026
2828 -3.6850723310843323 1.0162747821036111 4.687387740911463 94 85 50 2.2826343800179876 24 2502 27 5462
471 -5.0344542700537396 -1.7774739121732075 4.5323595332806423 214 140 141 1.3592309480330838 7 5745 8 5274 6 3226 3 4265 5 4744 2 4990 9 1821
2827 -3.7388295336668866 3.1020108732120044 5.1216665633455012 144 110 101 1.0217771254911001 24 2559 27 5385 26 3068
470 -2.7223487613185764 -1.2583660336802989 3.3769219630404064 145 165 80 0.36158937228274046 13 3676 3 4415
2826 -3.3478433018337586 2.6596926476969185 5.3076927012652044 199 208 213 0.81962424713374804 24 2555 27 5382 26 3065 25 2723 28 3967 30 3650 31 3809 35 6530
469 -3.3219585357166275 2.712591711059412 5.2328974089179852 104 66 44 0.8914322722186977 13 3667 8 5268 10 3803
468 -4.4254513926312109 2.8187080496531518 5.2600032322626538 64 78 43 1.1507788563795629 7 5874 8 5267 6 3365 3 4408 4 2343
2825 -4.005212322606182 2.9048211467979579 5.0636094427452223 151 174 94 1.157777417226471 24 2549 27 5378 26 3059 25 2715 28 4122
2824 -3.5829422123592458 2.3438614100387216 5.8999019734742006 153 164 122 0.81988778497513881 24 2541 27 5370 26 3051
2821 -4.6127957056322986 -0.11875853261905189 6.1270279382994701 110 135 93 1.9408926415415999 20 3557 27 5287 26 2982
464 -4.5263858476744732 2.8005459282979985 5.5308477788147581 23 35 0 0.92285846754713197 7 5735 13 3659 8 5260 6 3205 3 4252 5 4857 3 4406 10 3787 9 1796
2808 -3.90947053852324 2.3996956721814091 6.103686651829423 134 119 110 0.51234506555334502 27 4978 26 2883 28 3948 29 6025
451 -5.3689433823273145 0.32297048689430069 4.1740727802081681 115 120 90 0.43747766754032419 7 5665 8 5173 6 3115
2805 -3.2037606686342532 2.5606860657346329 5.5521973568406642 85 92 118 0.94499287459548476 27 4756 26 2411 28 3452 29 5547 30 2748
448 -4.7850796396855158 -0.023279684945673285 4.3429219832225812 33 27 13 1.8003277500732906 13 3540 8 5146 5 4798
446 -3.6045563469776187 -0.83722404593592525 3.6165157762308224 94 112 36 2.4322128461607524 13 3502 8 5114 9 2037
2803 -3.438928127744207 2.5122291096754692 5.8588469656213835 171 176 144 0.18902315877231737 24 2042 27 4746 26 2401
2801 -4.5795946056387313 -0.089450870973987309 5.5240464278955788 93 114 38 1.3807355759791644 24 1899 27 4555 26 2506
443 -4.6083447484929332 -1.301988388697406 4.5810560835498819 166 106 114 1.3757469971265492 7 5599 13 3238 8 5102 6 3049 4 2200 10 3372 9 1840
2800 -3.3251391174511356 2.570565804048011 5.7427125522987161 126 129 137 1.5578611161957925 24 1809 27 4374 26 2135
2788 -4.5828644988296237 1.0070347360087135 6.4216562483276087 92 108 98 0.78934832827370116 20 1239 23 1993 27 2840
431 -3.9615718299969673 2.9467771623723453 4.8497453114355658 81 46 27 0.83706946466968191 7 5557 8 5072 3 3821 2 4571 4 1978
2786 -3.3766137748375353 2.690885305065414 5.2132071087343395 178 187 194 0.76484365759340278 22 1886 23 1518 27 2367 28 1083 35 2180
429 -4.3245168348506162 2.9528512448663706 5.2373322925414465 106 100 71 1.0767855230953109 13 3670 8 5069 6 3217 7 5553 4 2351 9 1990
2771 -3.9326218630830518 2.2693745887709404 5.4552619410042027 36 35 17 1.9904534412897545 20 3830 24 2654 27 5492 26 3165
414 -6.0965022686992167 0.67616400206530125 5.4468518951048148 95 122 81 1.0584739102279073 13 3346 8 4972 6 2893
2767 -4.4694627597865004 -1.6280069443549405 5.1743476989179591 113 64 83 2.0734732370196149 20 3640 24 2571 27 5509 26 3079 25 2742
410 -5.3460228308124993 0.18181491614300782 4.2357929926437023 188 193 198 1.0481179812949863 13 3318 8 4945 10 3685
402 -5.3112993288646022 -0.27865167375515776 4.3334743843258954 65 47 45 2.1435151036357012 7 5634 8 4896 6 3082 3 4140 5 4389 2 4635 4 2026 1 1568
2759 -4.5083753784093954 -1.8065452774901452 5.3645484322426595 127 65 86 1.5403366452669234 20 3637 24 2419 27 5391 26 2903 25 2563 28 3976 29 6202 30 3836 31 3959
2758 -3.7209722456134888 2.3866493512405107 5.7800349958048924 41 29 15 0.9976189328984324 24 2390 27 5207
401 -3.1167608635474755 -0.63124022348485931 3.9644897530180714 138 160 75 2.1036517226081157 13 3512 8 4881 5 4046
2755 -3.6668760999139622 2.6412507637337805 5.319193807170091 38 51 25 0.8612303865608818 20 3278 24 2245 27 5005
398 -3.6319168622356264 -0.77425478204883613 3.5118206083618366 88 118 54 1.8778742353304181 13 3251 8 4873 10 3645 11 3257 15 2354
2752 -3.6154933712458566 2.304336297302215 5.8969733677369396 48 52 30 1.1610016289230456 20 3254 24 2221 27 4982
395 -5.2153405077222486 -1.6223163351447802 4.5613409992869149 219 165 165 0.64860272331566704 13 3217 8 4838
389 -4.0233442850136925 2.9110268384493883 5.4826225589503865 57 59 37 1.0313330146540198 7 5295 8 4805 6 2753 3 3816 5 4303 2 4562 10 3326 11 3194 15 2062 12 2879
2746 -4.254732371363052 2.8884078291931847 5.2979768808233967 28 29 13 2.3516183147850143 21 1753 24 2032 26 2376 28 3419 29 5513 30 3108
388 -4.0241298903837137 2.9103515413202525 5.4872835470940702 57 59 37 0.96922403151677139 7 5294 13 3448 8 4804 6 2752 5 4302 4 2171 9 1810
2745 -3.7770194897680418 2.3111080940833837 5.6169393034642843 38 38 20 1.8365294638574952 20 3242 24 2007 27 4708 26 2626 28 3699 29 5791 30 3395 31 3510 35 6496
387 -3.4047137290300329 2.7324109710288713 5.1691470761164657 205 205 202 1.1694794305396845 7 4928 13 3181 8 4803 6 2740 3 3472 5 3960 2 4267 10 3337 11 2937 15 2071 12 2897 14 2520 16 3796 17 3531 19 2022 22 3828 23 4446 24 2056 27 4757 28 3447 29 5148 31 3252 32 2822
2744 -3.137031106888502 0.98426435316630145 4.7237361355258169 193 220 185 0.50752320681510432 20 3184 24 1959 27 4915
386 -5.0178613195094117 2.9152708313987379 5.4432948514041586 59 58 30 1.0125296491188063 13 3168 8 4800 6 2745 7 5290 3 3810 5 4298 2 4558 10 3581 9 1801 11 3162
2743 -3.5159651211533269 1.0366610480994305 4.5610329099509546 154 190 93 1.1841017294187977 20 3411 25 2018
384 -4.5540792642464432 2.8304516073018564 5.4944243324618016 226 229 206 0.61770264413483322 13 3167 8 4796 6 2463 10 3585 9 1798 11 3168
2741 -3.4048460440064119 2.6573806971686094 5.3141770926612928 51 57 45 0.50059938973174323 20 2961 24 1811 27 3840
383 -4.5536160428133261 2.7818795845182618 5.4066019476789435 75 90 35 0.94970667823567478 13 3165 8 4790 10 3580 11 3165
2740 -3.488025344753138 2.6717317758380554 5.2684771655184868 53 56 37 1.2208859724445404 20 2955 24 1805 27 4370 28 3036 29 4617 28 2627 31 2521 35 4598
382 -4.5467738096127102 2.7328094836906991 5.3611900130062269 134 167 87 0.71281860123746932 7 5278 8 4786 6 2727 3 3800 5 4291 2 4549 4 1952
2739 -3.8255381120073459 2.5254011594923509 6.3212490020431922 52 54 38 1.4578466692223226 23 4128 24 1788 27 4727 20 2911 26 2386 28 3431
381 -3.2784707474892412 2.5908499021179403 5.4477547252559058 166 168 155 1.0363354328448564 13 3166 8 4785 10 3592 9 1638 11 3181 15 2058 12 2604 14 2169 16 3152 17 3276 18 2117 19 1816 21 2184
2738 -3.4324565111680663 2.6170890551746049 5.7225264222435737 131 136 128 0.99327889161074334 20 2500 24 1577 28 2635 29 4637
380 -4.9582453551866736 2.8205149335007191 5.7743525622774285 56 51 29 0.82449614890859868 13 3154 8 4784 6 2725 3 3464 10 3288 9 1629
2737 -4.4208838486643565 2.8228860777803622 5.3939197588746648 95 111 72 0.63456311644514096 20 2441 24 1547 27 3755
379 -3.7427723475319619 2.6421988316633316 5.6367026997392529 57 55 40 0.72790903904616777 7 5265 13 3160 8 4783 6 2997 3 4045 5 4274 2 4542 4 1947
2736 -4.0063933637698996 2.3380593023458953 5.5528167568160862 71 61 47 1.9489057820130407 20 2401 23 4096 24 1533 27 3030
378 -3.542386189826249 2.5996410707867876 5.6683560402623705 54 52 29 1.0710834395698725 13 3157 8 4782 9 1792 11 3172 12 3112 14 2730
2735 -3.6559111930979333 2.6491894323310272 5.3461692854372442 99 107 83 1.4342445236938524 20 1419 24 1324 27 3148
376 -3.2518412290965406 2.5005939105845081 5.5683783371404676 29 22 3 1.0139720870389159 13 3429 8 4777 10 3788
2733 -3.4943440346200729 3.4432466410639537 6.5691632760247112 0 0 0 1.0592444009152384 20 361 24 346
375 -3.4275977254226691 2.5483125032159979 5.8082499271438239 37 32 2 1.4159013002693266 7 5260 13 3426 8 4774 6 2718 3 3427 5 3918 2 4225 4 1941 10 3785 9 1790 11 3584 15 2455
2732 -3.966650347047453 -0.7312977284379677 6.4854126304483248 0 0 0 2.2722480244097185 23 1738 20 555
374 -3.4867583482862394 2.5191615894500878 5.6756938596889839 46 44 13 2.1825641476327164 13 3150 8 4770 3 3425 7 4886 5 3916 2 4223 9 1628
2731 -4.1498409010083535 2.8966405680583556 5.1538724510972882 98 99 87 1.0118648660407179 18 2111 19 1806 20 2477 17 3271 21 1476
373 -4.2349749191725632 2.5461848905855144 5.5588720155028186 25 27 3 1.3152825955001104 13 3144 8 4767 6 2715 3 3776 7 5261 4 1939
2730 -3.2641443257405931 4.1436539926051283 5.9645153122728898 0 0 0 1.9987438972689198 22 4472 20 3913 28 4334 32 3651 33 2935
372 -3.247130525522806 2.4436806061888392 5.7413309431417519 37 42 38 1.507169885028754 15 2452 12 3417 10 3778 14 3051 13 3418
2729 -2.8630602673968855 0.31785672911290347 5.055397043233647 118 149 81 0.87186336272074494 23 5043 20 3884
370 -3.7172224274674974 2.4660533105552425 5.7547364311948979 110 108 85 0.75852181449301337 13 2781 8 4759 10 3277
2727 -3.2554773018525669 4.0859973266813441 6.1742597706963904 0 0 0 1.3476157099810253 21 2509 27 5584 26 3270 25 2869 28 4251 30 3831 31 4085 32 3431 35 6876
369 -3.5426080370824491 2.4496730737777686 5.9037415034060512 152 161 119 1.526488153993157 13 3134 8 4757 6 2706 4 2141 9 1780
2726 -3.2603678684502779 2.6969019679953004 5.2632705217587334 100 59 41 1.1545688920368957 23 5010 20 3844 24 2664 27 5582 26 3268 25 2951 29 6298
368 -5.5917507015615548 0.9313277578676189 5.5362036381877688 59 88 44 1.7464218783175072 7 5175 13 3046 8 4686 3 3678 5 4175 2 4458
2725 -2.8549448325230613 1.3027337668412977 5.9105844743868241 121 153 132 0.97970180678232466 23 4995 24 2648
367 -5.5308014457529486 0.89916251371749878 5.5766628543109684 96 125 94 0.96356486892705151 7 5173 8 4684 5 4173 2 4114
2724 -3.3066031531376816 0.1127108956551522 4.7802492843359365 96 124 76 0.728233175976575 23 4971 20 3798 27 5295
365 -5.794624507227959 0.66266746996660775 5.5455305927200422 136 162 127 1.3886657555999118 7 5152 8 4671 3 3967 10 3472
2722 -4.8519075360942159 0.16998360289064335 4.1445472262096281 34 37 10 1.6530624548303237 23 4965 20 3789 27 5277
364 -3.0590425371352556 0.50967061901410182 5.0652151272096226 0 0 0 2.3754595407557781 13 3031 8 4668 6 2616
2721 -4.0113859571574588 -1.6106559233587374 5.6807485243603439 154 96 110 1.1058833347239374 25 2878 26 3188 28 4261 29 6315
362 -5.1849837597871478 0.30765741059138896 4.0727042546592811 86 82 73 1.4960907836095512 13 2617 8 4645 10 3129
2719 -3.2077245825080758 2.5370260709335346 5.6800887463330687 129 134 153 1.0176598476250529 22 4298 20 3741 24 2553
361 -5.2568321296229703 0.24171860726549588 4.2019110272503131 63 59 56 1.2360731590037928 7 5122 13 2992 8 4641 3 3270 5 4119 2 4064 10 3446
2718 -4.4410721400429285 -1.605192470997546 5.2948447519284896 120 69 84 1.2484785781577457 20 3645 27 5397 26 3088
359 -5.1719600034906419 0.14177339724608948 4.2212139264014548 209 214 218 0.76757077689844155 7 5111 13 2980 8 4637 6 2861 4 2071 10 3110
2716 -3.9733993686303433 2.5250794704013586 5.3774061295757809 46 63 27 1.4390856388667861 23 4655 27 5203 26 2880 25 2314 28 3704 29 5793 30 3398
358 -5.470782197480025 0.14388453912899701 4.1450674046299847 73 69 40 1.3034501077995093 7 5109 8 4636 6 2585 5 4110 2 4398
2715 -2.9218310825983647 0.37486672524602688 5.1289535426931954 83 101 49 0.41231168406501889 23 4582 24 2141
357 -5.5334309428125241 0.1008896194604313 4.1820447804283276 201 203 185 0.95851681309199022 7 5419 8 4631 3 3621 5 4105 2 4673
2714 -4.5345776621379708 -1.8945388611749272 5.38593233621084 163 105 111 1.6364953628904217 23 4684 20 3500 24 2062
356 -5.2412651317038783 -0.32757300634475772 4.4033124870712088 70 54 56 1.0813763383813892 7 5059 8 4583 2 3997 5 3156
2713 -4.104877334234927 2.8205856595076555 5.4338055902005271 11 16 0 1.606730239579383 21 2314 20 3477 19 2150
355 -3.637368632782874 -0.75345109749171757 3.5949478729869297 87 116 51 1.4277558964363886 13 2913 8 4562
2712 -4.441394213514287 2.988023160049285 4.9567076729607615 33 29 18 2.3206979416815798 23 4425 20 3476 24 2400
354 -3.6817658518758192 -0.78861480440492315 3.6118424299907712 97 128 61 2.4330480810040069 13 2911 8 4560 4 2007
2711 -3.6421105251212755 2.5158976520226415 6.2226848687543468 57 54 35 1.2934718570063655 23 4663 20 3475 24 2243 26 2658 25 2343 28 3440 29 5534
352 -5.1935228819866444 -1.4156875414167596 4.6515071779440076 189 110 115 0.16318261880218635 13 2900 8 4542
2709 -3.9329076933723686 2.361255091196742 5.5693254866646802 39 30 21 2.0112014060630155 23 4646 20 3457 27 4968
350 -5.0760890071046401 -1.6669351980964979 4.5252748210670353 202 123 129 1.4930283170063123 13 3213 8 4530 3 3846 10 3012
2707 -3.1543092821979646 1.3160689123533091 6.0268847708222406 108 137 107 1.0621852982330671 23 4613 20 3427 24 2365 26 2840 25 2509 30 3617
349 -4.5052013639719553 -1.6233305823855328 4.4530991959351205 216 185 191 1.1600729534940941 7 5007 8 4528 3 3525 5 4334
2706 -3.5656627558313607 1.0112360860943568 4.6410191395031957 94 131 40 0.2880846841861433 23 4341 20 3409
347 -4.3355962607456533 -1.6829195005040696 4.3635906927726476 181 120 136 1.3550576296729862 7 4997 8 4524 11 2955
2704 -4.5104012604713892 -1.640644653604195 5.2671115292521833 237 238 246 0.49943803105109658 23 4209 20 3308 27 5030
346 -4.5707611016207075 -1.8010956670525271 4.4271665710764259 172 105 122 1.7742914945414459 13 2865 8 4519 5 4323
2703 -3.4461036019604743 4.1886111559593626 5.7112243820461615 159 112 96 2.5194028535884194 21 2014 22 3839 20 3292 27 4388
345 -4.6905079346717278 -1.8690312469391741 4.4941860163370864 211 168 176 0.88908037513037197 7 4982 8 4516 3 3507 5 4004 2 4313
2702 -3.2784793423859591 2.5599043525712668 5.9861709664082232 116 76 65 0.21020099013155658 22 3492 24 2051
344 -4.534104484635237 -1.8368600856014057 4.4034046518178709 217 188 193 0.76841159529695191 7 4981 8 4515 3 3506 5 3635
2701 -4.2352036320661437 2.9264568055375655 5.3259742615772545 49 51 37 0.53800412952710086 23 4428 20 3277 28 3731
341 -4.0781928695600858 3.2353502897136428 5.0377497048415831 102 55 27 1.2895710558656099 7 5316 8 4508 3 3824 5 4316
2698 -4.8486054058424966 2.9295260394740414 5.1190155449315267 223 229 224 0.95440049358985646 22 3795 23 4115 20 3251 24 2213
340 -3.9485142399170901 3.1601140841919144 4.8657816889618388 93 48 25 0.16451034100481676 13 2852 8 4505
2697 -3.7950624231801808 2.3626234062073594 5.7062936996867659 41 45 28 1.4827296265326804 23 3621 20 3248 27 4977 26 2635
339 -3.7456683560009751 3.2039511456016632 5.1907827284087169 161 113 91 0.61657443011465773 7 5311 8 4503 2 4574
2696 -4.3354472266768944 -1.7708185779542178 5.6650566397081157 232 226 238 0.74809211902783157 23 4205 20 2997 27 4408 20 2558
338 -3.7407567767546626 3.1338362920756735 5.1563772416348392 142 91 62 1.0382880258517178 7 4580 8 4502 3 3130
2695 -3.6853328150798812 3.1635748743380532 5.1967506964067667 192 158 131 0.98061109838534521 18 2374 22 3838 20 2978
337 -4.0563408451904142 2.9120029522804911 5.056330252107891 101 112 76 0.87151876129995509 13 2844 8 4496 9 1488 10 3339
2694 -3.5356518192399986 2.3518419591858843 5.8824056343379096 147 157 120 0.87077545955648983 23 4122 20 2903 27 4324
336 -3.7543806782080758 2.8205049470174259 5.0122984230162411 124 125 120 0.69232834315454406 13 3191 8 4490 4 1970
2693 -3.5752130338462789 2.3199911544099745 5.9435420637977332 71 79 58 0.83721393908113273 22 2995 20 2893 24 1548
335 -4.8475864617109634 2.9308852510033994 5.097922491769431 59 57 34 0.65620698747352446 7 4953 8 4482 6 2197 3 3489 5 3985 2 4289
2692 -3.7349501057151908 2.2858605616483869 5.8883113411275891 72 91 45 1.2864026525799397 23 3608 20 2882 24 2009 27 4711 26 2633 28 3712 29 5506
334 -3.5345267104346636 2.7571596059490902 5.0752392394782015 123 124 128 1.6832803744786848 13 2444 8 4481 6 2178 3 3081 5 3566 2 4274 4 1590 15 1842 11 2624 12 2250 14 2185 16 3172 17 3292 18 1825
2691 -3.9634338206113506 2.4117414465796654 5.4417042592718898 78 71 59 1.8676291167334156 21 1708 23 3613 20 2878 24 1770 27 4285
333 -3.5504440481206228 2.7365286339488728 5.105141414921067 144 146 132 1.2534316855531731 13 2828 8 4478 6 2467 5 3962 7 4520 4 1777 6 2741
2690 -3.7790288055171226 2.2580161415742079 5.620019983891833 49 49 31 0.71303221896136915 23 4401 20 2870 27 4700
332 -3.5580745501385667 2.7369166424121723 5.24437467468944 41 37 14 0.59095465040046125 7 4922 8 4474 6 2465 3 3470 5 3953 2 3894
2689 -4.2149424561132323 -0.15165603935790115 4.3670331954602943 90 114 52 1.7391078103071633 22 3221 20 2658 27 4032
331 -3.7163072059381888 2.7699301237399458 5.3282934250923502 38 32 16 0.92558387815302012 13 2825 8 4473 6 2466 7 4924 3 3075 5 3956 2 4266 4 1775
2688 -4.1771428079564465 -0.1941812666701033 4.3096729531523241 101 125 66 0.39133184033061352 23 3865 20 2652
330 -3.4731538960332591 2.6716385557833311 5.2404276278389661 88 82 61 1.451142566175456 13 3175 8 4464 6 2154 3 2558 4 1769 9 1475
2687 -4.8010204605528131 -0.11166473354609215 4.3292685559552675 139 144 150 1.4145728986509019 23 4262 20 2646 27 3438
328 -4.5698219415473282 2.8100150538507069 5.448534835594673 65 81 35 1.3859573670021745 7 3907 8 4459 6 2160 5 2990 2 3343
2685 -3.3928459583444477 2.6765971830205788 5.2088651649047728 226 231 237 0.81227786160221649 22 3504 20 2513 29 4632
326 -5.0903877495470926 2.848617769916225 5.6913866086262104 71 68 56 1.5589496550148862 7 4916 8 4453 3 3468 5 3952 2 4261
2683 -3.536885769430905 2.6661265899983051 5.2426480689734332 184 185 171 0.42674293568056626 22 3083 23 3718 20 2498 24 1332
323 -5.0795930857071658 2.796901909762104 5.7756500525633534 63 58 39 1.9247224933656646 13 2390 8 4447 6 2143
2680 -3.5102871333894559 2.3254763991034437 5.8859970623997038 63 72 51 1.8666623734445238 22 2419 20 2434 24 1552
462 -3.8702076781116741 2.6339387831273053 5.3977757753190128 45 59 34 1.4335509826828812 13 3656 8 5257 4 2333 15 2458 12 3303 14 2924 16 3980
2819 -5.0595769545440668 -0.87762065868574335 5.5438433394495252 170 178 165 0.76251857416707303 24 2451 27 5254 26 2941
322 -4.9821641880159948 2.787491412610589 5.9738082135842223 52 47 20 0.77512632526971104 13 2384 8 4444 6 2451
2679 -4.6143605375030257 0.97349516567298944 6.4544907663385462 91 102 90 0.81867729990719673 23 3491 20 2329
321 -3.7545855749402604 2.5561368921707839 5.7473600674458973 166 167 133 1.1400709973308163 13 2382 8 4435 10 3294 9 1449 11 2904 15 2034 12 2573 16 3766 17 3506 18 2347 19 2002 22 4027 21 2173 23 4661 20 3470 24 2399 27 4995 26 2385
2678 -4.9240445380281441 0.15573328738308095 4.1180646108339465 47 64 30 1.0356357236319276 23 3369 20 2227 27 3481
320 -3.7502956704263304 2.556796340897006 5.7437582609361337 166 167 133 0.51525371689807031 7 4466 13 2381 8 4434 3 3031 5 3507 2 3272
2677 -4.9052300479742579 0.1533730990267658 4.0731354474737165 83 106 56 0.71764816371614559 22 2721 23 3365 20 2222
319 -3.4410342528312969 2.5074656410595635 5.7623354020940747 204 208 173 0.58495129748430286 13 2793 8 4432 9 1451
2676 -3.5515227941373264 3.596593245397063 6.6430018818630696 200 179 176 0.79333481552012053 23 3181 20 2050
318 -3.5092245855104673 2.4890269305392905 5.7040901657851046 161 167 128 0.44772001763439939 13 2788 8 4431 6 2712 7 5257 3 3772 5 4259 2 4529 4 1747
2675 -3.5773710320964969 2.7827386467730753 4.9976851142506344 141 147 159 1.7982292439709149 23 3155 20 2038 27 3205 26 1544 28 1632
316 -3.5315422441257018 2.486925013594782 5.8449167644294269 52 53 12 0.60499127246179207 13 2786 8 4428 6 2416 4 1743 9 1440
2673 -3.9500669758527933 2.9058445985191415 4.8338334253891233 220 224 227 0.5037215355406256 21 1498 20 2017
315 -3.8764885576514736 2.5022845886272869 5.703049997268125 66 67 53 1.0227202102468194 13 2785 8 4426 11 2559 15 1520
2672 -3.9954000379588694 2.3742163802438561 5.4786291547361055 56 58 45 1.0451722056114157 23 2988 20 1926 27 2163
312 -6.0466794684742888 0.67373091636207294 5.4600629040194075 134 160 123 0.93649866686724847 13 2656 8 4280 11 2414 10 2781
2669 -5.4139538366579556 -0.057759815375365363 4.1669407428483982 162 161 167 1.0485225275731878 22 2678 23 2601 20 1623
311 -5.247365289383696 0.41267863314991854 4.0738009461853801 80 90 54 1.565459137700363 7 4724 13 2626 8 4256 3 3284 6 2011 5 3783 2 4077
2668 -4.528288581885306 2.8081220131915408 5.4318842132738965 63 90 35 1.3819622778385472 22 2424 20 1358 27 3057
310 -5.3138511285768777 0.3901283125953941 4.1075848849474816 199 212 171 0.46919003549606741 7 4722 8 4255 6 2311 3 3282 5 3781 2 4076
2667 -4.1291776975974326 -1.7323413244031547 5.933257872432951 186 138 153 1.6329128497155645 23 1625 20 946 27 1580
309 -5.375659077028673 0.3396325532336294 4.1206124992282813 111 121 69 0.71081861282348491 7 4718 8 4248 3 3278 5 3775 2 4072 10 2746
2666 -3.892362518121788 2.8857424439536628 4.8443858052036939 171 175 189 0.67149613399260999 22 1873 23 2375 20 847 27 2304
308 -5.2215406959227426 0.32736272524242371 4.1308890425545393 140 141 133 0.65294008865403574 7 4715 8 4247 6 2600 3 3276 5 3774 2 4071 4 1859 13 3000 10 3131
2665 -3.5387617076217159 2.5976588832448524 5.6079116684506767 130 129 98 0.56175941325716916 22 435 23 2312 20 829
306 -5.2655343287772318 0.11430023807332412 4.2501887423540428 57 45 49 1.1170791896129708 7 5103 3 3933 5 4109 2 4396 4 1852 4 2067
2663 -2.2284574602621645 1.326549440767173 6.0336459868635703 94 117 91 0.89171679175792318 23 4801 20 3605 27 5364 24 2528
305 -5.032240906058127 0.081652569362393707 4.0218919322358895 144 158 46 0.9352142093365774 7 4682 8 4215 5 3745 2 4037
2662 -4.3335377838300202 2.8642304414423996 5.2901987573890743 62 61 56 0.8194895793224678 22 2460 23 3666 20 1983
303 -2.688074708250304 -0.44310994557410999 5.9929650777243175 96 98 73 0.94376574892375031 7 4665 13 2165 8 4188 5 4082 3 3596 7 5079 2 4379
2660 -3.2926631329375509 2.6774320922005166 5.7324288567824908 107 64 47 1.7465041374207324 22 4393 20 3912 24 2742 27 5581
302 -4.2343978267279105 -0.28693033697612796 5.1533878315529398 231 235 245 0.96241222370283075 13 2569 8 4186 10 2699 11 2354
2659 -2.0581277172963977 1.2755077725719217 5.712162535577896 161 175 160 1.5359589752707496 22 4284 20 3907
441 -5.0066891713034911 -1.5164733128848047 4.53117880464925 216 161 156 1.0962367995896913 13 3689 8 5088 10 3990 11 3623 15 2480 12 3328 14 2951
2798 -3.9441330256718472 2.4659655870213406 5.3532741143401754 98 100 63 0.87713631248398427 24 1776 27 4296 26 2104
301 -4.2343978267279105 -0.28693033697612796 5.1533878315529398 231 235 245 0.96241222370283075 13 2570 8 4185 10 2700 11 2355
2658 -3.0660663073202645 1.1306881574142309 6.1803958996163137 92 122 96 1.3874616259299766 22 4457 23 5057 20 3816 24 2729 27 5558 26 3249
300 -2.5391688784538409 -0.54454484064602748 6.0333252431731088 216 223 147 1.4796388622780183 7 4114 8 4177 6 2270 3 2146 2 3538
2657 -2.9759892204180809 1.0389504282586974 6.2186344344513094 66 89 61 1.8276213149748401 22 4277 20 3815 27 5475 26 3154 25 2931 28 4232 29 6283
438 -4.2428186419147016 -1.4529921055808477 4.3630703377700106 198 161 160 1.4373473586591505 7 5759 13 3474 8 5085 5 4581 4 2195 9 2006 11 3449 15 2302 14 2765
2795 -3.5325025723535899 2.7759371541984117 5.0518603790646699 131 143 155 0.33639714063372483 20 2516 27 3841 28 2177 29 3875
2656 -3.2308835500912103 0.9994899997121327 4.5885130333862172 145 192 52 1.9044641568305594 22 4453 23 5048 27 5554 20 3890
298 -4.0881972569750813 -1.0736451551789858 4.1223005748383041 104 68 59 0.83611216646830822 7 4621 8 4126 5 3673 2 3978
2655 -3.3856993752574027 0.24461194149141496 4.5144615609874457 105 130 73 1.9062934467138035 23 5042 24 2614
437 -4.2966614705429125 -1.4760037689942942 4.3845020169940616 164 97 99 2.1727001622362185 7 5579 13 3472 8 5084 3 4087 5 4580 2 4995 7 5757 4 2367 10 3622 9 1833 11 3225 15 2096
2794 -3.7463325755162549 2.2581743214579135 5.8781847957000917 130 147 113 0.48227352253264577 23 2171 27 3737 28 2078
297 -5.1125027388784163 -1.5510426493949176 4.5358614039905829 177 93 91 0.80724795271340566 7 4612 13 2885 8 4113 6 2517 4 2000
2654 -3.1548916981263266 -0.53679832096111058 4.0784925380075983 96 118 46 1.0951931583211181 22 4424 23 5028 20 3868
436 -2.8730000311605011 -1.1988014328871839 3.5748398455510713 172 192 103 1.9509660858949958 13 3218 3 3534 9 1668 8 5081 11 3221 15 2092 14 2755
2793 -3.4934407826943441 2.6894326992610202 5.2372851838716619 97 100 79 1.2864605151728468 23 3133 27 3200 28 2173 29 3873
294 -4.9908857267274049 -1.8122497042141406 4.5311312184231172 230 199 196 0.83301197620026657 7 4016 8 4100 3 3150 5 3096 2 3481
2651 -3.3887516892788816 2.7694775320008271 5.2152252161056207 103 65 46 0.68050949040306119 19 2294 22 4302 23 4935 27 5383
433 -3.5454654724195342 3.1056201607983343 5.4103207314392954 100 56 31 1.4733431030886388 7 5302 5 4559 9 1817
2790 -3.5469110385473437 2.4348256496773595 5.9083010586906086 32 38 15 0.89536658766449995 20 1981 27 3130 28 2131 29 4596
293 -4.5409955985482524 -1.7512758273406293 4.4099737150798894 204 151 161 1.3807228168725505 13 2482 8 4099 10 2998
2650 -3.5543795467788524 2.6423712481799382 5.2619650015732677 114 117 96 1.0641012464715971 22 4297 23 4933 20 3740 27 5379
292 -4.7479556931513898 -1.8072048451203861 4.4797584547466629 224 183 187 0.75008668525542799 7 4598 8 4097 3 2680 5 3092 2 3957
2649 -3.1511777860684882 1.3400890376015377 6.1560240844662193 73 102 72 0.74526663626930367 22 4279 20 3713
291 -4.4610423409823596 -1.798286353738183 4.3924466272322871 234 223 229 1.0384909488124536 13 2477 8 4093 3 3147 7 4595 2 3953 10 2995
2648 -5.111556032868509 -0.14392354509173652 4.3201821108581555 89 78 90 1.4785509158202432 22 4239 23 4878 20 3676
290 -4.1449064379136997 2.9577286532613756 4.8892731062079635 90 92 100 0.10532561325270534 7 4571 8 4076
2647 -3.0648505921213447 -1.128838357468444 3.600967929196897 140 168 68 1.3785485416570979 22 4221 23 4851 20 3504
289 -3.8370877501815528 2.8676024123723511 4.8801347483487545 227 235 238 0.54683152992911943 7 4558 8 4066 6 2206 3 3112 5 3599 2 3438 11 2627 12 1899 14 1521 16 3173
2646 -4.2342965739083525 -1.7448379641773484 5.7392745902469411 162 85 105 1.8313388484359701 22 4219 23 4848 20 3644 27 5395 26 3085 24 2423 25 2572 28 3985
285 -4.2961690711285421 2.9153665099400574 5.2234891876832492 123 117 91 0.4741568864788806 7 4544 8 4055 6 2479 3 3485 5 3591 2 3923
2642 -3.3607100312493863 2.4181365133661195 5.6742433244858743 198 207 180 1.4834082274476195 22 4197 23 4826 20 3739 24 2547
284 -3.449329929103921 2.7763945069365832 5.0777699683844748 85 56 34 1.7050203968930115 13 3190 8 4054 5 3571 2 3907 7 4938 15 2074 12 2619 14 2190 17 3532
2641 -3.9094760400963988 2.4196705023525573 5.4270638260076005 74 65 60 1.7174236622045855 23 4810 20 3611 24 2535 27 5365 26 3045 25 2708 28 4113 29 6184 30 3628
283 -3.8216540581666827 2.8306632848274953 5.1909039322219037 64 61 47 1.4650505385667338 13 2443 8 4050 6 2182 2 3912
2640 -3.8188561811012183 2.1897748273091571 5.9475306359825169 38 32 29 0.67168025712239054 22 4177 23 4804
281 -3.6207220073921551 2.7550049138993313 5.1646387222479655 145 139 115 1.1053105544403323 13 2439 8 4043 6 2171 2 3904 3 2580 7 4522 4 1588
2638 -3.8731272848175866 -0.65196445519065427 3.901207471508588 135 165 113 2.9378017416801057 21 2356 23 4711
280 -3.7126444537353236 2.7765789646951133 5.2276132369159676 115 116 98 1.0340104072305303 7 4934 8 4041 6 2742 3 3477 5 3969 2 4272 4 1965 13 3445
2637 -3.5471503153533992 3.1280162788499544 5.3142393569961373 156 111 90 1.1463194919883952 21 2326 22 4051 20 3495 27 5020 25 2112 28 3460 29 5549 31 3263
279 -3.3645013113943598 2.7124775826828147 5.2226244398100343 209 207 205 1.2476924927096125 7 4920 8 4036 6 2464 3 3467 2 4263 11 2934 15 1840 12 2615 14 2183 16 3531 17 3530 18 2129 19 1823 21 2008 22 3827 23 4171 21 1778 20 3285 27 4759 25 2102 28 3046 29 5149 30 2743 31 3255 35 5826
2636 -3.7093184359803999 2.8884140835990739 4.9380645607457261 110 75 65 0.83598151808009502 21 2323 23 4680 20 3489
278 -3.6189947400792053 2.7544942054064041 5.2623620867097038 32 27 7 0.85479798396726159 7 4516 13 2437 8 4035 3 3072 5 3561 2 3350
2635 -4.77205708048049 2.8303811240071788 5.4508667332024432 108 124 79 1.4439474836712858 21 2299 22 4014 23 4653
277 -4.7031685377418366 2.8055172537374271 5.3011442350444122 152 159 134 0.6991917882737354 7 3913 8 4026 6 1828 3 2578 5 2995 2 3353
2634 -5.2845739931078199 0.22273857776417275 4.0810154798307172 181 186 182 1.9540422779761728 22 4109 23 4544 20 3550
276 -3.5130647309541283 2.6277811450673254 5.6180440503612044 40 37 22 1.1964304565003994 13 3162 8 4015 5 3526
2633 -4.9767910912333608 0.11435905620716562 4.1936057079523303 149 146 156 1.8766694903714969 22 3920 23 4538 20 3358 27 5098
1030 -3.4045791115768735 2.7105430918036033 5.4787180949857799 87 90 76 1.4013456494621741 3 1194 7 1807 5 608 2 1611
3371 -3.6189976585597821 2.5733250242888643 6.0941050104664827 3 0 0 1.5635955385885605 31 3812 32 3078 35 6537
1014 -5.2040667620865486 0.5689896581718964 5.0281485282245084 88 84 47 2.1650356087561109 6 3309 3 4474 2 5066 4 2260
721 -3.337554304456102 2.4920001949547044 5.6888142583269312 28 34 20 0.41256253600614734 7 5522 6 2985 3 4031 5 4525 2 4957
3078 -5.3090116707202917 -0.94201791409619662 5.4366283687647909 93 112 82 1.79692494137995 25 2411 28 3809 29 5893
3052 -3.9801131577158837 2.684409116876906 5.8235746775088089 145 149 131 0.93812748182177386 25 2082 28 3426
695 -2.0654611108237879 -0.57431686681495686 5.9099700176759606 206 205 211 0.46088296182267846 7 5066 6 2815 3 3587 5 3719 2 4369
1499 -2.0755518185694974 -0.68641905490708799 5.9647523807818974 168 137 145 0.69701882581094066 7 4645 2 4001 3 2728 5 3159
391 -3.4716939111149889 4.2322422350532554 5.7951806923113072 132 80 56 0.84199748723603407 13 2857 8 4822 2 4310 3 3498
2748 -3.3694801836855683 2.5335033312257718 5.8329547685196124 173 180 138 1.1150560698133869 20 3281 24 2046 27 4749 26 2406 25 2098 28 3043 29 4636
1500 -5.318687787028459 -0.17418679395395828 4.3723561130995652 73 58 59 1.1367135496579768 3 3225 7 5076 2 4012
392 -4.938366213300533 -1.974731388433496 4.5519564553659464 212 186 164 1.8128530095487916 13 2859 8 4824 5 3630 4 1985 6 2497 3 3830
2749 -4.6446601318967424 0.94569325696923123 6.4554976923998044 118 129 123 2.2832666063250775 20 3405 24 2149 27 4904
1501 -5.3280948162130102 0.36002144328930574 4.0595484272982896 108 123 85 0.45368881688226637 3 3280 7 4719 2 4073
393 -4.5910050287436626 -1.7539332637411287 4.4470866727887879 199 141 156 1.0780421515706393 13 2874 8 4828 4 1991 6 2505 10 3354 11 2953
2750 -3.8259719114880477 2.212059787915158 5.8668434550551432 56 46 35 1.3935389668402134 22 3775 24 2205 27 5195
1502 -5.2748918024475921 0.43904413947908633 4.0530379555918321 104 126 77 0.81501665653587818 3 3286 5 3292 7 4237 2 4078
394 -4.2483826798511322 -1.6460791380994191 4.3269999400990553 234 224 227 2.0744782770402654 7 5568 8 4832 6 2775 3 3839 5 4326 2 4808 4 1994 10 3614
2751 -3.7045304552195182 2.2562059345479883 5.8271954983521637 150 166 129 1.6377006257623548 20 3458 24 2212 26 2876 25 2533 28 3705 29 5799 30 3402 31 3517 32 3056
1503 -3.7446200868198898 2.3671057702557703 5.8630562318223305 24 23 18 0.66368045799176378 5 3897 6 2404 2 4194
1504 -3.7446200868198898 2.3671057702557703 5.8630562318223305 24 23 18 0.66368045799176378 5 3898 6 2405 2 4195
396 -4.4171147423798187 -1.521381284054073 4.4010102683126044 194 145 148 1.1151435489642341 7 5345 8 4839 6 3039
2753 -3.8433544693366621 2.5290438021002712 5.6545269966993272 22 23 6 1.6002583803182393 24 2228 27 4988 26 2647
1505 -3.933798482058708 2.4637192907209116 5.3493264452196838 110 106 78 0.25878069446783047 5 3913 7 4881 2 4217 3 3420
397 -5.0062165520460109 -1.5869483996639329 4.6011407179077715 212 145 146 1.1537206471978838 7 5347 13 3219 8 4841 6 2777 3 3853 5 4339 2 4606 4 1999 10 3362
2754 -4.3762153511987467 2.9711534263958561 5.0856236805246491 60 59 39 1.6464233243020807 20 3272 24 2239 25 2327 28 3724 30 3411 31 3521 32 3057 35 6187 33 2551
1506 -4.8253276712186182 2.7858856525175182 5.8118725475080097 131 139 101 0.31324651656308505 3 3056 5 3543 7 4502 2 4250
1507 -4.6927877346669122 2.8783787800842946 5.2288469068953276 26 33 21 0.87940424365028935 3 3095 5 3974 7 4530 2 4280
1508 -3.7807667687379811 3.1805659026266264 5.3120091992941596 113 67 36 0.92854083254380015 3 3131 7 4964 2 4301
400 -2.6502574087431094 -0.71248413482443862 4.1630201513243676 91 104 32 1.6670959626277113 7 5037 8 4880 5 4045
2757 -3.1350425919391425 2.5873552501143156 5.489356854994095 98 59 42 1.3420058966447921 22 4047 24 2259
1509 -4.6492099322170022 -1.8541314365458241 4.5014006280200922 202 160 172 0.52926552557252382 3 3509 7 4984 2 4315
1510 -4.9883679284692617 -1.8042089338550942 4.5876473635303947 223 212 212 0.77239078213463319 3 3154 7 4994 2 4318
403 -2.5099129796089676 -0.53655193110039379 6.097552938602905 101 108 67 1.7345780440463179 8 4906 6 2560 5 3725 2 4021
2760 -3.3514624588491237 1.0377260822307357 4.2777238989668813 158 185 120 2.2295335623550918 20 3583 24 2505 27 5463
1512 -2.0815599858083838 -0.5563360896808105 5.8267268110224029 217 212 222 0.31406666561625757 7 5067 2 4370 3 3588 5 3720
1513 -3.5982247984442881 0.044226140856465951 5.9631098247834489 204 211 222 2.1706732926938472 5 4134 7 5129 2 4420
1514 -5.2101492904653854 0.4300567406051593 4.0284701100699962 161 177 148 0.44085936229184391 3 3651 7 5134 2 4423
406 -2.725495275508631 -0.42985826839170138 6.0256936966311985 38 41 14 1.324427097709115 7 5401 8 4914 5 4409 2 4663
2763 -3.8517358741395924 2.6749238740460459 5.3996875590345637 70 87 55 0.79280656892529178 24 2546 27 5375 26 3057
1515 -6.0769778226214584 0.72041342623794224 5.3270047861517806 153 177 143 0.47613155890695807 3 3306 7 4749 2 4448
407 -5.3843636990991763 0.087520719060349458 4.2251228700146539 53 43 42 0.90910111269925054 7 5420 8 4929 6 2853 3 3929 5 4415 2 4672 4 2063 10 3429
2764 -3.8830442907336469 4.5729479187323507 4.1704712256603829 60 66 142 1.2226256950042371 22 4306 24 2563 27 5389
1516 -3.5696166573013524 2.3751147903115855 5.8754005486191705 25 26 21 0.63682935796614515 3 3754 7 5245 2 4516
408 -5.4085740530202937 0.14802768063102456 4.177781573598061 50 36 36 0.76907327525809399 7 5110 8 4939 6 2587 3 3626 5 4111 2 4399 10 3436
2765 -4.3885544373560004 -1.858574439172586 5.6464194349311239 201 162 180 2.8228795356790095 20 3753 24 2567 27 5506 28 4139 26 3075
1517 -4.7827799181976207 2.4047780314538021 5.7169634914303797 169 170 142 1.3003622627988427 3 3755 7 5246 2 4517 5 4244
409 -5.3460228308124993 0.18181491614300782 4.2357929926437023 188 193 198 1.0481179812949863 13 3317 8 4944 10 3684
2766 -4.5801789625068539 -1.6645344167995735 5.1291448890313367 204 189 206 0.84784814769333572 20 3638 27 5392 26 3077 25 2741 28 4141 29 6204 30 3838
1518 -3.9488749777053753 3.1946412934110291 5.0040406394596486 105 62 38 0.68537713977438097 13 2851 2 4579
1519 -4.796774571510074 -1.8284379458959232 4.5589021324053993 194 124 131 0.95648459444477929 3 3835 7 5330 2 4593
411 -5.4231680523388421 0.20741749682753344 4.1560811050768791 82 85 54 0.72527169273126035 7 5432 8 4948 6 2866 3 3942 5 4424 2 4684 4 2073 10 3441
2768 -3.9804156175618344 -1.5132741321311682 5.636732900328937 154 91 102 2.1950529030207595 20 3766 24 2579 27 5516
1520 -5.2743964399357655 -1.6698869774476806 4.6805847439580308 197 108 110 1.4125564247867446 3 3851 5 4023 7 5343 2 4602
412 -5.3385531977450995 0.2600764131228413 4.136593794031457 74 68 52 0.96450386951462708 7 5438 8 4953 6 2870 3 3948 5 4427 2 4687 4 2077 10 3445
2769 -5.1350271350732806 0.29956176723273265 4.0732169809743652 178 180 184 1.6170419259125368 23 4968 24 2606
1521 -4.1747604252970465 -1.4248957631943346 4.5936867948523927 145 91 90 0.73783312781533272 3 3868 5 4351 7 5021 2 4614
413 -2.9638344562889114 0.35962483813398188 5.0980772072569502 67 84 30 0.56974905255117103 7 5447 8 4970
2770 -5.1350271350732806 0.29956176723273265 4.0732169809743652 178 180 184 1.6170419259125368 23 4967 24 2607
1522 -5.1925236331457212 -1.0373085027366484 5.414439212194849 220 222 211 0.88861463439472743 3 3887 7 5623 2 4626
415 -4.1154138125643769 2.4828422431831174 5.4334802355228895 39 56 13 0.35690181584667258 8 5044 4 2146
2772 -3.169290901076121 -0.43022660622402831 4.130493372549453 92 110 50 1.1748300805860128 20 3869 24 2695 27 5528
1524 -2.0125069840997862 -0.59613546714174337 5.8614732321969898 97 65 70 1.4703357341954801 3 3904 5 4395 7 5388 2 4645
416 -3.2619800375644026 2.4647550102607401 5.6504021177881016 205 214 167 1.2860032345885339 13 3422 8 5046 10 3782 9 1971 11 3401 15 2260 12 3110 14 2728 16 4121
2773 -2.8977203124284685 1.021697040757654 6.1158517007455897 65 91 66 0.45847852696537694 23 5054 24 2727
1525 -2.8085003191451237 -0.045632179290021467 5.4363264449420079 77 98 41 1.3316339704614906 3 3941 7 5113 2 4685
417 -3.2561757270475189 2.4525140282801416 5.587952748269589 205 214 167 0.53894760414321186 13 3423 8 5047 9 1972
2774 -3.7720751333216236 1.9306781209591648 5.3883304874487576 49 46 31 0.85936522722348974 20 3904 24 2731 27 5564
1526 -4.8298430790307627 0.097032465590045983 5.5095260103955699 203 207 222 1.2857190535274587 3 3642 5 4429 7 5128 2 4690
1527 -4.2049025297245715 2.1220971467505496 5.2316519711173504 43 58 19 1.8081805184182054 5 4509 6 3177 2 4762 3 4222
419 -4.4841461381956949 2.5825842894452093 5.2748073502201374 145 178 97 0.59444333707250485 13 3420 8 5051 6 2992 7 5531 3 4242 5 4533 9 1623
2776 -3.9196504491379294 4.5365619984328376 4.1248723275374948 86 98 157 2.078377208869695 23 4834 20 3496 24 2413 22 4305 23 4938 20 3745 21 2330
1528 -3.9338291194983848 2.2051279110205981 5.203035837271683 32 40 7 0.95085574119423322 3 4019 7 5505 2 4766
420 -4.5744399510233391 2.7045160456731843 5.4233652773860088 71 96 30 0.5017561033106932 13 3431 8 5055 4 2160
2777 -3.483471119562628 0.86838135254655657 5.1187844415350297 82 106 56 2.4041148891718014 20 3407 24 1697
1529 -4.2661609872465096 2.6536613371147202 5.5430216841304079 47 44 25 0.32302166441382035 13 3651 2 4781
421 -4.3676771153107667 2.6672990936501355 5.2729528605251916 57 75 27 0.85211255558990628 13 3432 8 5057 2 4785 4 2161 10 3299
2778 -3.3875577816862505 3.0033902321320083 5.2764682878356783 123 82 62 2.3694792034728067 23 4937 24 2412
1530 -4.2903119541285335 2.9249631342862248 4.7367932741585683 118 121 135 0.80101367433756232 3 4065 7 5556 2 4800
1531 -4.6547012856784535 -1.671664771852448 4.3276624501501129 205 155 166 0.43836478877124768 3 4078 7 5567 2 4807
423 -4.9117221807648948 2.8519551667429268 5.5616511919586475 191 205 150 1.2007137187897019 7 5543 13 3435 8 5062 6 3002 3 4053 5 4542 2 4789 4 2167 9 1793
2780 -4.9727218910178834 2.8439251275504036 5.6463099595732817 72 73 36 2.1455043289269535 18 2077 19 1546 13 3161 6 2736 7 5283 4 1954 10 3296 9 1632 11 3152 15 2026 12 2845 14 2469 16 3474 17 3218
1532 -2.5904730792291772 -1.3279904149796899 3.5765059054889194 100 120 43 2.8591081146919248 7 5566 2 4810 4 2188
424 -3.9517613365735835 2.8173260097251194 5.481963795330171 50 60 27 0.76754024053551007 13 3443 8 5064 6 3006 3 3804 9 1805
2781 -3.2929854091483759 2.6746098094891173 5.3343793719094759 89 75 71 2.2584208855251195 13 3442 9 1986 10 3798 11 3422 15 2282 12 3128 16 4135 19 2162 18 2695 20 3631 17 3910
1533 -4.337494855447706 -1.0206213414247922 4.2591633587565392 68 46 35 1.6559171766423717 3 3875 7 5612 2 4836
425 -5.0441768220931777 2.9477292748849195 5.4189069575048139 167 167 165 1.613683769525345 13 3441 8 5065 9 1637
2782 -3.9306332905056043 4.5986930363036089 4.1231307037583393 65 67 127 1.7753043634109773 24 1031 27 1506
2643 -3.4722709345800093 2.6460723909897101 5.7078013244107559 29 20 16 1.1604756251872672 22 4205 23 4830 20 3484
1534 -4.1069338931293951 -0.47414500026483591 2.8781931798987532 84 103 32 1.386190874968215 3 4114 5 4609 2 4839
1535 -2.2852228009588798 -0.61241210456492767 6.1281152520828659 128 78 86 1.1897857233224778 6 2816 7 5639 2 4866
427 -3.375210379255003 2.7466686478147389 5.1965044614504325 99 61 37 1.5152325435068805 13 3450 8 5067 10 3807 11 3430 15 2287 12 3133 14 2748 16 3996 17 3763 18 2698
2784 -3.661047714996025 2.8311090234197964 4.9575326044484003 163 167 176 0.53845470517535243 20 1474 27 2348 28 1046
2645 -4.4518049408494784 -1.8872985236334097 5.5485609099313091 189 127 145 1.6513598708278734 23 4836 20 3636 27 5390 26 3072 25 2737 28 4138 30 3835
1536 -2.4603300277053948 -0.24310801074109248 6.5042620969776435 221 225 225 0.35405652214292238 6 2860 2 4888
428 -4.449676095427006 2.9298171962761295 5.2558569763354246 12 11 3 0.94355215018256688 7 5740 8 5068 6 3216 3 4061 5 4552 2 4795
2785 -3.4604803161206408 2.7428754594778875 5.1285029563597053 205 214 223 0.43774280904795054 23 1528 27 2365 28 1075 29 2871
1537 -3.2471396558768992 0.82079254662419321 4.9786204527201523 202 215 224 1.3022028889189632 7 5675 2 4918
1538 -3.6402187410114553 0.91924836133195642 4.4979057626048329 69 87 46 1.2442204900315428 7 5677 2 4921 1 1601
430 -4.0645550789996348 2.8921151070767306 4.7874551625798203 108 110 112 1.5809098895328897 13 3455 8 5071 4 2176 9 1814
2787 -3.4488325986545707 2.7489977713697735 5.1222325334934853 122 129 137 0.35571292014156047 23 2418 27 2372 28 1081 29 2878
1539 -2.8979125692573211 1.3574516987793981 5.6291174103189823 75 101 64 0.46772784854517296 3 4377 7 5689 2 4930
1541 -4.6482415753879796 -1.4689904078677007 4.5653670601389109 157 84 95 0.027178628586581016 8 5292 2 5001
434 -4.0498149907420666 3.072427884543893 4.9497326073647923 128 81 57 0.95385111569899028 7 5560 8 5075 3 4068 5 4313 2 4802 4 2178
2791 -3.5444799474298438 2.5182177205716769 6.3280683242014408 115 122 134 1.05708059347063 20 1402 27 3152
1543 -4.1922264731367713 1.0841720098554908 5.5126834833856559 218 223 227 1.8963668871441735 3 4486 5 4824 7 5970 2 5074
435 -3.4282752031569537 4.2387177303695447 5.7879350087626884 162 113 86 0.14788863782521156 8 5077 3 3829
2792 -3.7246381124708998 2.6810044368540251 6.3860604390260605 109 112 122 0.42318775957598487 24 1003 27 3171
1544 -4.1920445368422969 1.0835965370474816 5.5160666842185329 218 223 227 2.2424665516711673 5 4825 7 5971 2 5075
439 -4.2428186419147016 -1.4529921055808477 4.3630703377700106 198 161 160 1.4373473586591505 13 3475 8 5086 5 4582 7 5760 4 2196 9 2007 11 3450 15 2303 14 2766
2796 -3.2933973322623027 2.6493733235418926 5.3609700261797748 70 73 90 0.49340069375399231 20 2521 27 3846 30 2426
1548 -3.3013595976404924 0.20034067730736904 5.0931873147310958 214 218 229 1.6443943883945351 3 4544 5 4927 7 6034 2 5176 5 5005
1551 -4.5701028795548444 2.6792065046456233 5.4946717345648013 55 79 21 1.9286892854245561 6 3360 2 5224 4 2497
445 -4.0603614832041917 -1.0304200424242054 4.1097957028418683 183 152 131 0.4845863999673638 13 3498 8 5112 6 3053 7 5606 3 4106 5 4604 2 4834 4 2203
2802 -3.7744179801855751 2.4212320067773709 5.7679673315149813 169 171 155 1.0472473206066513 24 2224 27 4722 26 2642 28 3417
1554 -3.6308449912076282 -0.98527392632813438 3.8123014479903801 0 0 0 0.43514000199033426 7 6010 2 5237
1556 -3.5961785860929352 -0.63141187659719833 3.4353844189183329 67 97 35 0.89856649173716718 7 6013 2 5241 1 1869
1557 -3.5961785860929352 -0.63141187659719833 3.4353844189183329 67 97 35 0.89856649173716718 7 6014 2 5242 1 1870
449 -5.4125179769133869 0.035972438698716455 4.1823512589418463 207 210 217 1.5525408238265623 7 5650 8 5147 3 4160 6 3101
2806 -3.734025353457314 2.1625031516747559 5.9526661042008309 126 146 97 0.91955930210721049 24 2206 27 4960 26 2871
1558 -3.280534562024422 -0.68223971509971038 3.9452603197196994 149 173 75 2.5026195810756087 3 4517 7 6016 2 5243
450 -5.3552643597141776 0.32875211767385909 4.1368655376175036 115 120 90 1.2563499787257566 7 5664 8 5172 6 3114 3 4185 5 4674 2 4895
2807 -3.826834386063104 2.3027251793248964 6.0285875731991103 44 51 36 0.61085537780960153 24 2004 27 4971
1559 -4.9285017311693871 -0.68757646249973114 5.5328118071152392 77 90 73 1.7519338006479395 3 4529 5 4899 7 6022 2 5247
1560 -5.5036668114646279 1.0393632573905991 5.3915233429841019 68 94 57 0.41006467616977815 7 6044 2 5272
452 -5.2891122269106114 0.35303661474564951 4.086752326720215 103 104 70 1.6608494555033113 13 3568 8 5175 4 2252 10 3692
2809 -4.4900964232788443 -1.6421322884624179 5.258300286380087 222 227 235 1.4722147470388063 24 2421 27 5029 26 2908 25 2744 28 3982 29 6056 30 3673
1561 -3.7501713915750798 2.8537126635846741 4.907048447653807 89 93 99 0.93677411361677521 13 1526 3 1982 2 2669 6 1450 7 3129 5 2319 4 1040
453 -2.9670842683213499 0.30863991686176906 5.0001293332976902 108 141 60 0.64051485469179137 13 3338 6 3119
2810 -4.7260656624757509 -0.50379780160019683 6.1549397708209721 137 155 133 1.1812075562037436 24 2307 27 5088 26 2484
1562 -5.2980102114819116 0.29590420359803399 4.1349846320171775 68 67 57 1.3082692529158244 6 1995 3 2830 2 3612 7 3456 8 3054 5 2615 10 2327
454 -6.3098038526616866 0.5958541988770244 5.4337216493717362 174 191 172 0.97394319821622888 7 5457 8 5183 3 4195 2 4709 5 4681
2811 -3.5236235930465822 1.0090088852926089 4.5334612562522807 115 156 53 1.0417644454462764 23 4601 27 5144 26 2804
1563 -4.9427856913216788 2.6984970436385289 6.0114853839496503 77 75 50 0.94805056656967901 6 2123 3 3439 5 3521 2 3853 7 4480 8 3361
455 -5.6764974279727438 0.81815314625980917 5.5698810414418247 134 155 121 1.7561828848424161 13 3589 8 5192 6 3132 3 4201 7 5464 5 4689
2812 -4.0138973594781788 2.5344056471599026 5.5510643049043527 53 69 40 0.86284979918774862 24 2388 27 5202 26 2884 29 5798 28 3411
1564 -4.523442601725109 2.6694432901311229 5.3502391162083747 119 150 84 0.53013572707916512 6 2139 5 3534 2 3872 13 2401 8 4007
456 -4.0017081450455478 2.4168290882888059 5.4396470801642502 72 74 52 0.73185422747253492 13 3639 8 5240 9 1962
2813 -3.8181091332371033 2.4478197351982196 5.7316130116252424 22 20 1 1.878380939788725 24 2393 27 5205
2674 -3.4704186330664899 2.6937911725555739 5.2604192056433217 82 84 77 0.41616155573939106 23 3145 20 2031
1565 -5.0164716254058259 -0.65803727796949851 2.1102196418934094 124 144 100 2.1837707755721749 7 5574 5 4572 2 4816 6 3037 3 4084
1566 -3.4326567729228232 -0.4623158629619194 4.0973666495330399 49 60 24 1.5914441155237433 3 4526 13 3963 2 5246 7 6021 5 4988 1 1875
458 -3.6767417589715801 2.5183663844779378 6.0123004668211522 4 9 3 1.9771844916670767 13 3643 8 5246 9 1967 10 3776
2815 -4.4108003834443466 2.8977470720469749 5.2775519713456545 28 28 31 1.2870524764450162 24 2394 27 5209 26 2888 25 2540 28 3945 29 5803 30 3409 31 3228
1567 -4.2729811150078048 -1.3475102228673084 4.4054721856883585 159 113 106 1.6490051976042235 13 3705 3 4285 2 5138 8 5419 6 3386 5 4876 4 2376 9 2180
1568 -6.085160795277945 0.71634619263344446 5.3547103773504974 155 180 148 1.2868005975996752 3 3305 7 4748 5 3800 2 4447 13 3032 8 4672
460 -3.9846376474671734 2.4677197988191155 5.3357613129527666 1 9 5 1.5592648021017981 13 3644 8 5250 7 5521 6 2984 3 4034 5 4524 2 4773 4 2321
2817 -3.4444121928564786 2.6323185624077277 5.6895722897477734 5 4 1 1.7515777285496958 24 2255 27 5220 26 2899 25 2554 28 3964 29 5828 30 3436
1569 -3.2284458197166774 0.73750382802694103 5.0222685739486108 173 192 146 2.2004003261045391 7 1315 2 1163
1570 -4.7463093730045021 2.0533227747533691 5.3635629148370549 120 146 84 2.2684649605252085 7 549 2 2336
463 -5.0797580110484208 2.8653586753412177 5.5622233500193463 190 187 180 2.2806685420842769 13 3657 8 5259 10 3779 9 1633 4 2164 12 3288 16 3970
2820 -5.0365545998948775 -1.0342538783588691 6.1837023537502809 130 151 118 1.6506927503786062 24 2300 27 5255 26 2942 25 2610 28 4165
1572 -5.3183375293986641 -1.6564413879874023 4.6127895453249916 206 132 135 2.3391672761048965 3 4421 7 5891 2 4992
2682 -4.222146957820315 2.9628811459019175 5.1384955586142826 156 162 137 0.54522804169152816 23 3701 20 2483 27 3788
1573 -2.8208885594636457 -0.59119568091276176 3.9816730218050589 110 128 53 2.3232133828779511 7 5918 1 1780 3 4442
465 -4.329011704347459 2.7868973681545648 5.5005183984374142 18 21 1 1.5198442112940902 8 5262 6 3206 7 5736 3 4253 5 4735 5 4736 2 4973 13 3660 4 2504 9 2150
2822 -4.6135952792954606 0.65895623443799534 4.3044096585544871 122 151 95 1.6266741136495981 24 2337 27 5301 25 2466 28 3611 30 3316
1574 -5.1114910276356822 0.442444431595577 3.9601057497035725 182 204 166 1.0911018465341877 6 3305 2 5060
466 -3.3396408446105661 2.6552272990396588 5.304654642024385 182 187 181 0.98220087861661587 13 3663 8 5263 4 2503 10 3973 9 2153 11 3595 15 2468 12 3314 14 2938 16 4131 17 3908 18 2692 19 2291 21 2428 22 4207 23 4832 24 2554 27 5381 26 3064 25 2722 28 4128 29 6038 28 3966 30 3649 31 3808 35 6529
2823 -3.2284152441442209 1.2935612810371429 6.0381922410299032 32 52 25 1.7726831712843751 23 4912 26 3028 29 6174 30 3803
2684 -3.7468142352387135 2.8153291776356206 5.231502297864413 65 65 41 1.3876215716894695 23 4164 20 2506 24 1575
1575 -4.3183607169881677 1.040208203765572 5.3794460580779866 221 222 217 1.9504087608419329 3 4368 7 5846 2 5188
1580 -2.9389878521267381 -1.0961212401555669 3.0554486265952243 0 0 0 1.7587325624894099 6 19 4 15
472 -5.0344542700537396 -1.7774739121732075 4.5323595332806423 214 140 141 1.3592309480330838 7 5746 8 5275 6 3227 3 4266 5 4745 2 4991 9 1822
2829 -3.5580269817918713 0.85790887487375911 6.4868629770870205 92 118 79 1.6515995409828323 27 5465 26 3244 28 4217 29 6275
1581 -5.4723924026095352 -0.14517728226969931 4.2366470559375049 137 141 142 0.6449930698305818 8 2934 4 124 10 1225
1582 -2.1016915245086811 -0.6631205793732724 6.1301898763840956 127 94 108 1.0561885508571434 3 733 6 601 4 472
1583 -3.524365641224807 2.6352968767608647 5.7981882557419491 82 77 56 0.37537895507237878 6 385 4 668
1584 -5.2418392157558129 0.36075485627987575 4.1294359389634971 107 109 98 0.29553357431220922 5 1896 4 872 2 1113
1585 -4.2928296171244895 2.6263126734972175 5.4983495661865254 41 40 19 0.68961296584782439 5 572 4 985 2 1517
1586 -3.5058432680799867 2.6027581312996424 5.6757285485775828 49 46 27 0.97581021495974607 6 878 4 988 9 867
1587 -3.9176238493403357 2.9037869544570509 4.8878703849514826 0 0 0 0.089109064407727173 5 2342 13 2049
1588 -2.5849120876992671 -0.045026851702661373 5.2174615771590807 0 0 0 1.4772393792932306 7 4172 8 2111
1589 -3.7091587687217915 2.8377876758335789 4.9019668370516696 95 99 101 0.7911614090337773 13 2045 4 1377 9 1160
2699 -3.8512923118990132 2.4750188027563982 6.3732707383586087 7 8 2 0.95628484379628731 20 3258 27 4724 28 3427
342 -3.7394394623430411 4.3204373318691793 5.6509245831957218 124 74 47 0.67725224669876161 8 4511 3 3500 9 1659
1590 -3.8542666792712019 2.8564030352706706 4.8774088107541829 112 119 125 0.7761750247227438 5 3044 4 1379 3 2634
2700 -3.7888616995475473 2.5506597172218961 6.2978553033849263 18 13 9 1.6483954893240182 23 4130 20 3266 24 2030 27 4997 26 2656 25 2334 28 3741 29 5819
1591 -2.9742200057253365 -0.47154038989707048 4.7927307750977093 0 0 0 2.5442839874984351 3 1395 8 1937
1592 -3.5468243979105063 2.8051018953359685 5.0401828594600389 119 116 111 0.88416963788607983 13 2037 4 1598 11 2290 17 2536 14 1528 22 3106 19 1177 23 3166 20 2522 21 1510 29 3879
1593 -4.0021897139366454 2.8844054611499952 4.8589340841347326 67 72 65 0.02536068057807498 7 4958 4 1605
1594 -4.3092014110635635 -1.1153677077113335 4.3235298871324757 73 46 28 1.0492833352557147 6 2526 7 4624 4 1624 3 3179
1595 -4.8230259402291074 -0.4169793268920079 5.2512597198023654 77 99 34 1.7595736242850821 6 2269 13 2151 4 1645
1596 -5.1231747609782321 0.16951130574898807 4.1517598682252652 180 180 190 0.0025463920897821971 8 4231 4 1663
1597 -3.5660081153964245 2.6388078008277911 5.5605505975155838 38 34 14 0.3626729610171931 5 3937 4 1761 9 1464
1598 -3.6621050446822454 3.1020346017526714 5.1871786462493308 99 54 31 1.7540654865922338 3 3497 4 1790 9 1818
1599 -3.6158156378866089 -0.86162410265793854 3.5655976439162118 128 147 77 0.6470311971415289 13 2905 4 1821 9 1518
1600 -5.2355322505648383 -0.33402829451300881 4.3419927592241336 217 218 223 1.8560796334459138 8 4889 4 1832 10 3051
2710 -3.9995389400035344 2.484026291225216 5.3395011548122397 53 67 34 0.39067529965834891 22 4015 20 3461 24 2214 27 4972
353 -3.6196548762313911 -0.8372907412545354 3.6019110970929931 95 116 39 1.4785216950611331 13 2907 8 4553 10 3384
1601 -2.7096063072450391 -0.42010328113702017 5.8244038499183368 92 101 74 0.46048395452626079 6 2565 4 1845
1602 -4.7564980054507897 2.577547202493236 5.6881557753332386 53 60 29 0.5988550766857742 3 3774 4 1937 2 4533 5 4264
1603 -3.5892868707844969 2.5296787978584243 5.8903095031555646 14 16 4 1.227879950144082 13 3148 4 1938 10 3291 9 1626
1604 -4.2989492876025803 2.8053000672242923 5.3142355974574675 50 58 37 1.047510671970695 6 3005 13 3172 4 1962 9 1803
1605 -3.9488749777053753 3.1946412934110291 5.0040406394596486 0 0 0 0.68537713977438097 2 4578 13 2850
1606 -5.0491501710239319 -0.68309370263461999 2.1537668707087079 111 137 76 0.01358066128305533 8 4842 4 1997
1607 -4.1701040553608673 -0.4039386986452505 5.2067911542598999 190 175 194 0.57624530668311702 6 2821 4 2030 9 1694 13 2939
1609 -2.6722217182202952 -0.21979686861642014 6.2246095547094047 72 71 50 0.86111657742770087 6 2855 7 5106 4 2069
1610 -3.9505119795843591 2.4085648753860855 5.4171450452118641 52 42 32 1.6593151725121882 13 3132 4 2140 10 3564 11 3144 9 1777
1611 -3.3893887680422359 2.5226413980952485 5.8449260202485407 173 182 129 1.6996366414291484 6 3193 8 5050 4 2152 10 3781
1613 -3.8169915803060999 3.1455792498664605 5.0436121889026957 105 61 36 0.25494257197512965 6 2761 9 1654 2 4573
2723 -4.9665508982687436 0.21917597452461124 4.1076879779245141 159 174 141 1.1371671992397121 23 4966 20 3791 24 2472
1614 -5.292505282191426 -0.75610195698973925 4.8797845580468229 135 169 82 2.1856669193276819 3 4310 7 5794 4 2212
1615 -2.1355069462595209 -0.79409671343251553 6.6200543985265901 140 79 86 0.051250612827272869 6 3078 4 2220
1616 -3.5383621630273461 -0.39877420652338852 6.1851083168317285 94 118 66 1.5361191705521668 6 2842 15 2151
1617 -5.1580820300670647 1.1570630127345947 5.6419353851774474 162 164 153 1.4290405257748888 6 3153 7 5478 4 2277
1618 -4.0813184068159023 2.8013953016124278 5.500119149758703 28 37 16 0.75000561891473339 8 5265 4 2340 9 1981
2728 -4.4174330552054633 -1.7086359665771653 5.283911467598613 136 79 98 1.9589991057544978 23 5018 20 3852 24 2672 26 3078
1619 -4.4486353418827944 -1.4540114291127333 4.375188025693709 159 91 92 2.2113475756628058 4 2369 9 2174 11 3622 13 3852
1621 -4.9699721631369789 -0.22996480251355247 4.3821512567326613 31 24 13 1.1948320560847518 4 2409 12 3206
1623 -5.0781421382814589 2.8055225631865377 5.7502230423997815 98 94 82 1.4432902902278477 6 3362 4 2498 10 3959 9 2142
1624 -4.0436971290075201 2.7289952781197719 5.5014457540932815 10 21 4 0.83636712689816761 8 5406 10 3967 9 2151
1625 -4.8063096679857953 2.9679674221564274 5.053881034770547 106 111 105 1.4259000759157354 13 3668 4 2509 9 1807
1626 -3.8770194292882256 4.81186559313484 4.2109621770644257 43 40 70 1.4171841391271929 7 5880 13 3943 4 2512
1627 -4.6737418812058653 -1.6402672291469094 4.4140837894243337 211 175 191 1.9284874961401983 6 3376 8 5278 4 2516 1 1639
1628 -3.0878666378603685 -1.0520466297542199 3.4037120526217173 0 0 0 2.6148683143632745 6 3234 8 5287
1629 -4.2120819803241627 -1.2976266128628189 4.4261583385155978 110 61 60 0.82907995472088181 4 2526 1 1651
1630 -4.5328372302098314 -1.3202908088163294 4.5415721298697287 128 71 59 1.5834856286298737 6 3392 4 2528 10 3831 9 2185 11 3466 15 2496 12 3172 14 2781 17 3557
1631 -4.1955838688360965 2.7328429724008521 5.4990076543976638 19 20 6 1.2720237313402409 8 5504 4 2614 9 2259
2742 -3.1207076536665923 -0.52318788044795572 6.0355619926924797 119 151 78 2.5400507348233017 22 3234 24 1893 27 4073
1633 -3.394887626761697 -0.66113152785285934 4.4372380581959616 0 0 0 1.5679729699857774 3 4521 6 3484
1634 -3.3956134464710184 2.4218627377581439 5.6082749669440375 142 152 111 0.64883682036518109 7 5254 6 2710 3 3764 5 4256 2 4526 4 1936 13 3143 8 4761
1635 -2.8848145324025554 -0.49405174026592003 4.4357512044641227 95 112 44 1.5010033655982642 7 5797 5 4617 2 4849 4 2395 13 3732 8 5325 9 2199 16 4253
1636 -4.1776395442180023 2.4883010562514847 5.4411507511269086 82 97 54 1.6775723415143018 7 5869 6 3355 4 2492 13 3414 8 5247 9 1778
1637 -4.475671059748608 -1.2462404068837161 4.5522458190874033 147 103 96 0.97899794910235194 7 5780 6 3247 3 4294 5 4600 2 4829 4 2384 13 3493 8 5107 10 3837 9 2030
2747 -3.4127468829165233 2.5389391447740919 5.9767699121667954 23 26 15 0.79979715434113419 20 2943 24 2045 27 5011 26 2669
1638 -4.0833301960649049 2.802282506014071 5.5118494403960803 34 39 20 1.2367664817304742 7 5540 6 3207 4 2339 13 3662 8 5264 9 1980
1639 -4.0392643697030257 -1.0734895850193578 4.1046403264014941 82 43 28 1.1168003671047344 6 3050 7 5602 3 4104 2 4830 4 2386 13 3718 8 5312
1640 -3.6239504144164623 2.4522388467554088 5.910752146802376 91 87 59 1.7730400573930538 6 3186 3 4234 4 2320 13 3641 8 5243 9 1965 14 2911 12 3289 16 4113 17 3887 18 2681 22 4192 21 2418 24 2397 27 5211
1641 -3.2472092993285 2.5659922642725768 5.6190905111405698 191 192 188 1.1754929979514759 7 5529 6 2993 3 3785 2 4538 4 2329 13 3655 8 5256 9 1978
1642 -5.2271851030930971 -0.81348669465744716 4.5031385155494439 70 92 10 1.8929355326381516 8 4143 4 1626
1644 -4.1516243552836674 3.2413816852152451 4.9957439920131499 96 52 27 0.98453540571475695 2 4581 4 1982
1645 -2.6329548553085198 0.015763009961989483 4.9031918721239007 0 0 0 1.3532958252377758 5 4660 7 5428 3 4171
1648 -2.9281471336753717 -1.3044435814644 3.5481007132668263 0 0 0 1.4921073173335841 5 25 10 12 11 15
1651 -4.6895224326524243 0.46968180529665032 6.3465242861120403 124 135 104 0.71257072828068824 13 1231 10 1362 11 1628
1652 -5.2400779530463275 -1.7392942066281762 4.5420523313939674 173 61 58 1.0727240438273691 13 2077 10 1658 15 856 12 1532
2762 -2.5858638369221767 1.4235243465928911 3.2762181087191475 190 209 154 1.0720765822351479 20 3823 24 2521 27 5483
1653 -5.29322474599849 -0.33537670923218132 4.3938947107892812 137 126 134 0.52139347220038779 8 2897 13 1605 10 1709
1654 -4.2953561345956608 -0.17312657943706553 5.1362109148332618 75 56 51 1.3486339740297233 13 1112 10 1775 11 1556
1655 -3.1234791904624792 0.41600746577702091 5.0758821212505696 124 155 79 1.8480726527642561 3 2284 10 1885 7 4260
1656 -5.0213255680049107 2.8318595529364758 5.7146341606544953 105 100 71 0.90025644921173809 8 3419 10 2112 15 1302 12 1770 14 1094 16 2033
1657 -4.2810737771471041 -0.28426047345598676 5.1346803394947838 154 109 106 0.88698933127960256 13 1646 10 2268 11 2353
1659 -3.9014297393544326 2.5748667699087275 5.6622999490417119 47 42 22 1.3720637806132867 13 1961 10 2543 11 2569 15 1532 12 1808
1660 -5.0788493467575764 2.8390801263947516 5.6182141011415636 89 88 75 0.61189220142866252 6 2155 10 2546 12 1773
1661 -3.7427747160159548 2.5669846646211485 5.6934760906664756 71 67 40 0.44073723262285142 8 3378 10 2552 11 2573
1663 -5.0004122789252436 2.7987076492494745 5.811054799060769 131 127 100 0.62135139904056491 13 2399 10 2919 11 2556 15 1511 12 2544
1664 -3.3681936878517429 2.4049497020162107 5.6418811838179357 27 28 10 0.046743294891644777 4 1306 10 2924
1665 -3.3681936878517429 2.4049497020162107 5.6418811838179357 27 28 10 0.046743294891644777 4 1305 10 2925
1666 -3.5177217870817183 2.5431496404500367 5.7341201118205092 200 198 160 0.88879115910288764 8 3989 10 2940 15 1541 12 2581 14 2155 16 3121 17 2870 11 2907
1667 -3.578912863932215 2.612835834801821 5.595409964641866 159 159 125 0.86810470082487334 8 4449 10 2947 12 2587
1668 -4.5253848014318576 2.8404959163814207 5.403019238600919 74 85 51 0.49330814617272595 8 4466 10 2951 11 2913
1669 -3.3354565796192612 2.6224217897482518 5.765289807004522 74 70 45 1.1182783289792597 13 2807 10 2952 11 2591
1670 -5.1173423214139619 -1.6857833961540551 4.5355373991306855 239 222 220 1.7894571472649399 13 2878 10 3008 11 2650 9 1665
1671 -5.0112399355281534 -0.24923212854557042 4.366560942034436 81 72 64 2.2188318081038347 13 2548 10 3058 14 1901
1672 -5.2810017796952273 0.11339657795283903 4.2467871797158434 62 45 53 0.018790960353886221 8 4227 10 3103
1673 -5.3275680767381024 0.30357579412985153 4.1567516676898704 191 197 183 0.59392306418096741 8 4243 13 2998 10 3128
1674 -3.9461165613794256 2.3716787831108674 5.5401672841132408 107 99 86 0.57428395927337572 13 3124 10 3266 11 2870
1675 -5.031269193719635 2.8745610142103626 5.5858961334791548 82 82 60 0.9661787912147507 13 3163 10 3300 9 1634 4 2165 11 3155 15 2029
1676 -5.0333393056653319 2.8756530484191609 5.5886250187896858 82 82 60 0.70934937173066359 4 2166 13 3164 10 3301 11 3156 15 2030
1678 -3.3514544448909431 4.1877289961279587 5.8663318728031806 133 88 67 1.9116783765495386 8 4820 10 3348 9 1658
2789 -3.7791308474133811 2.3952458556742209 5.7526340225229893 86 83 74 0.43858745871688315 23 2206 27 3077 28 2099 29 3775
1680 -4.3194627672890915 -1.6673695434058504 4.3533479784569362 187 128 150 1.8108399150317216 13 3209 10 3357 12 2633 14 2201
1681 -5.1325988301178729 -1.6457172392185846 4.5460131775126902 216 151 159 1.2371789021968385 13 3214 10 3358 11 3222 12 2909 14 2209 16 3194 17 2939 18 1837 19 1417 22 3120 21 1522
1682 -4.9848319503449297 -1.5679578023213339 4.5593144606357559 212 140 144 1.0774778904166589 13 3220 10 3363 12 2913
1683 -5.2106154630488453 -0.2767517011835175 4.4797728086873221 49 38 33 1.3635701776902547 8 4588 13 2930 10 3413
1684 -3.8935717425647631 2.4238001745436897 5.5991329976015214 82 77 58 1.7493667300454772 13 3131 10 3563 9 1618 11 3145
1685 -3.7955027559241463 2.5166707869256926 5.7916025686696191 39 38 7 1.5836407985698298 8 5045 13 3141 10 3572 11 3150 15 2246
1686 -3.7314400511840704 2.6584663306629071 5.4984218985402897 18 12 1 1.326683496196069 13 3434 10 3587 15 2266 12 3113 14 2491 16 3505 18 2355
1687 -4.863534526230973 2.9579477071344185 5.182460313462169 54 48 34 1.8844732634871775 13 2827 10 3594 11 3175 15 2265 12 3111
1688 -4.3025806467174315 2.9838863862846963 5.144879280435136 40 34 20 0.70788544352181992 13 2846 10 3606 9 1486
1689 -4.9824868620964988 -1.7221711222848761 4.5761443623623501 205 136 141 1.66201839092737 8 4836 10 3617 9 1664 11 3219 15 2291 12 3141 14 2754 16 4004 18 2561
2799 -3.5995183249269136 2.4234927564028115 5.9005219113531924 192 199 170 0.42016951141153425 20 2909 27 4327 28 2126 29 3817
1690 -5.2463651883144236 -1.4562452471244138 4.5929793207466956 179 84 80 1.4205985876799658 13 3480 10 3633 11 3458 15 2318 12 2923 14 2545 16 3829 17 3547 18 1844 21 1533
1691 -3.986288053842419 -1.4398548540255871 4.692429946161651 73 50 18 1.3379504278650838 2 4821 3 4092 10 3634
1693 -4.9825402079000849 -1.2939403662597306 4.6395349470573146 147 56 54 1.4312715347047451 13 3491 11 3237 15 2326 9 2029 14 2554
1694 -2.9838540605737496 -0.74787696123782865 3.8397882641676087 149 170 83 1.5149891124889692 3 3881 10 3650 7 5033
2804 -3.5351861237844751 2.6061399401297463 5.5425615218155935 31 32 18 0.45125967319306687 24 1799 27 4747 26 2400 25 2089
1695 -4.3838345438134443 2.5565099959989435 5.326143747900975 73 87 36 1.6987870772022713 13 3645 10 3773 9 1968 11 3387 16 3968 17 3488
1697 -3.8125648005507502 2.5932626729806931 5.6351740005373596 65 67 45 1.438326076741598 13 3427 10 3780 9 1973 11 3398 15 2450 12 3104 15 2256 14 2719 18 2532 19 2004 21 1990 22 3462 23 4134 24 2029
1698 -4.7196610819227907 2.7904389218989367 5.4191497836159384 73 69 34 1.4409963987835566 13 3658 10 3784 9 1977
1700 -4.0831454369502262 2.9044842480043749 5.1895576384250708 19 15 5 1.3143901105348252 9 1991 11 3597 15 2577 12 3421 14 3057
1701 -4.3671749454810822 2.9623475010686255 5.0571588955260705 48 46 31 1.1695849527973943 13 3454 10 3806
1702 -3.0052923456110747 -1.1636434731665457 3.5850992121328122 127 150 60 0.83110564752230376 5 4341 11 3445
1703 -4.5411730633223684 -1.5162062913068235 4.4418471026108444 189 137 141 0.738231029819716 8 5284 15 2300 11 3447 14 2759
1704 -4.217881820991833 -1.2677453858584367 4.4388782540464424 90 42 32 0.95764444101302126 13 3712 10 3833 9 2024
2814 -3.7209722456134902 2.3866493512405116 5.7800349958048933 38 29 23 0.99761893289851966 24 2391 27 5208
1705 -4.9665656513571026 -1.2072959371578149 4.7647761717978083 196 127 129 0.9467717720308364 13 3722 10 3842
1706 -4.9740888873680236 -0.30309485047685558 4.4543154490434764 82 75 65 0.73668761854476639 8 5132 13 3525 10 3860
2816 -3.8467104705423281 2.861525234912321 5.1130369987541551 23 23 15 0.55035539214172569 24 2252 27 5217
1707 -4.6493521293626126 -1.6058864217028526 4.3732165271162913 215 171 178 0.048015236627418911 13 3846 9 2167
1708 -4.8833769350768215 -1.5407212550046985 4.4946366130038973 223 176 182 1.6547531823328825 13 3849 10 3986 11 3619
2818 -3.9347281261661085 4.6052088347078088 4.1735484546104038 48 56 136 1.6951726887009246 20 3497 23 4456 18 2378 27 5224
1709 -4.3372550034379156 -1.3847118670220961 4.4161922523319914 143 80 71 1.1654867093513566 3 4426 10 3993
1710 -4.3372550034379156 -1.3847118670220961 4.4161922523319914 143 80 71 1.1654867093513566 3 4427 10 3994
1711 -3.3978000630909024 -0.2567664051844209 6.0750627560645931 44 58 23 1.2653951700214288 13 3758 10 4026 9 2208 11 3772
1713 -3.5183156935065156 2.695197820607107 5.1496427147977206 65 63 40 0.67941378284726539 4 2506 10 4082 9 2154
1714 -5.3409487233505937 -1.5782636681002167 4.5682717056951905 222 158 167 1.2171535619199851 13 3944 10 4087 9 2265 14 3067
1716 -4.4362742214852497 2.901297856584268 5.2828663815766213 13 13 5 1.4387238431697618 10 4141 11 3811 16 4308 17 4096 18 2778 19 2383 21 2422 22 4292
1720 -4.7350725017805058 -1.9880429978394882 4.5686070427566401 0 0 0 1.2392215788758532 4 387 9 382
1721 -2.6977353580123586 1.4373239126255837 3.6431984201631824 0 0 0 0.4675684911618071 13 1885 9 1074
1722 -3.7740244324171641 2.5609421495240636 5.7180416090967245 65 66 34 0.97746468033618106 10 2117 11 1821 15 1321 12 1814 16 2097 18 1460
1723 -4.1729508814947414 2.9525248943660323 4.8526213596070109 91 92 96 1.6221006130132896 6 1886 8 4075 9 1162
1724 -4.6213545076312599 2.831456518951402 5.3928552739713007 86 108 55 1.5130986690618067 3 3079 9 1333 5 2999 11 3169 14 2481
1725 -4.4909685341501397 2.9644897828473131 4.967313136723563 44 39 25 0.98530550722374655 4 1381 10 2983 9 1354
1726 -4.1052467307122793 2.9472381819603108 4.870798228385512 85 86 88 0.00058324810741184762 3 3496 9 1490
1728 -3.5810763664795027 2.6230783153004325 5.2402513857712467 154 153 125 1.5853721988622911 10 2958 11 2596 14 1475 12 1447
1730 -4.4930637200999985 -1.841796054471321 4.4253566075710609 208 154 167 0.97723721699291399 4 1986 9 1661 12 2626
1731 -4.0767502789498788 2.4690369454915753 5.2775628343353631 53 70 25 1.2471651436860789 10 3566 13 3415 9 1779
1732 -3.9403330698877941 2.6355958015481655 5.4196044747679517 25 36 4 1.1037575975629506 13 3654 9 1791
1734 -4.4101376807550219 -1.5017996440828942 4.3975321499137046 201 146 150 1.4134666018865716 10 3621 9 1832 11 3446
1735 -2.9512628227370907 0.86117287192341896 0.024709002886699302 145 152 85 1.3489168910743785 7 1175 9 1879
1736 -4.1109349492436094 2.0537301743868785 5.2330436422306299 62 76 25 1.0017540551863198 13 3634 9 1949 11 3372
1737 -4.0412390255268784 2.4351932243135406 5.4005288338461144 30 34 11 1.0584559896426791 8 5042 10 3958 9 1964 11 3577
1738 -4.3385920551198529 2.9812333992387803 4.9353747577477387 121 124 129 1.572722301310397 10 3977 9 1994 11 3603
1739 -4.9386520617462866 -1.6261242890831575 4.5362038547317516 209 129 138 1.2031749086961721 10 3814 9 2001 11 3615 15 2296
1740 -4.4014704921029573 -1.4243084049202086 4.4139948617792069 184 124 123 0.32564380640778223 6 3384 9 2012
1742 -3.9749946737714117 1.9201416281157775 5.4359503014250397 58 64 30 1.7158255963041673 10 3951 11 3567 15 2217 14 2698
2074 -4.3362995207094306 -1.636601747793661 4.3555195195092562 230 218 222 1.5964375886298952 12 2271 15 1854 14 1861 17 2551
2078 -3.8838183661789931 -0.70941467303851002 3.7665812446529721 83 98 57 0.64388072738648294 12 2957 14 1891 16 2809
2082 -3.3596009971694749 2.4490753568131924 5.6290454913159298 177 182 142 1.2216575990396421 12 2202 14 2151 16 3110
2088 -4.4077282988647033 -1.6462042187210197 4.3812720788313051 237 231 233 1.142963928518149 12 2634 14 2204 16 3546 17 2935
2090 -4.5808406969188855 -1.5975466849551949 4.4706773790384435 208 161 169 2.1412702773064587 11 2652 12 2910 14 2208
989 -5.4118701320142861 -0.012082720196940877 4.1244068938507414 62 54 52 1.1978873240683217 6 3095 3 4159 5 4646 2 4664
3346 -4.7729242169960253 -0.37756077710684482 5.668347307209797 204 222 216 0.85508842839901711 31 2696 32 2373 35 5566
2098 -4.1250080770975313 2.4083017718570656 5.3219247743579485 29 34 5 2.0471144208942955 12 2152 14 2456 16 3460
2101 -3.4229550869375966 2.6809042770546037 5.2815231517089849 73 66 54 1.3183958204256558 12 2889 14 2511 16 3792 17 3285 18 2368
2102 -4.0399093810527784 2.9068531599731364 5.0478746990244483 100 108 59 0.40269650829819686 12 3129 14 2513 16 3793
2103 -5.1089615611474937 -1.5510286954443528 4.5349631360187601 180 88 89 0.88423165750371457 12 3155 14 2535 16 3818 17 3312 18 2143
2105 -4.6929042005363293 -1.5094312422229232 4.520072923058235 205 150 156 1.5253379598589731 12 3163 14 2537 16 3820 17 3317
2106 -4.5712222919619832 -1.4711601666216714 4.4404861806842533 168 100 111 1.4975289215194822 12 2917 14 2538 16 3821
2107 -4.7638050427622307 -1.4859844179300343 4.5731713467595867 183 99 112 1.79845253226091 12 2920 14 2543 16 3564
2108 -5.1002383777371616 -1.083732755848517 4.9196700112513714 179 123 108 0.59133046856702887 12 2953 14 2573 16 3857
2109 -5.1002383777371616 -1.083732755848517 4.9196700112513714 179 123 108 0.59133046856702887 12 2954 14 2574 16 3858
2110 -4.7668929571206036 2.9180874953833151 5.4084837420573679 71 81 56 0.96702888814900767 11 3409 16 3975
2111 -4.3672898170677374 2.8842563371017973 5.3600646826421841 6 7 1 1.3848705166212052 15 2268 14 2733 19 2146 17 3892 21 2312 22 4195 23 4824 20 3471 24 2230 27 4989 26 2645 28 3722 29 5807 30 3412
2112 -4.4078247055553268 2.9405768195385544 5.1295668840761843 69 69 49 1.1391303150218546 12 3120 14 2739 16 3987 17 3751 18 2540 19 2153
2115 -5.1306502623348242 -1.1379583877965003 4.8277411311684881 122 64 44 2.1771610700603361 15 2353 14 2804 17 3579
2117 -3.6425083937822689 2.5219633696862624 5.9167241538782234 50 43 17 0.54069785343665155 12 3292 14 2919 16 4116 17 3733 18 2531 19 2003
2119 -4.9180733359486091 -1.6223918829627428 4.5365933566925225 205 128 135 1.161068380421961 14 2949 16 4152 17 3774 18 2565 19 2026 21 2205 22 4058
1011 -5.0841681179510623 -0.57132237258663354 2.0237245340013637 123 153 103 0.28698938417250852 7 5894 3 4423
2120 -3.9888876789453387 -1.0894917217697455 4.0147422249710658 163 118 97 1.0477414490732031 10 3999 14 2960
2123 -5.405331238527161 -1.1223592331136412 5.1841870947680233 135 69 45 0.26786508139303467 12 3440 16 4165
2124 -4.4468858109229936 -0.51414131560102128 3.3798950742821443 102 110 53 1.362975713021882 14 3076 16 4169 12 3447
2125 -4.516967224732694 2.9534052907910269 5.0792047224162467 78 75 54 0.95569303656217242 10 3325 13 2840 9 1648 14 2497 15 1829 12 2602
2127 -3.6191896095802658 2.527784453218723 5.7634377190650063 211 209 180 0.95048733145485398 16 4118 18 2774 9 1970 17 3995 19 2379
2128 -5.1123562723982321 -1.4877612274203185 4.5952155303406785 198 117 117 2.2740032366310743 15 2588 14 3071
2130 -5.0334810361646616 2.8108608483534163 5.6563229674283102 44 46 27 1.2525326499030027 14 543 16 863 17 924
2133 -5.0075492154478685 2.8272786141171671 5.7361106407584934 39 39 15 0.62725770524023849 8 2606 11 1353 16 1446
2134 -3.3567531309773257 2.6873767438801779 5.2467016055239544 99 96 100 0.62215339785765955 12 1037 16 1592 17 1499
2135 -5.0754064295792132 2.8528879721505387 5.5848466573452837 80 80 74 0.81653515490987216 11 950 16 2036 17 2410 18 1430 21 1412
2136 -3.4700093922748563 2.6987975629435716 5.1995548975358989 50 42 29 0.76499407977394507 14 1170 16 2185 19 1166
2137 -3.4631272036563701 2.6934910927330868 5.1884238488950336 50 42 29 1.2296070436263031 12 1471 14 1171 16 2186
2138 -4.2478203272525139 -0.2742064802159358 4.269345868083283 68 78 28 1.88470382747878 14 1560 16 2306 17 2151
2140 -5.0169012477594981 2.8361827592185422 5.6239004415834613 49 44 24 0.90840804145120424 15 1517 16 2601 17 1913
2141 -3.5737637589833793 2.3946243421572215 5.9066911845311134 16 15 0 1.1665178388841466 14 1437 16 2615 17 1943
2142 -3.7578201425349067 2.4784232120600818 5.8940554838905923 123 130 95 1.5098467075377178 14 1441 16 2619 17 2839 18 1769
3252 -3.830034375603157 2.3375406400189833 5.4838254130746051 64 59 53 0.68156478662477138 28 2547 30 2705 32 2792
895 -2.9184319836368906 -1.2108591391280181 3.6534875355640879 135 161 64 0.58791498182444446 6 2511 5 3661 2 3972 4 1809
2143 -3.5740463089096002 2.4311871657669371 5.8855445451330048 39 40 11 1.2841381484584407 16 2630 17 2433
3253 -3.6827132235712465 2.5167611979623388 5.7428145460267013 106 105 85 1.5290068119382774 26 2387 30 2725 31 2890 32 2504 35 5820
896 -5.2344586792959182 -0.85782261808713223 4.8871388118419139 92 105 71 1.8082392251969548 6 2246 3 2702 2 3503
2144 -3.4181908850107554 2.6182785973377039 5.7054976707160421 70 69 52 0.35411133168932973 12 2215 16 2683
2145 -3.5306155389283829 2.6603564781117384 5.4511702039249226 78 79 65 0.66812822383266235 12 1856 16 2696 18 1809 19 1390
2146 -5.0637421078514633 2.8204772533392659 5.6564325069089918 35 36 22 0.89667087335289675 12 2162 14 1768 16 3063 18 1748 19 1542
2147 -3.5632426889493956 2.3431974993288369 5.8611895610245055 22 21 0 1.5104702762033355 12 2547 16 3070 17 2831
2148 -3.9770192710682499 2.463861155753575 5.3653712503814095 20 23 1 0.56116425077863574 14 1771 16 3074 17 2834
1041 -3.8550286790847199 2.1498438150398909 4.5759705942858808 74 90 64 0.50712745108900503 5 1298 4 636 6 1290
3398 -3.6436448922508196 2.6625142988530905 6.0612207419735959 82 89 117 1.9049690809434299 32 3555 35 6985
2150 -4.6908833665018888 2.8027407782270717 5.4457781355084345 66 82 35 1.0790843179028367 14 1448 16 3091 17 2429
2151 -3.55655795303531 2.5382101012139029 5.6893821087808405 117 119 78 0.74400788328178746 14 1800 16 3113 17 2867
2152 -3.5495799379650652 2.5702030379177199 5.6954055834833435 111 115 82 1.4197916324073789 12 2207 16 3125 19 1800 21 1748
2153 -3.9229128290264499 2.7409188693622841 5.3961205377305577 39 49 24 1.4398352506432426 14 2163 16 3130
2154 -4.2942672027573403 2.9129662662610079 5.2209739650671398 118 113 93 1.1307822412884088 14 1480 16 3143 17 2884 18 1794 19 1588 21 1757 22 3480 23 4144
2155 -4.2098824711311735 2.9298541149021449 5.1751052051676361 70 68 52 1.0682852333578006 14 2171 16 3153 17 2894 18 1805
2156 -5.219623740355285 1.0986836485310492 5.6014492620315215 150 170 138 1.6851064383572345 14 2022 16 3357 17 3110
2157 -3.6082588073066266 2.6230675045405598 5.511468947294766 94 91 76 1.3746821306912738 14 2161 16 3506 17 3260 18 2105 19 2010 21 2179 24 2405 25 2341 30 3431
2158 -4.1000531744682389 2.9372475009456731 5.3505712908338134 6 5 0 1.0114080980252027 14 2175 16 3513 17 3275 18 2115
2159 -3.7132176739980589 2.778964207833944 5.2427298974804541 58 57 36 0.59183085574168559 12 2888 16 3518 17 3282 18 2121
2160 -3.3256623193290169 2.6889552472659513 5.2465922526269138 84 73 81 0.72523416033497601 12 2894 16 3528 17 3290
2161 -4.9972633587754389 -1.6127507161823431 4.5353793628263812 234 208 217 0.53422386096118923 14 2211 16 3552 17 3309
2162 -5.2517843070619499 -1.5645742344350169 4.534301863909957 206 126 135 0.99501198927971457 14 2217 16 3558
1054 -4.4309412039277394 2.9651719129331009 5.0937804098408632 102 105 78 1.5619396333481983 6 1010 5 1537 4 1046 9 906
2163 -4.5923953982878434 2.8174561767887432 5.4676441148435622 60 77 32 1.7028041992306429 14 2479 16 3765 17 3500 18 2345 19 1999 21 2304
2164 -3.3482392442852129 2.6172998067711633 5.3383325121583329 27 21 5 1.31630589852365 14 2505 16 3788 17 3756 18 2548
2165 -4.6089258984256283 -1.6991813376421587 4.4665612950775992 209 173 187 1.2625183979305197 14 2529 16 3805
3275 -3.2049811711619078 1.0697407962003067 4.7112608312770234 186 208 196 0.59821587642931418 30 3596 31 3727
918 -3.6259391851933684 2.5172849169322249 5.7459858896992202 186 187 156 0.21625216887366427 8 4768 3 3023 2 3830
2166 -4.521922447694438 -1.5836742198836213 4.45505110117759 185 123 134 1.1881100423546667 12 3147 16 3812 14 2756
2167 -3.3515549169631629 0.11035301513355077 5.0954581764357174 149 162 147 0.57031608589436666 14 2338 16 3899 17 3658
2168 -3.5805359128950762 0.98109245316499871 4.5720216635927926 134 158 99 1.2958940330391333 14 2676 16 3927 17 3689 18 2489 21 2262
2169 -4.5771831968108225 2.951069558375889 4.9644564857548623 28 25 8 0.68309108066454749 16 3984 17 3746
2170 -3.7842970184446152 2.8370410341387267 5.2142325232835853 32 30 10 1.5515035187667969 14 2747 16 3995 17 3529 18 2367
2171 -4.7234308738296704 -1.7352524468764521 4.5168578814439639 226 195 200 1.3295800724605478 14 2751 16 4002 17 3770
2172 -2.8308527079137145 -1.2104655398887347 3.5776151186052805 131 151 57 1.8885239344354354 16 4003 17 3773 18 2568 14 2753
2174 -3.8258149351798698 2.2283609318313431 6.2129917731350366 50 57 39 0.69230355841452662 14 2440 16 4105
2175 -3.9077054134146487 2.8510419417163693 5.3865507216798179 2 4 0 1.0647266185655904 14 3054 16 4127 17 3754
2176 -4.8031686971288474 -1.2973644242245757 4.58092245066124 186 100 109 0.06686542124381234 16 4157 17 3933
2177 -4.3796831445898325 2.6384070157635575 5.3465738967514262 94 124 63 1.1713850009003284 11 3804 16 4227 17 3994
2180 -4.8755541492639054 -1.4816488257505367 4.5746017159845982 186 104 127 1.546819201106264 14 3070 16 4245 18 2710
2181 -4.2202004932959403 -0.11125248937729393 4.3586679615482682 48 64 19 1.4821293704936829 16 4255 17 4039
2182 -3.6984208346801757 2.4874280833028397 5.8900848342114775 38 39 25 1.0592396975159366 17 4088 18 2771 19 2375 16 4306
2183 -4.4254656811869344 2.9064360390339532 5.2750350363094256 0 0 0 1.3306087161678444 14 3134 15 2651
2184 -3.5521252669577761 2.7078221312723465 5.2051663234308414 28 24 13 0.62520316871916604 11 3812 14 3135 16 4311 17 4098 18 2781 19 2288
2186 -3.3491986768578212 2.695693801234718 5.2391102587637661 169 169 166 1.1531464950687642 7 747 13 928 8 2680 6 937 3 496 5 1417 2 676 4 710 16 1599 12 1039 14 842
2187 -5.1169541001816681 -1.5545213135247409 4.5435418573708768 181 89 93 1.1074410437759776 10 3365 11 2966 16 3819 12 3156 14 2536 17 3313 18 2144 19 1840
2188 -5.1831499883527927 -1.6793507749384105 4.5729043907977314 236 227 226 1.1446460058651247 10 3014 11 2651 16 2768 12 2274 14 1865 17 2557
2189 -3.556841811041394 2.7495093335027456 5.1624194546508804 94 90 78 1.9733758878965435 10 3331 11 3201 15 2067 16 3524 12 2243 14 2181
2190 -3.3631271998340857 2.6798305126400126 5.2417029420608028 164 166 168 0.94723211140519759 8 2667 2 2546 16 2193 7 1822 11 1418 15 823
2191 -4.6797249363217697 -1.7768494952668989 4.4622682164901049 229 218 224 1.4560444098226142 10 2997 7 4990 13 2871 8 4521 6 2769 3 3513 5 4010 2 4594 4 1990
1084 -4.8862245702682188 2.8172019522922249 5.7605663444329425 117 117 92 0.41176034113831828 6 1358 5 2242 2 1616 7 1815 3 1888
3441 -4.5035551628479933 -1.7377116883766834 4.3726986787333715 183 131 132 2.8346476665206874 35 5858 33 2060
2193 -5.0046401824231497 2.8559017926262826 5.577177594917508 114 111 91 0.69200735701503913 14 802 16 1459 17 1401
2195 -3.5922667903041017 2.6081578511774639 5.5588257012052811 68 65 48 1.5484922766359548 16 976 17 1980 18 820 22 1819
2196 -4.3858995965563183 2.9484228334999179 5.2732121092707489 67 65 50 1.8405619605016412 12 1861 17 1990 18 825
2197 -4.4839368501268639 2.9623033066326849 5.0559935043624149 93 93 68 0.48460187576530028 16 2155 17 1992 18 1493 19 1377 21 862 23 3075 22 2469 20 1383
2198 -3.4432463817910746 2.7298658910411246 5.1213561243108146 166 166 168 0.38975101417136249 16 2204 17 2059 18 1207
2199 -5.1848301368861671 -1.679690076021416 4.5498095017289835 216 180 192 0.91916766091945001 16 2264 17 2093 18 905
2200 -4.8219909207828975 2.8253643519620986 5.5315422471701652 159 165 127 0.74073921406513799 14 1781 16 2057 17 2418
2201 -4.9998870233565169 2.9079225576044361 5.2773410373599638 0 0 0 1.6062107181293859 16 2080 17 2428 18 1442
2202 -4.1789559005292558 2.8054042290615646 5.4366248845368164 46 46 34 0.73748558300995171 16 2664 17 2460 22 2464 23 3074 20 1987 27 3117
2203 -3.6394602063357526 2.6238861143695407 5.5521594707131747 35 33 19 1.2415078408561329 14 1138 16 2126 17 2470
3313 -4.5279209442539523 -0.23927200582092117 5.7801351367564076 156 177 120 1.9512325165880613 30 3299 31 3397 32 2966
956 -3.9634080408431331 2.9377125748533488 4.8457303196397081 85 64 49 0.69076100650891414 6 2490 3 3495
2204 -3.9471552455305776 2.8947861017581551 5.0699114289034988 38 36 26 1.4062998377688165 16 2722 17 2513 18 1521
2205 -3.9411957471868746 2.9200391811435797 4.8504838143554077 134 134 134 0.8271877051103117 17 2529 18 1826 19 1613 22 2528 10 2627 23 3136 20 2022
2207 -4.3401555147711104 2.8904757425398606 5.3197123152196646 20 20 10 0.52953043035172154 16 2674 17 2878 18 1489
2209 -5.1519115726365001 -1.4945026710797154 4.5933903472796009 208 129 136 1.3336227559852423 16 3203 17 2947 18 1551
2210 -3.8172609191601343 2.3784261242024449 5.8295751271261018 52 44 26 1.8170553436129202 16 3060 17 3215 18 2334 19 1989
2211 -3.7683461439146804 2.4146755408940299 5.7619252863263908 176 175 154 0.50020493753671091 16 3751 17 3227 18 2087 19 1781
2212 -3.7559760053014624 2.4416054018755631 5.7382414969766824 68 67 46 0.18671713045708282 16 3478 17 3232 19 1787
2213 -3.5622829029197214 2.4122098563453518 5.9318597024746733 24 23 0 1.3746532165156695 16 3757 17 3235 18 2344
2214 -3.7748714534189949 2.5330917030402658 5.7681426722785796 36 35 12 1.3974486631141361 16 3484 17 3239 18 1774 19 1566
2215 -4.9155508066882421 -1.7817567596325719 4.5247897831111938 236 230 234 0.54608047116712155 14 2526 17 3300 18 2137
2300 -3.5416823380737332 2.6482357850107308 5.3385466245290356 63 61 49 1.5082452651048093 17 3522 18 2543 19 2157 21 2317
1759 -3.7138522816480477 4.5185001471656134 4.3028937157399723 0 0 0 2.841441054807345 10 567 11 533
2301 -5.1027254584100881 -1.4982911635071212 4.5836651381738784 210 143 152 1.2449773688762067 17 3928 18 2570 19 2030
1760 -3.4526353110750594 2.7542186632859798 5.1314177054071788 97 92 86 0.39219152229074522 3 1234 7 1890 11 996 12 1488 16 2209
2302 -3.7598921950072293 2.4393589917129672 5.691449459686365 64 61 45 1.5158909565305994 18 2678 19 2272 21 2303 22 4189 23 4656 20 3619
1761 -3.3277860149386735 -0.20105822763245929 6.0234861611297328 126 155 77 0.39139825963713187 10 779 11 1139
2304 -3.3264589121631811 2.4030803681495576 5.6438618910175959 194 202 178 0.90808313755424852 17 3737 18 2685 19 2278
1763 -4.250245975798939 -0.21473596514781254 5.1134689173413808 95 59 60 1.3989019347451783 10 1262 11 1544 16 1156
2305 -4.7875282018546095 -0.69230070008964384 2.6769633729004783 111 135 87 0.49966305741919548 17 3787 18 2712
1764 -3.3705285618345004 -0.21710301214348879 6.0543931631330246 91 106 73 1.7525394402660588 10 1294 11 1572 15 916
2306 -2.7059410564289892 -0.94828349666623191 3.7095405431534423 82 95 26 0.53386693530669949 18 2715 21 2443 24 2437
2303 -3.8047878214771025 2.4959151472457459 5.6827974430117187 74 83 52 0.91099813268056185 19 2273 21 2305 22 4191 23 4820 24 2542 26 3050 25 2543
2560 -3.9063084316278855 2.9091356343619936 4.853520568585564 202 199 211 0.49391616961922424 21 891 23 2386 20 1457
2019 -4.0107537634908415 2.9396837032915433 5.2117213398292286 16 9 0 2.0099358821814355 15 2285 12 3130 14 2515 17 3287 16 3522
2307 -2.5168668835270287 -0.89591652312339154 3.9135285890529112 122 144 60 1.326263869721662 17 4024 19 2191 21 2349
1766 -4.9214570871456598 -1.2059077150968835 4.6333088751085141 181 109 116 0.2017664514439268 10 1685 11 1927
2309 -3.595096099144361 0.91845556262619554 4.3760080251868763 110 142 78 0.055239314375298151 18 2750 19 2236
1768 -4.2783081597471035 -0.14954739317934579 5.1013772392131029 225 226 228 1.1377299929804416 10 2292 11 1984 15 1181 12 1603 14 1286
1070 -5.3597367957673088 0.21651773997755278 4.1450937862734003 164 169 160 0.49320201447570311 7 3435 5 1850 3 2813 2 2929
2179 -4.2222444521061044 -1.5313883809326547 4.3462867813959258 217 187 195 1.8350890517176992 14 3063 16 4242 18 2706
2436 -2.3262897347724159 1.2947516084044755 6.0216086915113216 89 115 88 1.0148491801698418 19 2362 21 2485 22 4370 23 4997 20 3828
1895 -5.0465568784231714 -1.7971193728889914 4.5549909884188597 215 149 151 1.6643769227250278 10 3810 15 2084 11 3212 12 2632 14 2203
2310 -3.1497108348865321 1.1224763530677033 4.0645378244027022 149 171 108 1.6147625224784723 18 2754 19 2245 21 2269 17 3982
1769 -5.0371318494765429 2.7996506112787807 5.6654829269419515 202 200 175 0.88585493365296242 10 2103 11 2200 15 1298 12 1362 14 1089
2311 -4.6904709867264813 2.9296102014845342 5.201235699266384 23 26 5 1.0040573412866856 17 4090 18 2773 19 2378 21 2419 22 4287 23 4924 20 3620
1770 -5.0449378098362443 2.8283599300662683 5.6959606703639185 72 66 44 1.1825974673388391 9 1321 10 2539 11 2207 15 1054 12 1765
2313 -4.4407825189712113 2.9044537097403897 5.2881787321252682 16 15 13 1.7829742161073405 17 4095 18 2777 19 2382 21 2421 22 4291 20 3735
1772 -3.4495381874770095 2.7088876966151516 5.2103084242383098 166 164 153 1.7816354520429964 4 1344 11 2282 14 1509 16 2191 17 2515
2315 -3.7883968151503793 3.1367688273443632 5.1482174187522736 120 81 64 1.7630976484101546 17 4010 18 2785 19 2395 21 2506 22 4398 23 4936 20 3743 24 2558
1774 -4.4847121794592626 2.9175411253108208 5.2496221981323172 73 71 59 0.39931784882318794 10 2966 11 2601 14 1809
2312 -3.5868551307533045 2.5106871199639693 5.7162853953125579 209 209 184 1.9586045590462675 17 3996 18 2775 19 2380 23 5003 24 2658
2569 -4.8441007326674921 0.0020552493908980022 4.2982688475060096 179 179 197 0.87053203392527756 22 2046 23 2644 20 1060
2028 -3.9643768677435207 2.5320492823004672 5.3915440391071829 0 2 0 0.84054421852922745 15 2448 12 3290 14 2915 16 4114
2316 -3.8929686222667299 4.5763085450980681 4.1658943174625058 58 64 126 0.094992114045919507 17 4014 19 2298
1775 -4.1468848679937098 2.9165897093278099 5.432013641977032 16 16 3 1.3312100121551778 10 2601 11 2607 17 2891 16 3148 18 1802 22 3075 23 3104 20 2939 27 4347
2317 -3.8759004735332345 4.8007569169239712 4.2009557768156176 53 58 122 1.1760517714565375 17 4015 19 2299
1776 -3.4503289484463182 2.6849759075234116 5.2408475815633055 99 92 66 1.2516550290565569 10 2598 11 2609 15 1837 12 2610 14 1830 16 3520 17 2901 18 1820 19 1609
2314 -4.3761068873943101 3.0003348140396162 5.0925802717588571 48 48 33 1.1325231690324971 17 4001 18 2779 19 2384
1773 -3.9127504589795059 2.4450374758844005 5.5455548338567802 75 69 57 0.56872555615521281 10 2906 11 2551 12 2558
2571 -4.9407807883216535 0.11835203965894676 4.1092028651035912 98 114 67 0.87519258241492115 22 2067 23 2665 20 1681 27 2654
2030 -4.3042650853416049 2.8982691094789521 5.2630302175475334 100 99 71 0.33957788738420014 15 2463 12 3310 14 2930
2319 -3.4148631446283582 -0.27551540818533443 6.0539579340652576 39 56 12 2.4244723183054999 17 4047 18 2816 19 2331 22 4253
1778 -4.9559494111376248 -1.7928177210508953 4.5324229102031532 212 165 173 1.9493057235971003 10 3002 11 2643 12 2267
2320 -3.6650960565255426 0.97251626750122977 4.7868407824109003 68 87 42 2.3526768191873937 17 4065 18 2830 19 2432
2064 -4.0931712790246806 2.958769353998985 4.8396765481960751 112 105 90 0.56642426723013284 12 1901 14 1517 16 2735
2321 -3.3375034170187163 1.0387888374370775 4.2023654645344539 141 167 102 0.43898829238370213 18 2834 19 2438 21 2560
1780 -4.8629736413567972 2.0889814838840981 5.9081031905423265 138 162 101 0.78546176489436148 13 2741 12 2117
2065 -4.3935899687593025 -0.12023950895792482 5.139591432352649 119 96 78 0.99214977193801512 12 1998 14 1604 16 2853
2322 -4.579744023409809 2.7617621976450435 5.3793622905510921 158 187 121 1.9949307698962226 17 4087 18 2847 19 2371 21 2572 22 4381
1781 -3.9008843405574956 2.4700399325052209 5.5045712081338838 44 35 20 1.3884842450386288 10 3567 11 2888 15 1797
2066 -3.5961409038225707 0.93881940915156759 4.5176589727518852 98 117 72 0.51834168377841217 14 1681 16 2962 17 3133 18 1681 12 2083 19 1729
2323 -3.5237234549215946 2.5029560855249922 5.4415094079079829 0 0 0 0.30703275612413494 14 3049 17 4093
1782 -3.9891863288407481 2.5466600793123177 5.5725091048125011 42 44 22 0.074558301857590714 10 2927 11 2897
2068 -3.6046490969232394 2.3696671793552806 5.8945927036218899 124 128 77 1.090433509796898 12 2163 14 1769 17 2417
2325 -4.1322375304434562 2.9408997262587699 5.2611951190659658 8 7 3 1.1618279703020358 17 4097 18 2850 21 2578 22 4466 23 5074
2069 -5.034419241716301 2.8675729722927814 5.5896003354222428 49 43 27 0.7562020244210389 12 2562 14 1770 16 3073
2326 -3.5521409608057293 2.8575190810104525 5.0874670994764166 90 57 48 0.89896356820500178 17 4099 18 2851 19 2455 21 2582 22 4395 23 5011 20 3843 24 2556
1785 -4.9095299521665163 2.9585600300035133 5.1744810175836582 211 213 201 1.5363389854837546 10 3593 11 2918 15 1822 12 2582
2070 -3.4031461300157169 2.6275788161436879 5.7293135797668784 77 76 55 0.71984073246606306 9 1462 12 2595 16 3140
2327 -4.9089885616027873 2.8440192067075372 5.6225318132835307 89 94 53 0.75225845886681908 15 1063 12 961 14 1103 18 1124 16 2053 17 1927
1786 -3.818379810338703 2.7790684564573644 5.3674030244447808 13 11 0 1.1167806398424651 10 3319 11 2926 15 1828 12 2874
2072 -4.2243056567880792 2.9225870635010538 4.834607663104153 130 132 118 0.46117757949968508 12 1881 14 1832 17 2498 18 1509 16 1575 23 2305
2329 -5.2885896734197493 -1.5690391145610325 4.5832699064854596 206 128 134 1.0548421768224656 17 3541 19 1841 21 1797
1788 -4.0963483809341898 2.9805122477927455 4.8257820635844295 99 56 37 1.8811741788410472 10 3345 11 2940 17 2910
2073 -4.6283274957844807 -1.9201927118129745 4.4713203402861179 201 135 142 2.150247893525719 15 1139 14 1852 16 3185
2330 -3.9033434627747039 4.5838242188343497 4.1675872287660791 50 54 118 0.44723145582755663 17 3917 19 2170
1789 -4.9379634449890206 -1.8123386763438087 4.5284010687400542 232 215 219 0.11310334034884229 10 2999 11 2952
2096 -4.2582523761965749 -0.11114739303179696 4.6695700184443769 109 122 82 0.22860229916143182 12 2349 14 2291
2353 -3.6853001314939351 2.8467412147199505 4.9389539751631792 214 219 223 0.85335954001861292 18 1830 19 1616 21 1777 22 3505 20 2968 24 1813 27 4372 26 1850
2226 -3.054716225952526 1.1222788545239684 4.6610326863896061 190 205 175 1.8023584207423751 16 3940 17 3697
2099 -3.8598616737934002 2.5860136142245924 5.9649702508415317 52 52 26 0.19384968468380048 12 2849 14 2475
2356 -3.8041968993844733 2.3577644308948709 5.7497597915047951 154 156 133 1.3783686933014296 16 2590 17 3486 19 1775
1815 -4.1294261266682346 1.7668121936720131 5.209500859910686 85 103 41 2.3910811000343131 10 3758 11 3561 15 2557
2229 -4.9234100538391106 -1.5646837661289543 4.5504450861163956 232 216 226 1.6922032907482987 16 4009 17 3776 18 2707 19 2400 21 2517 22 4409
2100 -4.0215948307549807 2.5803548265303724 5.3458381685375667 31 40 8 1.616725950869913 15 2037 14 2478 17 3238
2357 -4.5425493582813274 2.8317164568638828 5.4229177730790319 149 176 126 0.69990204375990361 18 2096 19 1792 21 1728 22 3444 20 2894 27 4713
1816 -3.6512968338775558 2.7737988837755503 5.1502855962339673 39 32 13 2.3882918689742301 10 3801 11 3599 15 2578 12 3422 16 4134 17 3907 18 2551 19 2161 14 2939 21 2187
2067 -5.0711974229387948 2.7947960935340097 5.7262368120914831 56 54 39 0.23253806433212953 12 2155 14 1762 17 2814
2581 -3.4129826898224143 2.6156231543536776 5.8072243870351237 126 125 133 1.4612981851203084 21 1188 22 3082 23 3120
3149 -4.1275276505980178 -1.7241326838173558 5.9373032204993024 184 133 155 0.33808836655041991 28 2690 29 4704 30 2479
792 -5.2073158111024185 0.38859745309518429 4.0700796871355447 76 79 58 0.71516010809586161 7 5831 6 3302 3 4352 5 4677 2 4900
2040 -4.312421040445634 -1.7279073985221509 4.3328143212194217 202 154 168 1.6288703486849723 10 3353 12 2264 6 2501 3 4076
2324 -3.2002394416770765 2.3830864656311381 5.5126575640627991 155 162 120 2.228881160715825 17 4094 18 2849
1783 -4.7567724754272431 2.7820916682207062 5.6186545908416878 169 189 118 0.51617869393266369 10 3295 11 2901 15 1804
2097 -3.6911895315194396 0.84942676674660067 4.6246992870526515 63 77 25 2.481881303404764 12 2070 14 2392
2354 -4.1923210696161917 -0.32967290066809896 4.1607598407944666 65 84 32 2.2230653847770188 18 2411 19 1652 21 2044
1813 -4.1409413445413241 -1.31204940465603 4.4047834770127148 169 134 130 0.72604343654837811 10 3828 11 3463 15 2319 12 3170
2227 -4.1195977288647008 2.8148477075424809 5.4404112585357725 9 10 2 0.45799132377568813 16 4232 17 3745 18 2536
2348 -3.6674171976129979 2.5130935849009801 5.7431445491801654 105 101 74 1.190915341830628 18 1459 19 1568 22 3033 23 3658 21 1444 20 2921 24 1792
1807 -4.8940896144520307 2.8407650105939757 5.4937300111673615 178 189 147 1.2418826091696569 10 3578 11 3395 15 2248 12 3096 14 2711 16 3756 17 3725 18 2338 19 1993 21 1973 22 3786
2221 -4.0197505037937251 2.6660357152185679 5.4119406156274215 16 26 2 1.7411835641120272 14 2724 16 3497 17 3508 18 2100
2318 -2.7765375381394128 -0.69242082423444729 4.1036357911193804 87 109 26 1.7306091484799828 18 2803 19 2319 21 2454 22 4323 23 4951
1777 -4.3280673610083626 2.9430386059980824 5.1378561208894267 76 75 47 1.1689818009083615 10 2613 11 2613 15 1564 12 2228 14 1824 16 2698 18 1799 19 1381
2149 -3.9770192710682499 2.463861155753575 5.3653712503814095 20 23 1 0.56116425077863574 14 1772 16 3075 17 2835
2406 -4.3741275062837071 2.9529530311209213 5.0966852119754531 67 65 42 1.4759093544186423 18 1797 21 1760 22 3064 17 2889 23 3678 20 1993 20 2466 27 3775 26 1812 25 1875 28 2581 29 4564
1865 -3.9670792547299141 2.9295682784628605 4.8303599475483541 88 60 46 1.5385050543116865 11 2632 15 1587 14 1525
2279 -3.6186924598432442 0.91095759207771954 4.309286264562636 175 194 149 1.5921042362872138 17 3125 18 2015 19 1926 21 1888
2208 -4.4135903820857489 2.9442112234070423 5.1948248468932237 51 52 34 0.89201024682647689 16 2684 17 2883 18 1793
2465 -4.047916761511507 -1.5777700215093458 5.7315633036459266 154 99 112 1.8588353467635648 21 1265 22 2615 20 2574 27 4794 25 2146 28 3498 29 5215
1924 -3.9645945330806742 -0.97370756451785956 3.9172065181670326 147 152 96 2.1026154339839067 11 3480 15 2340 12 2941
2081 -3.9261898891094522 2.4574525908855569 5.3371880360484898 109 97 61 0.48302583458977572 12 2846 14 2132 16 3477
2338 -3.2701314535367829 2.654902376584686 5.378166573718195 105 98 112 0.97694209723462855 18 1201 19 1169 22 3105 20 2971
1797 -4.1702401072423498 2.9197879272561815 5.419194048108122 73 76 59 0.72602484673486489 10 3600 11 3188 15 2275 12 3122 14 2500
2092 -4.2542537662473041 -0.24326531571833868 4.4526703296779067 118 130 92 1.493132746666981 12 2334 14 2272 16 3868
2349 -4.4433716042278162 2.9709472690878731 5.1185574275928341 160 158 137 0.6188612921159139 17 2482 19 1587 22 3058
1808 -3.5521825904352329 2.616510774053459 5.5955611066254072 144 145 113 1.0756724759068337 3 4042 7 5533 10 3790 11 3411 15 2460 12 3307 14 2927 16 4122 17 3895 18 2688 19 2285 22 4203 21 2315 23 4828 20 3627 24 2406 27 5216 26 2895
2222 -4.2963914463202366 2.9134671985889202 5.3505527210788877 12 11 3 1.1364666350237456 16 3784 17 3517 18 2104
2071 -3.6883028684602008 2.6958549667619707 5.3273900453804668 81 79 58 0.54481706079255954 12 2601 14 1820 16 3145
2328 -5.2122252195917111 -1.1925899297002276 4.7994533036694129 53 28 22 0.1847194927042867 16 3844 17 3575 18 2173
2505 -3.745955487931711 2.7714623095814468 5.2515204251492955 170 167 148 0.8890876547447446 19 2159 21 2183 22 4043 23 4677
1964 -3.5505728930329656 2.7456582575565482 5.0979327306466642 93 90 81 0.30207036080576649 15 1112 12 1885 16 2195
1523 -1.9930743717503083 -0.88692755915653876 6.3243170324793896 192 169 164 1.0886362162320566 6 2542 7 5373 2 4629 3 3568 5 4052
2632 -4.9701513050786517 0.11159190742697514 4.1891304442880832 149 146 156 1.164616100256602 22 3919 23 4537 20 3357
2080 -3.2703375882616221 -0.0002224157976151306 5.9925569073688276 82 102 40 2.0756142665506423 12 3224 16 4069
2337 -3.5257451094348333 2.6432841403012621 5.5756293610051699 47 48 30 0.93338855993292436 18 832 19 1142 20 322 27 517
1796 -3.2468071204970164 2.5955282042581591 5.5082950050604795 96 94 107 1.2003868339351762 10 3315 11 3183 15 2059
976 -4.0284209090801681 1.0679666087269981 5.547418721124405 207 217 229 0.61006301041102273 6 3147 7 5476 3 3983 5 4476 2 4731
3333 -3.9001306566323781 4.6196235924039222 4.107946351635988 0 0 0 0.84703226356073547 31 470 32 455
2085 -3.3233970664945076 2.5929695556044057 5.5689787804274742 25 24 3 2.4594087214012972 14 2167 17 3523 18 2113
2342 -3.5729031625287555 2.6250448281816459 5.2802639155157367 82 80 64 1.6148832862191762 19 1383 22 1829 20 1426 23 1395
1801 -5.0691479656576206 -1.4857703689618518 4.5808501548380391 195 110 107 0.84293728955254332 11 3228 15 2105 12 2921 14 2225
2095 -4.7365371791143733 -0.064697691161351878 4.3392503719394391 94 96 81 1.1769594022582519 10 3424 12 2703 14 2282
2352 -4.2237528520707643 2.9637335473801625 5.1388961669635354 143 148 125 0.41816802657057978 18 1816 19 1601 21 1766 22 3488 23 3702 20 2484
1811 -4.8273896704835408 -1.5567207560817657 4.5683455984868333 217 150 157 0.60546613472199251 10 3817 11 3448 12 3157
2225 -5.2632081397173947 -1.4625202113128803 4.607351867641678 190 107 115 1.0134613814105604 16 3828 17 3546 18 1843 21 1532
2094 -4.3257397841340257 -0.27713948459474425 5.1421154543958876 92 49 42 0.91968098875013771 12 2699 14 2279 16 3620
2351 -4.2271213477963965 2.9659562272961666 5.1421572221975849 143 148 125 0.32124576800338667 18 1815 19 1600 21 1765 22 3487
1810 -3.7811463579738342 2.9016147512660058 4.8998726956003305 89 51 30 0.9557491681732545 3 4064 11 3433 16 3998
2224 -5.2110176278305884 -1.5902835255872996 4.5694773851188577 224 169 171 0.84895565170082843 14 2761 17 3538 18 2382
2093 -5.3942988533855658 -0.031434165090013032 4.1604463720804805 63 58 55 0.76936744042877758 12 2338 14 2278
2350 -4.3595494560957393 2.9494442055979753 5.231964968747894 27 24 5 0.69928559994834583 18 1795 19 1589 21 1758 22 3065 23 3681
1809 -3.8837788983325514 2.7098807794903279 5.5955188006491525 14 11 4 2.5539528960494713 10 3792 11 3413 15 2459
3332 -3.3836646021505588 2.6741383879987004 5.3817979077235654 140 149 154 0.72079987018646852 31 1003 32 422 35 2204
975 -3.3691151621376187 0.85732735783876934 4.9436133493997145 125 147 63 2.7319658330251162 6 2334 3 3976 5 4459
2223 -4.581875669103507 -1.8045661050708393 4.4543842807179219 201 147 163 2.3305919440793352 16 3803 17 3535 18 2379
2344 -3.7357679312861078 2.8639660100771107 4.9183047940400133 157 157 168 0.87752538914224387 18 1533 19 1406 21 1507 22 3104 17 2535 23 3157 20 2512 24 1810 27 3195
1803 -4.8556499576678194 -1.2249733456668841 4.6575340617058512 205 122 118 1.3806214782198878 10 3381 15 2115 12 2660 14 2563 16 3582
2217 -4.249181857390079 -1.4504668172377901 4.3657442499976495 211 182 178 0.46593840765164501 16 3817 17 3315 18 2151
2086 -3.9648062642598858 2.913794293983067 5.3020541774948748 23 21 0 2.2459460728416478 12 2891 14 2178 16 3521
2343 -3.7933517385684574 2.8711260838121202 4.8814559990655839 205 209 220 0.61137755119687098 18 1532 19 1405 21 1504 22 3101 23 3149 20 2508
2216 -4.4740770907055385 -1.5981584129208923 4.4608540396105241 212 179 187 0.86963358487230946 16 3811 17 3307 18 2141
2084 -3.5663938165517468 2.638216463454659 5.5617738046612955 28 22 11 0.41019518259683657 12 2593 14 2164 19 1804
2341 -4.706211718273825 2.9992039577387302 5.1424933606361121 77 77 64 0.48137701666559157 18 1476 19 1372 21 1162
1800 -4.6680205569755922 -1.726189204113318 4.5566518534393676 212 165 181 1.8364115198985733 10 3812 11 3216 15 2088
2083 -3.2193675892438538 2.511604740834831 5.6660732151215081 151 150 145 0.69820179381089498 12 2868 14 2162 16 3507 17 2885 18 1801
2340 -3.3195226497825896 1.0009435150815589 6.3958102669397894 146 159 139 1.369051565807242 18 1073 19 1308 21 1369
2079 -4.9961659669472551 -0.21718417836111539 4.3651915113586801 74 66 63 1.1657633030773962 10 3061 12 2325 14 1905
2336 -3.8550787861092677 2.0267273660203844 5.4406820002185174 39 53 20 0.67499392211971376 18 1723 19 1081 22 2365
1795 -3.2471113746298794 2.5576151108260508 5.538722266954375 219 218 216 0.73831876281024322 10 3588 11 3174 15 2053 12 2598 14 2165 16 3511 17 3272 18 2114
2077 -5.1835235206376291 -1.0790449703331113 4.9784080715257426 109 51 31 0.98166966878576878 12 2673 14 1889 16 3238
2334 -4.9121472329788931 -1.7606248079394924 4.4949991936418003 214 186 199 0.7437761500394533 18 1247 19 892
1793 -3.6694536931103321 2.5395199336142134 5.7224506412147553 111 111 75 1.8445027822651199 13 2792 11 3158 16 3767 17 3246 22 3464 14 2147
2333 -4.4446125242710544 2.9554852977816335 5.1230133301561089 106 109 82 1.166285905031418 18 1164 19 832 21 863 22 1110
1792 -2.7959113431481422 1.2446000274295181 5.8672787592805227 114 141 106 1.5197448477911475 10 3529 15 1985
2075 -5.274214636422319 -1.6841929433509688 4.548193514751719 181 70 66 2.3415163788205482 10 2640 14 1864 17 2937
2332 -5.0192123801450581 2.8694842235777398 5.6047239721012492 148 156 132 0.62274419155161098 18 529 19 794 22 1052 23 1248
2299 -3.2779593454066744 2.4790413243532035 5.670147721601615 189 196 155 1.3714703627943239 17 3743 18 2538 19 2154
1758 -4.5842212399706801 -1.7406641929895657 4.0308383083314832 0 0 0 3.0455488562998596 6 0 11 7
2298 -4.1073641277297677 2.8077631102235348 5.4244881878447746 5 11 0 0.61294653922351605 17 3744 18 2535 22 4199
1757 -4.6809923488539367 -1.9214434894767927 4.409663758549863 0 0 0 2.3242321011073237 10 580 15 0
2297 -3.5589254745121588 2.3220578656246711 5.8839780613985226 162 170 131 1.3863324495910276 17 3723 18 2524 19 2271 22 4187 21 2301 23 4819
1756 -3.6940549639837457 2.4617682150406788 5.9210519539917277 31 35 10 2.1344848051238912 8 5499 13 3930 9 2257
2296 -4.4642038514203435 2.607447731657289 5.3348283750494803 73 101 43 0.67796700723517578 17 3722 18 2520 19 2139
1755 -4.287946201863126 -0.26521128882784772 5.1491887626224537 97 49 47 3.0781896838447409 4 2232 9 1856
2295 -4.0471166888552403 2.9111211937621273 5.056222995075764 141 161 90 1.7037104802896126 17 3527 18 2364 21 2001 22 3493 23 4437 20 3481
1754 -2.7075414170383016 1.4494572969905017 3.4553721683841037 162 180 132 0.76641679860408052 13 331 9 247
2294 -3.6957955040370813 2.7419268737668667 5.3012414734318547 84 82 67 1.1672742419979254 17 3526 18 2362 19 1813
1753 -4.0146124486603751 2.8118402473448345 5.5061862310703003 8 11 5 1.5662124381520997 7 5873 13 3834 6 3364 3 4407 5 4858 2 5113 4 2505 9 1984 13 3664 10 3794 11 3592
2293 -4.1711982159859682 2.925805151125314 5.4178688870634737 87 90 71 0.63707583452928507 17 3268 18 2361 19 2015 22 3816 24 2040
1752 -3.8052215509497991 3.1642614301845562 5.1725393428394879 102 57 32 2.1032760945123754 13 3675 4 2180 9 1819 7 5307 8 4811 3 3823
2292 -4.1709345874777597 2.9263428066448434 5.4178501013067617 87 90 71 0.67051257784836193 17 3267 18 2360 19 2014 22 3815 23 4154 24 2039 27 4737
1751 -3.0841962587155343 -0.4180346844042423 6.0125384307333052 78 100 35 1.7891155859929286 9 2290 2 5160 1 1794 6 3418
2291 -3.3477866889922314 2.449703783618487 5.5864064611659812 31 23 11 1.4056292659380336 19 1798 21 1745 22 3053
1750 -4.8978597147014327 -1.3149044132870875 4.5604118823851287 215 138 130 3.0726863307569339 13 3949 9 2270 15 2595
2290 -4.4735867107963667 2.8737794733269055 5.2137026388351035 21 22 4 1.6879830414967432 17 3512 21 2174 22 4026 23 4657
1749 -4.7478234467623457 -1.3885645326622416 4.6967650288895602 170 89 98 0.68667340479566064 10 4089 9 2268
2289 -4.901454889870994 2.845374872402346 5.501059006957516 203 219 183 0.90656111078761192 17 3726 18 2339 19 1994 21 1974 22 3787
1748 -4.5659843586312991 -1.6843878180626533 4.4747406355296713 230 227 234 2.4584725889844878 4 2620 9 2264 11 3740 15 2583 12 3325
2288 -3.1481168196278277 -0.15232786325083406 6.1170439892100879 78 96 44 1.4448539230561868 17 2680 22 3658
1747 -3.9788197060467305 -0.71757764118920886 3.8498451015862662 57 84 13 1.4604960012358668 10 4009 9 2197 14 2815 16 3596
2286 -4.249181857390079 -1.4504668172377901 4.3657442499976495 209 176 185 0.46593840765164501 16 3816 17 3316 18 2150
1745 -4.2337764364092321 -1.6059402840953392 4.3030657482574579 212 185 194 1.5702934577556231 10 3982 9 2166 12 3323
2284 -4.4386105391804644 2.8145010575231217 5.3564831205462298 43 56 28 1.456536000739616 17 3248 18 2098 19 1794 22 3451 20 3259 24 2019 27 4979 26 2634 25 2312 28 3409 29 5501
1743 -4.6190325870098556 2.7937479005151546 5.4159374317000442 151 181 97 1.1059887030928046 10 3965 9 2149 11 3583 15 2449 12 3293 14 2917 16 4115
2283 -4.5866037697628981 2.8278056728466545 5.3656103473490768 72 95 53 1.9654341914837947 17 3503 18 2094 19 1560 21 1986 22 3011 23 4118 27 4709 26 2358 24 2015
2282 -3.6532518416802886 2.3962704549293812 5.9000927129932261 126 136 101 0.66041418055747247 17 3228 18 2089 19 1784
2281 -3.5817579865830602 2.2912290533368491 5.8245358012301045 149 157 111 1.0448990062712298 17 3216 18 2081
2280 -3.7693943852210539 2.3026952001004921 5.5951011557079848 39 41 20 1.349977549965951 17 3206 18 2075 21 2160
2278 -3.6151772689158013 0.88695233062386469 4.4299531262975353 176 194 179 0.8010942104254305 17 3123 18 2014 19 1727
2277 -5.1896104101510323 0.91063930759434808 5.6915839729567184 61 82 49 0.088619741335247193 17 3422 18 1988
2276 -4.2095153807583472 2.9286850078353335 5.1724927903166025 104 103 82 1.1798763467699027 17 2895 18 1806 21 1762 22 3072
2275 -4.4677282113050651 2.8773187226054548 5.2615311832695077 15 23 0 1.6654189431574273 12 2590 17 2871 18 1784 22 2448 23 3059
2274 -5.0460095795776336 2.8817561191933989 5.6002570719965634 80 82 66 0.87383494612674173 17 2828 18 1756 19 1548 21 1414
2272 -3.7845906496747586 2.2783904108616913 5.773431989121506 60 66 40 1.1646915485341776 16 2579 18 1746 19 1541 21 1698
2271 -4.0894340445327151 2.9556679214597752 4.8305248842037409 191 191 189 0.61240743756220795 17 2521 18 1526 23 3123 22 2512
2270 -3.5122334397554318 2.6597540745851109 5.3401087528778355 102 100 89 0.76081538650495073 17 2492 18 1508 19 1391
2269 -3.6533690611533585 2.6295052330601005 5.3563281619582259 68 65 50 0.71956826037594512 17 2475 18 1494 21 1759
2268 -3.2840778913733595 2.458663577138084 5.57278814823548 102 113 73 0.46813698874602833 17 2468 18 1490 19 1584
2267 -4.3013249902176103 2.8591690164617218 5.2204128382642345 28 30 6 0.82242483914947984 16 2135 18 1488 19 1124
2266 -4.5572346682747096 2.920090103452436 5.0984381049288592 122 120 97 0.42583491039933208 17 2462 18 1475 19 1370 21 1448
2265 -3.1450730933700841 -0.13470725798637437 6.0825992129540225 96 127 60 0.29188234880833563 18 1330 19 1276
2264 -5.2931376612194372 -1.6536853062309589 4.5325760087334395 187 90 95 1.3219512431044889 14 1231 16 2769 18 1252 22 1918
2263 -3.483015469298341 2.6810796521281839 5.2231872386045568 77 75 60 0.53301521949186437 16 1574 18 851 19 855
2261 -2.4119216841350197 -0.99335371352466628 4.0247938859688004 0 0 0 2.3880034916598563 2 5239 3 4516 5 4983 7 6011
2259 -4.1497676793204894 0.8476937522440714 5.033097474300984 0 0 0 2.1078700761358991 3 4551 5 4941 7 6040
2258 -4.072583984926232 -1.4531148552549478 4.3727545335561642 0 0 0 2.5664078987121659 2 5134 7 6009
2254 -4.7902920721948226 -1.6953350086733832 4.7125397894111263 0 0 0 2.5288465251808332 2 5234 3 4514 7 6008
2250 -2.4109458245877344 -0.94602297061470064 3.5840320785073359 88 102 40 1.0653326362051567 7 5904 1 1655
2246 -4.5589832210568337 -1.5054589674420917 4.5298810879965501 177 109 122 2.2535954617381573 16 3822 17 3542
2245 -4.3585866220564657 -1.5622700743546833 3.6443126403369659 0 0 0 0.84587856366185155 10 2 15 368
2244 -3.7961617135305112 2.6954107383218058 5.4437780811809731 99 101 87 0.37697157416906529 7 1791 8 1605 12 1005 14 827 16 985 17 1986 3 1181 15 1093
2243 -3.6918036048165908 2.8521799680941569 4.9503173029699452 205 204 191 0.77003139079539518 7 4549 8 4065 6 2485 3 2625 5 3594 2 3926 4 1787 13 3194 9 1489 17 2914 10 3343 11 2939 15 1586 12 2258 14 1844 16 3177
2242 -3.5567749254823036 2.7882830012374864 5.0312212381564017 90 89 93 0.89570758020408581 13 2036 6 1848 5 3015 7 4527 8 4056 3 2603 2 3392 17 2532 11 2289 15 1356 12 1896 14 1522
2241 -3.8032813529873355 2.7009235631082413 5.4571671413598439 82 84 69 0.49494968306748061 12 1004 14 826 16 984 17 1985 10 2580 11 2253 15 1092
2240 -3.4084605212993271 0.11269014644204321 4.8885258814342514 110 132 85 1.4308343454606121 14 3006 18 2818 19 2333
2239 -4.0250405835147598 2.9839814345308771 4.8887623024025659 105 69 47 1.6730735278162217 14 3060 18 2696 19 2163
2238 -3.241167637293239 2.6518081071015196 5.4677900338048548 87 59 49 0.2444878344177791 18 2783 19 2390
2237 -3.5494487321864141 2.6161917009911573 5.7037979545382065 29 26 14 1.5576004369805763 14 2926 17 3999 18 2687
2236 -3.4637769960764637 -0.34587648468508531 6.1000266199214472 192 201 184 0.21721538027156612 17 3959 18 2604
2235 -4.3621283294363842 -1.5423710309631697 4.4026327084109571 181 118 137 1.2134190178740891 16 4150 17 3925 18 2567
2234 -4.3621283294363842 -1.5423710309631697 4.4026327084109571 181 118 137 1.2134190178740891 16 4149 17 3924 18 2566
2232 -4.1346250267518263 2.9436649680466154 5.2504839764510196 3 7 2 0.4588178589942935 16 4128 17 3902
2231 -4.3611041291335813 2.6892993968043535 5.2765596618860444 51 66 35 1.6380651153322263 16 3972 17 3888 18 2679
2228 -3.3465339559294356 2.5647544109202465 5.7619322022402351 38 37 11 2.1747410077624019 16 3983 17 3748 18 2358 19 2013 21 2181 22 4039
2220 -3.8351278017745996 2.4061005079307116 5.9197384977527809 174 160 144 1.2612957775686489 16 3467 17 3487 18 2336 19 1992 21 2165
2219 -3.6162408989297092 0.9257339272274131 4.4975073651608071 173 188 171 0.9706407665660457 16 3374 17 3446 18 2024
2218 -4.950969932386978 -1.2720049182023094 4.6268354551304363 185 105 116 1.93305497979171 16 3579 17 3321
2063 -3.4339430556330779 2.734447161401564 5.1333120605146823 97 99 94 1.7587511839976329 11 2286 12 1484 14 1516 17 2528 18 1208
2062 -3.44863736536387 2.7093994260212324 5.2032249620660371 151 146 142 0.76480896637081619 4 1345 12 1475 14 1510 16 2192
2061 -3.6192493340846128 2.7558483803814706 5.1747140874684758 78 72 58 0.54728861314669441 12 2612 14 1508 16 2719
2060 -3.3023766272901409 2.6302810221258062 5.3867313526976686 114 116 113 0.53375760318238319 12 1459 14 1498 16 2181
2059 -3.5076794046236253 2.6577982690107138 5.3792107826286752 53 51 38 0.92820330475147383 15 1096 14 1485 16 3150
2058 -3.4721043629125616 2.5859394101892859 5.6930750136996524 101 96 69 1.0375652848041801 12 1835 14 1467 16 2670
2057 -4.9232599024922266 2.8281161807515383 5.5648910425367211 57 56 26 0.51348736869428535 12 1786 14 1439 17 2414
2056 -4.1480654598656646 2.1216942031225861 5.2859141995400947 106 115 96 0.63958091532449168 12 1737 14 1393 16 2550
2055 -3.3861633686533352 2.7205506680744489 5.1930903291755204 104 99 95 0.48529478678862592 11 1875 14 1186 16 2205 21 1216
2054 -3.4807878489315383 2.6759795332727934 5.2113352919274476 75 72 53 0.81191339736580959 12 1467 14 1167 17 2027
2053 -4.3018307566918645 2.8718160286630514 5.2011285820237037 110 109 89 0.91123801844942143 12 1849 14 1144 16 2680
2052 -3.772115465028818 2.6926872222388525 5.4069445972421235 9 10 0 0.42401508995816634 12 1844 14 1142 17 987
2051 -3.3005867783368155 2.4739111278979791 5.6004033776645015 91 99 52 0.44613315118242686 12 1831 14 1133 16 2663
2050 -4.9877914920147415 2.8137812712630659 5.7378142459912 82 82 60 0.40008363076201697 11 1798 14 1092 16 2028
2049 -3.4776464108423299 2.7458472961620921 5.1037962884518384 108 108 106 0.58278929088920484 12 1043 14 844 18 876
2046 -3.4302437550133931 2.5650485249410528 5.6939585112423359 166 166 128 0.43340350722581605 12 695 14 577 16 977
2045 -5.0776880313162458 2.8409145880626663 5.5682869861600119 158 157 155 2.2782148416295036 11 946 14 552 16 2031
2044 -3.7446294761483241 4.5831363163355014 4.3906046897763256 108 115 133 2.0856338113868245 15 353 14 335 17 551
2043 -4.2931320900684051 -1.2386154816613579 4.4512841863159736 175 134 116 0.17110968319936562 15 2502 12 3347
2042 -5.1942687235591105 -1.3698305746615447 4.6356688246297315 160 70 72 1.74514320536226 11 3232 12 2652 16 3214
2041 -3.4783706570885746 2.7116171410219274 5.1563837530996235 166 166 159 0.77158655931075981 13 2016 8 3468 6 1830 4 1585 12 1882 10 2164 11 1872 14 1175 16 2190
2039 -3.3589858876415128 -0.2791855649503468 6.0474712355142568 59 73 27 1.9547927257258841 15 1396 12 2364 13 2195 10 2721 16 2864
2038 -3.6767328588079637 2.6196930863901837 5.7178587920792987 0 0 0 0.5389891406055678 11 3806 15 2650
2037 -4.0958524285105078 2.2417292170065997 5.3195846012375574 91 104 76 1.8460690563159521 15 2645 12 3489 14 3127
2035 -4.292672816107765 -0.14268551295843379 4.4672074260860555 62 79 25 2.1734840229421919 15 2616 12 3460 14 3088
2034 -4.0093906330431688 2.41943342782589 5.3208689827430442 14 28 1 1.8178570682844832 15 2444 12 3414 14 3044 16 4226
2033 -3.5793610825302915 0.93074058691160955 4.5711745314063998 85 103 50 2.0366874924346243 12 3393 14 3025 16 4206
2032 -4.7049415741805385 -1.7259975545443988 4.4927404133636992 226 191 198 0.72827380603420888 15 2474 12 3322 14 2750 16 4001
2031 -3.4927215598826606 2.7652582315246517 5.087618743673529 182 182 174 0.31088080464369916 15 2471 12 3316 14 2942
2029 -4.0846436540284268 2.6700107168960656 5.4005344190185198 32 43 11 1.5125316946006186 11 3585 12 3300 16 3976
2027 -3.34198647064659 0.96658269494438132 6.5246338543337776 0 0 0 1.9295150394267047 15 2412 12 3254 16 4089
2026 -3.5884532316862083 0.90835053150969669 4.4547312477133509 159 171 157 1.9749857910557651 15 2408 12 3244 14 3024
3134 -3.5564458444386289 2.5129648101156326 5.9665341402296672 79 85 48 1.3294481668679028 28 2152 29 3868 30 1995 31 2017
777 -4.2610803706590739 -1.1428644325814343 4.2911526751914364 66 47 40 1.8616922541808822 7 5600 6 3248 3 4295 5 4601 2 5142 4 2385 8 5311
2025 -5.3604950345138933 -1.1427750449699445 4.9495787940718161 144 72 57 1.8014907190701848 15 2356 12 3193 14 2811 17 3580 16 3852
2024 -5.2811539464308979 -1.1747465436505615 4.804150130027554 190 140 131 0.9687755754142594 15 2350 12 3190 14 2802
2023 -5.022901586056129 -1.1867814800936656 4.7280948349634357 128 59 52 1.1075135558803606 15 2342 12 3186 14 2798
2022 -4.18221569662626 -1.233462829477084 4.3143066492863005 0 0 0 3.095510650948528 8 5306 13 3857
2021 -4.2022934417174351 -1.2509764103931162 4.3895230602792674 0 0 0 1.230974100241073 9 2025 13 3713
2018 -4.290962847921115 2.9417072669309827 5.1377348751663829 54 53 34 2.1206665976336061 15 2279 12 3125 14 2742 16 3786 17 3521 18 2541 19 2155 21 2316 22 4037 23 4670 20 3625 24 2402 27 5212 26 2892 25 2328
2017 -3.6559965459325503 2.6934736477556496 5.3469599793001015 23 21 2 1.448237654982947 15 2057 12 3118 14 2498 16 3989
2016 -4.5152823200672678 2.974116226896041 5.165699380098121 6 5 0 1.0399076231830253 11 3191 12 3117 14 2737
2015 -3.3562230971268785 2.4808547134141405 5.592199687984702 49 42 23 1.3491565841123065 15 2454 12 3108 14 2725 16 3981
2014 -4.8279915417018557 2.8494582323976085 5.3323227776832418 80 85 63 0.93946536347649812 15 2253 12 3101 14 2477
2013 -3.8190848891362013 2.5613846326802694 5.6771420562966748 78 84 47 2.0028768376263963 15 2250 12 3100 14 2717 18 2530 21 2308 17 3240 23 4660 20 3469 24 2234 22 4024 27 4993
2012 -4.2577952740678766 2.4957100645295016 5.2038089773636056 68 80 42 0.92488604756474391 15 2243 12 3094
2011 -3.9107885485935667 2.3854911551776259 5.5373878879956946 22 25 0 0.9087035788120601 12 3092 14 2707
2010 -4.0189466412819908 2.3634673168043339 5.5026765649539557 22 24 2 1.799945684519012 15 2237 12 3091 14 2705
2009 -4.243102172515262 2.0973593488498263 5.312751334352801 72 74 25 1.5610924991201984 15 2221 12 3083 14 2435 16 3018
2008 -3.5266811268621154 -0.28421551159997077 6.0971346339067818 150 170 106 1.4976290173169386 15 1910 12 2996 17 3030
2007 -5.1312332199401478 -1.0912976463222388 4.8569980387058527 184 126 115 1.2193508584331392 15 2128 12 2951 16 3856
2006 -4.9112604607878438 -1.2211429033892069 4.6851579018211558 163 67 65 1.2995318970399927 11 3247 12 2938 14 2244
2005 -5.4572411740684936 -1.2747034779360413 4.7853762387532131 178 89 82 2.3023521912798 11 3245 12 2934 14 2242
2004 -4.9540525434633587 -1.3082680151742698 4.6581168128579655 209 131 129 1.728712256509418 10 3373 12 2929 14 2236
2003 -5.176021349084106 -1.4281279687659509 4.607499390826221 0 0 0 1.4158837212924833 10 3635 15 2109 12 2925
2002 -4.5604362100475218 -1.4992730989731542 4.4787428643764144 192 143 145 1.7502390221514226 15 2099 12 2914 14 2220 16 3560 17 2943
2001 -4.2189793053424278 2.9794902182942273 5.0959261248704726 6 7 0 1.5296007771470872 15 2068 12 2892 14 2180 16 3791
2000 -3.6841386010750732 2.7714548893261437 5.2650935148297693 12 8 0 1.5510274557974568 15 2280 12 2885 14 2509 16 3519 17 3283 18 2126
1998 -3.4321916960801122 2.577779475952461 5.7420084202656847 204 200 172 0.99886868127576567 15 2263 12 2863 14 2732 16 3781
1997 -3.9876787909750164 2.5587782926781784 5.5900269762338368 19 18 0 0.92781830862686976 15 2032 12 2848 14 2712
1996 -3.9989030831496151 2.409632342255879 5.4403960354485825 93 93 70 0.39221660997209518 15 2242 12 2839 14 2460
1995 -4.3656979968746974 2.1184985692875347 5.4619467836323157 90 93 36 1.7858177589391306 15 2007 12 2812 14 1728
1994 -3.6697034885743687 0.86696408449634177 4.3762690418078609 127 153 92 1.3497185062970924 15 1959 12 2772 14 2027
1993 -5.3851523301216284 -1.2261542541864838 4.8148674364436364 165 80 74 1.9827335138022242 15 1872 12 2663 17 2964 14 2248 18 1556
1992 -5.3285575240718108 -1.3975384143839924 4.6610776618929153 206 141 139 1.9118876406811305 15 2110 12 2649 16 3569
1991 -4.8012450863768148 -1.4320729828853527 4.5977324828681754 216 144 147 1.1518201413947275 15 1863 12 2647 14 2228 17 3549
1990 -5.0092186588423502 -1.651425940142121 4.5389841407198412 203 131 135 0.97987781282924846 11 2960 12 2637
1989 -4.2559610893417785 2.9884504980428193 5.1858443625199886 42 42 23 0.99440205859764197 15 1571 12 2611 14 1829
1987 -3.6887051486564122 2.6956201815846557 5.328227690804912 91 90 70 0.65823012558841054 15 2056 12 2600 14 1819 16 3144
1986 -3.3650079846619709 2.5411661146214146 5.671659266873271 30 28 5 0.64859323510056144 15 2045 12 2585 14 2159
1985 -5.0206453587715218 2.915789494172448 5.4519327481392148 0 0 0 0.7668217420593979 11 3163 15 1538
1984 -3.5771345364697735 2.4652437635399744 5.9002844162838954 30 26 17 0.71041032314432062 11 2894 12 2567 14 2140
1983 -3.9726839546401336 2.4317269467477094 5.3500228720027971 111 110 82 0.25864523606247447 15 1789 12 2559 14 2122 16 3472
1980 -4.8445945833517516 -0.59307311984307831 5.8197829573847022 103 115 95 0.39266709481615614 15 1629 12 2321 14 1899
1979 -4.8750383398622965 -1.1184949421147254 4.7548178584989707 142 59 40 2.2284972398535081 11 2687 12 2303 16 3230
1978 -4.5461220444642523 -1.8661434566821573 5.4070333863305073 159 93 102 0.47181069919002638 15 1144 12 2277 14 1238
1977 -4.491897052441332 -1.8773451119627975 4.4412698605869512 205 147 161 1.8186412730377295 11 2945 12 2263 14 1857
1976 -3.6905186269029393 2.8503688824667814 4.9464484311722243 188 184 174 0.3713347861889249 15 1585 12 2257 14 1843 16 3176
1975 -3.5306695200986349 2.7745000356333995 5.0501071912440416 77 77 75 0.75043695498248131 13 2032 15 1355 12 2254 17 2913
1974 -3.602453260487068 2.7534188958285251 5.0109174030396435 68 66 53 0.62444928146326395 15 1576 12 2247 14 1514
1973 -3.4254165051005745 2.6831830738004454 5.2497788966145942 95 89 69 1.1634667159705849 11 2611 12 2234 14 1504 16 2718 17 2040
1972 -3.5546076141174159 2.5175005204741994 5.7516149828689205 31 20 1 0.9023505163908625 15 1539 12 2201 16 2650 17 2449
1971 -3.5887397770149465 2.4904631939293349 5.8956621119293153 178 182 147 1.2119804256159932 15 1529 12 2184 14 1788 16 3098 17 2851
1970 -3.5927691823533952 2.3902095879991738 5.8845253774505597 123 124 90 1.0350009450990454 6 2098 15 1295 12 2168 14 1435 16 2613
1969 -4.9376299402488328 2.7303844372830821 5.6699446087064045 40 46 12 1.9442858094049933 15 1508 12 2150 14 1413
1968 -4.12220322449829 2.0695849621932547 5.2385631118520601 58 69 27 0.7705497696859499 11 2157 12 2128 14 1730
1966 -4.2869658774787567 -0.28103792448428488 5.140793484379234 145 97 93 1.7326344370827305 15 1387 12 1973 14 1581 16 2840
1965 -5.0823317350859956 -1.9059113758218911 4.5405935096791827 0 0 0 0.035823056101362501 13 2070 12 1915
1963 -3.5647725905990431 2.7389733512423562 5.0995298659458035 43 38 15 1.4870248633167282 15 1350 12 1883 14 1513 16 2723
1962 -3.443644319861209 2.6837257665468872 5.1712289621809386 94 89 60 1.0930454188086147 11 1871 12 1878 14 1172 17 2514 18 1523
1961 -3.4645989987545205 2.6828170929137904 5.2075034863986946 171 164 141 0.45694473089245308 15 1348 12 1876 14 1502 16 2183 17 2508 18 1194 19 1162
1960 -4.303079699297224 2.8948220109923049 5.2098789698984218 9 6 0 0.93074607339818949 11 2266 15 1341 12 1855 16 3139
1959 -4.2891602494263079 2.8671384614902622 5.2832795588366306 37 39 26 1.0559839282603283 10 2154 15 1337 12 1847 14 1143
1958 -4.2731227616473078 -0.20472503682501136 5.1454542714893616 243 235 233 1.0506387067545238 15 1177 12 1593 14 1280
3066 -3.5929562639722605 1.980246012626891 5.9606738734419116 24 32 36 0.65760131329817684 25 2296 28 3690 29 5066
709 -5.1246305502650191 0.38461631746563446 4.0467246558561634 87 88 74 0.70899697796460903 7 5442 6 2880 3 3957 5 4432 2 4694
1957 -5.1898364237677823 -1.7696710443068269 4.5248603435736703 184 77 86 1.1627742500586351 10 1655 12 1530 14 1227 16 2257 18 902
1956 -4.4219985373567887 -1.8338649439557924 4.3926885865510839 203 147 158 2.1808870775436691 11 1434 12 1526 14 1225
1955 -3.4505259194400351 2.7478393753529602 5.1157599911577751 94 89 83 1.1032861568974246 15 1353 12 1489 18 879
1954 -3.4839223924122518 2.6805939492161435 5.1800113027937016 96 94 71 1.3403211859336412 15 1108 12 1468 16 2715 14 1500 18 1192 21 1200
1953 -3.5434864299661735 2.6534136754099484 5.2459017391848546 70 65 45 1.1447364793228885 15 1098 12 1452 17 2014
1952 -4.8777857806942269 2.8269108100561562 5.6919427512440084 57 57 30 0.25915513561673226 15 1062 12 1375
1951 -3.581640223401811 2.3417230520107144 5.8637467453039083 129 132 81 0.72668803477238963 15 1041 12 1360 16 1452
1950 -3.5338618883632082 2.6365905179529685 5.7860672166760994 120 119 91 0.64169126898904427 11 1847 12 997 14 1139
1949 -3.3059334407734489 2.4393573839626685 6.1264071157050051 90 91 83 1.3688262107108833 15 280 12 979
1947 -5.0373082598712253 2.837200025453241 5.6493226030406847 50 47 24 1.4485324368101626 15 797 12 947 14 795
1944 -4.8653132648556561 2.9160237770455444 5.2489549877566892 82 91 60 1.4912627895499955 10 3793 12 3107
1942 -3.5868753185688957 2.6355564132516522 5.5788418852963595 12 8 0 1.6877303053078063 11 2916 15 2049 13 2805 8 4451 2 3861
1941 -4.701155459991563 -1.3446940414725905 4.6113921176888661 159 89 91 0.19484513316575702 11 3751 15 2594
1940 -3.1095636479247299 -1.1255169314761619 3.6196313850539839 122 144 43 1.74560441790012 9 2009 11 3625 16 4244 15 2587
1939 -3.1086394380459534 -1.1248742441909181 3.617651743594291 122 144 43 1.5919520737762987 8 5286 9 2008 15 2586 16 4243 11 3624
1938 -4.1824603857477429 -1.5188059910611895 4.2905390056291797 215 184 190 1.6610979857730817 11 3742 15 2584 12 3429
1937 -3.0711255238941844 1.1865703624408044 4.37484754372141 159 176 133 0.056439578311564854 11 3553 15 2549
1935 -4.2931320900684042 -1.2386154816613575 4.4512841863159718 168 126 102 0.17110968319959291 15 2501 12 3346
1934 -4.4277300847403014 -1.3191473892070948 4.4815998030406847 163 119 111 1.415740643216441 10 3830 11 3465 15 2494 12 3338 14 2780
1933 -4.2679991819263092 2.9715091023100713 5.0867669884524656 7 9 0 1.2406328198141792 11 3428 15 2470 12 3315 14 2937
1932 -4.3592467121598268 2.9772098222457584 5.0757350545271755 13 14 0 1.7588295588787286 11 3598 15 2469 12 3420 14 3056 16 4233
1931 -3.312765927991375 2.6346032443399601 5.3768370623264365 157 158 150 0.57080977188394444 11 3593 15 2466 12 3312 14 2936
1930 -3.2518890840112546 2.4520948605753978 5.7625705635812272 4 0 0 1.7391574857734959 10 3777 15 2451 12 3416 14 3050 16 4229
1929 -3.8694064773948802 2.5512925635617054 5.6622308766981853 20 13 0 1.3971931443195202 11 3581 15 2447 12 3291 14 3046 19 2275
1928 -4.3138812302890601 -0.19745827866781035 5.1149966555461424 86 58 47 1.6184828878726183 11 3501 15 2372 14 2829
1927 -5.1325222072650591 -1.1912552438622233 4.8042954186179561 177 118 108 1.5310357160238213 11 3485 15 2347 12 3188 14 2800
1926 -5.1072705843451516 -1.1823821793650655 4.763673061253618 177 118 108 1.9449143292972544 11 3484 15 2346 12 3187 16 4032 17 3573
1925 -4.9488595967069013 -1.1913020743012643 4.719375962818992 192 124 128 1.3256285960679151 11 3482 15 2343 12 3185 14 2797 16 3842 17 3572
1923 -5.1804998857384499 -1.2338432740836491 4.7499978389290165 172 108 108 0.61617101126716711 11 3481 15 2339 12 3184 14 2795
1922 -5.0683161328527708 -1.2872388008705802 4.6713112558137766 184 118 124 1.9635904980525176 10 4001 15 2328 12 3179 14 2792 17 3791
1921 -4.3948110415651618 -1.2824257917906858 4.5167501244407715 99 47 34 1.3863652628844978 11 3469 15 2324 12 3175 14 2783
1920 -4.5804499812944908 -1.3525374733043705 4.5321812904917911 172 107 115 1.080741445364825 10 3829 15 2320 12 3171
1919 -4.1492024812522494 -1.3880554908875555 4.3866436999015734 187 142 137 0.18102889913530301 11 3454 15 2313
1918 -4.2653391267694953 -1.3965767594035001 4.3881885153932183 182 135 125 1.2331080037834028 10 3823 15 2310 12 3165
1917 -4.2935534059018288 -1.5769858541962283 4.3448255439894767 181 124 130 1.4209951812595585 11 3613 15 2293 12 3143 14 2530 16 3808
1916 -3.8635072034975355 2.8843487826314873 4.8635629318320746 165 167 157 0.39738951200764772 11 3431 15 2288 12 2898 14 2521 16 3797
1915 -4.0029690112533514 2.9116547373994792 5.0881672184715558 96 110 59 0.62939589042833111 11 3206 15 2284 12 2893 14 2516 16 3794 17 3528 18 2366 19 2020
1914 -4.0162173114575044 2.9254646128276209 5.3118335531735772 72 68 40 1.0648115627269443 11 3425 15 2283 12 3127
1913 -4.4943478704218824 2.9761403306254337 5.012910451597798 21 18 10 1.418712642174099 11 3424 15 2278 12 3124 14 2740 16 3988
1912 -4.4716980904115848 2.9482277698595145 5.0953877648004946 10 8 0 1.813759765429011 15 2273 12 3116 14 2736 16 3985 17 3747 18 2537 19 2149 21 2175 22 4032 23 4664 20 3472
1911 -3.6110239661765622 2.6245036994179149 5.5058227265545607 91 86 64 0.40390063766793755 11 2915 15 2267 12 2869
1910 -3.2948903619920955 2.5503676774266877 5.7511112721318796 25 23 10 0.62722540302251717 11 3408 15 2264 12 3114
1909 -3.4287695847113797 2.5750605547864565 5.7339396775885128 191 189 150 0.90221881612792176 11 3405 15 2262 12 2862 14 2731 16 3780
1907 -3.877928046017614 2.5960511744916355 5.4603141673018829 2 4 0 2.1721150948440804 11 3161 15 2257 12 2859 10 3303
1906 -3.9252128361620668 2.5734535718649409 5.4507792548499232 50 58 35 1.6320493251532933 11 3397 15 2252 12 3294 14 2716
1905 -3.5458743606036407 2.4611381763293507 5.9398863155511075 158 168 118 0.35820422492594772 11 3392 15 2245 12 3097 14 2713
1904 -4.0704124741139056 2.3783317398014576 5.376771320341585 78 95 43 2.3847448098171067 11 3575 15 2239 12 3286 14 2905
1903 -2.9857632009860593 1.2525379377655592 4.4895108328109874 150 162 122 0.062484960179123854 15 2209 12 3270
1902 -4.2099631749417838 -0.23427671800263344 5.0147257493026336 102 53 49 0.90090027864243671 11 3278 15 2146 12 2988
1901 -4.9224683625857608 -1.1690577315205284 4.7775441300554924 198 120 116 1.4490779699398486 11 3256 12 2943 14 2568 16 3845
1900 -5.3240385073757057 -1.2360095436407079 4.781429203900557 200 141 135 1.2108924844442395 11 3251 15 2117 12 2939 14 2564 16 3841 17 3326 18 2168
1899 -5.4050905551555717 -1.2494592070220953 4.8112440591650945 165 80 75 1.1751587126408041 11 3249 15 2116 16 3585
1897 -5.3311112079328424 -1.4013887839664916 4.6648086853967623 201 136 134 0.010958772270960865 15 2111 12 2650
1896 -4.3000068688326847 -1.6535966691077415 4.3296468197407076 193 136 153 2.3886492065067895 9 1662 15 2087
1894 -4.3970971267513539 2.9696020337726976 4.9750984937789324 37 35 22 1.7934187789406308 11 3202 15 2066 12 2884 16 3512 17 3524
1893 -4.0240527880459922 2.9117598182042244 5.4838570853311079 48 47 29 0.5964381623787085 11 3193 15 2061 12 2878
1892 -4.2509303041981896 2.9172627155604758 5.2030644764611536 37 39 18 2.3076573455036189 11 3192 15 2060 12 2877 14 2503 17 3264 18 2108 19 1593 21 1761 22 3482 23 3688
1891 -4.8254544883186554 2.9689072974651758 5.0848709140270323 156 157 152 0.88323578670930691 11 3415 15 2051 12 2867
1890 -4.4828529506051549 2.87880389543467 5.2620122209791669 19 12 2 2.1620565417792079 11 3176 14 2489 15 2050 16 3776
1888 -3.2917832705752712 2.4864878491543934 5.5609424446044526 157 169 121 0.9772679192280459 11 3171 15 2043 12 2864
1887 -3.7656550538588895 2.6382942595594892 5.5405077268222431 43 41 29 1.0168217335196317 11 2912 15 2041 12 2861 14 2487
1886 -3.3441751127376627 2.4053881767856473 5.6661119004652249 205 209 184 1.4764196300565313 11 3154 15 2033 12 2852 14 2718
1885 -4.8969158448294143 2.8350071412083611 5.563781469200018 174 184 131 0.64941595973196187 11 2903 15 2031 12 2565 14 2131 16 3476 17 3225
1884 -3.4471013300504061 0.98146321088279442 4.7547928857525656 190 211 172 1.0035257153594086 11 3081 15 1969
1883 -4.8179945452952699 -0.58946207701989661 5.8516496435750254 145 155 130 1.0546541375662422 11 2999 15 1887 12 2971
1882 -5.3751123334734343 -1.2806492307005668 4.7742901966563949 187 109 105 1.1734760139820466 11 2981 15 1868 16 3581 17 3322
1881 -5.1844849933862509 -1.313714921591709 4.6922788696635216 154 69 74 2.1138354374780781 11 3240 15 1865 12 2655 16 3576
1880 -4.6234125208752754 -1.5579934192671816 4.4988165611607513 180 117 125 1.9781238403363581 11 2654 15 1859 12 2640
1879 -4.3761922745352173 -1.7197135322955652 4.3651051049320948 223 200 208 1.8529902855824361 11 2642 15 1852 12 2265 14 1858 16 3186 17 2927
1878 -3.4965127423138727 2.6818710281917633 5.3199072985159548 79 71 52 1.3428200682198967 11 2927 15 1832 14 2173 12 2230 16 3158
1877 -4.3657220528729326 2.9472258838829437 5.2127195641096238 11 8 0 1.084685168541045 11 2608 15 1831 12 2605 14 2168
1876 -3.2064666315596502 2.5490816901827595 5.5336602029528432 107 106 112 0.85101920584174451 11 2921 15 1824 12 2872
1875 -3.7205811434442859 2.6182620223457644 5.5771104428255214 57 56 36 0.70481442282896634 11 2582 15 1819 12 2583
1874 -3.5773939985411061 2.4624687043420881 5.8989753285076665 34 35 3 0.73488263554448252 11 2895 15 1801 12 2568 17 2438
1873 -3.9093539540489894 2.4323623981992273 5.4393964669761985 40 29 11 1.0226964936131948 13 2777 15 1793 14 2127
1872 -3.9540994695275238 2.4330679828749484 5.3850366913191099 54 41 23 1.107753815128746 10 2909 15 1790 14 2126 16 3473
1871 -4.9436266448259065 2.8099809178905959 5.7534319612599463 38 39 8 0.40654952959087026 11 2892 15 1788 12 2551
1870 -4.9436266448259065 2.8099809178905959 5.7534319612599463 38 39 8 0.40654952959087026 11 2891 15 1787 12 2550
1869 -4.1086821060946059 2.458375074570748 5.4184988185615346 43 59 14 1.4573089274856879 15 1785 12 2842 14 2461 16 3967
1868 -3.5436562257273545 2.3594535732561153 5.8880449589949677 125 130 89 1.0444398544637516 11 2877 15 1784 12 2553 14 2128 16 3752 17 3229
1867 -3.5644248833715793 2.3498875993686008 5.8602562901462871 22 19 0 1.0889624734597145 11 2875 15 1782 12 2546
1866 -3.3592654178899855 0.94498258343834374 6.4077730960149424 108 125 80 0.64988195879524102 11 3079 15 1724 12 2451
1864 -3.4246503805360367 2.7628456117895688 5.0996558221859534 102 64 43 1.5767804159210577 8 3489 15 1580 14 2188
1863 -4.2881630453001458 2.9346539615677756 5.2259534658378737 33 32 4 0.64481897128630372 11 2610 15 1563 12 2225 14 1486 16 3146
1862 -3.5374720009962668 2.6521155182105014 5.3210421110669479 72 68 52 1.4695760125160131 11 2257 15 1560 12 1864 14 1823 16 2700
1861 -4.1860658716749901 2.8040844166179211 5.4176496406875385 30 31 17 0.41758520032370594 10 2956 15 1550 12 2588 19 1576
1860 -4.9302264345290245 2.8501269869137373 5.361377766617708 162 170 123 0.52852031014494794 11 2577 15 1533 12 2181
1859 -4.8529002115156121 2.8402053097659512 5.5124808314796638 68 70 33 0.55351792047326021 11 2572 15 1531 12 2178 14 1444
1858 -4.7102113366274292 2.7471622391138517 5.5886156763069756 29 41 3 0.70990360049294743 11 2563 15 1523 12 1779
1856 -5.2285260943646694 -1.7395600683623109 4.5781622497979004 198 129 131 1.8693330059349031 11 1903 15 1365 12 1921 14 1539 16 2260 17 2091 18 1251
1854 -4.0220802741047388 2.9127382982671608 5.1735759566054549 70 71 55 1.3198031358803564 11 1876 15 1349 12 1472
1853 -3.3102155588569113 2.649355268488085 5.3517187713923748 159 160 158 1.6871886536272789 11 2270 15 1347 12 1875 18 1199
1852 -4.3068361147626266 2.8973442655866428 5.2187362355188815 32 27 5 1.1612370365651021 11 2606 15 1340 12 1854 14 1474 16 3138 17 2476
1851 -4.2582340035245529 2.8611952611347489 5.221079982941597 19 12 2 0.9414387545605668 11 1863 15 1339 12 1851
1850 -3.528826647947962 2.6560439822862332 5.4432955139913819 77 75 60 1.2695978797491749 11 2255 15 1338 14 1478 17 3269
1849 -3.5213536660418021 2.63182708417802 5.6043505874777564 40 40 16 1.5251996819055322 3 2531 8 3415 15 1332 12 1441 14 1470 16 2140 17 2480 18 1798 21 1480 23 3108 22 3077 24 1802 19 1140
1848 -4.8363561255373542 2.8540403459823063 5.5019780192425678 126 127 95 0.83256721698386094 11 1837 15 1320 12 1805 14 1113
1847 -4.7740862153090422 2.7932964094980539 5.312547728725816 73 81 43 0.78487581858410527 10 2943 11 1835 15 1318
1846 -4.8374948451162503 2.8286142367642437 5.5394279710999923 127 128 97 0.70911174484050132 11 1824 15 1311 12 1798
1845 -4.9123026714980575 2.8245175819412753 5.7217727490100243 140 143 116 0.17907799940883709 11 2213 15 1305 12 1776 14 1099
1844 -5.036565914425136 2.8407029025144857 5.7369907141273773 95 93 66 0.93168491997668346 11 2208 15 1303 12 1771 14 1095
1842 -4.2710193962044762 -0.17616412950896368 5.1231789399056709 174 161 169 0.66625245947260603 11 1555 15 1179 12 1156 14 1283 16 1734
1841 -3.8083361281374204 2.8607413637860133 4.8737446936925082 101 99 90 0.76555091269772457 11 1421 15 1117 12 1495
1840 -3.5815559457057158 2.769086228563467 5.0408071391453406 80 79 75 1.1727006091712371 11 1878 15 1114 14 1515 16 2730 18 1204 19 1170
1838 -3.591327783539628 2.5948053289998803 5.6475629092364601 63 63 28 1.2646622697362566 11 1843 15 1083 14 1134 16 2662 18 1158
1837 -4.9641779808398958 2.9398122976457577 5.2534361490896178 181 185 166 1.0807503948206696 11 1848 15 1082 12 1422
1835 -5.0378696321276308 2.8524989701206911 5.6111449353596159 55 50 28 0.96183385323581416 11 1369 15 1060 12 950 17 1920 16 2037
1834 -5.0307618667515923 2.7892767225585393 5.7190807310441194 189 188 157 0.79528177723277793 11 1791 15 1044 12 1759 14 1088 17 2401
1829 -4.7506166430245704 -1.4301795413045246 4.5843076026569367 170 82 96 1.3936819723845484 11 3231 15 2108 12 2924 16 3567
1828 -5.2408491967755975 -1.4521194416236711 4.5851462601976856 184 93 90 1.312256688312587 13 3703 9 2016 11 3457 13 3479 8 5091 10 3632 15 2317
1827 -3.4173896394643277 2.6341607472571007 5.7382417019749195 72 75 55 1.6934649111721396 7 4484 6 2447 3 3449 5 3936 2 3858 11 2590 13 2806 10 3310 14 1814
1826 -4.2399937231871681 2.8295025773217475 5.2831569054376208 5 6 1 1.3411447871227149 10 4139 11 3809
1825 -3.2237542726604538 2.5607003612106456 5.5258874128537885 131 128 139 2.0290769426637487 10 4081 11 3807
1824 -3.2869017025492173 -0.78621686950654712 3.9174240871124333 160 182 82 1.0201968503449903 9 2193 10 4092 11 3759 14 3074 17 4028
1823 -4.1261683536981426 -1.3444269655592185 4.529757522066534 66 29 18 1.7499771619585029 10 3998 11 3750 15 2593
1822 -3.375700329016849 -0.37989587550744108 6.0267758900718587 125 157 58 1.1667550138646512 11 3678 15 2522 9 2206
1821 -4.7979726160617702 -1.3311428673051828 4.6766093653262661 201 125 129 1.4476243009011316 10 4000 11 3637 15 2499
1820 -4.3542851585330586 -1.3579265465653092 4.4427992384184325 128 69 61 1.0045329676530552 9 2182 11 3633
1819 -4.2082859953710319 -1.4102365234935936 4.389816189927684 152 78 79 1.6871084383566295 10 3992 11 3628 15 2486 12 3332
1818 -2.869620801614797 -1.1606340347396342 3.5791016502160646 138 160 53 0.95371234075046107 9 2003 11 3618 12 3326
1817 -4.6681218899158878 -1.6146539103885094 4.4404365081941792 216 166 175 1.4351079624362812 10 3983 11 3614 15 2294
1814 -5.1351851533481696 -1.3352496915822869 4.6787328988346051 192 127 131 0.68125250192001963 13 3489 11 3471 14 2789
1806 -3.4012934666815302 2.4394537934776919 5.6225280596109375 150 156 111 1.6101003922090711 10 3962 11 3394 15 2251 12 3297 14 2921
1805 -2.6833027026697467 1.4305228959503375 3.3010492342422983 141 156 99 0.97208110881234366 10 2461 11 3369
1804 -3.7114207059935045 0.82799682139382957 4.2792697886366176 125 154 62 0.90918689389728091 10 3492 11 3325
1798 -3.9581846689162399 2.9253364484156319 5.4971017578210493 63 60 45 1.3793584804795067 10 3332 11 3200
1794 -3.2959440124125807 2.4938426440645509 5.5816070273225611 152 164 118 0.95948716579506921 10 3304 11 3170 15 2042 14 2490 16 3779
1790 -4.3975574515445182 -1.6065496945202737 4.3974516224607676 187 137 148 1.0383638171949641 10 3007 11 2956 15 2091 16 3548
1746 -4.450739342162775 -1.4525160168364353 4.3818803223787617 179 105 106 1.3426300704467224 13 3851 11 3621
1744 -4.5338299403785411 -1.8760337024369085 4.40050450000368 214 165 177 2.0970212805871538 10 4083 13 3842 9 2165 11 3610 1 1633
2830 -3.9826398521203101 2.1632040113586366 5.2328630900913229 47 66 45 1.5211375411300323 24 2525 27 5488 26 2857 25 2703
473 -4.6247253890912132 -1.66535926310121 4.460733095585784 198 140 156 0.98895911576735396 7 5571 8 5277 6 3032 3 4081 5 4569 2 4809 4 1995 9 1826
2831 -3.8095774892305956 -0.66968825628698103 3.8041558972594594 74 103 19 2.7626996013170078 24 2588 27 5525 26 3102 25 2765
474 -4.7714696153613714 -1.6616576969379477 4.5011214529248535 201 121 122 2.2486662000158373 7 5889 8 5281 10 3813 11 3442
2832 -3.8148007769341183 2.6684229199912677 5.5071411115829658 18 22 5 1.5825447578883705 24 2738 27 5578 26 3264 25 2948 29 6295
475 -4.4593753022079561 -1.5378449475219347 4.3450206229105905 176 109 118 1.3193285619552422 13 3847 8 5282 6 3378 4 2366 9 2002 11 3616 15 2475
2833 -3.8154302268588203 3.3540578157271255 5.2138689387507071 177 141 122 1.0093164302448265 24 2744 27 5583
476 -4.133609116322897 -1.4045999206611262 4.3597134333737912 188 142 144 1.7802883044472146 7 5897 8 5288 6 3239 3 4278 5 4874 2 5137 4 2372
2834 -3.6330191676524803 2.4424382200692794 5.9009800183119756 11 12 0 2.0975719438137679 22 1774 27 2255 8 3333 2 2386 10 2084 14 1105 16 2061 21 1146 23 2247
477 -4.7456715740950308 -1.4722710029636779 4.5343762985942906 173 91 97 1.3977854381880894 7 5764 13 3693 8 5290 6 3242 4 2373 9 1834
2835 -4.3063126820093736 3.0082636728241194 5.078148531260247 72 73 59 1.7934911001044653 24 2739 27 5576 26 3263 25 2947
478 -4.9959373188518548 -1.443821613047972 4.5658390732914995 213 143 143 1.6827969729117753 13 3702 8 5295 10 3826 9 2017 11 3455 15 2314 12 3169 14 2774
2837 -3.8288071367332011 2.7144706396068212 5.4525504067905644 68 75 59 0.46231895236184539 27 1374 26 776 28 1019
480 -4.395708408797832 -1.2835852462821775 4.5183978376455789 89 52 34 1.5388013567673373 13 3714 8 5308 6 3396 4 2382 10 3834 9 2026 11 3468 15 2325 12 3176 14 2784
2839 -3.4432493349952429 2.7434763978583727 5.1265508473125072 139 146 156 1.8624757132384253 27 2371 26 1198 25 1451 31 1489 35 3536
2840 -4.6428722255374435 -0.14073907974683042 5.6093375853124146 134 150 76 0.66625006959172206 27 3492 26 1386 30 2274
483 -3.2997896956793089 -0.69224429156152112 3.9353493941706601 150 174 76 1.7382807662494737 13 3727 8 5321 3 4308 5 4611 4 2537 11 3660 14 2971
2841 -4.4277379988295982 2.7873320051900388 5.3210766758434973 105 129 93 0.73182495385054636 27 3071 26 1505 28 2069 29 4531
484 -2.8082022207080715 -0.51383899388034315 4.401585141232399 105 123 47 0.9005423088838943 13 3876 8 5324
2842 -4.4767509634607787 2.8997132172512292 5.2418382438301299 45 56 39 1.4519128082123687 27 4310 26 1802 25 1669 28 2089 29 4548
2843 -4.2854296574018873 2.9154837760894194 5.2106962435742794 131 130 100 0.32312881372663421 27 3778 26 1816 30 1973
486 -5.4497652484311638 -0.16628235916795053 4.2330086085790093 212 216 219 1.3511651682622405 7 5927 8 5330 6 3275 3 4327 5 4788 2 5038 14 2821 1 1674
2844 -3.5986962273699827 2.5367259552291226 6.0037138421486285 52 55 25 0.18294558605828226 27 3801 26 1831 25 1689
487 -4.8750506036650956 -0.14152221684554106 4.3858281649050905 67 64 57 1.2779790162952169 13 3745 8 5333
2845 -3.7220412263564824 2.7933174932166982 5.2211192545882437 66 65 44 1.1488651096744387 27 3825 26 1842 25 1693 28 2148
488 -4.3981441752000583 2.0845605275176613 5.3869647763524657 52 36 16 1.8190404831559033 13 3821 8 5394 10 4067 9 2126
2846 -3.7474832278554282 3.1406066403422863 5.137952051314068 180 142 120 1.1811100231391372 27 3857 26 1869 28 1674
489 -4.2763975947508923 2.2514164133594039 5.3902292456552221 87 88 54 1.7806035577515806 13 3823 8 5397 6 3345 9 1955
2847 -5.1298759348989673 -1.0796753127774339 6.199382940386001 124 145 128 1.7721655087321149 27 3396 26 1933 28 3176 29 5647
490 -3.6396371116574904 2.2585913196076839 5.7525697191191014 23 24 17 1.0454362601121228 13 3824 8 5398 4 2488
2848 -3.1737136647179769 1.0141490926293206 6.2480479013012316 48 68 34 1.5388552669420597 27 4191 26 2054 28 2483
491 -4.4756677115795389 2.7041830769394837 5.3568355735722362 132 170 84 0.76470174144765146 7 5872 13 3831 8 5403 6 3363 3 4404 5 4855 2 5109 4 2500 10 3963 9 2148 11 3582
2849 -3.8948333848573533 2.087888982971418 5.3473662521993859 125 154 123 0.89479269739485912 27 4239 26 2073 25 2047
492 -3.9395758861474337 2.9021791409680895 5.3018996419250062 12 9 3 1.2176018131392128 7 5999 13 3836 8 5408 6 3467 2 5226 4 2615 10 3974 9 2155
2850 -4.6638117062523516 2.7872289325093154 5.2789627070526723 129 154 123 1.0212716140788931 27 4273 26 2084 28 2536
493 -4.1039999946177677 2.9044339346430301 5.0336151410174494 8 9 3 1.6135324747489554 13 3671 8 5409 6 3367 2 4980 4 2508
2851 -4.4064102122530109 2.8194783785473745 5.1388910886617545 53 63 46 0.36976268442084886 27 4302 26 2106 25 1663
494 -4.7562091126230257 -1.5948674449999733 4.5259672646631959 183 101 113 1.5301973198672245 13 3683 8 5415 4 2622 10 3985 9 2169
2852 -3.7018349690262244 2.3446427097490292 5.8183773369166323 115 127 89 0.94009677104567024 27 3751 26 2110 25 1675 28 2979
495 -4.76654262877486 -1.6057067871811437 4.5570075358366662 183 101 113 1.6746994137228999 13 3684 8 5416 9 2170
2853 -3.7364814306998313 3.1134988885027446 5.1379416788735561 124 82 68 2.0479861809099602 27 4380 26 2140 28 2645
496 -5.0336996779485403 -1.3828742435751251 4.5485743057091721 172 83 85 1.2490938177036937 13 3854 8 5422 9 2183 11 3749 12 3434 14 3072
2854 -4.5627296462983375 -1.7989629751301219 5.2915008642639183 156 96 128 1.6919259960330073 27 4777 26 2153 25 1905 28 3077 29 5177
497 -3.9970382769092279 -1.3609523274341446 4.5534884387496684 140 120 73 1.7195866605971784 13 3946 8 5423
2855 -4.0351103560406907 2.3351200247449651 6.3516226235040163 40 46 32 1.0960230293008058 27 4701 26 2357 25 2309 28 3706 29 5801
498 -4.4343123637195001 -1.3367515110962649 4.5003521042449091 162 117 114 0.77663461178654303 13 3710 8 5425 6 3390 7 5903 3 4430 5 4879 2 5140 4 2525 9 2021
2856 -3.7411404786524507 2.4380062096005699 5.7316477171732556 62 65 54 1.1923241618340283 24 2020 26 2371 25 2075
499 -4.0790713754968255 -1.2940226855504258 4.4999127306696307 52 26 13 1.4478880366491169 7 5777 13 3948 8 5429 6 3393 3 4291 5 4757 2 5011 4 2529
2857 -3.8289864039399766 2.871686675441087 5.1466666834465311 133 136 119 1.1421270503587004 24 1804 27 4748 26 2402 25 2088 28 3026 29 5130 30 2730 31 2509
2858 -3.1496655097669524 2.5342744681708602 5.4613281178474331 84 91 115 0.98607410770165183 20 2966 25 2103 28 3451 29 5545
501 -5.24233876322808 -0.17038868933414736 4.2445829086523004 71 51 48 1.2376120948506788 8 5448 6 3411 7 6023 3 4534 5 4992 2 5249 4 2642
2859 -4.8233762017886175 -1.8991571225981181 4.4879294260807558 187 137 148 1.6334089339226443 24 2564 26 2416
502 -3.0332012582113195 -0.24865772513513196 6.2028885627859065 72 82 55 2.1074550471169462 13 3974 8 5456 4 2428
2860 -4.5144622645287473 -1.7868309828861719 5.3119854589762534 184 161 189 1.5059265570818499 24 1823 27 4781 26 2421 25 2124 28 3471 29 5179 30 2782
503 -4.9767641564486524 0.19414759309353199 4.1124151674404885 94 113 49 1.7989455274506678 13 3762 8 5459 6 3424 3 4343
2861 -4.3642957932099211 -1.7981087702292116 5.6637368530988308 154 74 111 0.74370303825491713 24 2065 26 2422 25 2128
504 -4.3861908621553241 1.9521155718881935 5.4117683926682014 121 137 49 1.0691167079616308 13 3819 8 5493 10 3950 9 2121
2862 -4.4422012733202081 -1.5757679571125527 5.2344140658819542 180 153 168 0.67197118097528463 20 3005 26 2426 25 2134 28 3487
505 -4.1287683039723158 2.0910673592199722 5.1633274164250329 138 154 122 1.4584506697670463 13 3927 8 5494 4 2685 10 4069 9 2251 11 3727 14 3124 12 3487
2863 -4.6889294853954189 -0.43785387624746686 6.1579732045031754 146 165 143 2.5868593740174486 27 4536 26 2490 28 3581
506 -3.7907852123314298 2.2372367513869338 5.5157422945654258 44 34 25 1.1134519927454372 13 3929 8 5495 4 2689 9 2254
2864 -3.0886120499359482 -0.64981999027522841 5.9002702060186047 117 154 63 2.259004374054272 27 4852 26 2495 25 2196 29 5329
2865 -4.6077738289546737 -0.056062948839233094 6.0503758699247019 98 120 85 1.4503474417207958 27 4867 26 2511 25 1986 28 3602 29 5705
508 -4.3088359584767435 2.4601178428954533 5.3882441712026594 34 28 15 2.1398738974917131 13 4003 8 5500 4 2693
2866 -3.0193853357298606 1.3360071816453454 5.9842228480639381 71 99 74 1.4819106294893432 20 3428 26 2603 25 2283 28 3376 29 5461
509 -4.4934034965304743 2.5481007219150849 5.4090303022399233 145 180 90 0.82147326551219702 7 6061 8 5501 6 3541 3 4572 5 5029 2 5281 1 1845
2867 -3.7883588359408238 2.3033877945932808 5.6656560150340445 75 88 58 1.2788785168192773 26 2627 25 2531 29 6016 30 3812
510 -3.6404337901646553 2.5964319990438596 5.6010988988097141 18 14 1 0.95432907847083115 7 5993 13 3935 8 5503 6 3463 3 4503 5 4970 2 5220 4 2613 10 4138 9 2314
2869 -3.7470027471509622 2.4046110808407137 5.749099031308436 153 154 138 0.89104119019863248 24 2225 26 2641 25 2074 30 3106
512 -3.3983455258382698 2.6998330484364117 5.1936418554569688 215 220 214 1.3224532563395353 13 4009 8 5507 4 2698 10 4144 9 2316 11 3733 15 2579 12 3424 14 2940 16 4136 17 4007 18 2784 19 2391 21 2580 22 4470 23 5077 20 3911
2870 -3.9442806987622263 2.9127049727817176 5.0980688505705745 33 35 19 1.1761467106223638 27 5009 26 2661 28 3737 29 5525 30 3425 31 3531 32 3064 35 6518
513 -4.1170949492413262 2.9285472872641138 4.846056146341196 156 161 164 1.3371664186956296 13 3940 8 5508 6 3469 7 6000 3 4508 5 4975 2 5227 4 2616 10 4145 9 2317
2871 -3.5125127760776418 2.5432989973795426 5.9415061451536157 31 33 12 1.2703361451758544 27 5006 26 2665 25 2348 28 3749 29 6036 30 3648
514 -2.4429958993066854 -0.92993536759424889 3.8213029457055128 89 100 39 1.3105378680662827 13 3954 8 5517 4 2627
2872 -3.370357039072382 2.5322515889967114 5.8820881530819733 56 54 41 0.6055882288330322 27 5012 26 2670 25 2099
2873 -3.4585485637271005 2.6820912938427179 5.3348664105003154 65 67 53 1.5385132319276256 24 2409 26 2672 25 2353 28 3752 29 5826 30 3434
516 -3.4298588477099177 -0.60675864170108207 3.979326175126817 94 114 39 0.51160917220910307 7 6018 13 3962 6 3483 2 5148
964 -3.2970269385896396 2.4891306721925752 5.5684554223671094 161 176 135 0.50698689589455315 6 2714 3 3773 2 4220 7 4885
3321 -4.1397138500880155 -1.5347045564100694 4.3667340300215383 162 76 101 1.8266760544294653 30 3454 31 3818 32 3286 35 6741
3182 -4.9216612593412155 -0.54817885974639391 5.7677167261765758 178 193 214 1.3496529401712547 28 3556 29 5671 30 3264
980 -3.3455821283629725 2.59750336481126 5.7189924007391344 79 77 54 0.9270537322171496 6 2994 3 4040 5 4531 2 4778 4 1946
3337 -4.0343977884766131 2.9254670482570257 5.0534659169089631 131 154 98 0.48100817885063213 31 1464 32 1858 33 1105
3198 -4.0360303877026142 -1.6941886387514378 5.8110242529964209 193 151 175 0.86712355082767856 28 3491 29 5861 30 3472
981 -3.3459928096631391 2.5961747712239518 5.7075135168413995 79 77 54 0.99283890491235249 6 2995 3 4041 5 4532 2 4779
3199 -4.0317198720661844 -1.3893029363102354 5.5102022443564085 187 133 153 0.7851019767998858 28 3791 29 5876 30 3194
982 -4.9038123638100792 2.9093548551012631 5.1588177319693207 92 89 56 0.94961001581440385 6 2754 3 4060 5 4551 4 1780
3339 -4.4300614449900335 -1.4582100556418902 4.9693053953237358 167 123 140 0.93019762410122497 31 2136 32 1964 35 3752
3200 -3.5251596168997033 -0.70436010029443186 3.5270124761906083 113 164 33 1.2341224929767762 25 2168 29 5885 31 3597
843 -3.5680243558616169 -0.22915324510450949 5.2636789502077841 77 99 60 1.7025303566216738 7 5937 6 3502
983 -5.0094916618192418 -0.64250696899478654 1.9738556473085078 203 211 188 1.6936970236506397 7 5570 3 4082 5 4568
3340 -3.9148363650644864 2.4543557616736189 5.3654222665895697 68 75 41 0.41370835238468501 31 2850 32 2171 35 5263
3201 -4.2099392405099936 -0.97150765492257618 4.8206458475134388 91 38 48 1.6959620148468435 28 3529 29 5888 30 3502
984 -5.0098324539521162 -0.6504456640000692 2.0897450650064506 124 146 99 1.4531804322769855 6 3036 7 5573 3 4083
3341 -3.1733166392085712 2.4194546684067295 6.0598013904723942 90 57 67 1.6788935064683699 31 2922 35 4672
3202 -5.2212565445789965 -0.89850159859885281 5.2370990890331823 69 93 77 1.6959210143788308 28 4013 29 5892 30 3505
3203 -5.1118703265303216 -1.1776899299796701 6.1967195928928032 123 150 119 1.6127680222653058 25 2412 28 3810 29 5895 31 3619 31 3864
986 -2.8715391906941234 -1.1780456115372755 3.6187414891748291 126 147 52 1.6144226688954977 8 5082 3 4086 5 4579 7 5755 3 4271 2 4998 6 3379 4 2517
3343 -4.1782487152622494 -1.5133025757738323 4.3979624245697027 152 81 111 0.6735317754890775 31 2087 32 2227 35 6247
3204 -4.5863912384380265 0.83419874443490594 4.4441184507803859 80 111 61 1.083595454012992 27 5307 28 3878 29 5954
847 -4.3654358272902654 2.2567212046967065 5.3300295249746643 57 46 26 1.3334951324663042 7 6056 6 3537 3 4498 5 4965 2 5214
987 -4.5761876185531154 -1.3399188178587136 4.5135851888828373 155 100 105 1.2080614974315247 8 4852 3 4097
3205 -4.158890869164459 2.256224857713748 5.2967243243667363 41 67 35 0.00720687574805161 28 3932 29 6004
848 -4.0211923767075657 2.9788265981483297 4.8227082367680802 83 49 37 0.19495681951795168 7 6067 6 3545
3206 -3.7898750494494804 2.3658581573629633 5.6180107645248736 38 32 24 1.9162416647439864 28 3707 29 6019 32 3261
849 -3.9224433027705374 3.1002840351330172 5.0220991913764284 125 79 55 1.2443314057368959 13 4014 6 3546 2 5285
3208 -3.6352947717410502 2.6997750945623107 5.3827782621230789 48 54 44 0.37384085397778777 28 3744 32 3072
851 -5.0010485024436688 2.7285719029600091 5.864606753485293 108 111 90 0.62652574552736284 6 386 3 459 5 1374
991 -2.9403850279871153 0.33836067971183231 5.043538897403061 76 94 42 2.2166860222492635 13 3577 3 4191 2 4700
3209 -3.5482337351725919 2.5341408123664828 5.8613238942635473 16 13 6 1.8046801108787982 28 3961 29 6035 30 3645 31 3806 32 3274 35 6534
852 -4.87527576824173 -1.9869634123703328 4.5802077796950211 0 0 0 1.0616342683684801 6 509 3 619
992 -5.5677212691825844 0.73240472462287809 5.6729133811858121 86 112 73 1.9617447171285618 6 3128 5 4686 2 4911 4 2262 3 4198
3349 -4.1921157458551344 -1.6915878581630452 4.3781295152925166 222 201 209 1.2493672327691392 31 2933 32 2539 35 5859
3210 -3.2227599011235748 2.4414419436557262 5.6088915982932068 204 216 192 1.1687656690101054 28 3750 29 6037 30 3647
853 -5.6299930915863685 0.88760513961142173 5.5503341662136361 100 125 86 0.56514066519313588 8 2251 3 948 2 2172
3211 -3.8399956598711573 4.4962935316272299 4.3101565540234716 140 161 228 1.0283061253613084 28 3971 29 6041 30 3444
854 -3.3736937363421649 2.4806414862336745 5.7168991980155868 122 131 86 0.50014778713099628 6 1314 3 1105 5 540 2 487
994 -3.8729670466213202 2.5338907435864058 5.5748998348395711 25 24 20 1.1159249096526167 6 3357 7 5726 3 4239 5 4725 2 4961 4 2495
3351 -4.5518348285423906 -1.9150350522221211 5.4641416433175607 147 90 120 1.3219983679461098 30 2772 31 2937 32 2544 35 5868 33 2068
3212 -4.4938298983815423 -1.6400885052515617 5.2597316073416875 217 222 236 0.64785756623147306 28 3983 29 6057 30 3674
855 -4.8936890585067268 2.6817917637938118 6.1153943315701094 57 56 36 0.21823839051388449 6 858 8 1460 3 1127 2 1470
995 -3.8601258421049769 2.6320859246069297 5.3097751384642677 59 71 45 1.6349024418419991 6 3361 3 4249 5 4733
3352 -4.3678463295481151 -1.8019114072720632 5.657244741260393 164 119 155 1.2334260811966258 31 2955 32 2560 35 5882
3213 -4.012959487165026 -1.4642751296245782 5.6304912823342192 154 80 107 1.4552605299500392 26 2919 29 6068 30 3694
856 -4.8303119319725765 2.7552974153697702 5.9866568810334542 74 72 50 1.4316019645535634 6 391 3 1150 5 579 2 584 2 585
996 -3.9763561720442451 2.6700865998097743 5.3944110374083163 65 82 37 0.31216166401692974 6 3202 7 5536 3 4250
3353 -4.4190108568254507 -1.4408692534310894 4.981485243282326 108 53 74 1.2308259203829832 31 3311 32 2571 35 5890
3214 -4.522520043468238 -1.1219138475956976 4.8613684037564262 56 16 17 1.8744809495753496 28 4000 29 6074 30 3700 32 3140
857 -3.3767596527882491 2.7268074255193686 5.1994550217233453 183 178 173 0.70870601781021791 8 1694 13 931 3 1216 2 704 12 1042 14 845 16 1603
997 -3.9772018398793096 2.6727191253321605 5.4092515699682817 65 82 37 0.32531219359256608 6 3203 3 4251 4 2337
3354 -5.270281630173427 -1.2881472766109778 5.7950805826603462 175 190 193 1.0098303238926833 31 2644 32 2604 35 5473 33 2132
3215 -3.0845174362639347 1.2308675939589229 6.0864694393984697 99 129 105 1.3412026231217293 28 4093 29 6176 31 3754
858 -4.9699015235958282 2.8680237047216246 5.5328079780378632 91 104 62 0.36106215240692707 6 422 3 1233 2 723
998 -4.9068180732216184 -1.8833022868811136 4.5382325851723095 198 140 136 1.1809210913445396 6 3225 3 4264
3355 -3.5273375214147951 -0.58039971119965161 4.5225338999978861 170 151 153 1.716794398317748 31 2666 32 2623 35 5966 33 2143
3216 -4.2534558953369999 2.964396169211347 5.0786972583134151 61 62 46 1.3846782082473343 28 4246 30 3920 31 4072
859 -3.6455160422249699 2.8377185999011152 4.9582641263835416 119 108 103 0.85004901134611865 8 2761 3 1278 5 1504 2 1768 7 1957
999 -4.2647816265196408 -1.4083045084923591 4.3770247581960007 171 127 124 0.82378472288134152 6 3240 13 3694 3 4280 4 2370 9 2013
3356 -4.5967208255932679 -0.18295914921643888 5.5586607951996099 131 149 37 1.4974537023392556 31 3091 32 2657 35 5591
3217 -4.5111693584502719 -1.727678801622158 5.3146769621413901 124 72 89 0.95489679546400041 25 2740 28 4140 29 6205 30 3837
3218 -4.7505451667370275 -0.7704321054710298 2.2439904213078141 173 197 185 0.71859645237224568 28 4143 29 6206 31 3960
861 -4.0747276468485918 -0.49519794384294297 2.9145066352207842 143 152 103 1.8772226250087201 6 552 3 1355 2 939
1001 -2.6754879010341952 -1.0373728874950507 3.6768813224022887 154 177 96 2.6323054218080917 8 5298 3 4287 5 4882
3358 -4.3047986106489198 2.9112896909951549 5.1870976022709643 38 39 17 0.6534389941620512 31 3231 32 2808 35 6189
3219 -4.297251879748452 -1.710939485075117 5.6303175741572069 172 101 131 0.33110644632234143 29 6208 30 3841
862 -5.2818166985125803 0.0055981876396232338 4.2237690150179796 130 134 137 0.87421505457170612 6 1148 3 1477 5 1774
1002 -4.2166942082959435 -1.2873734394702587 4.4436202055117997 111 68 62 1.5673125459758561 8 5307 3 4290
3359 -4.3208346921877769 -1.6891144192882137 4.4347584465425811 223 205 215 0.4524506637388262 31 3274 32 2846 35 6547
3220 -4.5211455107519578 -0.64421506424415964 2.4779008854363997 140 171 127 1.3738697618957056 28 4148 29 6209
863 -5.2768961794687392 -0.00052874152664117056 4.2917248174736002 90 88 101 1.1369333893776397 6 1149 7 2240 3 1480 4 847
1003 -4.1752855661916772 -1.3038262951968873 4.5759511736496563 150 107 108 1.7581215262432075 6 3394 7 5596 3 4292 2 5012 4 2531
3360 -4.2384281249640559 -1.6682643545008295 4.4036442764527406 160 74 108 0.036772461863167266 31 3276 32 2848
3221 -3.9480018424251342 -1.0476944591919579 4.0231388567716548 180 134 140 1.4114327764083285 28 4153 29 6211 30 3846
864 -5.3589829123632313 0.15975970230828862 4.2010962395845644 140 145 156 0.75075769247153901 6 1163 3 1521 5 1002
1004 -4.4862381742581601 -0.56002863771448308 2.789802407429796 88 108 38 1.3255054269771267 7 5786 3 4300 2 5017 5 4762
3361 -4.5646473637121403 -1.5700137693823086 4.5085560146249142 225 204 213 1.6652737107372875 31 2941 32 2854 35 6248
3222 -4.5697351976026113 -1.1750794471069148 4.8288325480248719 230 224 212 1.098818068809249 28 4266 30 3850
1005 -3.8510750691139668 -0.37463850598759357 4.6761925638182333 208 216 219 1.8493968278760911 6 3405 3 4320 2 5035
3362 -4.3854838055015097 -1.809927954091894 5.6205670889099961 222 214 233 1.2162309038443213 31 3292 32 2863 35 5880 33 2076
3223 -3.7086638246734371 -1.1448662261528861 5.1039750968990045 54 57 28 2.6118385703474432 28 4271 29 6224 30 3947
1006 -2.9325773699952959 1.3419384860545349 6.4500760726515249 93 122 92 1.1897550046583723 6 3331 7 5688 5 4697
3363 -4.3618852072347147 -1.7016184248802511 5.553187971583732 171 121 146 1.756621674728436 31 3301 32 2873 33 2373 35 5889
3224 -2.6043987218640492 0.070183724866628702 4.6085116921771281 167 198 164 0.81617964316617275 28 4196 29 6260
867 -3.305832631375837 1.4727142961796411 5.8056408278009322 61 76 55 1.9269428360716536 6 1726 3 1729 2 2254 5 3404 4 1716
1007 -3.2160437409939315 1.4415977830204136 5.6379997086828171 52 70 45 0.9159251415821098 5 4835 2 5086 4 2472
3364 -3.4901994761047481 -0.79335328571603636 3.9978732066835034 176 172 146 0.1334146054443546 31 3342 32 2906
3225 -3.132882570688178 0.0085227431175305922 5.8575149605341084 210 229 185 2.1386040145321719 25 2813 28 4056 29 6264
868 -4.9276968867932451 2.8214549431172289 5.6756467547153697 133 132 111 0.18271359976998491 6 1368 3 1896 5 2250
1008 -3.1864876529297188 1.5017489229487428 5.0862126308216054 97 116 84 1.418441179415644 6 3450 3 4381
3365 -5.0352990272534477 -0.75389081708759498 5.6398657487211619 152 168 165 0.29919942128696358 31 2673 32 2931 35 6351
3226 -4.727826428180971 2.7320703074466612 5.1673124968917383 83 70 28 1.9741035200393648 28 4242 29 6289 30 3811
869 -5.0159348260924794 2.8633284749177834 5.7014226763703535 181 180 151 0.49363385051861808 6 931 7 3015 3 1910 2 2573
1009 -3.9152994378462771 1.6650298201288392 5.6378535722696475 201 213 225 0.71461707458049106 6 3335 3 4382 2 4934 5 4700 4 2480
3366 -4.9157888603246818 -0.73815071102504648 5.6715735963848308 66 88 77 1.3052833758292628 32 2932 35 6356
3227 -3.9363679449743301 2.5522248869391744 5.6516700120566457 6 9 2 1.3432051350721232 28 4245 29 6293 30 3637 31 3792
870 -4.645551598561708 2.8245222250719997 5.0899995857370683 94 108 78 0.8629685926504731 6 1408 3 1946 4 1022
1010 -3.9152994378462771 1.6650298201288392 5.6378535722696475 201 213 225 0.71461707458049106 6 3336 3 4383 2 4935 5 4701 4 2481
3367 -4.6322026032207129 -0.21006576975687691 5.5719055965541076 138 156 43 2.2146062410206806 31 3395 32 2961 35 6389
3228 -4.1434685800135416 -1.5104943052190576 5.5353435899362289 122 67 83 1.6094965168152822 28 4262 29 6316 30 3940 31 3973 32 3452
871 -4.4987151250276263 2.9339414339958902 5.2724203203590028 67 69 59 1.3136004335485365 8 4051 3 1974 2 3412
1012 -5.0634820438980901 -0.54739336025401331 1.9601491898194359 123 153 103 1.3859989535460118 7 5895 3 4424 5 4869 2 4994
3369 -3.6480566496301701 2.460562236377982 5.9019394065649715 182 185 164 0.80848889406488311 31 3535 32 3070 35 6526
3230 -3.3248858526585621 2.8708948475787675 6.2431473020177286 163 114 97 0.60040128064567178 28 4330 29 6366 30 4015
873 -3.9098861358574148 2.8509219401889898 4.7838796864797386 101 112 118 0.57542624987225788 6 1456 7 3138 3 1985
1013 -3.2843510077979712 -1.0318417586580675 3.8223899127760546 92 108 44 1.7730056379790913 6 3478 3 4433 5 4982
3370 -3.3457169582491977 2.4900922909093381 5.6672837643102731 22 24 6 1.1907620491933095 31 3540 32 3075 35 6730
3231 -3.7243562323514872 4.4799278108355605 4.2844327391224493 71 83 166 1.276409078378796 28 4331 29 6367 30 4017
874 -2.5068033483838241 -0.63707251701206735 6.0610238143075712 214 220 158 0.65553490304122708 8 2916 3 2119 5 2486
3233 -3.7440726710761303 4.7018121842927378 4.3833182416648384 114 138 208 1.1566274957362614 28 4332 29 6370 30 3929 31 3954 32 3556 35 6989
1016 -3.7406156707460045 2.6772126546037862 5.4673586563341265 25 30 17 1.9727552098709014 8 5405 3 4505 5 4973 2 5108
3373 -4.2284005120301948 -1.4046855920006591 4.4808808391082167 201 174 183 1.7168996741220208 31 2957 32 3104 35 6563
3234 -4.1394118163923093 -1.7564472052306097 5.8563072736477855 159 89 117 1.9038780631119667 28 2260 29 4003 31 2586
1017 -5.0549485372581433 -0.87438650780078808 5.6144620555912148 69 81 69 0.48585051703765997 7 6020 3 4525 5 4897 2 5150
3374 -4.1654051806184453 -1.0347820341536369 4.1859537160688225 79 36 43 1.4406423110517039 31 3592 32 3119 35 6582 33 2623
3235 -3.7063892269968335 4.3033870117735553 5.6212134273400034 191 160 158 1.4362634923739783 29 6369 30 3930 31 4084
1018 -3.2307501534092 -0.45043195221822618 4.2160604340660033 83 92 45 0.057045088677018713 6 3489 3 4528
3375 -4.1898098431470663 -1.0853669561302473 4.6661899999806931 170 149 151 1.5650669199117706 31 3336 32 3138 35 6590
3236 -4.0694509497810962 -1.548054407664746 5.7150517499460225 172 155 167 0.1217084159637408 29 910 30 628
1019 -3.3126009348423211 0.87651886023794057 5.1944383699939536 121 145 57 1.1941389819682122 6 3443 7 6041 3 4552
3376 -4.1713712180309503 -0.98270178913044981 4.8174663596005862 66 24 12 0.96880097340878413 31 3609 32 3150 35 6770
3237 -4.5250706948749198 -1.7629382079866738 5.4114192811311623 223 210 237 0.8206715080281145 28 1148 30 1125 31 540
1020 -4.7572476955716398 2.1672780209154174 5.7462327692267259 61 82 51 2.1565619401093583 6 3534 3 4569 7 6054 2 5278 5 5027 4 2684 1 1918
3377 -4.1713712180309486 -0.9827017891304497 4.8174663596005871 66 24 12 0.96880097340909721 31 3610 32 3151 35 6771
3238 -4.4816125387703583 -1.9017828324640229 5.6444160813255637 168 102 135 1.8081787401482929 29 2964 30 1572 31 2090 28 581
881 -5.2306391590865617 0.42044552025227189 3.9468796154325561 162 175 149 1.7953516657095268 6 1186 7 2377 3 2267
3239 -4.4899337031892523 -1.7170505118832164 5.3945729047587259 148 124 150 0.67276632799562741 29 2981 30 1591 31 1580
882 -3.6421523116103232 1.9796724299283357 5.4827042718314747 0 0 0 0.80850885463328248 6 2082 3 2450 2 3186
3240 -2.4901482725720028 -0.73685003413431949 6.0575225488567037 193 195 112 1.3792238878698853 25 1305 30 1817 31 1818 32 1675
883 -3.557741315599515 2.3405906849494382 5.8628208783871187 38 44 6 0.67912118917044906 7 2792 13 2356 3 2482 5 2891 2 2371
1023 -4.6161477841870733 2.5187674925630059 5.6484926949212282 136 133 100 0.71998483059010465 7 5520 3 4033 5 4523 2 4772
3380 -4.223566828974052 2.9668159961094234 5.0535158944044252 66 63 56 0.7770789928574553 31 3527 32 3265 35 6725
3241 -3.6801712545426404 2.0867584952264786 4.8673263139157044 103 142 98 1.3254089687122335 26 1772 30 1934
884 -3.6213263568983836 2.4085411798140872 5.9046285211151996 25 27 8 0.78792394448218217 7 3767 8 3329 3 2485 2 3225 2 3811 12 1775 14 1438 16 2612
1024 -5.0974108484626699 -0.84097169007006434 2.7396620430220224 109 132 63 1.805386499447694 7 5756 3 4272
3381 -4.5468642162092987 -1.8235626398320148 4.4999194795223154 168 55 59 0.71824048777092286 31 3555 32 3282 35 6884
3242 -4.020060282449947 2.3927650763232817 5.4577692820507604 57 75 41 1.9136265533362427 25 1647 30 1950 31 2457
885 -3.6385264140065523 2.5613341542046775 5.7253413784439529 95 96 77 0.79040708726908293 13 1967 3 2511 10 2555 11 2234 14 1796
3243 -4.488227193571273 -1.7318111566836343 5.4064081193334204 223 223 238 0.81895911402925214 28 2667 29 3971 30 2077
886 -3.4174737895856362 2.5971536391360925 5.7208680509445022 84 84 56 1.5033273178342064 8 4006 3 2517 2 3288 6 1330 10 2574 11 2247 15 1549 14 1468 16 2137
1026 -4.3474111787029175 0.90974450433218368 5.3197198841116684 202 214 230 0.67320855883974751 7 6042 3 4553 4 2577
3383 -3.9562525411227729 -1.408238603312739 4.3589760157940649 202 165 177 1.7880602995699773 31 3821 32 3294 35 6558
3244 -3.4090545148668259 -0.47442215104685209 4.8072969720852994 0 0 0 0.34320974512671937 26 1658 28 2351
887 -4.81209769189008 2.7078860614790057 5.9809802745258809 152 150 125 0.28235018808228152 6 1792 3 2528 5 2932
1027 -5.2838927714489161 -0.32663688482241304 4.3169926628756974 138 135 141 0.56301929199396894 3 704 7 2137 5 150 2 979
3384 -5.1256631684564145 -1.1594226535553622 6.2076095536191751 113 143 107 1.1192695019590078 30 3508 32 3323
3245 -4.22107706835091 2.9183284134976391 5.2122431836897727 55 55 43 0.63245958349573594 28 2993 30 2401 31 2488
888 -4.8606579529102545 2.7283669999518643 6.0597845214913812 147 144 125 0.55937448583589933 6 1795 7 2901 3 2530 5 2210 2 2467
1028 -3.2843657494007568 0.14591086622946037 5.7849390878822158 157 170 148 1.1699492743235433 3 255 7 1209 5 329
3385 -2.3151862548924944 -0.53486741404566607 6.2631146001523659 99 59 49 1.5379662054906125 31 4022 32 3366
3246 -4.3044696723047071 2.9528187983964944 5.2664095926585945 53 56 47 0.72895656974568546 29 4574 30 2402 31 2876
889 -4.5255878128955578 2.6879202211425492 5.3355701556316282 50 86 11 0.55901246919091274 6 2141 3 2548 5 3945 2 3877
1029 -4.9871958919107051 2.7773756690833915 5.8548627275823879 105 102 83 0.64286747749871165 6 897 8 528 5 593 2 605
3247 -3.3400089371328741 4.1491658613573472 5.8816775723192487 138 92 94 1.8433068284687424 27 4389 30 2438 35 5351
890 -4.9390579594941384 2.8428279136921346 5.6947922010760266 61 66 35 0.79443858454766636 6 1372 7 3894 3 2570 5 3557 2 3335
1031 -3.3939122172361826 2.6807864006612419 5.2704261454674439 152 156 154 0.17752230006664163 3 490 7 730 5 614
3388 -2.5352561601377461 1.3274844729278048 5.9384903154257085 112 148 122 1.3615739850420889 31 4066 32 3409 35 6864
3249 -4.1691858259143331 -1.5035598126392231 5.4836243163312872 178 106 122 1.4073646493358629 28 2276 29 4036 30 2488 31 2160
892 -4.5087192985416893 2.8424151673241638 5.4976255805962477 84 97 67 0.2003536450088701 7 3915 8 1641 3 2581
1032 -4.0675381130256829 2.9417643667281181 4.8256766969593485 123 124 123 0.23563052909014315 7 2024 5 699 2 1849 8 1828
3389 -3.7569444468193502 2.3707147756565101 5.7750048078392693 142 152 127 1.1445827570468836 30 3818 31 3942 32 3414
3250 -4.5230865087111818 -0.11293566386210771 5.7645361420404253 130 153 101 0.39729188041350783 28 3252 30 2616
893 -4.4962935997585785 2.9636296600972343 5.3200424620878728 31 34 25 0.52283992821535685 6 2199 3 2632 5 3043 2 3427 7 3953
1033 -3.2648404632080581 3.8699793525752231 6.1094794330460234 0 0 0 1.3547792811332002 6 1034 7 873 5 708
3390 -3.5062373074154221 2.5483535426256325 5.9492036818489415 3 3 1 0.94523079930388043 31 3952 32 3427 35 6984
3251 -2.4896148154921387 0.14152368883761327 5.8273410772403436 157 187 159 0.7973037993908445 29 4381 30 2653 31 2366
894 -3.9932620282385947 2.9288852258048248 4.8440556000841779 113 111 108 0.39200860314149388 6 2211 3 2656 5 3063 7 3982 2 2716
1034 -4.6738358159935878 -0.15956807723071284 5.4473546785066098 171 185 109 0.25832345125085882 7 1110 5 983 2 175
3391 -4.2130852095272271 -1.4243074173715646 4.4030863396992013 137 44 55 1.3028451328581387 30 3671 31 3822 32 3434
1035 -5.370339811846466 0.16097500870455395 4.1949345483686091 153 156 165 0.64684679800698985 7 2300 5 1004 2 1066
3392 -4.1594001462479389 -1.4233511773552019 4.4099649688920106 137 44 55 1.0277765003277139 31 3823 32 3435 35 6889
1036 -5.1755491591307141 0.18209752274144508 4.2264517388669995 57 42 45 0.84081842772039728 7 1151 8 1081 5 1010
3254 -3.5698367716506914 2.7757327577808173 5.0276850885960291 215 223 236 0.49244310088322013 29 5140 30 2734 31 2893 32 2198
897 -4.8752048554278593 -0.51824665878501464 5.1414297429712592 197 209 190 0.51967035907214632 6 2812 4 2020
1037 -3.1968678093984635 -0.069722741522087142 5.7522653183557795 132 150 117 1.1284021384084015 7 1155 5 1016 3 851
3394 -2.7518803182270544 1.4566590823094441 3.3223595964938677 181 200 178 0.20348543047682244 32 3517 35 6441
3255 -4.1574511153454816 -1.622905637413379 4.3472513196059905 152 62 95 1.9555205658597168 30 2762 32 2849 35 6548 31 3277
898 -5.3216572842211125 -0.18413726820784224 4.2891709220272647 86 81 78 1.1477229931618982 7 4113 8 4172 3 2747 5 3177 6 2274
1038 -4.6890045389660386 0.044057934076232222 5.3343272204216525 55 56 50 0.4516386855923103 7 1173 5 1028 2 2073
3395 -3.3394362785947953 1.5602774317029413 5.7326346606733658 85 117 93 1.0805861992659378 32 3536 35 6972
3256 -4.5203051935089151 -1.8874476849764417 5.479815056687011 191 137 160 0.85546406760017724 29 5175 30 2774 31 2939 32 2545
899 -2.9374230224712972 -0.42750375405358459 6.164098138293002 155 181 117 0.38763957602738824 8 4195 3 2764 5 4087
1039 -3.608672076092863 2.0050306376126583 5.2100361138770035 88 104 82 1.109972495237268 3 1065 7 1589 5 1275 2 2335
3396 -4.1874456681054832 2.959020694231588 5.2273728188577397 13 11 0 2.065780357185572 31 4075 32 3545 35 6869
3257 -4.4582253278852821 -1.6918616742162311 5.3889585692063218 144 106 147 0.74387305644511204 29 5189 30 2792 31 2958
900 -5.4214939752984517 0.056178167849714675 4.1447494295286429 71 79 80 0.99605442816671308 6 1970 7 4152 3 2775 5 2547 2 2884 4 1463
1040 -4.7307481930981101 2.1430569024945711 5.8958749830328339 103 124 85 0.57300305343152791 7 559 5 1286 2 1351
3397 -3.4475120329812348 2.5609224197843887 5.7401618962039596 172 172 148 0.81406070634537231 31 3950 32 3552 35 6981
3258 -4.5423789690809055 -1.5206391400189694 4.941528194275592 136 72 97 1.9450500236486914 28 2679 30 2799 31 2963 32 2564 35 6268
901 -5.1644242074097884 0.082967986209291175 4.2039861334292477 158 154 168 0.60851657661265501 6 1975 7 3390 3 2784 5 3240 2 3578
1042 -3.6436004122057755 2.3338684868811228 5.8328202027786729 148 157 136 0.23561054848374061 3 1796 6 826 5 1304
3399 -4.3101568958056955 -1.8369843703160904 5.8670167422735551 0 0 0 2.2424178866425231 31 4092 32 3567 35 6997
3260 -3.6044062715622589 -0.54442531764620672 4.546605653780369 72 54 21 0.83775845254398518 29 4826 30 2919
1043 -3.6243490704716819 2.5284458860691168 5.7297157009756452 113 108 88 0.99811232333594635 3 1113 7 2857 5 1327 2 2431
3400 -3.4238280999283468 -0.96250177822972816 3.740247326296442 0 0 0 1.337822614607052 30 3189 32 3573
3261 -4.9974763767306971 0.057499532503315597 4.0676326598499726 119 147 63 2.4536336764504427 29 5910 30 2934
904 -4.6620219900054787 -0.051989155349844524 5.4088161008368862 96 118 35 1.1270579220399333 6 1619 3 2799 5 3254 2 3588
1044 -3.5875291815239732 2.5991614794282918 5.6559485803074958 55 58 30 1.2811986501225887 7 1720 5 1355 2 552
3401 -5.3435154168953725 -1.3463139712673673 5.8066409025563255 18 24 21 0.2976001739292532 32 3579 33 3030
3262 -2.9611071712146337 -0.58903956086474651 5.9736830164632941 114 147 74 0.99695520803849247 29 5339 30 2969 31 3093
1045 -4.8227701335710815 2.6976201143880991 6.0556556666146868 137 139 104 0.4605094068319352 3 1138 7 1715 5 1359 2 547
3402 -3.573216318787706 -0.049289317961192153 4.4060990937819309 144 166 81 1.5133814629198874 31 4125 32 3598 35 7028
3263 -4.2848429181105328 2.4837590557254949 6.2152209166621661 67 75 62 0.52633478360147012 29 5502 30 3099 31 2480
1046 -5.0214693027629664 2.7019542842565505 5.9013150339744316 110 111 93 1.5844588178327619 6 870 7 2897 5 1367
3403 -4.6427359845025507 -0.27730611950099404 5.5980215304438365 217 223 149 0.33359605025153094 31 4126 32 3601 35 7030
3264 -3.7904068573186613 2.4587235761283233 6.2966054046988251 17 18 12 1.0233471105829892 26 2381 28 3733 30 3118
1047 -4.463365503874237 2.6271184712374334 5.4101293805433093 106 138 73 0.25490661745284648 7 2913 5 1369 2 1523
3404 -3.1662773834226403 1.0591671067929562 4.3339574803225904 124 166 68 1.1554616882469346 31 4147 32 3623 35 7044
3265 -4.5464041444856829 -1.7032880815893954 5.2750135013517809 220 218 239 1.8598067461002608 29 5565 30 3161 32 2861
1048 -4.8240345760245367 2.761072618985104 5.9656164034528851 144 143 113 0.42884960942073125 6 890 5 1380 2 1550 7 1756
3405 -3.5287509361252041 0.8616892499846095 6.478151221874211 148 170 167 0.6916333941037881 31 4153 32 3633 35 6968
3266 -4.4722849835997236 -1.4453123260441014 4.9401307690975251 214 184 192 1.052474593794303 29 5580 30 3172 31 3306 32 2879
1049 -4.8818430006319291 2.7902323763849912 5.8499885566537033 70 72 51 0.26049111060756497 7 1782 5 1400 2 1582
3406 -3.5287509361252041 0.8616892499846095 6.478151221874211 148 170 167 0.6916333941037881 31 4154 32 3634 35 6969
3267 -4.4722849835997236 -1.4453123260441014 4.9401307690975251 214 184 192 1.052474593794303 29 5581 30 3173 31 3307 32 2880
910 -5.3889826996664025 0.29603026946769417 4.1087798190933738 103 110 92 0.45520390124498666 7 4213 8 3751 3 2828 5 3276 2 3611
1050 -4.9832179570816653 2.840195209795251 5.8002855481183504 102 99 84 0.56950176061110491 7 2992 5 1420 2 2550
3407 -3.8437311148212299 2.0759985999513981 4.9342250735735753 85 117 78 1.4776146957200342 31 4160 32 3642 35 7056
3268 -3.6415185264759224 -1.2116559373382918 5.065849164995238 195 176 169 0.68412240138493541 29 5613 30 3207 31 3598
1051 -5.0402109105010036 2.8842231976302508 5.4179724586821738 141 143 135 0.52657908167816125 7 3055 5 1470 2 2607
3408 -5.006469545517743 -0.72868098070909126 2.6452981700332439 176 199 171 0.65326809690524601 31 2131 32 2249
3269 -4.7332460731922588 2.8957685255538328 5.0630915795160929 170 183 178 1.8238730871025344 29 5485 30 3387 31 3774 32 3044
912 -3.1441603878528643 0.50984889219170038 5.0686765125602138 151 176 135 1.1793889635621215 13 2253 3 2869 5 2659 2 2996
1052 -4.854411191577003 2.8947299518554916 5.3700732454930691 102 111 77 0.16055158821744561 7 1911 5 1484 3 1262
3409 -3.1417160033640128 0.53406204013979519 5.0157666595732247 49 68 38 2.2525797372240266 31 4032 32 3378
3270 -3.7728676231340499 4.3580617741594816 5.6075275200932433 195 169 163 0.023100820269690056 28 3973 30 3445
913 -3.1308225696639678 0.48893578315633346 5.2398694691752077 151 176 135 0.95869375397913781 6 2020 3 2870 5 2660 2 2997
1053 -5.0470115118431673 2.914342961857991 5.3774679562273349 159 164 160 0.34392899755799872 7 1917 5 1489 2 1724
3410 -3.1417160033640128 0.53406204013979519 5.0157666595732247 49 68 38 2.2525797372240266 31 4033 32 3379
3271 -4.3450945166027637 -1.6693418166641409 5.4183143348744753 201 181 203 1.0564940031677159 29 5856 30 3464 31 3577
914 -3.5399479633273696 2.3760696742274745 5.9558262670129025 105 110 90 0.36301756462442575 6 2095 3 3002 5 3473
1055 -5.1059934858646834 -0.78519948925866112 5.2316292662633943 217 220 213 0.39727620201947877 3 1371 7 3239 5 1622 2 1910
3412 -4.2029696527115661 -1.0561620421410269 4.2980081084107544 95 74 68 0.69259225478002651 32 90 33 1206
3273 -4.6088448382809739 -1.1154109926744453 4.759096738011606 132 63 61 1.1212839758118613 29 5878 30 3493
916 -3.9656405987555261 2.4279465824072477 5.32366479102489 113 111 90 0.7376508346072802 6 2414 7 4447 3 3017 5 3494 2 3821 4 1741 8 4423
1056 -5.2099216724291715 -0.27987561737866906 4.414697022584086 59 46 55 0.77817406992953275 7 2163 5 1675 2 2826
3413 -4.0340821416546859 4.7377828561356985 4.5648364021305081 135 145 169 1.0378083857118039 31 477 32 1005 35 2269
3274 -5.0352636051176329 -1.0877165441956951 6.0894491993510629 106 138 98 0.094964396887060792 29 5897 31 3622
917 -3.4237056887416029 2.4679188269518506 5.7131069418018354 40 46 11 0.28265113166387568 6 2108 7 4449 3 3020 5 3496 2 3824
1057 -5.4758117955023966 -0.11022924919899042 4.163682557724063 82 80 66 0.74462490559428185 7 3321 5 1727 2 1989
1058 -5.2834222842613414 -0.12240896507569385 4.2604091003692472 122 119 126 0.69120259652812033 7 2206 5 1735 3 1455 2 1993
3415 -4.7621981408516065 -0.39287990695469988 5.7314536655124027 84 113 97 0.84906829728289956 31 1794 35 4114
3276 -4.4679031935824387 2.1744658685883365 4.9957578118232364 0 0 0 0.75243244704806056 29 5995 30 3613
919 -3.2608127582975506 2.5083537390537227 5.658972502477881 63 66 49 0.61738670086499958 6 2423 3 3026 2 3834 4 1942
1059 -2.6640542328563361 -0.533858803695201 6.0869688634294992 94 105 66 1.5198128763052734 7 3316 5 1736 2 2859
3277 -4.4679031935824387 2.1744658685883365 4.9957578118232364 0 0 0 0.75243244704806056 29 5996 30 3614
920 -3.5698236714389364 2.5647818259891717 5.8145526944028747 110 109 79 0.56422176102767985 6 2119 5 3508 2 3836
1060 -4.6988831772623643 -0.14592493102948481 5.5498141578277078 150 171 70 1.3696914345640687 7 2268 5 1800 3 1504
3278 -3.811751863130787 2.2877489060283938 5.5331974355424327 53 45 37 1.0955355445993658 29 6014 30 3627 31 3778
921 -3.6409669311971422 2.5764017714762573 5.6878829215070965 39 40 26 0.19113992573358526 6 2125 3 3034 5 2924
1061 -5.4608282005443405 0.14293929754032381 4.0309902663471542 121 121 81 0.78373906308847197 7 2277 5 1801
3418 -4.5938280800554265 0.55024715292682791 6.3068324517892123 37 54 36 1.1614652408733057 32 2708 35 6088 33 2218
3279 -3.813769985141517 2.4100137684497387 5.7204284623568391 46 48 34 1.4941917419542794 25 2538 30 3633 31 3787 32 3263 35 6724
922 -4.816730329714888 2.7172492117861129 5.891689657645049 62 60 37 0.41609123447087576 6 2130 3 3043 5 3529
1062 -5.5298827495912413 0.1186310746021051 4.2004068867728144 122 121 100 1.6604587781246538 3 1508 7 3396 5 1805
3419 -4.1690952913930888 -1.7633643533269421 5.8532273522022313 160 80 97 1.2560712021974085 32 2878 35 6277 33 2376
3280 -3.4355186624866758 2.5878501721951435 5.7985037175051009 53 54 28 1.2475217639411453 29 6039 30 3652 31 3813 32 3077
923 -4.81247225082992 2.712219113616658 5.8656962814462466 62 60 37 0.72888441775444168 6 2131 3 3044 2 3297
1063 -2.6217193588972196 0.033476261183741196 4.7949307092390461 0 0 0 1.2393933218340278 3 215 7 2290 5 1827
3420 -3.8306051211515553 2.0720692665940188 4.7727860759947962 98 133 101 1.4640523623108768 32 2770 35 6477 33 2257
3281 -4.4260405921185795 -1.8888293097318736 5.6231465637372393 234 215 235 1.9943599596803654 28 3765 29 6049 30 3663 31 3820 32 3433
924 -4.8063748088595837 2.8173676246654957 5.318165086128845 224 234 209 0.40206529315482636 6 2163 7 3914 3 3078 5 3964 2 3354
1064 -5.2238291672277848 0.17005195899224607 4.1818463347765222 171 166 163 0.36814258837215652 7 3416 5 1829 3 2204 2 2048
3421 -3.4961532922057357 2.8325556520379229 5.1700838919101795 128 106 102 1.0756082209980018 32 3276 35 6532
3282 -4.7534110637071398 -1.7175325342913956 5.1127874020019544 0 0 0 1.223282612278366 25 2739 29 6050 30 3664
925 -4.7562078649332076 2.8270705520378021 5.1765379055084422 90 104 78 0.6894517505452703 6 2170 3 3086 5 3569 2 3375
1065 -5.2244808763776867 0.16916327271617257 4.1872083693654334 171 166 163 0.18016288385088752 7 3417 5 1830 2 2049
3422 -4.5390384587012873 -1.7584451808450516 5.3700827829594022 209 212 227 1.0711191595714435 31 3288 35 6560
3283 -5.1495706655642559 -1.0568228196213443 6.0832553843396555 107 138 103 0.48220331102479475 29 6325 31 3997 32 3476
926 -3.8383951501224254 2.8425418483540983 5.3471808919241726 16 25 8 0.70997003844834672 7 4526 8 3480 3 3090 2 3908
1066 -4.6815974387247481 -0.028748964881740686 5.3343602539124158 125 146 73 1.3183987233079935 7 3414 5 1836 3 842 2 2052
3423 -3.7399452374999869 -0.94972067793994341 3.9166198895698119 0 0 0 1.3446342601141754 35 6579 33 2385
3284 -5.089175260896881 -0.7175209470321553 5.9662820880566407 113 140 127 0.027936688384679272 29 6238 30 3867
927 -3.8569474213443318 2.8458419940019906 5.2511155984919906 61 62 48 0.94666238836104077 6 2474 7 4529 3 3093 5 3576 2 3910 4 1591 9 1351
1067 -5.1894051544275435 0.18912084379754887 4.1820758640450419 157 152 149 0.33493044899893382 7 3427 8 3024 5 1838 2 2057
3424 -4.4119727518779941 -1.128902761088151 4.8688996750881026 47 12 2 0.38749705491118225 31 3849 35 6591
3285 -4.9128091650621943 -0.61959930170800059 5.9701229301550196 77 104 73 0.14594118835142378 28 4174 30 3870
928 -4.4883876693131928 2.9138347672241935 5.192863703500131 62 62 60 1.4530649012413022 6 2194 3 3104 5 3982
1068 -5.3696631863600093 0.20883120692128243 4.1225825851386926 167 168 163 0.66435240619943603 7 3430 5 1840 3 2217
3425 -4.3278846426752411 2.2331524524409301 4.0901548795197478 142 165 149 0.72083909829622039 32 3019 35 6702
3286 -4.2059225358658781 -1.7977306208074222 5.7770653887619901 224 217 233 1.5587218278706152 29 6309 30 3935 31 4093
929 -4.8084171080101266 2.9360142039754571 5.1884584953957278 44 42 32 1.0139336369081311 6 2193 8 4480 3 3109 5 3036
1069 -5.3597367957673088 0.21651773997755278 4.1450937862734003 164 169 160 0.49320201447570311 7 3434 5 1849 3 2812 2 2928
3287 -3.5659821727253265 2.7940337459863533 5.0411398523448794 142 149 162 1.7326414948326756 25 1699 30 1990 23 3158 20 2515 28 2630 31 2514 29 4614
930 -4.1829038986276172 2.9987505267634487 4.9634032250266165 100 96 97 0.37446462757547794 7 4574 13 2466 3 3124
1071 -3.3747387531894057 0.6665951973540416 5.6043722420123174 64 84 49 1.2607799245138054 3 2317 7 2462 5 1951 2 3014
3428 -4.9592882814397825 -0.74372871617957514 5.9404785002420475 93 114 97 1.7415203440807987 32 3338 35 6798 31 3875
3289 -3.4736195531680014 2.2494080065754134 5.9198568813357477 42 46 29 1.6359164896076248 29 6028 30 3422
932 -3.6626776158212104 3.958338219077882 4.7226633123824131 127 80 54 0.112341215198856 6 2221 2 3945
1072 -5.075631962039564 1.2305366513027387 5.2820724043333476 172 171 151 0.23354111671131464 7 3656 5 2051 2 2215
3429 -3.8533300354082205 0.5495681742476326 6.5135622614213871 45 74 10 1.4924764452534953 31 4049 35 6842
3290 -4.2000126044285286 -1.2303942894358699 4.4789473731395395 113 43 51 2.6098819625692711 28 3497 30 3479
933 -4.0810093945273112 -1.2460156627538366 4.4299862647040955 67 32 18 1.6250034602966927 6 1923 3 3175 5 3116 7 5024 3 3546
1073 -4.7363027668337185 1.942561111885359 5.7405193146294522 50 72 35 0.5214532513692699 7 2705 5 2120 2 1314
3430 -4.3133096432513494 -1.7732691633847393 4.4207755744777426 151 49 61 1.9050013103220198 32 3281 35 6882
3291 -7.5530569564401775 -0.53672595690122049 1.803475293321624 0 0 0 1.184209134752662 28 3485 29 6055
934 -5.2119920465139096 -0.10374101871426628 4.3493458056567968 69 60 64 1.8618295396242448 6 1964 3 3231 2 3553 5 3208 4 1650
1074 -4.693252822890968 2.008700320676299 5.6654499907419966 94 110 72 0.35228518017575305 3 1760 7 2725 5 2124 2 3182
3431 -3.5763770409418711 2.4808253916446739 5.9210784963133944 142 159 114 0.44647172075847885 32 3646 35 6980
3292 -4.3529698745417162 -1.8019722663304187 5.6572296174366361 162 75 95 2.41190365436089 21 2023 22 3854 23 4473 20 3305 27 4782 26 2423 25 2129 24 2066
935 -5.4568864822056202 -0.04003713183437884 4.1535508970283832 86 85 80 0.18658900750831178 6 2279 3 3232 2 4027
1075 -4.6268098037593557 2.0900343858789738 5.6765900287135436 117 135 87 0.37157717291028103 7 1593 5 2135 2 2337
3432 -4.4336995319272114 -1.7378230375111949 5.4078974732962122 211 212 232 1.0358710911139926 31 4091 32 3564 35 6995 33 3020
3293 -2.490107337614921 -0.74526051013688166 6.056205626932547 231 229 174 1.8382974898943718 25 615 31 801 32 759
936 -5.4975486021489575 0.084583919427646273 4.12518465167346 82 81 63 0.42012071201881473 6 1971 7 4686 3 3253 5 3746 2 4040
1076 -3.3983309167352109 1.9916371084817164 4.6609578820139115 211 219 206 0.25121136828754503 3 1769 7 2755 5 2138
3433 -3.3625269162262459 2.5704791700697549 5.4972534457874138 16 22 18 0.018890083695003307 32 3647 35 7058
3294 -4.5316912391593496 -1.760352144654062 5.4015871920090461 178 169 196 0.70080655196958208 28 1150 30 1586 31 1093
1077 -3.6709673752654681 2.306459429604133 5.7766899694137832 171 183 147 0.70873260986862829 6 1291 5 2161 4 957
3434 -3.2966602418326527 4.132474944643171 6.1756115266695017 0 0 0 0.2131855488738916 32 3652 35 7061
3295 -3.4186991010580963 2.7269648763671444 5.1264405472779186 148 157 166 1.0391973740674483 25 1452 31 1490 35 3537
1078 -3.7911280936597098 2.3364823363359024 5.5828347290189617 68 78 53 1.0789235152258652 3 1094 7 2800 5 2168 2 1394
3435 -3.7512037695110907 4.7026346585935368 4.4420396870145522 24 29 64 2.3391326465922821 29 4656 35 5851 30 2757 31 2550 33 2050
3296 -3.3616880456800615 2.6936739603087054 5.2351113373289317 163 173 183 0.60572705459938669 26 1554 31 1497 32 1449
939 -4.6065988541746652 -0.033450971015012737 5.2113427961024978 103 121 35 1.4344184225265009 6 1981 3 3262 5 3758 2 3585
1079 -3.6544718103099463 2.461334576654211 5.8988286059696469 65 64 44 0.3462873162595515 3 1813 7 2826 5 2175 2 2395
3436 -4.0818078744503383 3.4432275966442289 5.3484154093822394 0 0 0 0.47165595855905063 30 2429 31 2924
3297 -4.5565749432874547 2.9925359599619834 4.9211555767226569 31 35 36 1.0098782241449185 25 1419 31 1971 32 1846
1080 -3.3956367852431768 2.5346153939169835 5.7778764498413127 106 115 62 0.37433662580681348 7 2860 5 2195 2 3266
3437 -4.8659901264362873 -0.641308086319614 2.4207359556078596 200 216 206 1.0782998299099713 31 2588 35 4769
3298 -3.3124785823070968 2.6943076561046917 5.2900777313656793 140 127 144 0.84038247111135445 26 1213 29 3910 31 2025
1081 -4.6007576702731363 2.626015698852648 5.652818364279069 58 82 20 0.63314354786442617 7 2890 5 2208 2 3286
3438 -4.1294816166206783 2.2109414715254907 4.5871977220029194 83 115 91 2.2925979965004641 32 2466 35 5739
3299 -4.1324535664898043 -1.5646693127721392 5.6137606859558735 177 143 167 1.1334917211550275 30 2123 31 2158 32 1558
942 -3.0229983620953242 0.39465249868249164 5.0374227713825332 116 148 75 1.5377605461544721 8 4270 3 3291 5 3793 7 4728 2 4427 4 1865 10 3152
1082 -4.9333063069095715 2.7233683987650719 5.9908705684958781 159 162 129 0.40650708035892474 7 2905 5 2211 2 1514 3 1847
3300 -3.1211616562698512 1.025488000389783 4.6913724607748772 207 230 211 1.3361594152058318 30 2343 32 2433
943 -6.2000573661259804 0.6731297948361824 5.3561997198911753 99 128 97 1.8048171302693519 13 3030 5 4155 7 4745
1083 -4.9583307972884896 2.7395100830071692 5.9058957758021622 136 133 116 0.36795205807421838 3 2537 6 1338 5 2219
3440 -3.3974512255162375 2.5942967926999776 5.72911477951937 151 157 146 1.8104405512160386 35 6225 33 1780
3301 -4.016629130622305 2.8805573273449276 4.9330717937605231 122 130 107 0.4679467920206386 30 2403 31 2485 32 2492
944 -5.46897918903937 0.87474396911201313 5.649369770852271 111 138 107 1.473081486542168 8 3808 3 3315 5 3813 2 4112
1085 -5.0365316993052351 2.821209888148605 5.7060817304576554 48 48 30 0.40697788898134957 6 1361 7 3874 5 2245 2 2548
3442 -4.2290908217521217 -1.0266840008997886 4.2898533939830523 70 28 29 1.8554307143506055 32 2280 35 6298 33 2103
3303 -4.4373921659928355 -1.8842272596629455 5.6600550980769668 172 101 133 0.66656786739496487 28 2236 31 2568
946 -4.9761386592868515 2.6935382460724018 6.0169627168057271 162 161 140 0.26445967374030149 6 2432 7 4892 3 3437 5 3930 2 4234
1086 -4.9998526896333448 2.8332843177401661 5.6103247832870906 47 45 24 0.827039343806383 6 1374 5 2255 2 2570 3 1906
3443 -4.7659810491803398 -1.8194268359472832 4.4213932618706373 151 46 63 2.6647588233410775 35 6239 33 2338
3304 -4.5161527444759102 -1.4897375932479895 4.911532214007333 139 91 107 1.2956186934372564 30 2466 31 2583 32 2246
1087 -3.5228971847552759 2.7222720744335613 5.0663752619908013 181 183 179 0.25324153948172573 7 1878 5 2264 2 2588
3444 -4.4812694524429757 -1.7082289849222194 5.3216689537128756 89 63 101 0.6751360483944886 35 6748 33 2360
3305 -3.7643359058629624 2.445637528732405 5.746058125502155 77 83 73 1.5579147834914491 30 2400 31 2878 32 2497
948 -4.0525184313960727 2.6526588238035074 5.5065015131044088 53 67 34 0.48812741760223882 6 2452 3 3451 5 4278
1088 -5.0182037774957466 2.8583405208811987 5.5631346239089359 113 115 93 1.0618717277478227 6 940 7 1868 5 2266
3445 -3.7828243140839275 -0.78702860579044032 4.1321206196206637 94 51 60 0.69637420069750078 35 6319 33 2403
3306 -3.7191805301495133 2.5319080529344293 5.723335807339522 122 127 107 1.0924115001988823 30 2724 31 2886 29 5522
949 -4.6883829964901009 2.6984788173563605 5.5754314046907991 66 72 38 0.54731849154429624 6 2450 3 3453 5 3940 2 4242
1089 -3.5413816429624032 2.8019619954059536 4.9695681249574202 91 65 53 0.57332150947993832 6 985 5 2300 2 2637
3446 -2.9756668084226088 1.106272022874347 4.6260029432783982 113 145 96 0.99249753583942057 35 6686 33 2512
3307 -3.4463403038970961 2.6610648895254125 5.2871830352624025 166 168 148 0.78419979028675368 25 1895 30 2418 31 2902 32 2201
950 -4.6897242951261555 2.7362810209106927 5.6231817856857775 182 197 132 0.4686270124690376 6 2454 3 3458 5 3944 2 4247
1090 -4.997322275846563 2.9410614858853972 5.4184950471325166 76 75 55 0.26811229678952081 3 1958 7 3942 5 2304 2 1737
3447 -3.4351795360468196 2.4649060069421069 5.7123506169875471 164 177 134 2.3681446756797184 35 6216 33 2567
3308 -4.5146319720388766 -1.8862456127671194 5.4793988800011419 185 142 166 0.71806844759856947 30 2775 31 2940 32 2546 35 5869 33 1803
951 -3.7810144490162765 2.7207481572695706 5.4870113599766359 24 27 10 1.028753065453109 8 4460 3 3462 5 3949 2 3883
1091 -5.0123964531108687 2.9315892507811934 5.2775247970523749 119 122 126 0.31982911891678523 7 3095 5 2305 2 2645
3448 -4.4643359463668206 -1.6619170778622259 5.3147768377757592 107 79 109 0.37284015641288815 35 6749 33 2603
3309 -4.5707839126701622 -1.9193126294340579 5.426611552738251 171 129 145 1.4605900976453094 29 5171 31 3279
952 -3.7701926094844924 2.7228295561990867 5.3442735183385759 62 65 48 1.230091924891531 8 4463 3 3466 2 4257
3310 -4.5172979658523866 -1.8670303124527154 5.4436861286673599 157 98 133 0.4397810029935616 29 5559 31 3283
953 -3.7425880948962997 2.828620190955522 5.1774469080629082 68 67 45 0.30407395204554072 6 2185 3 3480 5 3578
1093 -4.7897886626464379 2.951652380832646 5.2451492752185596 46 47 29 0.21002250444978879 7 1966 5 2321 2 1780
3450 -3.9535920597006453 2.0765292200897831 4.8946252752781225 93 121 85 0.71042859302014771 35 6708 33 2756
3311 -4.5653846584432856 -1.8559168895220384 5.4128233798850118 228 229 242 0.65063799276013534 31 3284 32 3094
954 -4.0530896945905068 2.9080178478620353 5.0380107322642669 100 105 82 0.512779758564195 6 2487 3 3491 5 3986
1094 -3.8077124780611071 2.8687609809904306 4.9617667154050888 142 153 159 0.46060081715520362 6 1452 7 3128 5 2323 2 2671
3451 -4.0184089345979714 2.914931251854525 5.0586852374022175 150 168 130 0.63212785508657776 35 6867 33 2775
3312 -4.172514786423922 -1.0966744831067847 4.1285912355543797 152 125 127 1.8193398345539105 30 3184 31 3320 32 2883 35 6285 33 2087
955 -4.5737595399733886 2.9488517226900939 4.9220875011004921 53 53 41 0.80846742411921757 6 2209 3 3494 5 3989 2 4296 7 4569
2874 -4.1807865896984335 -1.6663265571099461 5.6670288019125232 228 225 236 0.87958425379285909 27 4787 26 2695 25 2579 28 3992 29 5859
2877 -3.7494209988860088 1.9556613559612499 5.7100097028131316 108 122 85 0.72222522219918406 27 5180 26 2856 25 2516 28 4103 29 6007
520 -4.9321357959174827 2.7976774611366153 5.8298996720905079 64 58 36 0.30172807830080228 13 4004 8 5566 9 2313
2878 -3.7544892332124506 2.1730009778389796 5.591874791450639 26 28 14 0.51899097642498282 27 4956 26 2866 25 2524
521 -4.924816332270237 2.786667489339048 5.8045214393390108 64 58 36 1.1792209367985234 7 6063 13 4005 8 5567 6 3542 3 4574 5 5031 2 5283 4 2695 1 1922
2879 -4.4651078442544803 2.9469987426007354 5.0992496205676181 29 24 20 1.5969566104969415 24 2395 26 2887 28 3715 29 5800 30 3399 31 3511 32 2801 35 6498 33 2285
522 -4.7471463768908109 3.335834639760888 5.5090209170605302 133 88 57 1.440334784594915 13 4013 8 5573 4 2701
2880 -4.1320556796143606 2.9264699693810705 4.9130036046931727 37 38 26 1.7530331600511608 27 5001 26 2893 25 2547 28 3954 29 6026 30 3821
523 -3.5996938828938525 2.6421695777776355 5.3647704649408068 66 69 48 1.0760155133113907 13 1476 6 404 5 586
2881 -3.3170915948657234 2.5075027678552848 5.5879718261352052 145 162 130 1.4983501894095315 27 5219 26 2898 25 2350 28 3443 29 5538
524 -4.4545807252058935 2.9450790848251178 5.1796234872131421 56 58 36 0.71899684693537591 7 834 6 445 3 557 2 805 4 340
967 -4.7013583420190459 -1.6102244630587652 4.5075976338521615 197 135 138 1.4560570849507026 6 3035 7 5341 3 3848 5 4573 2 4601
3324 -5.0788619634424332 -1.0235396910169683 6.2115383271998956 112 146 103 1.1681541207326955 30 3860 31 3999 29 6233
3185 -2.8429528063715259 1.4936360925685981 5.6916787095281052 120 154 130 2.5175488239067003 28 3683 29 5781 31 3200
828 -3.3870282061676211 1.0873672898078417 5.0460523983221659 111 132 99 2.0528568835819372 7 5848 3 4369 5 4823 2 5076
2901 -3.1483499525571137 0.98456807302169858 6.3176458673572755 0 0 0 0.47349820581155644 24 2726 26 3245
544 -3.5532329898005401 2.6890875059428807 5.2320669071963932 57 55 34 0.39114463976323899 13 1493 6 1377 5 2238
1097 -5.1220383956274302 -1.8220218540745405 4.6499223197611732 204 165 176 0.90329524971956321 3 2682 7 3183 5 2378
3454 -4.4754391881662539 -1.7831254384026929 5.3403011120665642 76 32 57 2.5240211366721632 35 6747 33 2592
3315 -3.7799016678904951 2.334146669436417 5.8085072325444234 36 32 21 1.246287129017732 30 3631 31 3520 32 2807 35 6192
958 -4.9958775318735302 -0.79599938343782739 5.686913887946619 157 164 156 0.71815539167479958 6 2799 7 5043 3 3565 5 4050 2 4352 1 1337
968 -3.0171821999206414 -1.1639912700688766 3.5976434985604571 131 155 67 1.3888045947165824 8 5083 3 3855 9 2004 15 2479 12 3327 10 3815
3325 -3.9310634806377336 2.1200175259485659 5.2243381320899696 62 86 50 2.3946157354008846 30 3913 32 3643
3186 -4.1634841661579607 2.3743179782824906 5.372187896292747 42 51 23 0.62716642979486537 28 3686 29 5782 30 3083
829 -3.6883644622900276 2.0274908614225362 5.225392321847866 60 72 48 1.2098594592074605 7 5983 6 3457 5 4842 2 5209
2902 -3.2227612264495806 1.5158489919394573 5.7360337826262935 82 116 81 1.3923407936880541 27 5562 26 3255 25 2935 28 4239 29 6286 30 3912
545 -4.7204637342502833 2.8016100405582378 5.1207905939716785 118 128 101 0.17858466908117768 7 1891 6 1398 5 2283
1098 -5.2326783195344513 -0.86109723288850226 4.9044214917970805 84 101 59 1.1306095492314538 3 2070 7 4054 5 2418 4 1628
3316 -2.3981980929715592 -1.2445730695640889 3.1660007507641006 176 192 178 0.96463078746982833 28 3762 31 3553
959 -5.3389478831100803 -0.2217302865823938 4.3017351542636035 81 74 67 1.6492464107678424 13 2933 3 3585 2 4641 4 2029 10 3056 14 2267 1 1347
969 -4.0889555314819992 -1.389531515368394 4.4319975851517359 96 60 42 0.68257789736438512 6 2781 3 3866 5 4348
3326 -4.5017596149652208 -1.8689471958822153 5.3936656014357665 178 137 165 1.4107457344143961 29 6303 31 4089 32 3560 33 3018
3187 -2.2949292879224963 1.3505496065508058 5.8761349171055866 113 152 121 1.2008649863435128 28 3701 30 3403
830 -4.6920745777089881 2.6078392448262915 5.8738468054391157 65 64 35 1.6135025774596021 7 5989 6 3460 3 4501 5 4969 2 5219 4 2494 1 1844
2903 -4.4271769654824666 -1.7559767993629951 5.4050475011638373 117 102 113 1.9011491443280606 27 5507 26 3182 25 2870 28 4254
546 -4.9441015117302261 2.8916815994917084 5.4440254404507202 102 115 71 0.54671144741319544 7 3056 6 1400 3 1248 5 1476
1099 -5.0944247477479321 -0.7101068518944208 4.9564933603228951 235 242 230 0.25691483766418982 3 2708 7 4061 5 2431
3317 -2.3981980929715592 -1.2445730695640889 3.1660007507641006 176 192 178 0.96463078746982833 28 3763 31 3554
970 -3.6621889785582309 -0.81023301574016704 3.6013711779339257 96 125 67 2.1945883166686886 6 2789 3 3874 2 4619 4 2006 9 1520
3327 -4.5212836827688987 -1.9104961078715177 5.5470847362929447 224 223 237 2.0365038737567911 31 4090 32 3561 35 6994 33 3019
3188 -4.5785012418957249 2.9889203124023731 5.1733768683622188 35 38 19 1.3250730410903349 28 3714 29 5797 30 3400 31 3513 32 3051 35 6502
831 -4.6338788415006089 2.6385940844612832 5.513163519708554 126 156 86 0.54019142974101975 7 5995 6 3461 5 4971 2 5222
1100 -4.9137961987237473 -0.77080596811265956 5.8395144571518713 199 199 196 0.86200948872330929 3 2086 7 3251 5 2438 2 2797
3318 -2.4968819582550803 0.1176704221799801 4.8121895573740128 133 159 132 0.98130120154764844 30 3573 31 3697 32 3370
961 -3.1494291201670728 1.3104439685800513 6.028081998475896 92 115 87 0.98092621462446972 6 2931 3 3712 5 3854 7 4371 2 4155 4 2114 11 3104
971 -3.5008808882934113 -0.64936695925978516 3.52667268957837 136 164 86 0.45332427129784159 6 3062 3 3882
3328 -3.3607751581085155 -0.54202436373209295 4.429295942314214 162 127 111 1.7285762913626805 30 3866 31 4115 32 3589 35 7017 33 3037
3189 -3.8132837004444244 2.3403524867927072 5.9998852231497564 46 56 29 2.2320401848578975 28 3719 30 3636 31 3793
832 -4.6339919540694554 2.6387615784513199 5.5139724737858282 126 156 86 0.70469800384575576 7 5994 6 3462 2 5221
2905 -4.3757161117523378 -1.8174390100013249 5.5958588821293302 153 107 135 0.49169284424191484 26 863 25 449
548 -4.9624812870956045 2.9350870447951438 5.2968236175786245 100 98 80 0.58383883007505155 7 3096 6 1421 5 2307 2 2646
1101 -2.6324676440563954 -0.60626479688791601 6.0214496731621603 212 226 137 0.43125788351860384 3 2742 8 2924 13 1626 5 2492
3319 -4.0984254793266883 2.0558868776562411 5.135655073094088 93 130 89 3.6503146711341157 30 3616 31 3750 32 3030
962 -4.9225133740274973 2.1047710186135151 5.8984627693596217 102 129 88 0.80337981841827799 6 2681 7 4839 3 3735
972 -2.8731908958359345 -0.46697439617695885 4.5256249463866434 78 97 34 0.56557091277800753 8 5125 3 3893 4 2215
3190 -3.6925662915999053 2.5728124081932009 6.1289841275745509 64 65 49 1.3427576743798668 28 3745 29 5822 30 3432 31 3543 32 2825
833 -4.2120953982955793 2.7570246575224688 5.6371069253049413 24 23 5 1.9349430179373848 7 5998 6 3464 5 4856 2 5111 1 1749
2906 -3.9179315500620584 2.03414359413738 5.3521998479639352 120 147 104 0.58565122358950972 26 732 25 1044 28 1486
549 -4.8780680268349315 2.9221630348497336 5.0863458343747858 124 125 106 0.45039517370234711 7 3117 6 1431 3 2628
1102 -4.7499772178650552 -0.2364718666848101 4.4866917230744408 217 228 187 1.2918699998681944 7 3308 5 2496 2 2838
3320 -4.5501393142247952 2.9010917465899273 5.1899669954757401 161 183 171 1.6391554324517188 30 3629 31 3780 32 3260
963 -3.546475087721658 2.4191342449026738 6.0585357814300664 21 25 26 1.0556641494119505 6 2975 3 3756 5 4245
3191 -3.6214135812297568 2.5303643647422991 6.1027196959479406 64 65 49 0.71303695713573412 28 3746 29 5823 30 3433
834 -3.3263179465614523 2.6661960622993965 5.3936015927429759 182 187 181 0.68938306339945421 7 5996 6 3465 3 4403 5 4734 2 5110
2907 -3.1500120050729405 1.0051308977633937 6.2735492258466259 0 0 0 2.1921151342261704 26 1460 27 2054 28 923
550 -4.8363088339190279 2.9521707110216151 5.0706009499144979 167 169 162 0.66223947694589269 8 2726 6 1447 3 1990
1103 -4.7461469763150381 -0.21458699398690345 4.466930044406924 46 52 13 1.9968647080474062 7 4117 5 2503 3 2144 2 2843
3192 -3.4514710696584379 2.8243994494845035 5.0397538687335111 0 0 0 0.046520455033264435 25 2557 28 3968
835 -3.2332675019162824 2.7545499977162784 5.8698531365795965 0 0 0 2.1239740366785407 7 5997 6 3466 3 4405 2 5112
3449 -4.4643359463668206 -1.6619170778622259 5.3147768377757592 107 79 109 0.37284015641288815 35 6750 33 2604
2908 -4.4707088694996067 -1.9075224501709946 5.5078871812925154 174 127 147 1.675589398165771 26 1579 25 1497 28 2230
551 -4.7964269469546164 2.9559219904051561 5.042562115189968 187 190 182 0.90317759196437319 7 1989 6 1454 3 2648 8 2732 4 1374
1104 -5.4807816319967451 -0.1259577970608802 4.1694931595880345 207 208 203 1.3559781247165497 7 4120 5 2509 2 2846
3322 -4.351925724796442 -1.4954324296291699 4.4065242341567412 220 198 211 1.4914519448596677 30 3457 31 3819 32 3290
965 -4.7373273183838309 2.7545363972862265 5.7345815044883324 60 57 41 0.93325324031815327 6 2453 7 4907 3 3794 5 4282
2909 -3.536125654553405 1.0094785835491957 4.6274875913700821 95 137 24 1.5120064082340845 26 1735 25 1622 28 2450 30 2333
552 -3.8111792629141035 2.8626722843735126 4.8732895046271834 140 147 155 0.88813601578365142 13 946 6 1455 4 739
1105 -5.4367556626789417 -0.11044282132246364 4.1364653168449284 155 156 151 0.60529663097238207 3 1451 7 2204 5 2512 2 2851
3323 -3.6099599139817271 -0.83466106516089489 4.0140803459162004 105 59 61 0.88913470317918075 31 3981 32 3461 35 6906 33 3028
966 -3.9975489952814369 2.7205191147904952 5.4147438341022518 11 17 2 1.0999373970938153 6 2733 3 3799 5 4288 2 4548
2910 -4.0407609991108897 2.40026977978845 5.4825960989548275 48 69 28 0.90979477289548971 26 1493 28 2538 29 3718
553 -4.612782701180338 2.9776858140051994 5.1526863044215387 67 68 52 1.0823769434412607 7 3973 6 1457 5 3057 2 3447 3 1996
1106 -5.2781366043920865 -0.090532265904218909 4.2500977002763243 88 85 92 0.54528860073336882 3 2157 7 3340 5 2522 2 3550
977 -3.9430219160308173 2.3644974195792092 5.4806212838480484 90 86 74 0.98131984143908657 6 2974 3 4025 5 4514 4 2136
3334 -4.0255083895751183 2.9093722496486665 5.0897042006895505 122 142 93 1.492057863699938 29 1640 32 950 35 810
3195 -4.4130598747392584 -1.8018462983451675 5.5854285530453218 141 68 111 1.1110268812516391 25 2367 29 5848 30 3458 31 3567 32 2862
838 -3.5616011712638009 -0.68139935759888692 4.0264727652801531 82 98 50 1.1483759456501856 7 6017 6 3482 3 4519
3452 -4.2746993800928665 -1.7621526732068136 5.6641671440281929 206 208 223 1.1517318120808122 35 6998 33 3021
1095 -4.6681615069782829 2.988994565290497 5.2198795905465518 68 69 54 0.26655847718986403 7 3969 5 2340 2 3445
693 -2.0400120681046965 -0.68219321268529054 5.929337481616721 104 61 71 0.77480994765861 7 5384 6 2809 3 3900 5 4388
3050 -4.5290156542009861 2.9492719322349874 5.0640703183926474 115 118 99 1.250249594216138 26 2636 28 3410 29 5499 30 3095 31 3219 32 2796 35 6176
2911 -4.0079580211979451 2.4215707150185022 5.4131212949227177 121 134 108 1.6501470913480027 26 2090 25 1654 28 2543 30 2378
554 -3.9623987867680275 2.919232246889393 5.0032883333122449 137 146 155 0.89807291532842903 7 1990 6 1466 5 2335 4 1049
1107 -5.2647110418437819 -0.025261704881204598 4.2627306581007725 122 114 129 1.3179006167937879 7 3357 5 2532 3 2172 2 2876
2882 -3.6757332782119727 0.82713275883002846 6.5040033914061794 62 85 33 1.1365948328643452 27 5330 26 3006 28 4081
525 -5.2603282321654268 0.018269001187295422 4.2340860840736374 151 151 162 0.71542058638578931 7 1090 6 647 3 1484 2 1042 4 503
3196 -4.5181959756263614 -1.4642228806209368 4.9028915839513507 108 58 77 0.72110563664755456 28 3773 29 5857 30 3468 31 3580 32 3111
839 -3.400149285632843 -0.55999391856984326 4.0736964007835548 130 155 64 0.84246106454370961 7 5921 12 3450 2 5245 5 4987
3453 -4.4754391881662539 -1.7831254384026929 5.3403011120665642 76 32 57 2.5240211366721632 35 6746 33 2591
1096 -4.4886652939299552 2.9538755388718689 4.9254875883682683 43 48 40 0.93814565521009641 7 2014 5 2349 2 1835
694 -2.1530313581525085 -0.62893903881363167 6.0215829440434696 214 205 206 0.74323976402373038 7 5387 6 2814 3 3905 5 4394 2 4644 4 2025
3051 -3.9848317289420763 2.3552067999420974 6.2830578434612265 47 56 43 0.7684141715885956 27 4705 28 3413 29 5804
2912 -3.81781430460136 2.381155300921264 6.3332209192976414 72 83 67 0.22493340770284267 26 1805 28 2990 29 3803
555 -3.9014810461103782 2.8759875864210436 4.7718504873726895 93 99 103 0.55692037532745142 7 3156 6 1468 3 1997 4 1054
1108 -5.0638104149019814 0.019201131462583936 4.0382285743755721 158 167 116 0.091159755091555328 7 3361 5 2535 2 2013
2883 -3.0362658793900961 1.4074141558390749 5.8832760966327848 92 125 98 1.5524191154148219 26 3036 25 2700 28 4099 29 6001 30 3807 31 3759
979 -4.7759910403429746 2.642268853973297 5.8730856226191124 188 197 155 0.71940312132433981 6 2719 3 4039 5 4528 2 4776
3336 -3.976103982539084 -1.0815677875382217 4.0721089408783406 101 62 60 0.76992748695200708 31 1131 32 1555 35 4792
3197 -4.4899853870712052 -1.4562125831921857 4.9918000177656454 112 64 80 1.3171005026181801 28 3777 29 5858 30 3175
840 -3.0250865615702107 -0.63957300496143676 5.9183054815026335 157 186 101 1.1542190252038809 7 5925 6 3495 3 4448 5 4901 2 5151 1 1783
1109 -5.1841024220865375 -0.02931351506032193 4.3061197693201914 163 157 171 0.77822175764529244 3 2768 7 3360 5 2536 2 3557
2884 -4.3276564875326944 2.9152304855517404 5.253266342092366 143 148 116 0.80688625426872063 24 2545 26 3053 25 2711 28 4118 30 3820
527 -3.4656381419490225 2.0350346537329851 5.0915477146169064 156 174 148 0.64199208913299832 7 1595 6 812 3 424
3184 -3.1394414106787831 0.97774240906805598 4.7289414008292141 219 233 235 0.88928593167522385 28 3643 29 5754 31 3144
827 -3.4030444167277527 0.70799757378502248 5.7264312003720468 88 108 57 0.50919859157946434 7 5965 6 3437 3 4480 5 4938
2900 -3.5899095373530487 0.77123106364350769 6.5167689985937702 60 85 28 1.5935347434077574 27 5553 26 3239 28 4310
543 -4.838443208926928 2.8436958003019011 5.726496477547296 124 121 88 0.64445008269646542 7 3005 6 1373 3 1904 5 2253 2 2567
3314 -3.8476571164787705 2.0608559600585616 4.672979337559414 163 185 165 1.0202007519127361 29 4480 31 3484 32 2763
957 -3.6089208263932626 -0.86257677263133259 3.6606979763460119 104 124 53 1.1670167685796218 6 2787 3 3552 4 2204
3183 -4.9062049477902887 -0.45637684013013124 5.8780580508713793 74 102 81 0.42995347587199279 28 3569 29 5675 30 3272
826 -5.6308093288967811 0.67857709764411489 5.5986643097628495 79 105 66 2.006172151583923 7 5961 6 3436 5 4935 2 5182
2899 -3.1341795229331026 0.53022311053650073 5.0860685587072894 208 231 179 0.86363404423376688 27 5551 26 3226 25 2915 28 4202
542 -4.8499861148158594 2.8161736646595736 5.7477755385047535 40 39 13 0.46139089376460946 7 1817 6 1360 5 2243 2 1619
3181 -5.1492993193948502 -1.0866159566227365 6.168926821144467 204 216 206 1.8745822866107176 28 3537 29 5645 30 3239
2897 -4.283182478770124 -1.7467851634908853 5.6788330871323156 224 216 231 1.0682439256585805 27 5394 26 3184 25 2873 28 4145 29 6207 30 3840 31 3967
540 -5.2650252994630513 -0.32460329503009555 4.3379630997373431 166 166 168 0.64834314901938117 7 2141 6 1111 3 708 5 863 2 983
3180 -5.0476625278894032 -1.1737559410972442 6.1403026832663086 201 214 204 1.1256586000205027 29 5640 30 3234 31 3043
823 -5.206004084912645 0.18839293073973237 4.3127441589909141 53 47 47 2.126009776962198 7 5947 6 3427 3 4463
3179 -5.1252672655190734 -1.1705277618383256 6.1623692617416799 201 214 204 0.86013543032891571 29 5639 30 3233
822 -5.4059242942187753 0.19175713294086907 4.1971072344777927 118 119 111 1.4660074543462764 7 5945 6 3426 5 4919 2 5168
2895 -3.3731103723477029 3.0260659740467339 5.4633399704681977 100 64 51 1.3707084935720844 27 5503 26 3178 25 2867 29 6299 30 3928
538 -4.4942451930462308 2.9536148224979151 4.9690273528157505 102 100 85 0.67752879704743729 7 2008 6 1014 3 1307 2 1829
3178 -4.201541853383036 -1.0149307746584126 4.7691652964523428 113 70 92 1.3108260949117263 28 3157 29 5621 30 3216
821 -3.4717275653123947 -0.35362978224182701 6.1570408238641683 232 231 226 1.5406662291420223 7 5939 6 3422 3 4460 5 4915 2 5161 4 2647 11 3682 9 2207
2894 -3.6398784027563584 2.9225255389424047 5.158768996318317 121 91 81 1.3609075795613006 27 5502 26 3177 28 4129
537 -4.9712375938776674 2.9608850896964234 5.2220397115753823 94 100 96 0.80190320615978183 7 3125 6 990 3 1983
3177 -3.9404272297351941 -0.88457257833333813 4.1600341394728684 159 107 104 1.1408888077521873 28 3155 29 5618 30 3212 31 3601
820 -5.3273168795110859 -0.12449367455556917 4.340189463773358 200 203 212 1.3901124486395391 7 5813 6 3416 3 4331 1 1676
2893 -3.548507753680624 2.3896921102159112 5.9280936617908475 8 8 0 0.61784476797703147 27 5373 28 4119 29 6190
536 -3.6526398304256236 2.8207326501372827 5.0209467602283482 108 111 116 0.63000867929895377 7 3090 6 988 3 1957 5 2301 4 728
3176 -4.1420924181342329 -1.4433374610635241 5.489658408519059 134 62 73 0.40261616367093422 28 3502 29 5601 30 2830
819 -4.8653869839262613 -0.14159740419420322 4.3551394141672555 65 63 52 1.9854219920505678 7 5933 6 3415 3 4453 5 4906 2 5155
2892 -4.1261990358939853 2.3256387327599288 5.2930525431547313 132 163 122 1.221910914363316 27 5568 26 3164 25 2851 28 4241
3175 -4.3438290592805204 -1.7542302568128738 5.6664159652222228 221 220 234 0.60763107668511662 28 3483 29 5572 30 3167
818 -5.3733455555496423 -0.12496770976445679 4.2392472652086441 44 30 30 1.6208516439885137 7 5932 6 3414 3 4451 5 4904 2 5154 4 2546 1 1790
2891 -4.1418130756339204 2.333995853628303 5.2998466710700445 132 163 122 1.3361012807009154 27 5567 26 3163 25 2850
534 -4.8791429194088041 2.8837163179900518 5.2859041685168897 116 124 83 0.406090054316883 7 1913 6 970 3 532 5 655 2 751
2890 -3.3808209109260638 1.0948363124605534 6.0392066109827578 85 108 64 1.2521714628954421 24 2725 27 5474 26 3151
533 -4.547869796602181 2.8331839300595725 5.5545029842092228 73 83 56 0.44273047679609628 7 768 6 944 3 1219 2 1667
3173 -4.5970274255151722 -1.5640963437011228 4.9093728295463492 0 0 0 1.9275807184527369 25 1913 28 3477 29 5568
816 -2.6941774506278873 -0.60100634436249822 5.9187367410833804 55 73 21 1.4111045260739612 7 5926 6 3406 3 4449 5 4902 2 5152 4 2638 1 1785
3172 -4.3519511668642981 -1.8013008956849428 5.6578437511567614 168 82 126 0.98490015905246864 28 3476 29 5566 30 3163 31 2954 35 5881
815 -4.1002997152580605 -0.52549636090450458 5.1639486308546809 140 80 95 0.78158736927522188 7 5923 6 3402 3 4445 5 4779 2 5032
2888 -4.6467740508327973 -0.35114061041544653 6.0582003807534113 102 127 97 1.0609959995234004 27 5276 26 3124 25 2638
531 -4.877003688091774 2.8219355387738521 5.6319467748241916 63 62 34 1.0489163551819038 7 3001 6 923 5 2251
2887 -5.0427193633594953 -0.87200376411230029 5.4049624999107291 110 129 109 0.48814325581128087 27 5412 26 3104 25 2768
530 -4.835639056482961 2.8350117879466956 5.7532959889645205 60 56 24 0.31132538651925878 7 1832 6 921 3 1209 5 625 2 1632
3382 -4.5088622349924377 -1.9547839475516808 5.5948711740329689 0 0 0 0.32439304939436886 31 3958 35 6743
3379 -3.7303339300935172 2.2977064250005634 5.5622257745068531 76 87 71 1.5789394256718394 31 3509 32 3259 35 6721
3378 -3.750758606391162 0.93380888918157912 6.3985654062265604 105 137 115 1.0098838985983472 31 3738 32 3232 35 6698
3372 -4.0447446346925258 4.4705013088918264 4.4439963726102008 157 172 220 0.73978818259599988 31 3814 32 3081 33 2330
3357 -3.8124033869227296 2.3262825624938217 5.744020258913543 20 25 17 0.079326689964715022 31 3226 32 2804 35 6184
3350 -4.2369648962526183 -1.6016275738695824 4.4025776800413974 131 43 75 0.30395512609029485 31 2935 32 2542 35 6551
3347 -4.756099605675665 -0.25732949295041596 5.5139660339435039 150 175 136 0.82972206014030914 31 3086 32 2377 35 5579
3345 -3.4797082045183525 -0.56906417288553046 4.5445175581830375 55 40 25 0.15245242464327716 31 2670 32 2329
3342 -4.2653166282450519 -1.7271585626422328 4.3712371977919959 194 128 142 0.69538707025495905 31 2079 32 2220 35 5360
3335 -3.4678531718907353 2.7477912151018384 5.123368848391773 197 207 217 0.81345185496917349 31 1487 32 966 35 3531 29 1760
3331 -3.879254963589843 2.8944578627885451 5.0934631274783237 103 106 89 1.3626798081267097 31 411 32 407 35 2121
3330 -4.5378631618448155 -1.5310777110127112 4.9791546649896459 217 192 208 0.42355513848186815 31 3299 32 2867
3171 -4.6104891696928672 -1.7203151757929864 5.1456112909434513 220 198 211 1.3046281107625206 28 3082 29 5562 30 2785
3170 -4.4938957330222777 -1.8466954480578397 5.4095061397240594 225 228 241 2.2951971361798882 28 3076 29 5561 31 3285 30 3153
813 -4.3201743180046854 -1.2597513454772225 4.5001096434732482 166 125 119 1.6248298407571014 7 5908 3 4434 5 4885 2 5141 1 1772
3169 -3.3911977468406422 2.5917023172175853 5.7223296933637791 143 150 141 1.485684087378474 28 3753 29 5543 30 3134
812 -4.3973521590552327 -1.2802073380013381 4.527756468188179 87 49 33 1.2011526699318258 7 5778 6 3395 3 4293 5 4758 2 5013 4 2381
3168 -3.4024701718019048 2.5857911527700619 5.7626626376922756 53 56 45 1.278589602908804 28 3446 29 5541 31 2910 35 5842
3167 -4.3248675316607157 2.4657688718936885 5.3554795885723312 181 210 165 0.53141545315580985 28 3387 29 5475 30 3081
810 -4.0295153712246403 -1.393129258883516 4.6387173867381737 145 132 97 0.69537406646652755 7 5774 6 3389 3 4288 5 4756 2 5008 4 2625
3166 -3.6889482875983308 -0.57374555247278991 4.5362842526625373 73 40 21 1.1463717316112283 28 2760 29 5297 30 2915
809 -4.2729811150078048 -1.3475102228673084 4.4054721856883585 161 112 107 1.6490051976042237 8 5420 6 3387 3 4286 13 3706 5 4877 2 5139 4 2377 9 2181
3165 -3.738339797125986 -1.2581967176669344 5.1292505868896656 150 85 119 0.91946391675521288 28 2712 29 5244 30 3200
3164 -3.934990421242115 -0.9446708054968358 4.0837117567481878 205 153 158 1.7326357423034466 28 3138 29 5242 30 2844
807 -4.6412003836026656 -1.4851316536107182 4.5492686141303444 155 85 93 1.914232578156744 13 3853 6 3383 9 2177
945 -4.2354184033383717 2.5877004658176452 5.5461166650185323 40 38 23 0.8389582640962937 6 2433 3 3434 5 3926 2 4233 4 1944
3163 -4.3211508204302191 -0.57263973262931456 2.5404649405145054 155 176 170 0.34181248597303299 28 3122 29 5216
806 -5.0869817841509102 -1.7257532280792993 4.549751410864352 209 133 137 1.6580636450216644 8 5413 13 3679 6 3374 9 1997 4 2362
3162 -4.3649107128571947 -1.7476238902849284 5.6392754697244252 166 97 126 1.9989997016351737 25 1914 26 2164 29 5191 30 2797 31 2964
805 -4.4777422943359655 -1.6966777007254759 4.3974267666742319 153 85 100 1.6542376414306541 7 5882 6 3372 2 5123 4 2361 9 1824 11 3437 15 2085 12 2903 14 2527 16 3804
3161 -4.2054500932033116 -1.5791526907774172 4.3650244981248516 220 198 204 1.8219978715289089 28 2659 30 2771 32 3091 35 6549
804 -3.3683640007337727 3.4520563942779083 5.7116608406977818 136 89 61 1.5012187879761483 7 5743 6 3368 2 4985
3160 -3.2010419102550394 2.5983869688906549 5.5182216649537894 139 138 156 1.6290358887616165 28 3056 29 5155 30 2752 32 2520 35 5844
803 -4.9454450247214314 2.9584205317780663 5.2429789910743754 189 198 195 1.205313951413354 13 3666 6 3366 3 4409 5 4860 4 2348 1 1851
3159 -3.3151048505797833 2.7059850390403799 5.2076040027430963 99 79 67 1.4797323185623712 28 3052 29 5152 35 4625
802 -4.5721542460178695 2.6809699380613701 5.4707045058680901 55 79 21 1.6887720518566098 7 5871 6 3359 3 4402 5 4854 2 5223
3158 -3.6730428581734831 2.510146324938038 5.7431547855778051 85 81 70 0.5000632403858698 27 4332 28 3007 29 5118
801 -4.7374013907647816 2.7151515762652481 5.6985362432942326 70 65 45 1.6211068709754779 7 5870 6 3358 3 4504 5 4972 2 5107 1 1747
3157 -3.9644572825092999 2.883735827301936 4.9285017732375414 43 45 37 1.4316182034981353 28 3005 29 5111 30 3111 31 3238 32 3063
800 -3.2673045644751948 2.4572642227363168 5.5875829981471039 187 199 155 1.4393367727180642 6 3356 3 4399 2 5106 7 5987
3156 -4.3074729030335179 2.9294697605358575 5.2210901830106389 140 140 114 0.91355469057769279 28 2985 29 5105 30 2716 31 2873 32 2493 35 5799
3155 -3.70179864839782 2.3191963294363043 5.8179908203530735 149 160 120 0.92341545051389229 28 2575 29 5095 30 2395 31 2481 32 2182 35 5286
798 -3.7011945902875647 2.4141854512761096 5.7461042275023448 25 31 7 0.89088997729602704 7 5868 6 3353 3 4397 5 4849 2 5105
3154 -4.2879447659061753 2.4611525920577808 6.2946815732422738 88 95 80 0.2758401227441869 28 2968 29 5087 30 2392
797 -3.7008008354807584 2.4133546028160522 5.7379517746903055 25 31 7 0.94383742421406036 7 5867 6 3352 3 4396 2 5104
3153 -3.8516804549041321 2.3718538718639133 5.5073849496592482 85 92 76 0.54149039473333416 26 1796 29 5083 30 2386
796 -4.3500510353992734 2.1146505710768819 5.4742654419315517 131 138 61 1.8331684536089934 7 5708 6 3342 4 2486
3152 -4.6491273691954342 -0.32455271845956724 5.7215176286793756 138 159 161 0.93901444312679871 28 2792 29 4868 30 2263
795 -3.0629874237631523 1.2266787484409463 6.026500467040151 87 111 75 1.4448668885733287 7 5975 3 4490 5 4952 2 5197 1 1829
3151 -3.4747617416900702 -0.42986449922307673 4.7363234895440556 216 236 231 1.5909551477364687 28 3212 29 4848 30 3269
794 -3.7015755732322422 0.93795507677688816 4.6993948350555446 87 106 63 0.96419789581210091 7 5845 6 3318 3 4366 5 4821 2 5072 1 1717
3150 -4.2334051632375704 -1.0220230714665 4.8101014967442479 242 235 238 1.5328389481923566 28 2727 29 4763 30 2520
931 -4.131036807461232 3.1092003234181513 4.9572915470970393 156 110 87 0.49691907378727623 8 4078 3 3132 2 3936
3148 -4.2269612558900036 -1.6911071714188286 5.6578673410814329 177 139 162 1.2004630393112263 28 2683 29 4694 30 2808 31 2974
791 -3.5245528730986622 0.052823983837959727 5.604409436890478 58 72 39 2.2649177842633934 7 5952 6 3301 3 4469 5 5002 2 5262
3147 -4.26873994680225 -1.7151329489015679 5.6688835769116981 231 223 239 1.767320637904467 25 1723 28 2681 29 4692 30 2469 31 2128 35 4773
790 -4.8380827606622425 0.072885108186102845 5.3391845430470424 26 42 16 1.2195780614846634 7 5827 6 3298 3 4347 5 4809 2 4892
3146 -4.5418278512929398 -1.5243204022514956 4.8865070240423334 156 100 117 1.6206358730695598 28 3089 29 4685 30 2461 31 2117
789 -2.7626211129449683 -0.15573475107066934 5.8177461398838783 201 218 173 2.0051010419056441 7 5655 6 3296 3 4169 5 4657 2 4886
3145 -4.5112956737582346 -1.7302704787917804 5.3913754694990281 158 117 154 0.75373618436198409 28 2666 29 4678 30 2076 31 1573
788 -5.452004512230828 0.091419871935374555 4.1888884363283321 44 43 39 1.5285325881800642 7 5941 6 3289 3 4461 5 4918
3144 -4.5072569208293336 -1.7821915432550344 5.4130341881629356 224 222 239 0.56999150960012424 28 3083 29 4670 30 2445 35 3694
787 -4.6430509680779446 -0.10189152085946125 5.285594121865274 184 200 102 1.3749082663749783 7 5942 6 3288 3 4540 5 4999 2 5259 1 1890
3143 -3.5325578230297152 2.5132812820552197 5.946522556715883 161 171 137 0.85563765755389998 28 2160 29 4613 30 1997
786 -5.1253125896304308 0.080752508008243337 4.1526992708973403 92 85 77 0.9877021988655118 7 5822 6 3287 3 4340 5 4799 2 5047
3142 -3.5540715684360218 2.6592577855100346 5.2922782111627287 72 75 68 1.6910168971332815 28 3027 29 4606 31 2894 30 2733 32 2508
785 -5.0485425569348674 0.044414575649570492 4.0343486956373624 174 188 101 0.29546264605961142 7 5820 6 3282 3 4336 5 4797 2 5044
3141 -4.5478155616177096 2.9931599820591615 5.0209240723203106 105 113 90 0.39515445243896569 28 2569 29 4546 30 2390
784 -4.6779198264814763 -0.30335636329471422 5.301200234327843 207 212 194 0.59671357167509376 7 5934 6 3277 3 4454
3140 -4.6256646821993437 -0.10580329226705766 5.5129581306895705 211 226 157 0.86684235184849545 27 3498 28 2808 29 4248
783 -2.2776568957007064 -0.63046514711966939 6.3870060205371741 133 82 81 1.5322950107953153 7 5812 6 3274 3 4328
3139 -3.3160938931956498 -0.48001567199044032 4.7881590799531573 124 153 122 1.6889455285748571 25 1775 29 4201 30 2240
3138 -4.1743169142215306 -1.5091737688520184 5.4988763405712158 164 100 116 0.96172219960170047 26 1608 29 4035 32 1562
781 -5.1681542375129617 -0.76982131222539651 5.1419920460171635 219 222 211 1.5429264009605399 7 5795 6 3263 3 4311 2 5149
3137 -4.1954816299230329 -1.6063228236784992 5.6459697819080779 169 113 144 1.037972142249969 28 2270 29 4025 30 1636
780 -5.2345271740785781 -0.87763729801829415 5.0535300246943908 225 227 216 0.84781826608662625 7 5625 6 3261 3 4123 5 4369 2 4844 4 2538
3135 -3.3714787041023424 2.3841566568400059 6.2214848488878349 113 116 130 0.62860892762823373 28 2174 29 3887 31 1512
778 -4.0380295398815846 -0.90620079745066606 4.0190768420697758 120 149 69 2.2733401070860406 6 3253 3 4111 5 4358 2 4837 7 5790
915 -3.641004331635556 2.4086656721976132 5.8984380155420268 91 96 81 1.2234596643664053 6 1771 3 3007 15 1297 14 1436
3133 -3.6099715968743715 2.5459290651171114 5.985696483073605 79 85 48 0.40770790052303624 28 2151 29 3867 30 1994
3132 -3.3529706508306174 2.4228496040510739 5.5295766040708445 35 39 25 2.3868097323017641 25 1073 28 2136 29 3837 30 1982
775 -4.2264349398159897 -1.2859477940328512 4.4799514434495595 99 58 54 1.400498711316454 7 5776 6 3246 5 4596 2 5010
3131 -4.3886758930984922 2.9808156214669639 5.0610335048035653 62 63 47 1.404595875071377 27 3121 29 3776 35 4542
774 -4.2648788480510591 -1.4086998100750181 4.3772486745557844 176 128 126 0.81965418768442311 13 3695 6 3241 3 4281 2 5000 4 2371 9 2014
3130 -4.0117813945139158 2.4066133499634113 5.4643807798281196 160 164 151 0.44255554952229764 28 2541 29 3722 31 1959
773 -4.1952653581573314 -1.4010242771881718 4.3486001010287545 154 91 100 1.3431931931307604 8 5289 6 3238
3129 -4.3650438161282343 -0.923358498827345 4.8176247941712589 238 217 224 0.20923129044211269 29 3149 30 2175
3128 -4.1712532078049245 -1.5211093683143126 5.5248534986375404 166 105 121 0.31727145274611201 26 1286 29 3042 30 1647
771 -4.9781156006628056 -1.6522763046758695 4.523027401157508 190 111 117 1.3458989879316401 7 5750 6 3232 3 4269 5 4571 2 4814
3127 -4.5509452319775674 -1.8121581465362835 5.4147716317184189 197 166 190 0.33716763356889684 28 1701 29 2966 30 1576
770 -3.8795717680659023 4.8659144438252824 4.314564723610248 48 44 71 0.94038416259532565 7 5744 6 3224 3 4262 2 4988
3126 -3.4971766161325406 2.7192825103304226 5.2277534156102554 88 98 82 0.49294693908159198 27 2351 28 1065 29 2863
769 -3.8680842206714838 2.8892771417006289 4.9030797659992293 212 222 224 0.9193983738136805 7 5877 13 3838 6 3219 3 4257 7 5741 5 4739 2 4982 2 5116 9 2160
3125 -3.4462235097211003 2.6627550013340548 5.3006402416639853 174 177 169 0.18584605033563584 27 2344 28 2178 29 2861
768 -3.8678490527590754 2.888656752728846 4.9023561782797644 212 222 224 0.85314354764099809 7 5876 13 3837 6 3218 3 4256 5 4738 2 4981 2 5115 9 2159
3124 -3.6824173234070687 2.609958676504736 6.029986340773668 137 139 118 0.75037625378478445 28 1630 29 2855 30 1543
767 -4.3461707579763402 2.8577244352104749 5.2726279861980974 17 16 11 0.41072549948944093 8 5270 3 4058
3123 -4.0130483333041482 2.9196701890445951 5.041724749347698 130 153 96 0.81331278502104809 28 2127 29 2775 35 2110
766 -4.3461707579763402 2.8577244352104749 5.2726279861980974 17 16 11 0.41072549948944093 8 5269 3 4057
3122 -3.5065156379112778 2.6759859565535074 5.2449217652924753 72 76 58 1.077808716460966 28 1052 29 1723 35 2150
765 -3.6732839968675122 2.7925863773493154 5.2260701645083838 65 59 44 1.7828239800907726 7 5739 6 3211 3 4254 5 4737 2 4976 4 2170 9 1646 1 1631
3120 -3.7212039582848959 2.5696436016504851 5.6745972308375823 31 34 22 1.673665370290444 28 4123 29 6188 30 3823 31 3946 32 3419
3119 -3.7599932102956797 2.266683420831451 5.9482387930316625 110 132 85 2.1240515115016954 27 4707 28 3708 30 3407
762 -3.2907156126661117 2.553654152497709 5.6915998758841804 35 37 14 1.1446121480182194 7 5727 6 3195 2 4963 4 2326
3118 -3.4394228562676918 2.6073181954710938 6.1121354947024891 107 83 90 2.1948391951723307 25 1896 28 2197
761 -4.3891048348753339 2.5640031827289689 5.3679961953768185 46 52 15 0.87874874495789335 7 5729 6 3194 3 4241 5 4530 2 4965 4 2323 8 5251
3117 -3.6879486125266099 3.838103231698347 6.7930940756974838 194 175 176 1.7771282227383201 27 1495 28 1126
760 -3.3926276080510021 2.5085873987763949 5.7942362165540731 175 183 134 0.37892886164983552 7 5724 6 3192 3 4236 5 4723 2 4956
3116 -3.8170803510308744 2.6212905694717219 5.4009733368884234 67 92 51 1.7336935880071553 25 2945 28 4328 29 6363
759 -4.4384316031514084 2.5140102707445053 5.4979268685066511 54 53 25 0.83804956273958831 7 5725 6 3191 3 4238 2 4959
3115 -3.8170803510308744 2.6212905694717219 5.4009733368884234 67 92 51 1.7336935880071553 25 2946 28 4327 29 6362
758 -3.8211280064945035 2.3317652588141451 5.8815364343549295 52 48 37 1.5622537525505102 7 5718 6 3182 3 4228
3112 -4.0488103702154703 -1.7675152837493309 5.7290827222656029 215 211 228 1.3677060300908792 25 2875 28 4256
755 -3.7157542378411823 0.86183508727019698 4.5614952194226515 35 49 23 1.9795765821317179 7 5676 6 3137 3 4204
3111 -4.4687385579853203 -1.7543436745628627 5.4189548511834955 219 215 234 0.93515436592660262 25 2871 28 4255 29 6306
754 -4.185097107334105 0.83040454710296696 5.035626258205756 207 216 233 1.3445017759472149 7 5167 6 3136 5 3806 3 3674 7 5166
3110 -3.5919045438410326 3.0222407341218953 5.1643395500237972 180 152 141 0.85527100287147617 25 2952 28 4249 29 6198
753 -5.2900792951766409 0.36192541240765247 4.0940056370032671 94 99 78 0.50974140871958074 7 5666 6 3116 3 4186
891 -4.189981403269134 2.8147840799606838 5.4751257823788038 57 60 53 0.81682745989147942 7 3912 8 3456 3 2576 2 3899 6 2166 9 1340
3109 -4.1019498376356847 2.3584599874618291 5.4334185172024023 129 159 95 1.7583719734525363 25 2854 28 4243 29 6180 30 3916
752 -4.5776691841889274 0.10149194146573001 4.8726641609835184 50 47 16 1.1736449790395329 7 5949 6 3108 3 4465 5 4920 2 5169
3108 -2.9032227288877359 1.3237474887972283 5.9580791122998216 129 167 146 0.86243571116855655 25 2848 28 4240 30 3914
3107 -3.2061327987317814 0.97877315200551041 6.1275529524380223 71 100 65 2.4050931672525508 25 2838 28 4223 29 6169 30 3798
750 -5.0139946666916213 0.0057514991283012101 4.1614853421367508 49 39 38 0.56759474299029189 7 5409 6 3097 3 3924 5 4088 2 4388
3106 -3.9155800802355194 0.8759864846155736 6.1788280652847414 205 220 223 0.66324753752824828 25 2678 28 4209 29 6153
749 -4.7422700304667256 -0.056105644702967687 4.3531967157135147 58 61 42 0.83142600578895642 8 5142 6 3096 5 4647
3105 -4.0578100839903044 -1.4693549491500819 5.5736713795506638 202 148 164 0.40812786572200238 25 2754 28 4154 29 6213 30 3688
748 -5.4102063880874329 -0.072472872169550881 4.1982510287266512 99 91 89 0.83981057564138739 8 4912 6 3092 3 3917 7 5400 5 4404 2 4657 4 2233 13 3281 10 3665
3104 -4.4466377758156623 -1.5546587963607861 4.416062990017501 154 69 98 1.5585403693346191 25 2559 28 4137 29 6200 30 3934
747 -2.2225660178624551 -0.4695740153316596 5.9220948776004851 152 145 152 0.8233973278350708 7 5647 6 3089 3 4155 5 4403 2 4875
3103 -3.2786057040699763 2.5564992424157014 5.803556406390336 138 143 167 0.96067218645905827 26 3176 28 4131 29 6197 30 3827
746 -4.9147013907325601 -0.23486212173212798 4.4047650389556443 63 61 50 1.3798267346286823 7 5643 6 3087 3 4148 5 4634 2 4863
3102 -3.5485077536806271 2.389692110215913 5.9280936617908493 6 4 4 0.6178447679771456 27 5374 28 4120 29 6191
745 -2.1586723090297579 -0.5852377295400123 6.0772845501036539 105 68 76 1.0071714200403086 7 5642 6 3085 3 4150 5 4639 2 4869 4 2224
3101 -3.8237610801969564 2.1085166737211538 4.9400153507187579 92 129 78 1.3410081326720997 25 2702 28 4100 29 6178 30 3805
3100 -3.3810285588062001 0.91664414134995154 6.3523338715155857 57 87 19 2.8314796711214805 26 3009 28 4087 29 6166
3099 -3.2201145446810733 0.64669265626267147 5.0204794601010549 52 73 34 0.076526865022639445 28 4069 31 3709
742 -5.002951667778162 -0.55527884529675908 5.32275023954743 88 111 43 2.0138773386977071 7 5633 6 3074 5 4620 3 4137 2 4853
3098 -2.9277049222929072 0.051286823704173319 4.7089272274800704 143 171 146 1.3621926293393705 25 2802 28 4046 29 6123 30 3761 31 3680 32 3203
741 -2.0576422899972697 -0.75352216453906828 6.2776118749072998 169 137 150 1.0405095777528124 7 5802 6 3073 3 4318 5 4783 2 5036
3097 -4.81489082363459 -0.54986540563770248 6.0449713205647404 76 99 71 1.7460106856498521 26 3117 28 4030 29 6100 30 3736
3096 -4.958834748964831 -0.53875664508438537 5.9189050727290837 82 105 88 1.7083138762558818 28 4028 29 6099 30 3732
739 -3.5014936513781647 -0.64670230229885872 3.5248571237416995 136 160 80 1.2819162946332596 7 5364 6 3063 3 3883 2 4342
3095 -4.1904957387769368 -1.6639024494235688 5.6697396861113463 223 223 233 1.5563059671082531 25 2578 28 3991 29 5860 31 3582 32 3298 35 6756 33 2611
738 -4.0608712621268523 -1.0328733915050476 4.1170665671299922 168 130 104 0.31471316493096152 7 5605 6 3052 3 4105 5 4603 2 4833
3094 -4.3782738038513296 -1.5851360067879028 5.2764481794273879 126 76 101 1.456074334806571 25 2746 28 3990 29 6059
737 -3.9269928325608681 -1.4032683676316731 4.7890752073565013 126 120 85 1.0798932939581649 7 5595 6 3045 3 4099 5 4595 2 4827
3093 -4.3290688262207135 -1.6794775586804704 5.5588430273663025 172 107 127 2.2237604952485772 25 2747 28 3987 30 3676
736 -4.142627497121798 -1.3266035895015276 4.4388426582262852 161 121 122 0.19440838240877004 7 5594 6 3043 3 4095 5 4592 2 4823
3092 -4.6059610489192062 -1.7459244497341313 5.2036315944028857 183 129 161 1.254902589047536 25 2565 28 3977 29 6051 30 3665 31 3563 32 3293
735 -4.1420804063407672 -1.3244179477024527 4.4308066592984527 161 121 122 0.55294928322926873 7 5593 6 3042 3 4094 5 4591 2 4822 4 2378 2 5006
3091 -3.7446162352026127 2.5723168902457787 6.2024064899429119 0 1 0 1.6875833713317447 25 2549 28 3959 29 5820
734 -4.4608748505524609 -1.5194448941424297 4.4604496664399438 152 84 91 1.1451982454714009 7 5578 6 3040 5 4578
3090 -3.6544756605999704 2.6518061205671222 5.3721686465827982 83 87 69 1.4074264882049998 25 2337 28 3958 29 6031
3089 -3.8208060610982955 2.4750352691865438 6.0964094615717146 64 71 58 2.0879512821845063 25 2329 28 3956 29 5813 31 3801 32 3071
732 -4.3755921184303732 2.944943698582855 4.9963909425004136 42 36 21 0.6122986345540592 7 5301 6 3016 5 4311 4 1977
3088 -3.9133894481416003 2.6201242871018322 5.6281575673798736 7 8 0 1.6388749598385086 26 3054 28 3955 29 6030 30 3420 31 3244
731 -4.3829098543720191 2.9623912234354193 5.0709291043821354 42 36 21 1.1523567704359081 7 5300 6 3015 5 4310 9 1813
3087 -4.3207502703073457 2.976681207942379 4.9809476145030853 104 102 88 1.2824457010544701 28 3951 29 6024 30 3634
730 -4.283292388912999 2.8764146588232977 5.200046116882163 90 88 66 0.72809973093983127 7 5549 13 3447 6 3013 3 4059 5 4304 2 4563 4 2347
3086 -4.5835200680707526 2.9643208032170345 5.0087979284692299 25 30 26 1.9012655983262128 25 2709 28 3943 29 6015 32 3049 31 3506
729 -3.7831032049205389 2.8352486528775889 5.2261885887885686 47 45 25 1.7464516746174419 7 5291 13 3451 6 3011 3 3809 5 4549 2 4794 4 2173 10 3804 9 1812
3085 -4.6583726036713982 2.9155695004433246 5.0956331553481276 41 43 40 1.9979615036516614 25 2707 29 6013 30 3390 31 3777
728 -4.8961617484249143 2.8767045392808592 5.4168163200077535 49 53 22 0.34806647242324357 7 5547 6 3007 3 4056 5 4545 2 4791
3084 -2.468416668248187 1.303138392371362 5.9320759516705488 106 146 109 2.6303685136522299 25 2294 28 3938 29 6010 30 3626
727 -3.7443932205816979 2.6907960498654293 5.3950609365958311 13 15 2 1.4939067746961823 13 3438 6 3000 5 4285 7 5272 4 2162 10 3591 11 3177 15 2052 12 2870 14 2494
3083 -4.0404558705186746 2.142493006678583 5.3366071666245904 74 96 61 1.3288528030976092 25 2514 28 3930 31 2824
726 -4.8417654130218866 2.704823559985901 5.5238613390271327 55 49 33 1.2589192983740216 7 5535 6 2998 3 3793 2 4784
3082 -2.6818907720002159 1.4010031198622737 3.3674688073397183 184 207 158 0.031247618649255036 25 2693 30 3600
3081 -2.6818907720002159 1.4010031198622737 3.3674688073397183 184 207 158 0.031247618649255036 25 2692 30 3599
724 -5.0204264824474789 2.7310859335654825 6.0140394122383647 128 132 107 0.60856431201522576 7 5532 6 2991 3 4044 5 4273 8 5049 2 4540
3080 -4.5606722587899409 0.74070634341798336 4.4500061400380755 75 103 54 1.7879686124678451 26 2780 28 3874 29 5950 30 3325
723 -4.1966855212929017 2.5673701080704006 5.5864493010049232 74 86 48 0.96443731662251286 7 5525 6 2988 3 4036 4 2153
3079 -5.2680830821642841 -0.81436916911589197 5.1306975552931968 162 174 164 0.89034763361418345 25 2171 28 3811 29 5896 30 3507
722 -3.337554304456102 2.4920001949547044 5.6888142583269312 28 34 20 0.41256253600614734 7 5523 6 2986 3 4032 5 4526 2 4958
3077 -3.5272906586685346 -0.62632813480766369 3.4986545652952166 121 167 37 0.85895266003652215 25 2409 28 3807 29 5889
3076 -3.9884417910426246 -1.0499646339623498 4.0889226006036266 125 61 65 1.5415573597379848 25 2390 29 6065
719 -4.0030851009349666 2.3988722243087914 5.3920987613003524 81 83 58 1.002928150724915 7 5516 6 2978 3 3760
3075 -4.1551228819416082 -1.4641243326423712 5.4608354869242595 192 114 138 1.8069721794540956 25 2151 28 3785 29 5868 31 3323
718 -4.7801209147382577 2.4530213218353945 5.58849876402964 160 177 122 1.9623722030507968 8 5037 3 3761 2 4522 7 5251
3074 -4.4238620840823426 -1.8176464804259254 5.5473762877492891 226 225 239 1.2944465224637296 25 2364 28 3768 29 5846 30 3158 31 3564 32 3099 35 6261 33 2596
717 -3.3451001952034303 2.0151286009752996 4.9518463412726472 203 211 195 1.60846284799346 7 5707 6 2962 3 4012 2 4757
3073 -4.594009090053718 -1.7969842181547411 5.2586353377010191 222 220 234 1.4858557253221363 25 2560 26 2420 28 3764 29 5843 30 3455 31 3562
716 -4.3035580829740008 2.0378444277835119 5.3523180744227448 75 80 39 1.3471526477906954 7 5495 6 2956 3 4009 5 4505 2 4754
3072 -4.5604162705017695 -1.7651875613104107 4.4140208726776882 163 71 93 0.82413767201768762 25 2119 29 5836 30 3447
715 -3.7827235253101006 1.9234665848741044 5.8497137760953244 103 89 63 2.0077895108855377 7 5492 6 2950 3 4004
3071 -3.7713076712297995 2.542692854306094 6.2903007658668679 11 6 3 1.0864879351038776 25 2333 28 3740 29 5818
714 -2.7714290773965913 1.4013609368386053 4.0433263077883188 140 158 106 1.5246416422394959 7 5210 6 2938 3 3715 5 4209
3070 -3.9488609036474203 2.9158587733309389 5.0982824582196677 25 32 5 1.1607169348912407 26 2662 28 3738 29 5526 30 3426 31 3532 32 3065 35 6519
713 -5.3079871380450134 0.98291633638694675 5.5833744081592807 113 109 74 1.0821373856659331 7 5472 6 2905 3 3682
3069 -4.3564034016015718 2.9411399014756294 5.188880579242138 18 22 20 1.4094025249717745 24 2238 28 3725 29 5508 30 3104
712 -5.5583182997209413 0.8940607001969213 5.5239556183277987 108 135 104 1.2186529866201055 8 4986 6 2903 5 4693 2 4719 4 2097
850 -3.8386267895515616 4.2896807067895164 3.8284417849827719 47 57 126 0.032584309382291801 7 6002 6 3548
3068 -4.2733366043336805 2.7784545476774047 5.3202565534124533 60 78 53 1.7778853859275103 25 2318 28 3718 29 5802 30 3401
3067 -4.465044410349706 2.7501888071378588 5.3078124290911397 85 123 76 2.1719404771375332 25 2303 28 3698 29 5790 30 3391
710 -3.0999400756211433 0.50829957896911571 5.046464498848394 192 210 156 1.2479543384761036 7 5671 6 2892 3 4193 5 4444
3065 -3.5482396336354123 1.0137938826411983 4.549392811333238 107 149 52 1.6586492413967617 25 2250 28 3639 29 5745 30 3343
708 -5.3730537349977441 0.3702815180725168 4.1304475690154314 193 208 175 1.0333445039604887 7 5667 6 2877 3 4187 5 4676 2 4899
3064 -4.4821165116022055 0.62929768614676951 4.4888368129118632 98 124 76 1.1556451684326139 26 2524 28 3612 30 3005
707 -5.2796782655873526 0.28796949571840919 4.1390344249775577 62 60 48 0.6142478693639607 8 4954 6 2871 3 3951 4 2080 10 3451
3063 -4.7826306497222273 -0.36952854305367022 5.8957379782062347 159 176 187 1.9180701138074594 26 2488 28 3576 30 2951
706 -5.2773912911415986 0.20765212977130193 4.2024056398065168 172 177 181 0.36128512787045181 7 5119 6 2867 3 3634
3062 -4.7891500834293019 -0.36912244061691779 5.8273445720566173 57 86 64 2.0098917401379839 25 2436 28 3575 29 5916 30 3540
3061 -5.3634497698453263 -1.2445447422617002 4.8301557646126287 226 193 204 2.605871386517975 25 2385 28 3500 29 5590
704 -4.1499016424129609 -0.26359431669996014 6.5072834254979224 212 218 216 1.1220597782653716 7 5108 6 2856 3 3628 5 4113 2 4401
3060 -4.5713811592148179 -1.8339356834623797 5.3020318416420826 174 126 141 1.8336766549451662 25 1902 28 3470 30 3453 31 3560
3059 -4.594417774261359 -1.9379318202447902 5.5115130680598581 231 219 225 0.83198060192129997 26 2149 28 3468 29 5558 30 3152 31 3281 32 3092
702 -5.2639610926991027 -0.063414976131147799 4.2541925725762209 120 113 131 0.56823700347515793 7 5402 6 2838 3 3918 5 4408 2 4662
3058 -3.3166767486575646 4.1262948363028942 5.8805866789658001 133 90 82 0.058289508231791659 20 2981 30 2439
701 -4.1932146973802631 -0.2921287010310229 5.1726075413878432 92 45 61 0.81310774921615336 7 5649 6 2836 3 3916 5 4407 2 4656
3057 -3.2751685844803249 2.6672640998524706 5.5987323955307646 89 52 36 1.7650743367001616 25 2105 28 3454 31 3261
700 -4.7352461360003195 -0.13625317106564999 4.3632017053163752 68 71 50 1.1414447124449332 6 2833 4 2045
3056 -3.480408290914101 2.5646871355644802 5.851482077731271 1 1 0 0.36008120718576936 25 2096 28 3444 29 5540
699 -5.4985191218328957 -0.13491801256801011 4.351697522832314 71 64 60 2.1318923494109838 7 5648 6 2832 3 4156 5 4401 2 4653 4 1844
3055 -3.4442504016128708 2.5848118827356239 5.5838445308860631 36 45 28 0.80076416155584484 25 2095 28 3442 29 5143
698 -2.1737349923821654 -0.49399655824227762 5.8552254712286418 217 212 219 0.44980434203516373 7 5074 6 2827 3 3589 5 4070 2 4374
3054 -3.627726236059921 2.5075305907484875 6.2151640075880428 50 48 35 1.355215428276443 26 2657 28 3439 29 5533
697 -5.4119810303548617 -0.21152824947075524 4.2113332841230902 159 163 164 2.080521796066567 8 4899 6 2820 3 3582 7 4653 2 4364 5 4064
3053 -3.4595374144152062 2.3891679572400792 5.9347009833021245 18 14 11 1.1095189107913941 25 2085 28 3434 29 5529
3049 -4.0312185593370078 2.276901848111188 6.2790608453644134 45 47 53 0.54877892697896202 25 1862 28 3405 29 5497
692 -2.5944985099312055 -0.85255944089540925 4.6317597455631709 92 109 39 2.1390896530351844 7 5036 6 2793
3048 -2.548027169331085 1.3112532999536108 5.9792129967180454 148 179 163 1.5693157632211754 25 2292 28 3392 29 5483
3047 -2.7354267661880312 1.0558489084607283 6.1902254607758511 107 135 110 1.3559602079254391 25 1840 28 3372 29 5771
690 -4.0880817273948988 -1.3800117312793014 4.4024990049085622 87 50 29 1.2889569896168456 7 5354 6 2782 3 3867 5 4349 2 4612 4 2002
3046 -3.3950837102521971 1.4679919725871431 5.9486718081504533 46 66 38 1.0728344579346134 25 2037 28 3371 29 5457 30 3071
689 -2.381800984539324 -1.4912084748186827 3.7652875365304497 119 139 75 0.80453738452942658 8 4513 6 2766
3045 -3.4705926397985101 1.4670670568806059 5.9705353947234254 138 153 96 0.57300041040669059 25 2036 28 3367 29 5036
688 -4.1292678630741104 3.1066428026572819 4.9519186843470004 142 96 70 0.63687227615141817 13 3198 6 2759 10 2992
3044 -4.4741042754217464 -0.10283872921361593 5.71011913702612 156 174 127 1.0030904940679879 25 1797 28 3254 29 4894 30 2971
687 -4.0358056803744242 2.9218914746074569 5.3457606114442759 63 61 43 0.22870844684137792 6 2755 5 4306
3043 -4.494598409108737 -0.20095847542066847 5.8093930926702377 121 149 111 1.5113321141223093 25 1980 28 3247 29 5338 35 6019
686 -4.8864597857311391 2.8934266261155543 5.2644119084668288 181 190 144 0.23494681958963862 7 5293 6 2748 3 3812 5 4299 2 4559
3042 -3.447679645836923 -0.4338367597737724 4.7300619392997474 215 233 222 1.4030557747951333 25 1965 28 3213 29 4849
685 -3.4715324365527902 2.7359475477631743 5.1160095937612056 144 150 150 1.6557129285355536 7 5284 6 2743 10 3336 9 1482 11 2935 15 2070 12 2896 14 2518 17 3289 18 2128
3041 -4.4959795385948436 -1.0570747389862145 4.8168566362720746 98 59 62 1.9325322535456873 25 1748 28 3148 29 5251 30 3206
684 -4.2913774028783465 2.7979762778284436 5.2816098137987684 48 55 37 0.30856859315916629 7 4929 6 2739 3 3475 5 3965 2 4268
3040 -4.5461736242155073 -1.7589595425956064 5.3805071270618727 222 219 228 0.81128537234518916 25 1909 28 3086 29 5181 30 3157
683 -4.6499424027465572 2.8157524317535687 5.2730284366846272 90 103 73 0.48539955381336058 7 4930 6 2737 3 3806 5 3968 2 4269 4 1959
3039 -3.9451897209715123 4.5748932597493797 4.1187673585413753 158 170 215 1.5935468446366619 25 2360 28 3060 29 5551 30 3142 31 3264 32 3082
682 -4.8921677407106108 2.8527134952715967 5.7288827532981861 82 81 50 1.0738541447973053 7 4917 6 2735 3 3469 5 3951 2 4262
3038 -3.4919139020210301 2.6745803493011993 5.2706183957360562 51 58 51 1.0062076257626338 27 4371 28 3037 29 4618 28 2628 31 2522
681 -3.5322361541112146 2.6536374157392224 5.2600900723088824 172 171 143 1.152989509880362 8 4795 6 2730 10 3597 11 3416 15 2271 14 2741 16 3991 18 2545
3037 -3.6810506353193984 2.7966152990311439 5.204636431354321 182 184 166 0.565498756484478 26 2132 28 3034 29 5137
680 -4.7440104293655487 2.7715081433898816 5.5703965819074046 178 195 128 0.61103722011101846 7 5276 6 2726 3 3797 5 4289 2 4547 4 1949
3036 -3.6847464112252819 2.8443112522606402 4.9429400851693872 222 224 236 0.30192618503988849 25 2091 28 3030 29 4609
817 -2.1714848674528762 -0.47719622572269621 5.8819582580505552 161 154 163 1.3918149276635698 7 5931 6 3413 3 4452 5 4907 2 5156 4 2545
3035 -3.7135323879647184 2.5288574204161618 6.2202385674069705 4 3 1 1.3728658016245754 25 2086 28 3024 29 5136 30 2739
678 -3.7202083729754722 2.4662927191957262 5.7499828926053587 116 117 83 0.065254799476419767 7 4872 6 2711 2 4209
3034 -3.8750026543140064 2.4619059438438855 6.3521088205838003 58 69 55 1.845316002377535 20 2895 25 1681 28 3002 29 5116
3033 -4.2421573325317885 2.9493073561303595 5.1826801187264273 111 115 96 1.3356253843566817 26 2117 28 2996 29 4577
676 -3.5760270649947934 2.4597828789529794 5.901921647782773 23 25 7 0.78219007039262956 7 5250 6 2707 3 3763 5 4253 2 4525 4 1933
3032 -4.3937148140696936 2.938639629540571 5.3544346048216624 150 153 126 0.36125936799068331 27 3774 28 2982 29 5100 30 2714
675 -4.7475776722180409 2.4688814776003767 5.6742676877637308 70 82 36 0.64188326433821141 7 5252 6 2705 3 3766 5 4254 2 4523
3031 -3.7626899003704946 2.4398728336113567 5.7520878940573912 70 74 51 0.56856776946724952 27 4316 28 2981 29 4573
674 -3.6738388212082591 2.4317830980545012 6.0045419191176093 33 37 10 0.72684566763264979 7 5249 6 2703 3 3759 5 4517
3030 -3.8653988285721965 2.4350699584405682 5.3801133360143041 88 96 75 0.44112404158286317 26 2105 28 2973 29 4536
673 -4.7412793662932362 2.4278854170656179 5.6796092554496163 170 170 146 0.64222821171646882 7 4862 6 2702 3 3403 5 3902 2 4200
3029 -4.5779190231213924 2.9868139650669971 4.9103096558808064 169 176 182 1.0234469227093019 25 1666 28 2972 29 4529 32 1407
672 -3.6737257315131782 2.3220912491453776 5.7980984048786421 144 158 103 0.35873659020287629 7 5240 6 2696 3 3749 5 4238 2 4514 4 1925
3028 -4.6587477238090464 2.9310174862591429 5.161181432977525 22 34 24 1.1786628939382096 26 2361 28 2966 29 4525
671 -3.9968104950825634 2.1544632558819017 5.2014838627855715 50 64 29 1.1570234457373143 7 5502 6 2692 2 4508
3027 -3.9846832357715418 2.4501921490371692 5.3732320267765248 62 61 46 1.4044407861032475 26 2100 28 2963 29 5074
670 -5.0621329448670904 0.85898196587795361 4.555057465786458 42 59 17 1.571725441520107 6 2627 3 4200
3026 -4.6437052244900494 2.7624343148362964 5.31838495093809 64 98 63 0.96259663480721291 25 2056 28 2956 29 5064
3025 -2.3400574929871123 0.13718521478538487 5.957131926437409 160 185 153 1.0530195773466842 25 2245 29 4979
668 -5.1393301962770543 0.27231786912212608 4.1975158470984244 67 62 65 1.3112935430326789 7 5127 6 2595 3 3641 2 4412
3024 -4.1643324242996957 -1.4964836761084781 5.5053933426199562 110 49 64 0.63730877709092848 25 1922 28 2700 30 2492 31 2164
667 -4.7363765877565598 0.032300575412501011 5.3995723152375303 44 48 26 0.70528506217510956 7 5120 6 2593 3 3636 5 4120 2 4063
3023 -4.1505508891522878 -1.6692576443295652 5.7155517799079414 198 161 172 1.163499141547512 25 1729 28 2686 29 4700
666 -5.3709465386600712 0.18212080209301201 4.1476378303419947 64 63 71 0.4372531298867951 7 5115 6 2591 3 3632 5 4115 2 4402
3022 -4.5818210407584372 -1.7357581616941875 5.2162974065569356 227 196 211 1.2958626110524585 25 1907 28 2663 30 2786 29 5180
665 -5.1470930022468817 0.13332548515506196 4.2723494789462721 90 78 88 1.8267354524492589 7 4697 6 2588 3 3630
3021 -3.3432694584602598 2.7333801487716718 5.3064004359400947 86 58 47 0.89665116073842199 26 1864 28 2643 31 2543
664 -4.6804864451969124 -0.25925638668265893 5.3716360396448346 95 118 63 1.1242211929570152 7 5084 6 2571 3 3603 5 4086 2 4383
3020 -3.4916225772687683 2.4598114524226138 5.7779170052314521 140 147 116 0.52254925589705403 25 1886 28 2613 29 3841
663 -5.1884044305703725 -0.071450491228603003 4.2951164879528312 66 55 62 0.67003811452604378 7 4668 6 2570 3 3233 5 3733 2 4028
3019 -3.7119202722391686 2.3040685301336974 5.8351538801309122 42 52 18 1.0570260397982676 27 3068 28 2572 29 4559
662 -2.6892010842052483 -0.44202703674884763 5.9832786769128274 102 107 85 0.79191320472352489 7 5080 8 4189 3 3597 5 4083 2 4380
3018 -4.4384366058165501 2.8780592079867287 5.2880865453670802 87 106 78 1.4239149956586536 26 1513 28 2571 30 2391 32 2177
661 -4.6371225437817065 -0.33465360748604228 5.1286647000905523 186 194 171 0.74392283833069817 7 5395 6 2562 3 4154 5 4640 2 4871
3017 -3.7761097035669127 2.3281170916764147 5.5803662197359376 99 108 91 0.31228301867996455 27 3740 28 2561 29 4539
660 -3.6999714541779545 -0.77327357536133556 3.6151995277671212 64 96 33 1.7320865635811884 7 5362 8 4561 6 2528 3 3878 4 2208
3016 -4.0971146238192944 2.4224554923803696 5.4350930598327345 102 130 81 0.54281506041362182 27 4265 28 2537 29 4510
659 -3.6664194954787397 -0.79215692745497102 3.635008746655342 99 130 70 1.485066267776803 7 5029 6 2527 5 4037
3015 -4.6724407366956182 2.8061482187314999 5.1263592264179296 89 117 91 0.69324977372821117 20 1943 28 2535 29 3703
658 -5.11351334556824 -1.682529777140265 4.5396779838828456 227 187 195 0.70534239006978106 7 5005 6 2508 3 3524 5 4017 2 4322
3014 -2.4489492137086524 0.11255755309320783 5.8029656551378741 126 160 127 1.994225067324864 25 1616 28 2432 29 4378 30 2327
657 -4.4161149742764287 -1.7296263457290506 4.3661030879932561 200 158 170 1.6871301889972268 7 4991 6 2503 11 2950 15 1851 4 1801 12 2630 14 2198
3013 -4.5101867182312843 -0.1442757150323187 5.7895084436133706 101 130 83 0.91554300520860044 26 1693 28 2387 29 4260 20 2243 30 2281
3012 -4.8623278704766202 -0.72211909073865976 4.889160592271482 191 211 185 1.2028071757021541 25 545 28 2323
655 -4.0224937866779253 3.234214179695547 5.0971954035532177 99 56 32 1.031419479102309 7 4967 6 2494 5 3994 2 4580 4 1792
3011 -4.5012045656586999 -1.8048256790370489 5.4226562168060042 186 169 188 1.4122783051615839 27 3255 28 2237 29 3962 30 1578
654 -3.9864910364514885 3.2561723648232404 5.2326685549848646 92 50 28 1.1132497494625451 7 5314 6 2493 5 3992 4 1981
3009 -3.4572175102873324 2.7626702926453608 5.1104452833528677 214 221 229 0.18629838502552931 23 3167 28 2188 29 3892
652 -4.5112999495165962 2.9585103572632541 5.1905318145748112 52 49 32 1.8007340937397771 7 4956 6 2486 5 3602 3 3820 2 4569 4 1974 13 3186
3008 -3.5201922184086833 2.7688772038603138 5.0488703210486738 155 164 181 0.48600123832623887 23 3160 28 2176 29 3874
651 -4.2014314205713932 2.9208992047177369 5.1336772729104307 71 70 52 1.0460862451692656 8 4494 6 2484 4 1975 6 2757
3007 -3.5109928928011511 2.4538714388401952 6.3016603358419552 121 125 136 0.98879887603232186 25 1436 28 2170
650 -4.0643950735754082 2.917018979569955 5.1823506156518961 31 34 17 0.6237491513919956 7 4550 6 2483 3 2626 5 2322
3006 -3.6742458987526518 2.7839697217715265 5.2340152196522096 46 50 34 0.56560191676369598 26 1845 28 2161 29 4610
649 -4.3336768132854617 2.9243316083515385 5.2636789783370013 23 23 0 0.57323333628689421 8 4053 6 2478 3 3817 2 4566
3005 -3.4285690621361695 2.5263107376900198 5.5779048408590652 103 109 81 0.92928170493897355 25 1435 28 2156 29 3865
648 -4.7985506178087025 2.9387234364218151 5.26889558310988 80 82 61 0.4766058149001911 8 4479 13 3179 6 2476 3 3484
3004 -3.5506301997605996 2.4362101929014166 5.9095516023445134 42 55 30 0.73491463379100541 27 3131 28 2132 29 4597
647 -3.6591951110694039 2.7973914493730336 4.9665588654452577 94 99 105 0.68989458398190318 7 4946 6 2475 5 3975 2 4281 4 1783 8 4489
3003 -3.4349318254057675 -0.44285797413353528 4.7211314322851887 139 167 137 0.36781645557201181 25 580 30 1334
646 -3.5673086167963195 2.7753301885027466 5.0301414308312857 190 195 194 0.31670238923184918 13 3188 6 2473 5 3573 4 1969 10 3608
3002 -4.4677723891436489 -1.0922789128512658 4.7655926867844984 148 103 100 1.300516805654629 25 1206 28 1775 30 2147
645 -3.5661977136252436 2.7747379785135875 5.0296422491617871 190 195 194 0.82584719320412781 13 3187 6 2472 4 1968 10 3607 11 2626 15 1578 14 1839 12 1892 17 2911 18 1827
3001 -3.2747644281479169 2.5959265247844199 5.5076302636312731 86 93 112 1.8732025572852169 26 1201 28 1661 29 2909
644 -3.7501488109677368 2.8037166682583212 5.2209265082510772 102 97 69 0.42356921252578561 7 4937 6 2468 3 3084 2 4276
3000 -3.3872333900583493 2.7217950063794323 5.1925989267060855 159 166 174 0.50005725259076206 23 2420 28 1657 29 2896 35 2185
2999 -3.3499272047396715 2.6827941461274465 5.2438842043841687 150 160 172 0.23319937121353052 23 2410 28 1656 35 3550
642 -5.056306451600113 2.7350114554307088 5.9350796447631842 48 51 41 0.72938769446113527 8 4771 3 3790
2998 -3.360395237387499 2.6938117698846522 5.2267679037708241 151 161 172 0.57752718291039296 27 2378 28 1655 29 1775 23 1529 35 2189
641 -4.4443712341555068 2.5951901135478059 5.3386120735091831 57 88 21 0.55739245532041504 7 4899 6 2442 3 3446 5 3935 2 4238 13 3149 4 1756
779 -3.4656891319633285 -0.69413238199572092 3.7855621531941428 96 116 46 0.90838727624104421 7 5618 6 3257 3 3885
2997 -3.5232902428015866 2.664464614295714 5.2490024258733756 117 121 107 0.11139380172503284 27 1422 28 1624 29 2830
640 -3.5421880155759307 2.5948269327317015 5.6275227086505968 50 46 21 1.3200159905056918 7 4482 6 2441 3 3040 5 2930 2 3852
2996 -5.0166463680717328 0.091441342665859307 4.0759153860779316 109 133 60 1.4617331599102157 26 1356 28 1319 29 3277
639 -4.0678559510443755 2.5858686240313773 5.5024339597098226 64 78 42 1.8830659003544401 7 4894 5 3929 2 4539 3 3435
2994 -3.2977277514648144 2.6229471208628432 5.3696084090544707 143 153 163 0.58760704278316833 22 1174 23 1488 28 1088 29 1778
637 -4.9506513415806621 2.6762565192294745 6.1080083283659645 169 176 158 0.72948850776085405 7 4889 6 2425 3 3432 5 3923 2 4230
2993 -3.3896211797034375 2.7126377789346612 5.1996571331658918 212 220 229 0.9083403092689365 22 1199 28 1085 35 2181
636 -3.535795234610223 2.500683657644482 5.9378619247281756 55 62 21 0.492106574512922 7 4874 6 2417 3 3414 5 3910 2 4211
2992 -3.4822258408754587 2.7453334349993317 5.1275652920673123 178 188 198 0.41371874561842831 27 2362 28 1068 29 1757
635 -3.3485135006309741 2.4386611558863653 5.5948647580177173 158 165 131 0.90062317056617558 7 4445 6 2415 3 3015 5 3908 2 3818
2991 -4.5191937851777126 1.0066340299482588 4.3844956030670419 0 0 0 2.20181255837297 26 3139 25 2814
634 -3.7689495968733682 2.4132639733516115 5.7529090084205885 130 132 110 0.30512185274649761 7 4863 6 2410 3 3404 5 3484 2 3813
2990 -4.7652513294356282 -1.8955909025619877 4.4634920902752917 188 130 154 1.596340017735145 24 2565 25 2362
633 -3.9767862939586878 2.3698423632841941 5.4992355010207534 82 74 63 0.79072133157426194 7 4861 6 2408 2 4198
2989 -3.7028516724392655 2.9850900117454393 5.2244008263365362 115 86 70 1.4995538570552622 26 3267 30 3927 29 6365
632 -3.6368216086873737 2.3155509827382392 5.8453036229034545 26 28 7 1.1617033254031628 8 4411 6 2401 3 3398 5 3893
2988 -2.9518884759943056 1.1739414245089468 6.1433253112060635 58 82 56 1.4252056057932339 26 3253 28 4319 29 6358 30 3911
631 -3.7023041594025901 2.2640185462808726 5.8056621193673141 148 160 115 0.78387163564855011 7 4421 6 2398 2 3796
2987 -3.2951307417953539 1.0330923064657331 4.6303350678473469 150 196 71 1.3672354938820772 26 3241 25 2921 28 4308
630 -4.0427031007034753 2.1957986875785096 5.3068825051396891 63 77 38 1.3354213098540471 7 5231 6 2396 3 3745 5 4232 2 4509
2986 -3.1279870173177051 0.52821954826380813 5.0839940269735724 207 230 178 1.0838661726628553 26 3225 25 2914 28 4201
629 -5.3336157686333694 1.1803412334956043 4.0494502895039979 110 134 102 2.0209626842742114 7 4791 6 2345
2985 -4.5245077047527946 -1.5366221872128278 4.9669584901485893 209 173 183 0.76972948726785784 26 3183 25 2872 28 4257 29 6311 30 3936
628 -4.6266448153197768 1.0938523604241734 5.4386719378832531 121 123 83 0.50542021670804471 7 4786 6 2342 3 3329
2984 -3.4618441619969587 2.6407406057991292 5.6016657386147974 17 12 9 1.7305001131385325 26 3175 25 2866 28 4126 29 6195 30 3651
627 -5.1545775239489267 0.32069023931429069 4.0000053786630811 78 79 77 0.46032730588140147 7 4710 6 2303 2 3615
2983 -3.4164615906621649 2.6103355576519416 5.5816998899972905 17 12 9 1.5131288151316502 26 3174 25 2865 28 4125
626 -2.928825991195025 -0.28731554769584494 6.3349020974106756 97 106 75 1.2691137109261701 7 4688 6 2287 3 3256 5 2566
764 -3.3738332141430938 2.7471145078379258 5.1943737443797584 118 73 44 1.4794814254909414 7 5546 6 3210 3 4054 5 4543 2 4790
2982 -3.5419215742579104 2.4761049566117435 5.9202961808313672 156 172 133 1.3599040150982005 26 3265 25 2862 28 4248 29 6297 30 3926 31 4167
625 -5.3504109846020409 0.060378765847502638 4.1939253032349413 78 69 67 0.67710332896260572 7 4684 6 2284 4 1849 12 2346
2980 -3.6941368019376917 2.4970864485680617 5.8339609897525397 38 46 23 2.2305729207150624 26 3170 25 2860 30 3924 31 4076 32 3551 35 6979
623 -4.0625999939395792 -0.5854647667276357 5.280316647585086 118 85 90 0.81741896428618066 7 5056 6 2255 3 3573 5 4058 2 3992
2979 -3.8839302653766659 2.5066082494912192 6.2106463897898614 53 62 47 0.11770437106334229 26 3169 25 2857 30 3923
622 -4.7568229888732994 -1.8341404711060574 4.5410241683271719 231 191 197 0.43169388190842167 7 4597 6 2226 5 3091 2 3956
2978 -3.6760771884054781 2.0110320254655143 5.3258841848473608 91 125 93 1.8884175307477076 26 3256 28 4323
621 -4.9926724048734528 -1.8640881781079872 4.5320962316464231 225 195 197 0.85627115790445407 7 4596 6 2224 3 3146 5 3088 2 3952 4 1614
2977 -3.4904215393332256 1.016964242662711 6.2856315172235302 47 72 14 1.330469372921864 26 3150 28 4219 29 6278 30 3995
620 -3.9198882409606273 2.8780678188373416 4.8327523967004211 153 161 172 0.79511943931298801 7 4561 6 2208 3 2643 5 3052 2 3443
2976 -4.7761008521338137 0.7600820745220277 4.2375375564998699 162 183 144 2.6330891941413159 26 3218 25 2805 29 6125
619 -4.7120824078617289 2.9449853362555087 4.9858574761149308 111 108 99 0.59544595461162886 7 4563 6 2205 3 2649 5 3604
757 -4.7743557943103427 2.0260831121966927 5.7690209672141224 67 89 50 1.5149500918634509 7 5704 6 3173 3 4218 5 4703 2 4938
2975 -4.6385389440886042 -0.0061509516287403731 6.0894523936953382 32 25 32 1.486253829816502 26 3130 25 2791 28 4187
618 -4.8171088704400606 2.966200821159394 5.1581751000128335 47 43 31 1.3898391276535449 8 4487 6 2201 3 3114 2 2687 4 1368
756 -5.3438794607689477 1.0245454065421884 5.7217529330344465 40 54 28 2.5280214597184525 7 5679 6 3143 3 4208 2 4926
2974 -4.6385389440886042 -0.0061509516287403731 6.0894523936953382 32 25 32 1.486253829816502 26 3129 25 2790 28 4186
617 -3.7964611332651303 2.8277837352983415 4.8632458512482133 98 106 111 0.047741343011565018 7 4548 6 2200 2 3924
2973 -5.1176429997115793 -0.65223376043347991 5.3098213775383645 109 140 99 1.8868207127986627 26 3111 25 2774 28 4168 29 6236
616 -3.5942091244280765 2.8140303783936198 5.0049743762618499 133 126 133 0.56776428584848648 8 4061 6 2192 3 3097 5 3583
2972 -3.7573293012887601 -1.284261435235629 5.1029786685064407 140 90 111 2.0456973919197985 25 2755 28 4158 29 6317 28 4267 31 4101
615 -3.8301231964877451 2.8856452800730521 5.3061903569235822 62 61 43 0.014348407217523357 7 4538 6 2190
2971 -4.0420771112192311 -1.5381415198108186 5.6651273151432608 158 91 108 0.97824146661983657 26 3097 25 2752 28 4151
614 -4.3138406387972479 2.9064588070356905 5.2622344041795746 39 37 14 0.9362592733846441 7 4950 8 3487 6 2189 3 3103 5 3025 2 3408
2970 -4.4390889323002476 -1.4998293022783109 5.0160291296454576 123 81 103 0.67719648161148693 26 3089 25 2748 28 4147 29 6060
613 -4.3836644955493407 2.9010539859821738 5.2540158110912589 17 17 5 1.4880849103029927 8 3484 6 2187 4 1593
2969 -4.593041974732154 -1.704911162079159 5.0918809289189966 0 0 0 0.53442931837425656 27 5230 28 3978
612 -4.8128837289057156 2.9127331237398035 5.2226696893503695 49 53 26 0.54466358576910956 7 4540 6 2186 3 2610 5 3586 2 3919
2968 -4.5194595858192113 -1.8488850606029166 5.5149366433841722 143 81 106 0.90116244970555437 26 3073 25 2738 30 3666 29 6048
611 -4.9883769244473593 2.922780503147357 5.2744665331645351 219 223 221 0.36131777823924771 7 4537 6 2184 3 3101 5 3024 2 3405
2967 -3.8671293191717462 4.4261676379132711 5.6586601208541509 189 160 156 0.61015073037231637 27 5504 25 2729
2966 -3.7712793564880998 3.1206020396398424 5.1333112118778761 153 123 117 1.6527738683508646 26 3067 25 2725 28 3970 30 3653
609 -4.6429093704765618 2.7992523445076878 5.3313219718525566 169 187 142 0.62617676127724398 7 3910 6 2162 5 3562 2 3898
2965 -3.3753940185631124 2.5560475064606338 5.7795835618751168 54 47 39 0.68322835138031668 25 2721 28 4127 29 6196
608 -4.6534922376889556 2.7941072529147499 5.4054702490294577 60 80 27 0.46848094633600385 7 4514 6 2158 5 2988
2964 -3.9969398213537093 2.9002318871748631 5.0599588520821204 140 166 105 0.59198974994057629 26 3058 25 2714 28 4121 29 6187 30 3822 31 3944 32 3418
607 -3.4733185850265382 2.6819069161401137 5.2775270689513762 76 74 43 0.63842768175616149 7 3871 6 2153 2 3885
2963 -3.2172356779662228 0.92339332167384869 6.3318675352219342 78 107 51 2.4196192714317712 26 3013 25 2688 28 4220
606 -4.8894230280932502 2.8123514729738943 5.5946223847080594 183 187 152 1.1362963673140112 13 2801 6 2149 5 2980 3 1898 2 2559 4 1765 10 2934 9 1326
2962 -3.881188583121721 0.8660535890734109 6.1653187350155472 181 200 204 1.0519421154032396 26 2806 25 2679 28 4210 29 6154
605 -4.5203225543534398 2.6653794501868222 5.3301401070248327 114 144 83 0.25043760040625623 7 4492 6 2140 3 3048 5 3535
2961 -2.9893161650875237 -0.56744542976830903 5.947910908543304 95 130 61 1.5760833737436764 26 2974 25 2647 29 6112 30 3550
604 -4.6244907781266837 2.6999608812611591 5.6066665825971853 64 82 29 0.72386520682342659 7 4903 6 2136 3 3452 5 3939 2 3867
2960 -5.0625667361808615 -0.97875043505692993 6.1231068626133851 173 189 183 2.2501356686943512 26 2719 25 2611 29 5658
603 -5.0395841558463337 2.7667528056218091 5.8824985324163075 131 129 114 0.45253042111043112 7 4491 6 2135 3 3047 2 3306
2959 -4.4022126182945742 -1.4525081596848264 5.0698723635330225 179 147 162 0.4884775023497207 26 2912 25 2582 28 3779 29 5585 30 3178
602 -3.3182641946763409 2.6088119593589472 5.7483915776053358 80 78 64 0.63786561091204752 7 4897 6 2129 3 3438 5 3520 2 3854
2958 -4.0997936659334382 -1.738467211144173 5.892209325811808 228 221 237 1.6420706951030115 24 2274 25 2577 28 3993 29 6061
601 -3.9741901355652121 2.5836945009251671 5.5023399039771581 31 45 10 1.0399305408489519 7 4481 6 2127
2957 -4.2544337046299203 -1.7429315366616942 5.7490663150254733 163 100 121 1.2168914667137456 26 3086 25 2573 28 3986 29 6058 30 3677
600 -3.5953538994269389 2.5641120558845745 5.7018255736761532 100 101 70 1.5357905707049926 13 2396 6 2122 10 2558 14 1459 16 2658
2956 -4.4298665565037458 -1.3560465973782643 4.4794997705114588 126 47 52 2.344355211847267 26 2690 28 4146 29 6312
2955 -4.3816958167770448 -1.7832155394814035 5.6210628749258085 227 220 236 1.4801469449617712 25 2569 28 3769 29 5849 30 3459 31 3571 35 6564
598 -4.7311898138597721 2.5529609265365614 5.7216237140357942 40 52 7 0.72688261777855079 7 4459 6 2111 5 3503
2954 -4.4201406381780455 -1.8461919095757089 5.5961595735049547 141 72 101 1.8077293279241577 26 2906 25 2567 28 3980 29 6053 30 3667 32 3097 35 6557 33 2595
597 -3.2736568887273303 2.4526194618791188 5.9898384562568454 202 204 193 0.23383178579638964 6 2101 5 2901
2953 -4.419233882174467 -1.8450254358720277 5.5958776583527223 141 72 101 1.6313847586234509 26 2905 25 2566 28 3979 29 6052 32 3096 33 2594
596 -3.7888058913762359 2.3134900168704546 5.6130757212075499 52 55 31 1.2152149871274489 7 3760 6 2093 5 2164 2 2370
2952 -3.785477615366204 2.3293347246879708 5.8090556747907041 42 38 29 1.5812811136186857 26 3046 25 2534 28 4114 29 6020 30 3630 31 3519
595 -3.6574838232450753 1.9802841298965814 5.3562462408372751 207 216 225 1.4145784009422204 7 4836 6 2083 3 2977 5 3440 2 3781 4 943
2951 -3.9974383335757668 2.2674484387264942 6.3159718753525329 137 139 126 0.98588432313415064 26 2870 25 2529 28 3942
594 -3.6878080536167661 0.82417581194975265 4.2244619673450901 112 141 78 1.6272891744547899 7 3556 6 2034 3 1640 5 1119
2950 -3.9974383335757668 2.2674484387264942 6.3159718753525329 137 139 126 0.98588432313415064 26 2869 25 2528 28 3941
593 -5.1166572189855639 0.24434912372653331 4.2195765164678241 160 160 160 0.36694531013788534 7 4208 6 1992 3 2821 5 3766 2 4066
2949 -3.7798251999734283 2.0561469335852864 5.9456583972537844 37 44 36 1.5957092899517977 26 2860 25 2519 28 3937
592 -4.9798870069453844 0.10956840143667741 4.113764397730459 91 103 51 0.40482505135122204 7 4163 6 1977 3 2787 5 2560
2948 -3.745816281220812 1.1872328175728601 6.074328009763172 58 83 25 1.3078534201124967 26 3012 25 2492 28 3912
591 -5.2633730747429688 -0.73034640822250352 4.8375481288435429 146 181 87 0.20164186531677197 13 2529 4 1630
2947 -4.4979121848896799 -0.17848627804030712 5.7737484726910537 200 212 188 1.6796108930046212 26 2754 25 2455 28 3595 29 5695 30 3302 32 2971 35 6020
590 -5.224628618142372 -0.83250724242073892 4.8826309427778023 227 230 217 0.89828720897910852 7 3230 6 1936 3 2704 2 2775 4 1421
2946 -4.5811635582228449 -1.130686046349983 4.7585473568661749 153 104 90 1.3175865669207687 26 2437 25 2394 28 3792
589 -5.3141347570107289 -1.6982577136919235 4.6288127794981193 174 78 83 2.1688361245325121 7 4022 6 1917 2 2749
2945 -4.1182210403973407 -1.5357390336506462 5.6059493437817727 223 197 210 1.3589368083294915 26 2432 25 2384 28 3499 29 5592 30 3186
588 -4.6225384653075645 -1.5766233587388416 4.3443799671105525 182 121 139 0.66384805968452909 7 4021 6 1916 3 3166 5 3652
2944 -4.170278398453787 -1.6281275018840702 5.6331835856016221 167 105 126 1.3450139838647401 26 2698 25 2381 28 3778 29 5862 30 3180
587 -3.8815736505671579 2.8640811235528956 4.8887980435313718 99 105 114 0.96065800902832699 7 3961 13 1525 6 1874 3 3111
2943 -4.4156103947916474 -1.6579888390673319 5.4311522984525133 185 147 172 1.5668059836435864 26 2688 25 2374 28 3772
586 -3.9081058985968129 2.8736801083033994 4.9642625713228812 99 103 110 0.69631783053950014 7 3959 6 1870 3 2630 2 3428
2942 -4.4796277430471969 -1.6861488606208943 5.3571130212870681 182 158 180 0.98092145265727182 26 2685 25 2372 28 3770 29 5850 30 3462 31 3297 32 2866 35 6267
585 -3.8729866831125914 2.8529419312071318 4.9097749554576353 106 108 114 1.2507046289978061 7 3955 6 1868 3 2624 4 1376 8 2759
2941 -4.5208986657154364 -1.7041749000373849 5.2330610234177364 149 88 112 0.90707001130121767 26 2681 25 2366 28 3473 31 3290
584 -3.7059564139086238 2.8428331680869907 4.9487698724734024 90 94 98 1.3394595882772597 13 2042 6 1863 10 2620 11 1880 15 1118 16 2220
2940 -4.4236240233385828 -1.8181452215309788 5.5472485970081511 222 220 233 1.4078906118528076 26 2680 25 2365 28 3767 29 5847 30 3159 31 3565 32 3100 35 6262 33 2597
583 -4.9379450143177692 2.949114124692612 5.1438139230187101 105 111 109 0.92014417372628377 7 3958 6 1862 2 3431
2938 -3.2830719622288242 2.4113405919377264 5.5502249844715683 67 72 49 0.4994332028741752 26 2664 25 2347 28 3743
581 -4.3777876773030968 2.9151041246865641 5.3510309059526779 26 27 11 0.46628045249960726 8 3481 6 1850 3 2608 2 3404
2937 -3.4165409873343942 2.4493872932706866 5.5935067163258374 151 164 146 1.1165215657782737 26 2659 25 2335 28 3739 29 5817 30 3429
580 -4.3318300314813474 2.8877603943515289 5.2598714953515868 79 77 62 0.60603142932171283 7 4534 6 1849 3 3098 5 3584 2 3915
2936 -4.141635858552049 2.8970454506696721 5.4048216020105775 69 73 58 1.0049458470393497 26 2655 25 2332 28 3429
2935 -3.6099812852368292 2.4391930128227144 5.8954612783414104 167 174 138 0.96027141694878637 26 2652 25 2330 28 3732 29 5524 30 3427 31 3536
578 -5.0099735985168774 2.8832976166607516 5.5557365451682372 115 128 104 0.32990883985633873 7 3920 6 1831 3 2586 5 3004 2 3363
2934 -3.8218776625042845 2.4631940251854849 5.8422909576629811 53 41 25 1.4878363568109845 26 2643 25 2325
577 -3.691880476105839 2.745589354695714 5.2972502333810754 96 93 78 0.37885981213886177 13 2006 6 1829 4 1343
2933 -4.1083355046388634 2.7253024998828383 5.4050169689636913 34 42 23 1.2984001930338305 26 2646 25 2324 28 3418
576 -5.0008223802701295 2.87486700859758 5.6926145689453804 88 88 63 0.18090551925846754 7 3022 6 1824 2 2581
2932 -3.7335675772949886 2.2868051015452613 5.8890860357800667 68 91 47 0.3259665998166838 26 2632 25 2316 28 3711
575 -3.4265466852628648 2.6822595309630342 5.2686682833848222 143 141 118 0.71826115338890384 13 2431 6 1823 5 2973 9 1342
2931 -3.823685633458501 2.3674018543018791 5.769026371405471 123 128 106 1.2072518732977704 26 2879 25 2315 28 3710 29 5504
574 -3.4760154350325037 2.6377060481771313 5.2724339722641709 84 86 65 0.43865762447415602 7 3853 6 1816 5 2954
2930 -4.6338934211101277 2.9726104665762887 5.1546012467592366 93 101 80 1.8781249496886132 26 2882 25 2311 28 3702 29 5792 30 3096
573 -4.9156124736424909 2.8094113339767528 5.892711909056886 85 79 65 0.96857372249376184 7 3859 6 1812 3 2553 5 2966 2 2515
2929 -4.0282739139534982 -1.5489325110778351 5.7183093336934725 228 217 230 0.71144516336121078 26 2180 25 2150 28 3114
572 -4.9827588612819467 2.791998320115368 5.8454535402465249 61 56 36 0.37542918053081636 8 4004 6 1811 3 2550 5 3541 2 3879
2928 -4.4562473804898701 -1.5765862148350263 5.2385393424063347 173 148 169 0.75886736383706666 26 2427 25 2135 28 3488
571 -4.3991746025385758 2.6497621621321881 5.278333190954001 47 79 14 1.1898727298592198 7 2948 6 1809 5 2951
2926 -4.2470523651460139 -1.826703630123546 5.74490039307533 227 208 227 0.63483997119990399 26 2424 25 2126 28 3475
2925 -4.5832442197948779 -1.863529163793495 5.3474732001591168 167 110 130 2.0750278955723327 26 2419 25 2122 28 3469 30 3452
2924 -3.908978160288862 4.5812643725676798 4.136764853417386 66 73 153 1.6696104683420034 26 2144 25 2116 28 3061 26 2413 35 5850
567 -3.76986598010255 2.5325097335965356 5.6282840455621486 159 162 131 0.26728632074164116 7 3799 6 1780
2922 -3.4641680796568153 2.6497031591839684 5.254238665228173 104 107 92 0.80262832336307322 26 2405 25 2094 30 3124
565 -3.6930954761850807 2.2504651848859658 5.8609293655704047 45 57 38 1.1886048986993001 7 2773 6 1760 3 1785 2 1373
2921 -3.495306384913921 2.6688534307467333 5.2649887179933907 104 107 92 1.365226942921238 26 2404 25 2093 30 3123 32 2511
564 -3.3901528033566422 2.0057347664267167 4.6759067294617394 115 128 100 0.38475579339229538 7 3738 6 1754 3 2461 5 2869 2 3198
2920 -3.9779232627491274 2.9282443702589225 5.0111350980241234 129 145 112 1.7426357859034114 26 2394 25 2087 30 3424
563 -5.4871444645071659 0.18654030206811584 4.1687908963491154 115 114 93 1.2292756188196456 7 4187 6 1621 10 1796
2919 -3.9102737987042584 2.4331621871814684 5.536655770314491 27 36 15 0.64195606465720834 26 2364 25 2069 28 3408
2918 -4.51190954715294 0.89445826113206095 4.4307765564623551 103 135 86 2.1088047512578809 26 2528 25 2001
2917 -4.8783536382470185 -0.39070831591084276 6.0006613442193082 150 167 177 1.3665761558927809 26 2487 30 2949
560 -5.2180230242277483 0.071803199380422456 4.249672626380768 139 142 151 0.89168507900522165 7 4159 6 1613 3 2186 5 2553
2916 -3.8028429143288203 3.1571280000920714 5.1238341525555082 151 117 111 0.68485981135034102 26 2139 25 1898 30 2428
559 -4.9917399826396682 0.054500702067596933 4.0789728066709223 93 101 58 0.65554833232683785 8 3705 6 1612 5 2545 7 4150 2 2022
2915 -3.8747528598255845 2.9096754306726971 5.0760125505886196 153 157 156 1.6393559472268384 26 2126 25 1890 28 3025 30 2729 31 2891 32 2502
558 -5.0217622297829321 0.042148585512240717 4.026567727437433 131 146 49 1.0662460473755448 8 3697 6 1609 10 2284
2914 -4.446316476984645 2.8764990565454349 5.2659012096900231 85 108 79 1.6716776012137264 26 2368 25 1872 29 5503 31 2858
557 -5.4655035889898205 -0.14172176800692235 4.2174934470595726 114 116 113 0.52957864863301141 7 4657 6 1588 3 2750 5 3184 2 3536
2898 -4.0709431722724654 -1.7958826425790446 5.8206799017212862 0 0 0 1.9643634913642138 24 2677 26 3185 25 2874
541 -3.4531071798782547 2.6471250426943813 5.2975999585163596 46 44 21 0.53301897267804199 13 912 6 1356 10 2153
2886 -3.7117360978619809 2.9094735959507814 4.9945269174131672 137 103 104 0.81592219384260523 27 5501 26 3063 25 2720 28 3962
529 -3.5992327557293464 2.6387531883713877 5.3006663343359692 192 195 173 0.57462070786984598 13 1477 6 906 3 2544 7 2955 2 2497
2885 -3.5196974394137754 2.5177434514940265 5.83772248675022 30 26 14 0.86701249011754111 27 5215 26 3061 25 2718
528 -4.2882948526348796 2.6166637966229653 5.5016458279897043 104 101 82 0.85261989747152123 7 1727 6 876 5 1364
2876 -3.227064050766224 1.5035066569000251 5.8032701493048817 81 111 82 1.1055664667600307 27 5175 26 2849 25 2513 28 3678
519 -5.3397471828764633 0.036838087987880304 4.2562974741810882 49 29 22 0.61414624124395845 13 3972 8 5538 4 2648 10 4018
2875 -4.612516608969174 -0.29128710726162005 5.9156458129092071 102 128 101 1.3354186660120968 27 5102 26 2748 25 2443
518 -5.0006635651632605 -0.065838233652771111 4.3494876705967878 74 72 75 0.90756852932170184 13 3970 8 5537 10 4103
653 -4.527858474726477 2.9455176416739115 4.9437292422199839 49 46 30 0.62204953579706967 7 4960 6 2489 3 3493 5 3988 2 4295
638 -4.8483260894904161 2.7016600431503299 6.0228764123583014 47 43 14 0.4491288395804488 7 4896 6 2435 3 3441 5 3933 4 1752
624 -5.4399864222218239 -0.1913490226570595 4.2962773508680412 109 104 108 1.8799556757917519 7 4110 6 2273 3 3222 5 3717 2 3532 4 1453
582 -4.8437063695436953 2.8936433910424877 5.0046013242076599 123 127 94 0.39623761490129955 7 4546 6 1858 3 2622
570 -3.6077070937004416 2.6392053477276609 5.5523564423579881 80 77 62 0.60909496508090843 7 3836 6 1805 3 2536 2 3300
566 -3.8992215125731886 2.466602752394552 5.4450517208309899 87 84 72 0.91475702912923251 7 3794 6 1776 3 2502
556 -4.2259210747745213 2.9287905517974586 4.8550096308563342 196 201 199 0.24456758604887668 7 3162 6 1475 3 2007 5 2348 2 1834
547 -4.7295053191467327 2.8897552359585066 5.2580724055664758 38 41 20 0.83030091101950221 7 3938 6 1415 5 3581 2 4282
257 -5.6141376836560264 0.86766760513228758 5.5744572178401102 29 50 12 0.51372593734249439 7 4309 8 3806 6 2040 3 2895
2614 -4.4328256217352546 -1.8881961562382368 5.6428177593700504 195 139 154 1.5002613980639741 22 3134 23 4195 20 3301 27 5022 26 2904
256 -6.1300792874753913 0.76337046232978689 5.4060636721073259 139 164 126 0.32557539154985116 8 3797 2 4098
2613 -5.1948546999990519 -1.5789214476446778 4.5990953845443761 212 150 165 0.26995271665859288 22 3527 23 4193 21 1798
255 -6.1770729884609157 0.40178275490996435 5.4366328731784828 153 178 139 0.4305035837381011 7 4257 8 3781 5 3792 3 3292
2612 -4.1713014718041892 2.9294315468491225 5.4185240467182307 116 118 104 0.46558465889477035 21 1477 23 4155 27 4738
254 -5.1771805116621925 0.40356430838345891 4.111696493154172 159 170 136 1.059913333548933 7 4234 8 3771 6 2010 3 2853 2 3636 5 3784
2611 -4.0346669263965396 2.628228102457681 5.383373142855497 41 57 19 0.83848905386936556 23 4124 20 2442
253 -5.1836008519026668 0.32678554004572669 4.1117783392793452 127 124 115 0.27205332910629876 7 4221 8 3761 3 2246 2 2946
2610 -4.663613467254744 2.8176868458836162 5.1175307452139887 107 128 95 0.55283095224474454 22 3432 23 4110 20 3249
252 -5.3731386837038704 0.30522187436931258 4.1266586252591591 95 104 76 1.1113803570719925 7 4216 8 3757 3 2832 2 3614
2609 -3.9103800198116141 2.0042628943818017 5.3857825503182868 70 89 44 0.63902535196882015 22 3384 23 4065 20 2843
251 -5.116573891990754 0.24471443897054845 4.2197404003784094 148 145 150 0.49383183083663296 13 1721 8 3747 6 1993 7 4209 3 2822 5 3767 2 4067
2608 -3.6110181111128683 0.8803408699889036 4.4219825293050512 194 215 188 0.34546210511145664 22 3328 23 3989 20 2770
250 -5.1873940575196631 0.23943676316110857 4.20511999036224 183 182 180 0.34266179609730246 13 2202 8 3744 10 2323
2607 -4.5065637937975858 0.73916300229964771 4.4846638498761306 112 141 87 2.1163777809238384 17 2721 23 3965 24 1688
249 -5.2432950276061137 0.22172615867520976 4.2175905163850249 216 217 217 0.61452222203764717 13 2609 8 3739 4 1670 10 2729
2606 -4.6937429289171755 -0.082294092339234765 4.3047875304627441 161 165 176 0.67088551522166873 22 3614 23 3869 20 2657
248 -5.0174617788323292 0.10529368298492033 4.0158942633543973 186 200 106 0.59774965077375986 7 4158 8 3713 6 1974 5 3238 2 3575
2605 -5.2954249268861275 -0.12713350470370804 4.2549732757122891 224 228 239 1.4399023895733023 22 3606 23 3852 20 3080 27 4841
247 -5.4402094198886122 0.067354882739845898 4.2011085998117723 142 140 139 0.66262607574997678 7 4157 8 3710 6 1973 3 2779 5 3232 2 3571 10 2715 13 2586 14 1930
2604 -5.2566550303294752 -0.25302142177918063 4.2743264563801446 81 66 91 1.0657569978522801 22 3199 23 3846 20 2624
246 -5.0104235111317914 0.057041342956123856 4.0323775017259225 162 176 87 0.73203457537636685 7 4149 8 3702 6 2283 3 3244 5 3740 2 4033 5 4097
2603 -4.4320210112639771 -1.8704306366757633 5.6159705639995812 150 67 87 0.76567430040013451 22 2585 23 3781 20 2546 27 4396
245 -4.2679028179027521 -0.2084627403031182 5.1393007591596414 235 228 226 0.9577581358688696 13 1668 8 3689 10 1769 11 1548
2602 -5.205630698762004 -1.7313840095649238 4.5277301536174024 198 113 118 2.4696356963068169 23 3764 24 1372
244 -4.2679028179027521 -0.2084627403031182 5.1393007591596414 235 228 226 0.9577581358688696 13 1667 8 3688 10 1768 11 1547
2601 -3.2892466358906884 2.6634828261533703 5.3836453182097985 113 103 110 1.7006488914299014 18 867 23 3736 27 3849
243 -5.3202409857802229 -0.051601034814861647 4.2860170159586826 165 164 171 1.0017084727259637 13 1660 8 3684 6 1968 3 2763 5 3209 2 3554
2600 -3.2860193317272244 2.5989014590919761 5.4052489880600305 187 192 186 0.52325235998873298 22 3093 23 3731 20 2964 28 2637 29 3901
242 -5.4350557863331099 -0.064491398112449416 4.1915505668228352 106 96 94 0.64558334420192964 7 4131 8 3672 3 2756 5 2524 2 3552
2599 -4.1152953713947245 2.9453764655935046 5.3828504130368353 26 27 11 0.28627849451992043 21 1484 23 3707 20 2945
241 -2.6497712538730189 -0.55468844835374054 6.0255323125797915 210 224 124 0.87733613103044905 7 4111 13 1635 8 3650 3 2142
2598 -4.1123889473984949 2.8820551902438503 5.4376713036253674 65 65 53 0.89669230604843086 22 3484 23 3697 20 2478 27 4346
240 -5.307589356993307 -0.33475634380108515 4.3481518023059724 195 195 189 1.0962334200115698 7 4084 8 3628 3 2723 5 2460 2 3993
2597 -4.3411445172846195 2.9149196781721662 5.3267323474607702 132 134 118 1.3025742263970299 22 3475 23 3674 20 3269
239 -5.1934088657688688 -1.675158988896067 4.5508575764741064 209 161 175 1.1748973035074715 13 2082 8 3580 10 2208
238 -5.2325890879510979 -1.7537186452403501 4.6212957109883535 188 126 124 1.2857149428027963 13 2078 8 3578
2595 -3.8270964032198913 2.3324628644794272 5.7372518695496071 50 55 35 1.8846901560555629 22 2983 23 3614 20 3243
237 -4.3169298188308183 -1.6273428536807732 4.3495403979531631 178 123 142 1.3361129900023279 13 2079 8 3577 10 2204
2594 -3.7205271220104961 2.2810279762138679 5.8480495951425304 170 184 151 0.46271374210499161 22 2979 23 3611 20 2413
236 -4.4373643589662173 -1.7493498251633535 4.3706121812584326 232 212 221 0.5704133642804986 7 4014 13 2480 8 3570
2593 -3.9920335422215931 2.3965187668800643 5.4652720715786538 168 171 155 0.57806215727712684 22 2978 23 3606 20 2407
235 -3.9233321048258074 3.4222503314017723 5.1678675705980099 163 119 95 0.35982995170819226 13 2471 8 3549 3 2669
2592 -3.7997445790378541 2.2114011750237648 5.8539702884402498 73 67 43 0.49664124299044748 22 2963 23 3595 20 2861
234 -4.0850441800076682 2.9550546729959315 4.8247781731634962 190 184 180 0.48889543076881314 13 2468 8 3536 3 2659 6 1891 5 3070 2 3459
2591 -4.6320659712526382 0.06243177349009852 4.2241448947907827 129 136 129 1.0095632954641316 22 2720 23 3359 20 2220
233 -4.2427151285888582 2.9626486654363848 4.8454031684797565 79 84 87 0.78502690583636703 7 3985 8 3535 6 1889 3 2658 2 3458 4 1386
2590 -4.6470765535484251 0.014852441826392336 4.2552003368788602 69 72 76 0.37204080394633748 22 2709 23 3351 20 1674
232 -3.8056030381317365 2.878192756978208 4.8925331137099501 227 227 226 0.61054345587335934 7 3968 8 3526 6 2207 13 2848 3 2641 5 3603 2 3441 10 2990 9 1361 11 2629 15 1584 12 1905 14 1527 16 2219
2589 -4.6058965580229323 -0.091220245193856464 4.2905071072798355 58 60 57 0.63002676825989834 23 3330 20 2200
231 -4.4358162727088013 2.9429783487836128 5.1406834718311556 139 142 113 0.42311217813515967 7 4555 8 3506 3 3113 5 3600 2 3927
2588 -5.1779780321209641 -0.24408875403525937 4.3505514812420669 222 220 237 0.94324579508153006 22 3201 23 3315 20 2176
230 -3.5908666028667482 2.790895242434781 5.0070400354456019 98 103 107 1.104737241759963 7 3937 8 3500 2 3393 3 3094 10 2618 17 2530
2587 -5.2558553021961574 -0.27092554911624467 4.2999757945437524 233 234 247 1.6037255017586236 22 3198 23 3306 20 2623
229 -3.5641624013194084 2.772986756669551 5.0250926866500469 223 228 227 0.50177335331877726 7 3933 8 3492 3 2600 2 3388 12 1893 17 2912 18 1828
2586 -4.1919619393654246 -1.7785115568070871 5.8506934054966209 231 212 216 1.2345070913133072 22 2598 23 3218 20 2097
228 -3.4355377641517277 2.7542678383061694 5.1354360959702969 207 207 201 0.6706807002994194 7 3922 8 3483 6 1840 13 2835 3 2584 5 3003 2 3367 4 1779 10 3338 11 2287 15 1354 12 1894 14 1518 16 2742 17 2534
2585 -4.5438031745424601 -1.8050891989479685 5.3511407961797364 118 58 75 0.57166924639836736 22 2583 23 3199 20 2075
227 -4.2708814431462567 2.8721906299884554 5.2374140623139258 20 18 5 0.38951031402472519 7 3081 8 3478 2 1730
2584 -4.0756207912514295 3.2526183609189787 5.0749969625869706 141 97 78 1.8857785211772786 18 1216 22 3510 23 3169
226 -3.4957328003824024 2.718509887071531 5.1335173019930727 169 171 163 0.94148591971584805 7 3908 13 2438 8 3473 3 2573 5 3558 2 3341 4 1776 10 2978 11 2933 15 1573 12 2613 14 1835 16 3169 17 2904 18 2127
2583 -3.4322316406431197 2.7515246789354157 5.1321245858576816 217 219 221 0.70696700095573006 22 3107 23 3168 20 2524 21 1779 27 3845 28 2191 29 3896
225 -3.7384439711811348 2.7674038619256032 5.2426463570427613 135 132 113 0.12312966143394712 13 2012 8 3471 2 3357
2582 -3.3091822020098776 2.6728709373268749 5.298445264027297 97 97 108 1.056743944845445 21 1506 22 2542 23 3164 20 2041 24 1583 27 3848 28 2641 29 3907 31 2540 35 4636
223 -3.3790548828584628 2.6829084216404309 5.2231256077281838 138 142 145 1.3691398499305563 7 3880 13 2007 8 3460 3 2559 5 2974 2 3326 10 2603 11 2279 15 1570 12 2241 14 1512 16 2726 17 2518 18 1529 20 2514
2580 -3.6161687643095348 2.6193845298098721 5.5471786303184842 90 86 75 0.74807607326701675 22 2477 23 3099 20 2480
222 -3.660447777040468 2.7173297986262717 5.3017720067186875 50 42 31 0.72202268764607302 7 3891 8 3451 5 3553
2579 -4.0516674600559153 2.7364249258763005 5.3111693688364294 0 0 0 0.22279844047025835 19 1374 21 1455
221 -3.5728868517374686 2.6598071020444607 5.29410344028779 71 71 46 0.68950350331496535 7 3863 8 3441 6 1818 13 1482 5 2961 3 3055
2578 -3.8126120484055219 2.6042052649221854 5.5808221171970711 53 57 42 0.35193213159691239 22 2454 23 3068 20 2457
220 -3.7726559716551353 2.6879258341786869 5.4736006844385923 45 46 35 0.81584909422674146 7 3855 13 2419 8 3429 10 2578 11 2252
2577 -3.5513723708641169 2.4384344206208937 5.9342065268159416 183 195 167 0.66906212687725997 22 3027 23 3063 20 2449 27 4337 28 3015 29 5122
219 -5.0281460290758133 2.839257955826926 5.7369825043828309 118 110 89 1.0276973553070898 7 3889 8 3420 6 1820 3 2567 5 2979 2 2557 4 1333 9 1116
2576 -3.430754276034623 2.3675568077501907 6.3053138310337573 126 128 141 0.87258731079023011 22 2440 23 3058 20 1984
218 -5.0288926404586327 2.8121483762449304 5.7283875800645285 48 41 20 1.2201840941383542 7 1806 8 3413 2 1605 11 2203 15 1513 12 1763 14 1767 16 3062 17 2819
2575 -3.6181789325254408 2.4522260428229106 5.9162275679363461 193 202 164 0.19754715091571537 22 2441 23 3055 20 1377
217 -5.0917478928044932 2.7817479920530448 5.800347555952631 34 30 19 0.98163116843500242 7 2959 8 3400 6 899
2574 -3.8404032270797317 2.4910130529880603 5.895654999007113 207 198 181 0.49882914890979996 22 2422 23 3040 20 2902
216 -3.5683560529955747 2.5874014092640683 5.6508345828803934 41 37 8 1.5774213311460659 7 3813 8 3399 5 2205 2 1488
2573 -3.7906620039718932 2.4573950724799065 5.8309059188537775 63 51 35 0.99577876131639564 22 1758 23 3036 20 2897 24 1781
215 -4.9708530671458213 2.7702305163792658 5.878601666507377 51 43 19 0.76529224728984346 7 3841 8 3394 6 1804 2 2491 3 1167
2572 -3.9243004343392767 2.3340713574023275 6.5594126234000383 121 130 119 2.0294645033927066 22 1718 23 2995 20 1935 24 956
213 -3.8033745213953165 2.5784174872931915 5.7014731265158316 45 44 24 0.88594927550293745 13 1965 8 3382 10 2551 11 2226 17 2855 22 3030
2570 -4.8684269812636494 0.089664569259580024 4.0070226627865972 87 110 22 1.9234620224325099 22 1370 23 2649 20 1075
211 -4.8649102787083676 2.6777103337331596 6.0246188015318767 141 136 106 1.100947805372106 7 3811 8 3358 6 2120 3 3039 7 4475 5 3515 2 3844
2568 -4.9240323325548072 0.047971723559184873 3.9996223108096847 138 155 76 0.45172577738164255 22 2035 23 2633 20 1051
210 -3.6106488392001754 2.4905883116305509 5.8801531292559837 7 8 0 1.1022258470908373 13 2373 8 3348 10 2524
2567 -5.0956442044716876 -0.02108647993333963 4.2717828927743788 163 153 164 0.67530380251384059 22 2693 23 2623 20 1642
209 -3.3529649329894182 2.4007115857897019 5.5902876845038021 11 20 1 0.66011630521232323 7 2821 8 3342 6 1773
2566 -4.6714187531735698 -0.12276514885841447 4.3368833924426085 73 78 72 0.4700739712423177 22 2024 23 2618 20 1041
208 -3.314254808846083 2.4030159807660678 5.6831632222777646 21 24 15 1.1540819033271057 7 3772 8 3341 6 2099 5 2171 2 2389
2565 -4.2022973591850876 -1.7731159030031047 5.8376219082522107 187 149 162 1.7106562415225879 22 1269 23 2479 20 1522
207 -3.6334461469572865 2.4395203034037927 5.8973256474663707 42 41 13 1.2091142839651172 13 1933 8 3334 2 2387 10 2085 16 2062 21 1147 23 2248
206 -3.9785781769499557 2.4119014534290812 5.4177530260500371 93 87 71 0.51239393181419024 7 3777 8 3332 3 1814 5 2176
2563 -3.3882495428877544 2.722071176033297 5.1920854309396853 129 132 134 0.39554934327453917 22 1896 23 2419 29 2895
205 -5.6209185560664396 0.88695259196530674 5.5809296691915637 111 133 97 1.2072903498602074 7 3584 13 1800 8 3149 6 1677 3 2345
2562 -3.4467998214982574 2.7475667262497345 5.1214551825852457 104 109 114 0.41967279084886294 22 1894 23 2417 28 1080 29 2877
204 -3.1123149758488147 0.47799381365766269 5.0552474430143146 138 162 89 1.1591035881794403 7 3515 8 3109 3 1604
2561 -3.2794195753844764 2.6206509684373263 5.3782257051560807 150 155 158 0.85490675733785382 22 1879 23 2398 20 1476 27 2374 29 2907
202 -5.0902366026256782 0.24196725458810064 4.2288090929286506 156 154 155 0.73813864400218743 7 3445 8 3048 3 2823 5 3272 2 3606
2559 -3.6083951502123437 2.6359685246615081 5.5189707473013057 98 96 84 0.2402210032486565 22 1826 23 2315 20 1423
201 -4.9754051937099151 0.18554411716568414 4.0923278425696044 107 126 62 0.56934910403413808 7 3419 8 3021 5 2587
2558 -3.3714061288247019 2.3765847689961079 6.2358144735064096 141 145 157 0.99076892768978253 22 1787 23 2271 20 1389
200 -4.9972952238739428 0.16326559616065817 4.0762093329617581 119 139 67 0.57506144985124941 7 3409 8 3010 3 2194 2 2907
2557 -3.6285147349188982 2.414991001518255 5.9083313855533586 85 92 58 0.28791881365731831 22 1081 23 2234 20 793
199 -5.28203813388272 0.12855592192814483 4.1926929274526952 214 213 209 0.59175824276519084 7 3400 8 2996 3 2188 5 1810 2 2903
2556 -4.8367594089481498 2.9544856371663664 5.1044226320437627 98 102 103 0.41484994806313108 21 845 23 2219 20 1350
198 -4.2761910010644213 -0.16322208979535466 5.1482069649335953 70 62 51 1.0863198721527656 13 1681 8 2967 10 1779 11 1982
2555 -4.8226961406178015 2.9468236485078165 5.0754282359671823 197 202 203 0.71172695716287615 21 844 22 1079 23 2218 20 1952
197 -2.966029863941638 -0.3479257621083986 6.0443790832365041 72 86 45 0.33433307046020905 13 2185 8 2965
2554 -3.7988953890436945 2.436154778459573 5.7616262296716849 138 136 121 0.60003355467877106 22 1755 23 2215 20 1359
196 -4.1138274959613259 2.9609345825820275 4.8257730925605156 179 174 174 0.48835970481210789 7 3167 8 2786 6 1483 2 2721 16 2203
2553 -3.69270998698107 2.283097123873969 5.8432409133069125 77 87 53 0.51674614348166326 22 1730 23 2185
195 -3.9417131391007283 2.9226667313431478 4.8513661188152026 167 160 158 1.1190453333753778 7 3163 8 2784 6 1480 2 2713 12 1501 14 1526 16 2743
2552 -3.3788212851797903 1.0042318934850174 6.4539540987130142 72 103 26 1.8901676183131013 21 765 23 2039
194 -3.96685268086443 2.926237397732903 4.8494575796898705 80 76 76 0.41391970653814436 7 2020 8 2783 5 2350 2 1841 6 1479
2551 -5.1437795949694767 -0.13341365643494363 4.2988148797213031 188 186 199 0.94693772792940167 22 1341 23 1733 20 1025
193 -3.9038192659186159 2.9070979324206214 4.8528085562045966 147 140 147 0.34442975228107314 7 3158 8 2780 2 2709
2550 -5.3053116090132857 -0.18023315450242741 4.2599680742742665 136 132 133 0.62091898325230999 22 1336 23 1724 20 1010
192 -3.9649291912876095 2.9123439740406165 4.8419931626983379 223 227 228 0.58832887826903779 7 3160 8 2779 6 1879 3 2006 5 3061 3 2653 2 2711 11 2293 15 1357 12 1494 14 1520 16 2207 17 2057
2549 -4.0486972795682616 -1.5462037622717582 5.7464619316071168 166 119 133 1.4992734548896667 22 598 23 1643 20 469 27 2498
191 -3.8385653868419762 2.8973370969231858 4.8757604225802647 150 142 141 0.67141244906270525 7 2001 8 2776 3 1298 5 2338 2 2706
2548 -3.3763538352166318 2.7264252705211782 5.1999446157841502 192 188 195 0.39489431705795441 22 1897 23 1537 29 2902 28 1659
190 -3.885331900568155 2.898109483454872 4.8620007876615636 209 212 209 0.23192401242000868 7 2005 8 2775 3 1299 2 2705
2547 -3.4377721438050459 2.6934017318935215 5.1985898072742627 228 234 223 0.34679578227143537 22 1882 23 1487 20 1472
189 -3.7324657598018112 2.8776389311561545 4.911738144193051 75 52 39 0.59329513851151883 7 3144 8 2773 6 1460 2 2686
2546 -4.3505077488589654 2.9499112615271459 5.1290689778843923 100 100 76 0.69603514219272622 22 1122 23 1360 27 1353
188 -3.839390759558662 2.8831880767170381 4.8812472218165874 106 111 113 1.1463184018462065 7 3149 8 2769 6 1464 3 1988 2 2694 13 2047 4 1052 14 1190 15 826 16 2215 18 875 19 864 12 1047 23 1476
2545 -3.5915928549128595 2.4363911483331284 5.9618411321746851 30 35 15 0.92902641645784567 21 560 22 413 23 1316 20 803
187 -3.684858493357476 2.8636152018335972 4.945140245959057 70 52 30 1.0907875827867071 7 1974 8 2764 3 2631 5 1515 2 3430
2544 -3.829389315066797 2.4479190777371844 5.7728108808939957 68 68 57 1.4696734438493098 22 404 23 1280 20 782
186 -3.6619408569405945 2.823182706987803 4.9716469901893836 189 195 195 0.084759053166994877 7 3100 8 2751 2 1747
185 -3.6758003539283077 2.8202582629334243 4.9725960680985644 105 109 111 1.1484972751277631 7 1944 8 2742 3 545 5 2302 2 1744
184 -4.2921772934120126 2.9400687634258258 5.2459337971218911 47 43 14 0.41765171466044176 7 3120 8 2738 6 1440 3 1285 5 2324 2 2668
2541 -3.570014503901549 2.7968829449093282 5.0186569683430156 160 166 176 0.75040678877544886 22 483 23 579 29 680
183 -3.5161199587671237 2.7815987500063759 5.0747051610325018 209 209 216 0.23572065663253292 7 3066 8 2723 2 2619
2540 -3.4253815863796335 2.6655083248447968 5.3067037097341752 144 146 133 0.43471007046240651 22 1160 23 546 27 2352 28 489
182 -3.5161199587671237 2.7815987500063759 5.0747051610325018 209 209 216 0.23572065663253292 7 3067 8 2722 2 2620
2539 -3.8852886287905184 4.5553119427023674 4.1115435712254387 62 66 140 1.9185291934142856 19 1623 21 1785 22 3518 23 2435 24 1367 27 2389 30 1551
181 -3.5773105515886949 2.7669095486071305 5.0337868521726925 90 96 92 0.57356575213942662 7 3931 8 2716 3 2597 5 3008 2 2612
2538 -3.3926042298112602 -0.25466018876479285 6.0456168830483241 44 57 20 1.9205150686882901 13 3757 10 4027 9 2209 11 3773 16 4184
180 -4.3956266125381127 2.9152819682382929 5.2953252901850911 19 13 0 1.0851873338202132 7 3947 8 2711 3 2612 2 3407 9 1137
179 -3.4901750636072735 2.741046818248952 5.0847646809409923 117 122 124 1.0194790508068481 7 3042 8 2701 5 2272 6 1401 2 2593
178 -3.4492577115586083 2.7345770458278627 5.1270868848031892 188 189 191 1.1834298371830809 7 3035 8 2696 3 1921 11 1877 14 843
2535 -4.2974886246741359 2.7989592218117987 5.3015912517433597 37 41 27 2.1193381574317307 22 4194 11 2917 14 2488 15 2048 12 2865 18 2350 19 2145 10 2955 23 4659 21 2310 20 3468 26 2639 28 3716
177 -3.6887012372919474 2.7274964665086761 5.2903902493120087 52 51 31 1.1512978785361283 7 3895 8 2665 3 2565
2534 -3.7144561708841368 4.3802476823062086 4.2243826362066157 117 139 214 0.93101361960125406 21 2199 22 4054
176 -3.682196818078165 2.691085533956552 5.3184919098658874 156 155 135 0.48991055043645526 7 2983 8 2651 3 2555 2 1602
2533 -3.7820738246698289 2.3313517462708631 5.5821946305076144 89 91 72 1.1464693777006532 17 2409 18 1754 22 3425 18 2079 19 1774 21 1707 23 3615 20 2881 24 2008
175 -4.7392578615206267 2.8114448555096652 5.3772153050566676 58 62 29 1.0256830723023178 7 3026 8 2640 6 1387 3 1919 5 1441 2 2583 4 1007 9 1121
2532 -3.3186915824489236 1.1144081684496616 4.2717985563332093 104 148 34 0.45353691522730943 21 2563 22 4456 23 5049
174 -4.9944485021226281 2.8435308422728567 5.7199800896917505 133 129 98 0.34376901112432257 7 3002 8 2614 2 2563
2531 -3.5802661134400737 0.96955855765279664 5.2178646636031658 62 84 42 1.7013232611555049 21 2556 22 4449 23 4985
173 -4.9951899158827437 2.8346460111639171 5.7439809371609654 68 62 37 1.2937998338667518 7 2996 8 2610 2 2554 6 1363
