图像,提示词编号,提示词文本,总分,面积得分,连通域得分,边界得分,时序得分,前背景对比得分,下方泄漏得分,侧边泄漏得分,语义门控启用,语义门控总修正,目标框得分,垂直覆盖得分,花盆重叠惩罚,侧边干扰惩罚,中心先验得分,面积比例,连通域数量,边界密度,时序IoU,前背景对比,下方区域占比,侧边区域占比,SAM3原始分数
0000.jpg,P1,green plant,1.063423923770641,0.3400210848374745,1.0,0.7103303084139994,1.0,0.4250105917453766,1.0,0.6612075680154674,1,0.3683515267712708,0.6171657721765613,0.38718741219443664,0.0,0.0,0.8264977231447577,0.14430832851080247,1,8.155915301791499,1.0,0.10625264793634415,0.0,0.006049537533282482,0.871094;0.304688
0000.jpg,P2,entire plant excluding pot,1.0845330408108622,0.42764647063994365,1.0,0.7218552623874253,1.0,0.2761484980583191,1.0,0.8097323693902605,1,0.3994029945937245,0.6452677185979939,0.502669289126159,0.0,0.0,0.8307882104171803,0.17892035590277777,1,7.7063852576942855,1.0,0.06903712451457977,0.0,0.004939903789460775,0.914062
0000.jpg,P3,leaves and stems,1.065232114164906,0.34354641594389757,1.0,0.7105816441570529,1.0,0.42532384395599365,1.0,0.6750459433040078,1,0.36934173335351717,0.6182963653826652,0.3899971902219725,0.0,0.0,0.8273851122962934,0.1457008342978395,1,8.145956435063207,1.0,0.10633096098899841,0.0,0.0059255226102419446,0.812500;0.316406
0000.jpg,P4,crop seedling,0.5904761904761905,0.0,1.0,0.9523809523809523,1.0,0.0,1.0,1.0,1,0.0,0.0,0.0,1.0,1.0,0.0,0.0,0,1.0,1.0,0.0,0.0,0.0,
0000.jpg,P5,plant body without background,1.064398965139993,0.3414299963861541,1.0,0.7107491820867322,1.0,0.42573773860931396,1.0,0.6672591975565736,1,0.3688155817235529,0.6176176179115721,0.38859230120820454,0.0,0.0,0.8270280123702584,0.14486484857253087,1,8.139321864966162,1.0,0.10643443465232849,0.0,0.005994671957535452,0.326172
0001.jpg,P1,green plant,1.0474151816435773,0.33511187050711044,1.0,0.7097931667438229,0.9348795652778896,0.4221203625202179,1.0,0.6247147202750959,1,0.36703418863376913,0.61559138258753,0.3854196100593388,0.0,0.0,0.8220167491745265,0.14236918885030864,1,8.177222516455078,0.9348795652778896,0.10553009063005447,0.0,0.006402922598395924,0.851562
0001.jpg,P2,entire plant excluding pot,1.0714108878414748,0.4228071524847632,1.0,0.7224517076544056,0.9471839160820712,0.27264082431793213,1.0,0.766874902063202,1,0.39839416773364034,0.6437157506053814,0.5024018084204578,0.0,0.0,0.8266132950607449,0.17700882523148148,1,7.683511282621632,0.9471839160820712,0.06816020607948303,0.0,0.005215974586257017,0.839844
0001.jpg,P3,leaves and stems,1.049171967627915,0.33781981315439913,1.0,0.7135617240317729,0.9351257141012813,0.4212148189544678,1.0,0.6260136806103657,1,0.36762755357953064,0.6164598349588102,0.38654987284543657,0.0,0.0,0.822876342317685,0.14343882619598766,1,8.028409213145322,0.9351257141012813,0.10530370473861694,0.0,0.006389636718641652,0.839844
0001.jpg,P4,crop seedling,0.5904761904761905,0.0,1.0,0.9523809523809523,1.0,0.0,1.0,1.0,1,0.0,0.0,0.0,1.0,1.0,0.0,0.0,0,1.0,1.0,0.0,0.0,0.0,
0001.jpg,P5,plant body without background,1.0482139041579055,0.3361236863181747,1.0,0.7093412219532579,0.934513948858914,0.4236716628074646,1.0,0.6261372108393919,1,0.3674838001703432,0.615915877584238,0.38711500423848544,0.0,0.0,0.8223254225293251,0.14276885609567902,1,8.195175158335719,0.934513948858914,0.10591791570186615,0.0,0.006388376111104543,0.375000
0002.jpg,P1,green plant,1.0313948764426408,0.32624268684560087,1.0,0.7089020966176768,0.8680192801881572,0.4231649935245514,1.0,0.6460855419997196,1,0.3661290650074437,0.6147066111044055,0.38334284084426695,0.0,0.0,0.8198003976893377,0.13886586130401235,1,8.212640497784205,0.8680192801881572,0.10579124838113785,0.0,0.006191130647529235,0.878906
0002.jpg,P2,entire plant excluding pot,1.0575717574511896,0.41204069971870605,1.0,0.7223314017063511,0.8964781251532138,0.27047213912010193,1.0,0.7938548476454294,1,0.3973072843115152,0.6427007608938561,0.49942954934398176,0.0,0.0,0.8246469911674887,0.1727560763888889,1,7.688122034781181,0.8964781251532138,0.06761803478002548,0.0,0.005038704508593713,0.910156
0002.jpg,P3,leaves and stems,1.0280096240981433,0.33537833059853106,1.0,0.6936754370662361,0.8587079455275791,0.4188551604747772,1.0,0.5392994865944096,1,0.3666862493647186,0.6176873861955586,0.38391329150028525,0.0,0.0,0.8139127172622171,0.14247444058641975,1,8.831927629708305,0.8587079455275791,0.1047137901186943,0.0,0.007417029126542217,0.824219
0002.jpg,P4,crop seedling,0.5904761904761905,0.0,1.0,0.9523809523809523,1.0,0.0,1.0,1.0,1,0.0,0.0,0.0,1.0,1.0,0.0,0.0,0,1.0,1.0,0.0,0.0,0.0,
0002.jpg,P5,plant body without background,1.0319086216105042,0.3271897952805126,1.0,0.7079649200255808,0.8681725390471505,0.42454102635383606,1.0,0.6446620150711694,1,0.36633496546908834,0.6150156333591864,0.38362806617227607,0.0,0.0,0.8202644188236341,0.13923996913580247,1,8.249987300609956,0.8681725390471505,0.10613525658845901,0.0,0.006204801751129091,0.378906
0003.jpg,P1,green plant,1.0191686229269192,0.31562854059228007,1.0,0.7113336296998412,0.8186651725166169,0.42357251048088074,1.0,0.8332965311450952,1,0.36532865226899564,0.6121611520939257,0.3804976851851852,0.0,0.0,0.825826657027883,0.13467327353395062,1,8.116201969024473,0.8186651725166169,0.10589312762022018,0.0,0.004800211989966286,0.316406;0.898438
0003.jpg,P2,entire plant excluding pot,1.0394123557877442,0.4050855724527269,1.0,0.698321389253938,0.8418601366707179,0.26897430419921875,1.0,0.9046485966319165,1,0.3965640752724239,0.6415899569322319,0.4973958333333333,0.0,0.0,0.8247634034614275,0.17000880111882716,1,8.640107990057835,0.8418601366707179,0.06724357604980469,0.0,0.004421606372786449,0.890625
0003.jpg,P3,leaves and stems,1.014544931107825,0.32416930379746833,1.0,0.6912029573381503,0.8095292164235691,0.41914433240890503,1.0,0.7132945024139543,1,0.3657357691142063,0.6149708189061196,0.38078703703703703,0.0,0.0,0.8195431583039776,0.138046875,1,8.935061384894508,0.8095292164235691,0.10478608310222626,0.0,0.005607781899990917,0.804688
0003.jpg,P4,crop seedling,0.5904761904761905,0.0,1.0,0.9523809523809523,1.0,0.0,1.0,1.0,1,0.0,0.0,0.0,1.0,1.0,0.0,0.0,0,1.0,1.0,0.0,0.0,0.0,
0003.jpg,P5,plant body without background,0.3904761904761905,0.0,1.0,0.9523809523809523,0.0,0.0,1.0,1.0,1,0.0,0.0,0.0,1.0,1.0,0.0,0.0,0,1.0,0.0,0.0,0.0,0.0,
0004.jpg,P1,green plant,1.014990403995668,0.3092130484255352,1.0,0.7094274824013078,0.7809324540190804,0.4149967133998871,1.0,1.0,1,0.3720764643465058,0.6241638033480719,0.3815165876777251,0.0,0.0,0.849461473926902,0.1321391541280864,1,8.191746860867214,0.7809324540190804,0.10374917834997177,0.0,0.0009342937824756048,0.890625
0004.jpg,P2,entire plant excluding pot,1.0422447092800813,0.3942782197413658,1.0,0.7298671093191254,0.7987582983571869,0.26043418049812317,1.0,1.0,1,0.405577147696921,0.6557365497662331,0.5029620853080569,0.0,0.0,0.855361799232892,0.16573989679783951,1,7.402248634902175,0.7987582983571869,0.06510854512453079,0.0,0.0007354262307841709,0.878906
0004.jpg,P3,leaves and stems,1.0165013629639281,0.3135908686904203,1.0,0.7235775085990962,0.7692704754194555,0.40965333580970764,1.0,1.0,1,0.3732829252601923,0.6257886729268837,0.38388625592417064,0.0,0.0,0.8515736366943234,0.13386839313271606,1,7.640439016300545,0.7692704754194555,0.10241333395242691,0.0,0.0008546793016306453,0.335938;0.832031
0004.jpg,P4,crop seedling,0.5904761904761905,0.0,1.0,0.9523809523809523,1.0,0.0,1.0,1.0,1,0.0,0.0,0.0,1.0,1.0,0.0,0.0,0,1.0,1.0,0.0,0.0,0.0,
0004.jpg,P5,plant body without background,0.8593399413873859,0.3098686684442882,1.0,0.708286277033321,0.0,0.4170726537704468,1.0,1.0,1,0.3722944215377747,0.6244071429461537,0.3821090047393365,0.0,0.0,0.8497230065354031,0.13239812403549384,1,8.237169981283019,0.0,0.1042681634426117,0.0,0.0009106116305138672,0.447266
0005.jpg,P1,green plant,1.0209774430892828,0.29968580295749336,1.0,0.7115799598050777,0.766547360744809,0.43070241808891296,1.0,1.0,1,0.3792743347700241,0.6338236425233023,0.3857274684712396,0.0,0.0,0.880051155620452,0.12837589216820988,1,8.10646888577157,0.766547360744809,0.10767560452222824,0.0,0.0,0.898438
0005.jpg,P2,entire plant excluding pot,1.0534826132832715,0.3822472261290827,1.0,0.7311525343888988,0.8030569364900253,0.2829433083534241,1.0,1.0,1,0.41360261221098543,0.6678193151272354,0.5121501076591818,0.0025492475076687115,0.0,0.8844360679010094,0.16098765432098766,1,7.354073273802035,0.8030569364900253,0.07073582708835602,0.0,0.0,0.824219
0005.jpg,P3,leaves and stems,1.0239879322423182,0.30214895637990313,1.0,0.7179086159823457,0.7708078514072512,0.4298723638057709,1.0,1.0,1,0.37984037472726406,0.6348378759764668,0.3866502614580129,0.0,0.0,0.8805007107305842,0.12934883777006173,1,7.858698941275594,0.7708078514072512,0.10746809095144272,0.0,0.0,0.800781
0005.jpg,P4,crop seedling,0.5904761904761905,0.0,1.0,0.9523809523809523,1.0,0.0,1.0,1.0,1,0.0,0.0,0.0,1.0,1.0,0.0,0.0,0,1.0,1.0,0.0,0.0,0.0,
0005.jpg,P5,plant body without background,0.3904761904761905,0.0,1.0,0.9523809523809523,0.0,0.0,1.0,1.0,1,0.0,0.0,0.0,1.0,1.0,0.0,0.0,0,1.0,0.0,0.0,0.0,0.0,
0006.jpg,P1,green plant,1.0185977321765631,0.29234548366932334,1.0,0.716779471078478,0.7701740536259701,0.4377305507659912,1.0,1.0,1,0.3751918203486106,0.6099147276686336,0.38758231420507994,0.0,0.0,0.9195684910767447,0.12547646604938273,1,7.902584835343675,0.7701740536259701,0.1094326376914978,0.0,0.0,0.902344
0006.jpg,P2,entire plant excluding pot,1.0440098965499907,0.3722920573527113,1.0,0.7311893532159205,0.800960020098842,0.2932942807674408,1.0,1.0,1,0.40446275426300776,0.6375771725054342,0.5130134838507369,0.011165443547148955,0.0,0.9231794985711788,0.157055362654321,1,7.352695867405488,0.800960020098842,0.0733235701918602,0.0,0.0,0.890625
0006.jpg,P3,leaves and stems,1.0187793814973083,0.2936268118065323,1.0,0.7132844995157746,0.770855509222522,0.43923765420913696,1.0,1.0,1,0.3753784865465151,0.6103580821149887,0.38758231420507994,0.0,0.0,0.9198834124935472,0.12598259066358025,1,8.039302709616353,0.770855509222522,0.10980941355228424,0.0,0.0,0.804688
0006.jpg,P4,crop seedling,0.5904761904761905,0.0,1.0,0.9523809523809523,1.0,0.0,1.0,1.0,1,0.0,0.0,0.0,1.0,1.0,0.0,0.0,0,1.0,1.0,0.0,0.0,0.0,
0006.jpg,P5,plant body without background,0.5904761904761905,0.0,1.0,0.9523809523809523,1.0,0.0,1.0,1.0,1,0.0,0.0,0.0,1.0,1.0,0.0,0.0,0,1.0,1.0,0.0,0.0,0.0,
0007.jpg,P1,green plant,1.0448034230196988,0.28512450675886847,1.0,0.7091647114545377,0.9069120076801115,0.45019277930259705,1.0,1.0,1,0.37452462198047576,0.6072494112372233,0.38347989949748745,0.0,0.0,0.9296094613789985,0.12262418016975309,1,8.202192913658726,0.9069120076801115,0.11254819482564926,0.0,0.0,0.894531
0007.jpg,P2,entire plant excluding pot,1.071913604763724,0.3679075221714331,1.0,0.7328322523042817,0.9326509741967101,0.30187344551086426,1.0,1.0,1,0.4048607659270664,0.6358488254164151,0.512248743718593,0.01098178628673888,0.0,0.9340343904799606,0.15532347125771606,1,7.291375259635455,0.9326509741967101,0.07546836137771606,0.0,0.0,0.835938
0007.jpg,P3,leaves and stems,1.0341485848330199,0.2810857897718394,1.0,0.7358311528141637,0.8946692856006717,0.4431783854961395,1.0,1.0,1,0.36319566209645704,0.6058541378313326,0.3238065326633166,0.0,0.0,0.9286153797609361,0.12102888695987654,1,7.180148493999765,0.8946692856006717,0.11079459637403488,0.0,0.0,0.835938
0007.jpg,P4,crop seedling,0.5904761904761905,0.0,1.0,0.9523809523809523,1.0,0.0,1.0,1.0,1,0.0,0.0,0.0,1.0,1.0,0.0,0.0,0,1.0,1.0,0.0,0.0,0.0,
0007.jpg,P5,plant body without background,0.8552726529451478,0.28003398968588844,1.0,0.7354156912997111,0.0,0.4454708993434906,1.0,1.0,1,0.36308853687932985,0.6054907678073983,0.3238065326633166,0.0,0.0,0.9288159226734352,0.12061342592592593,1,7.195503490894659,0.0,0.11136772483587265,0.0,0.0,0.337891
0008.jpg,P1,green plant,1.038801588466053,0.3024380030082826,1.0,0.6864632477767957,0.842922781723007,0.4919317066669464,1.0,1.0,1,0.37405044063104675,0.6121740082408594,0.3938730853391685,0.0,0.0,0.888923823856956,0.1294630111882716,1,9.134844530676201,0.842922781723007,0.1229829266667366,0.0,0.0,0.910156
0008.jpg,P2,entire plant excluding pot,1.0628379577930278,0.388133155571183,1.0,0.7043416933506569,0.8539827137127918,0.35056835412979126,1.0,1.0,1,0.4034327744401432,0.6415031859057152,0.5164113785557987,0.012406059442779312,0.0,0.89674429065933,0.1633125964506173,1,8.395308965534984,0.8539827137127918,0.08764208853244781,0.0,0.0,0.765625
0008.jpg,P3,leaves and stems,1.0391278514702857,0.3037367288834192,1.0,0.6866842510965988,0.8389133996670067,0.49386298656463623,1.0,1.0,1,0.3744883782279536,0.6126184973489437,0.39543607377305406,0.0,0.0,0.8889341087667363,0.1299760079089506,1,9.125467735805861,0.8389133996670067,0.12346574664115906,0.0,0.0,0.671875
0008.jpg,P4,crop seedling,0.5904761904761905,0.0,1.0,0.9523809523809523,1.0,0.0,1.0,1.0,1,0.0,0.0,0.0,1.0,1.0,0.0,0.0,0,1.0,1.0,0.0,0.0,0.0,
0008.jpg,P5,plant body without background,0.3904761904761905,0.0,1.0,0.9523809523809523,0.0,0.0,1.0,1.0,1,0.0,0.0,0.0,1.0,1.0,0.0,0.0,0,1.0,0.0,0.0,0.0,0.0,
0009.jpg,P1,green plant,1.0278567573010642,0.3258053016096264,1.0,0.6857748278084865,0.730386642331337,0.5342792272567749,1.0,0.7450621761658031,1,0.37260755749981916,0.6181031078889881,0.4099628712871287,0.0,0.0,0.8247815290699018,0.13869309413580247,1,9.16409175284765,0.730386642331337,0.13356980681419373,0.0,0.005368679457846826,0.910156
0009.jpg,P2,entire plant excluding pot,1.055191825575097,0.418886862205032,1.0,0.7048742616752328,0.7495591729386977,0.40287598967552185,1.0,0.9039366459627329,1,0.39995256827620007,0.6494119668951233,0.5297029702970297,0.020782113845718313,0.0,0.8354647936315704,0.17546031057098765,1,8.373854866635629,0.7495591729386977,0.10071899741888046,0.0,0.0044250888796966755,0.416016
0009.jpg,P3,leaves and stems,1.0285766338947517,0.32692425085950927,1.0,0.6856139607138,0.7257531418763505,0.5395757555961609,1.0,0.7367009256303862,1,0.3730032120855875,0.6184794770009315,0.41120049504950495,0.0,0.0,0.8251930602635059,0.13913507908950618,1,9.170934587122156,0.7257531418763505,0.13489393889904022,0.0,0.00542961174723277,0.625000
0009.jpg,P4,crop seedling,0.5904761904761905,0.0,1.0,0.9523809523809523,1.0,0.0,1.0,1.0,1,0.0,0.0,0.0,1.0,1.0,0.0,0.0,0,1.0,1.0,0.0,0.0,0.0,
0009.jpg,P5,plant body without background,0.5904761904761905,0.0,1.0,0.9523809523809523,1.0,0.0,1.0,1.0,1,0.0,0.0,0.0,1.0,1.0,0.0,0.0,0,1.0,1.0,0.0,0.0,0.0,
0010.jpg,P1,green plant,1.0722070989284762,0.3548998134474136,1.0,0.6825689826807503,0.854233573592072,0.5837721228599548,1.0,0.2965594572074753,1,0.3771122004124382,0.6257538225407502,0.4273033363942455,0.0,0.0,0.8118376197221143,0.1501854263117284,1,9.301067741829044,0.854233573592072,0.1459430307149887,0.0,0.013488020370908519,0.906250
0010.jpg,P2,entire plant excluding pot,1.099571263450825,0.45691190762228473,1.0,0.704983030978317,0.8737947149264281,0.45332109928131104,1.0,0.3635340543028072,1,0.40176911288915684,0.6594935960038143,0.5466789103152739,0.033021946061791776,0.0,0.8245073424961006,0.19048020351080247,1,8.369477166344922,0.8737947149264281,0.11333027482032776,0.0,0.011003095728325312,0.656250
0010.jpg,P3,leaves and stems,1.0742304537482275,0.35812327853961545,1.0,0.686160758351045,0.8523564257213297,0.5846085548400879,1.0,0.29290254138493826,1,0.3779806502578117,0.6268199606575753,0.4300581573308846,0.0,0.0,0.8118319570810115,0.15145869502314815,1,9.147688433922141,0.8523564257213297,0.14615213871002197,0.0,0.013656419575899555,0.765625
0010.jpg,P4,crop seedling,0.5904761904761905,0.0,1.0,0.9523809523809523,1.0,0.0,1.0,1.0,1,0.0,0.0,0.0,1.0,1.0,0.0,0.0,0,1.0,1.0,0.0,0.0,0.0,
0010.jpg,P5,plant body without background,0.5904761904761905,0.0,1.0,0.9523809523809523,1.0,0.0,1.0,1.0,1,0.0,0.0,0.0,1.0,1.0,0.0,0.0,0,1.0,1.0,0.0,0.0,0.0,
0011.jpg,P1,green plant,1.0738120127607713,0.3914784048288795,1.0,0.6864358947533047,0.7486300521326855,0.6061210632324219,1.0,0.23382534246575343,1,0.38727892977131306,0.6380800608323187,0.45677099473194915,0.0,0.0,0.8173212942825069,0.16463396990740742,1,9.136005492818404,0.7486300521326855,0.15153026580810547,0.0,0.017106785593977474,0.894531
0011.jpg,P2,entire plant excluding pot,1.0959112182639086,0.4942288345835286,1.0,0.7032626881995531,0.7947746400852629,0.48457571864128113,1.0,0.28386225298090556,1,0.4005428419619835,0.6721202732600703,0.5739076541679579,0.06995911125732884,0.0,0.829851019479252,0.20522038966049383,1,8.43887545236146,0.7947746400852629,0.12114392966032028,0.01550423574475085,0.014091341691242994,0.488281
0011.jpg,P3,leaves and stems,1.0763951779648453,0.3940377036451008,1.0,0.6894788935401925,0.7516133028054487,0.6069755554199219,1.0,0.23369052175022326,1,0.3879740868827126,0.6389279314989261,0.4589401921289123,0.0,0.0,0.8174007627488427,0.16564489293981483,1,9.007414421793491,0.7516133028054487,0.15174388885498047,0.0,0.01711665483923795,0.492188
0011.jpg,P4,crop seedling,0.5904761904761905,0.0,1.0,0.9523809523809523,1.0,0.0,1.0,1.0,1,0.0,0.0,0.0,1.0,1.0,0.0,0.0,0,1.0,1.0,0.0,0.0,0.0,
0011.jpg,P5,plant body without background,0.5904761904761905,0.0,1.0,0.9523809523809523,1.0,0.0,1.0,1.0,1,0.0,0.0,0.0,1.0,1.0,0.0,0.0,0,1.0,1.0,0.0,0.0,0.0,
0012.jpg,P1,green plant,0.7528077854168358,0.3817747401937802,1.0,0.6996813387609239,0.6377664196020756,0.6098812818527222,1.0,0.12142367480711018,1,0.08698702933493549,0.0,0.049760191846522785,1.3495802805327543e-05,0.0,0.7803424354340298,0.1608010223765432,1,8.58444107630239,0.6377664196020756,0.15247032046318054,0.0,0.032942504880982014,0.910156
0012.jpg,P2,entire plant excluding pot,0.7637156484283703,0.48069644671042344,1.0,0.7207951613605474,0.691196729571018,0.49480679631233215,0.31944890841474455,0.14984467291831433,1,0.08621662163750615,0.0,0.2511990407673861,0.12628811878560348,0.0,0.7888722993505769,0.1998750964506173,1,7.7471340987482575,0.691196729571018,0.12370169907808304,0.06260782075997501,0.026694308994091122,0.847656
0012.jpg,P3,leaves and stems,0.7539279521527856,0.38349742147210497,1.0,0.7017379800931314,0.6361112015600635,0.6128710508346558,1.0,0.12140971718636695,1,0.08708442136079449,0.0,0.050359712230215826,3.359733371559633e-05,0.0,0.7802975235947032,0.16148148148148148,1,8.500666299044685,0.6361112015600635,0.15321776270866394,0.0,0.03294629204892966,0.746094
0012.jpg,P4,crop seedling,0.5904761904761905,0.0,1.0,0.9523809523809523,1.0,0.0,1.0,1.0,1,0.0,0.0,0.0,1.0,1.0,0.0,0.0,0,1.0,1.0,0.0,0.0,0.0,
0012.jpg,P5,plant body without background,0.5904761904761905,0.0,1.0,0.9523809523809523,1.0,0.0,1.0,1.0,1,0.0,0.0,0.0,1.0,1.0,0.0,0.0,0,1.0,1.0,0.0,0.0,0.0,
0013.jpg,P1,green plant,0.8116488700960407,0.35998544694483503,1.0,0.6863256208014279,0.8945060879274046,0.6834401488304138,1.0,0.10942313526632862,1,0.08679740919522434,0.0,0.06044284859365649,0.00030815298330111855,0.0,0.760101423433565,0.15219425154320987,1,9.140686860335828,0.8945060879274046,0.17086003720760345,0.0,0.03655534079026585,0.921875
0013.jpg,P2,entire plant excluding pot,0.8112805950567958,0.455013112400375,1.0,0.7080122988562028,0.9035675744452246,0.5763953328132629,0.32285620499353757,0.13511036703155183,1,0.08268293135378293,0.0,0.24536205864751645,0.12826793959196744,0.0,0.769981426748202,0.18973017939814815,1,8.248096865421825,0.9035675744452246,0.14409883320331573,0.06194708260415912,0.029605426199944336,0.875000
0013.jpg,P3,leaves and stems,0.8128456724915372,0.3609987888732613,1.0,0.6870695305535437,0.8965840589417281,0.6854444146156311,1.0,0.10858147814524086,1,0.08682631389470434,0.0,0.06044284859365649,0.0003444788572150939,0.0,0.7604994480501068,0.15259452160493828,1,9.109135408590776,0.8965840589417281,0.17136110365390778,0.0,0.036838695404841665,0.750000
0013.jpg,P4,crop seedling,0.5904761904761905,0.0,1.0,0.9523809523809523,1.0,0.0,1.0,1.0,1,0.0,0.0,0.0,1.0,1.0,0.0,0.0,0,1.0,1.0,0.0,0.0,0.0,
0013.jpg,P5,plant body without background,0.5904761904761905,0.0,1.0,0.9523809523809523,1.0,0.0,1.0,1.0,1,0.0,0.0,0.0,1.0,1.0,0.0,0.0,0,1.0,1.0,0.0,0.0,0.0,
0014.jpg,P1,green plant,0.7987340573440244,0.362938484040475,1.0,0.6876705866600404,0.7711647052246108,0.739008903503418,1.0,0.12444091175895128,1,0.0865775214583155,0.0,0.05182567726737338,0.0,0.0,0.7724889955018829,0.15336070119598766,1,9.08369266909954,0.7711647052246108,0.1847522258758545,0.0,0.032143769628980336,0.914062
0014.jpg,P2,entire plant excluding pot,0.8131740978845348,0.45742346216205654,1.0,0.7053305456221318,0.8114410440739229,0.6480495929718018,0.5222198375487024,0.15413653639996103,1,0.08872516891855214,0.0,0.22202591283863368,0.10017861715546647,0.0,0.7881408975423803,0.19068226755401235,1,8.355499593965751,0.8114410440739229,0.16201239824295044,0.03829804722447908,0.0259510178016496,0.835938
0014.jpg,P3,leaves and stems,0.7992244008674025,0.36593638898656045,1.0,0.6900275987953506,0.7663960427756318,0.7411446571350098,1.0,0.1249677796734097,1,0.0865234633288921,0.0,0.05123674911660778,0.0,0.0,0.7730084848790268,0.15454487364969136,1,8.984347923062758,0.7663960427756318,0.18528616428375244,0.0,0.03200825053028536,0.792969
0014.jpg,P4,crop seedling,0.5904761904761905,0.0,1.0,0.9523809523809523,1.0,0.0,1.0,1.0,1,0.0,0.0,0.0,1.0,1.0,0.0,0.0,0,1.0,1.0,0.0,0.0,0.0,
0014.jpg,P5,plant body without background,0.5904761904761905,0.0,1.0,0.9523809523809523,1.0,0.0,1.0,1.0,1,0.0,0.0,0.0,1.0,1.0,0.0,0.0,0,1.0,1.0,0.0,0.0,0.0,
0015.jpg,P1,green plant,1.1013366868449754,0.3571413746288482,1.0,0.6748849453815787,0.650677051124322,0.7859517335891724,1.0,1.0,1,0.40760566590019104,0.6748199610079448,0.48231093800714053,0.0,0.0,0.8460271070612507,0.15107084297839507,1,9.634680899115383,0.650677051124322,0.1964879333972931,0.0,0.0015689817260714325,0.914062
0015.jpg,P2,entire plant excluding pot,0.3904761904761905,0.0,1.0,0.9523809523809523,0.0,0.0,1.0,1.0,1,0.0,0.0,0.0,1.0,1.0,0.0,0.0,0,1.0,0.0,0.0,0.0,0.0,
0015.jpg,P3,leaves and stems,1.1025749935285294,0.3596030019338958,1.0,0.6769322978246508,0.6480925796546151,0.7860259413719177,1.0,1.0,1,0.40844422937151337,0.6759451611094013,0.4842583576760792,0.0,0.0,0.8469691860152864,0.1520431857638889,1,9.545052089065342,0.6480925796546151,0.19650648534297943,0.0,0.0014820312630094037,0.316406
0015.jpg,P4,crop seedling,0.5904761904761905,0.0,1.0,0.9523809523809523,1.0,0.0,1.0,1.0,1,0.0,0.0,0.0,1.0,1.0,0.0,0.0,0,1.0,1.0,0.0,0.0,0.0,
0015.jpg,P5,plant body without background,0.5904761904761905,0.0,1.0,0.9523809523809523,1.0,0.0,1.0,1.0,1,0.0,0.0,0.0,1.0,1.0,0.0,0.0,0,1.0,1.0,0.0,0.0,0.0,
0016.jpg,P1,green plant,1.083236020686626,0.32911819717924673,1.0,0.6789108380038223,0.6021075892457206,0.798260509967804,1.0,1.0,1,0.4015565938073073,0.6332215916196009,0.49244205576083305,0.003268947581443814,0.0,0.9227015097793022,0.14000168788580247,1,9.458949364846342,0.6021075892457206,0.199565127491951,0.0,0.0,0.910156
0016.jpg,P2,entire plant excluding pot,0.9569963755932664,0.4213637506837006,1.0,0.6992744346309588,0.0,0.7083067893981934,0.3189184536262204,1.0,1,0.3912073806506959,0.6678939899248898,0.574067853543836,0.13237937945393533,0.0,0.938260843752746,0.17643868152006173,1,8.601074212808841,0.0,0.17707669734954834,0.06271195590155611,0.0,0.316406
0016.jpg,P3,leaves and stems,1.084469928793172,0.33161217817237065,1.0,0.6813662168463024,0.6012760095318597,0.7981088161468506,1.0,1.0,1,0.4019972846536952,0.6341590059347011,0.49277796439368493,0.0033427370080921772,0.0,0.9234442008811421,0.1409868103780864,1,9.352790768773106,0.6012760095318597,0.19952720403671265,0.0,0.0,0.455078
0016.jpg,P4,crop seedling,0.5904761904761905,0.0,1.0,0.9523809523809523,1.0,0.0,1.0,1.0,1,0.0,0.0,0.0,1.0,1.0,0.0,0.0,0,1.0,1.0,0.0,0.0,0.0,
0016.jpg,P5,plant body without background,0.5904761904761905,0.0,1.0,0.9523809523809523,1.0,0.0,1.0,1.0,1,0.0,0.0,0.0,1.0,1.0,0.0,0.0,0,1.0,1.0,0.0,0.0,0.0,
0017.jpg,P1,green plant,1.0969572562638876,0.3012873105172683,1.0,0.6656223722060383,0.7325228010727725,0.7835595011711121,1.0,1.0,1,0.40035885927044945,0.6268808651606228,0.49845413947097217,0.012499439277490356,0.0,0.9497864314270359,0.129008487654321,1,10.047066978405521,0.7325228010727725,0.19588987529277802,0.0,0.0,0.902344
0017.jpg,P2,entire plant excluding pot,1.094357269912386,0.3953266623691202,1.0,0.694356550418033,0.7839738732296658,0.6770628094673157,0.256354318771566,1.0,1,0.3842132908155591,0.6634138006513558,0.5723119203023016,0.15894519311423735,0.0,0.9668587286744149,0.16615403163580247,1,8.803645602477754,0.7839738732296658,0.16926570236682892,0.07801701994270571,0.0,0.734375
0017.jpg,P3,leaves and stems,1.097980673153108,0.30330422722300354,1.0,0.6702885730618141,0.7300411009129086,0.7822991609573364,1.0,1.0,1,0.4007940607220955,0.6276644082885772,0.4991411885949845,0.01251374626621688,0.0,0.9502022775386137,0.12980516975308642,1,9.837894906430991,0.7300411009129086,0.1955747902393341,0.0,0.0,0.687500
0017.jpg,P4,crop seedling,0.5904761904761905,0.0,1.0,0.9523809523809523,1.0,0.0,1.0,1.0,1,0.0,0.0,0.0,1.0,1.0,0.0,0.0,0,1.0,1.0,0.0,0.0,0.0,
0017.jpg,P5,plant body without background,0.5904761904761905,0.0,1.0,0.9523809523809523,1.0,0.0,1.0,1.0,1,0.0,0.0,0.0,1.0,1.0,0.0,0.0,0,1.0,1.0,0.0,0.0,0.0,
0018.jpg,P1,green plant,1.089589844553731,0.2743501181825284,1.0,0.6975862914495982,0.742245053918655,0.7477331161499023,1.0,1.0,1,0.3972069286135943,0.6439428682015975,0.4264384559359068,0.011874181345577585,0.0,0.9863025707824518,0.11836829668209876,1,8.670288171001188,0.742245053918655,0.18693327903747559,0.0,0.0,0.875000
0018.jpg,P2,entire plant excluding pot,1.1040371490630296,0.3713031333020784,1.0,0.6903729121056764,0.7916543435232904,0.6621305346488953,0.2711714437754985,1.0,1,0.40094496434704147,0.6905136114662381,0.5957756737072105,0.1584659545650434,0.0,0.9956536543607327,0.15666473765432098,1,8.969850423300748,0.7916543435232904,0.16553263366222382,0.07375407868004678,0.0,0.761719
0018.jpg,P3,leaves and stems,1.105814339813909,0.2827715390100015,1.0,0.6679701291500465,0.7384167551413957,0.7592287659645081,1.0,1.0,1,0.41613690196071884,0.647988042318113,0.5222141296431173,0.011690286659698727,0.0,0.9884962981152775,0.12169475790895062,1,9.941458647932125,0.7384167551413957,0.18980719149112701,0.0,0.0,0.824219
0018.jpg,P4,crop seedling,0.5904761904761905,0.0,1.0,0.9523809523809523,1.0,0.0,1.0,1.0,1,0.0,0.0,0.0,1.0,1.0,0.0,0.0,0,1.0,1.0,0.0,0.0,0.0,
0018.jpg,P5,plant body without background,0.5904761904761905,0.0,1.0,0.9523809523809523,1.0,0.0,1.0,1.0,1,0.0,0.0,0.0,1.0,1.0,0.0,0.0,0,1.0,1.0,0.0,0.0,0.0,
0019.jpg,P1,green plant,1.1186085936225636,0.2663584520042195,1.0,0.6900929082536399,0.7377247829195028,0.7733068466186523,1.0,1.0,1,0.4251119956633606,0.699076334771044,0.4654779969650986,0.00659578008206268,0.0,0.9862797306439625,0.11521158854166667,1,8.981604883626929,0.7377247829195028,0.19332671165466309,0.0,0.0,0.882812
0019.jpg,P2,entire plant excluding pot,0.3904761904761905,0.0,1.0,0.9523809523809523,0.0,0.0,1.0,1.0,1,0.0,0.0,0.0,1.0,1.0,0.0,0.0,0,1.0,0.0,0.0,0.0,0.0,
0019.jpg,P3,leaves and stems,1.1306164689564318,0.27480978473198925,1.0,0.664904264161269,0.7213368946078135,0.7824617624282837,1.0,1.0,1,0.44191392777056065,0.7048446072516616,0.5485584218512898,0.00652293298077901,0.0,0.9843467919348065,0.1185498649691358,1,10.079518327692822,0.7213368946078135,0.19561544060707092,0.0,0.0,0.562500
0019.jpg,P4,crop seedling,0.5904761904761905,0.0,1.0,0.9523809523809523,1.0,0.0,1.0,1.0,1,0.0,0.0,0.0,1.0,1.0,0.0,0.0,0,1.0,1.0,0.0,0.0,0.0,
0019.jpg,P5,plant body without background,0.5904761904761905,0.0,1.0,0.9523809523809523,1.0,0.0,1.0,1.0,1,0.0,0.0,0.0,1.0,1.0,0.0,0.0,0,1.0,1.0,0.0,0.0,0.0,
0020.jpg,P1,green plant,1.1416697285218125,0.283942071026723,1.0,0.6837593309712149,0.8279355553306674,0.7894920110702515,1.0,1.0,1,0.4246439348420412,0.6868179766530078,0.49095704596834966,0.006743846351236651,0.0,0.9790852864455657,0.12215711805555556,1,9.25005786991149,0.8279355553306674,0.19737300276756287,0.0,0.0,0.867188
0020.jpg,P2,entire plant excluding pot,0.9872299445057725,0.38698185263322393,1.0,0.6767877642354492,0.0,0.6996195316314697,0.38310469518853074,1.0,1,0.43455211480574396,0.7490626097063778,0.6412961567445365,0.13041971916068013,0.0,0.9607280894269916,0.16285783179012345,1,9.551361677753613,0.0,0.17490488290786743,0.05220505060674796,0.0,0.707031
0020.jpg,P3,leaves and stems,1.1535367417645601,0.29212419665182043,1.0,0.6583002658842871,0.8103453058076476,0.8029152750968933,1.0,1.0,1,0.4407997330764304,0.6917606638286825,0.5719668425018839,0.006660404008742081,0.0,0.97727590288675,0.12538905767746913,1,10.3812728575071,0.8103453058076476,0.20072881877422333,0.0,0.0,0.800781
0020.jpg,P4,crop seedling,0.5904761904761905,0.0,1.0,0.9523809523809523,1.0,0.0,1.0,1.0,1,0.0,0.0,0.0,1.0,1.0,0.0,0.0,0,1.0,1.0,0.0,0.0,0.0,
0020.jpg,P5,plant body without background,0.5904761904761905,0.0,1.0,0.9523809523809523,1.0,0.0,1.0,1.0,1,0.0,0.0,0.0,1.0,1.0,0.0,0.0,0,1.0,1.0,0.0,0.0,0.0,
0021.jpg,P1,green plant,1.1195652131685445,0.31065004053367706,1.0,0.6975970270405356,0.6921182305441179,0.8287087678909302,1.0,1.0,1,0.41375039996669233,0.6843050770491979,0.48542274052478135,0.030271012779782017,0.0,0.9594883353894713,0.13270676601080247,1,8.669846952828044,0.6921182305441179,0.20717719197273254,0.015863209908396573,0.0,0.847656
0021.jpg,P2,entire plant excluding pot,1.126703473999301,0.42198152299187364,1.0,0.6945043263759935,0.7327732333315901,0.7292953729629517,0.18071894094942134,1.0,1,0.4109925828668192,0.7453794927505171,0.6352040816326531,0.19435446615675306,0.0,0.9407936555728662,0.1766827015817901,1,8.797516790661893,0.7327732333315901,0.18232384324073792,0.11066908590172346,0.0,0.671875
0021.jpg,P3,leaves and stems,1.132877109891168,0.32317976929989056,1.0,0.6653048182737449,0.6747181235305542,0.8305172920227051,1.0,1.0,1,0.43413310926578913,0.6911786571578598,0.5867346938775511,0.02948919838777201,0.0,0.9545509387891064,0.1376560088734568,1,10.061408621530298,0.6747181235305542,0.20762932300567627,0.015463655679670408,0.0,0.472656
0021.jpg,P4,crop seedling,0.5904761904761905,0.0,1.0,0.9523809523809523,1.0,0.0,1.0,1.0,1,0.0,0.0,0.0,1.0,1.0,0.0,0.0,0,1.0,1.0,0.0,0.0,0.0,
0021.jpg,P5,plant body without background,0.5904761904761905,0.0,1.0,0.9523809523809523,1.0,0.0,1.0,1.0,1,0.0,0.0,0.0,1.0,1.0,0.0,0.0,0,1.0,1.0,0.0,0.0,0.0,
0022.jpg,P1,green plant,1.130682397484836,0.36673058046179097,1.0,0.6489429433305566,0.6273552207848917,0.8610895872116089,0.4797411668036154,1.0,1,0.4298587311270662,0.6950909035677941,0.5974296630774575,0.06643497379052192,0.0,0.9897006766155249,0.1548585792824074,1,10.819350461466474,0.6273552207848917,0.21527239680290222,0.041689146948248254,0.0,0.378906;0.455078;0.875000
0022.jpg,P2,entire plant excluding pot,1.1289433483203273,0.4688870453391155,1.0,0.6869212654987835,0.7069380830086441,0.7599818110466003,0.10800473601707634,1.0,1,0.4043977073416988,0.745926122814745,0.6422368878082667,0.2330039224211671,0.0,0.9762210127740016,0.19521038290895062,1,9.11541832305586,0.7069380830086441,0.18999545276165009,0.18517706479869414,0.0,0.585938
0022.jpg,P3,leaves and stems,1.1328495715945885,0.36908843178621653,1.0,0.6563017788992809,0.6190648508525515,0.8644366264343262,0.4816998751188235,1.0,1,0.43107123400011355,0.6962642202949619,0.6009030913511636,0.06595422942862626,0.0,0.9900246928225528,0.15578993055555557,1,10.473786058515763,0.6190648508525515,0.21610915660858154,0.0415196287835169,0.0,0.562500
0022.jpg,P4,crop seedling,0.5904761904761905,0.0,1.0,0.9523809523809523,1.0,0.0,1.0,1.0,1,0.0,0.0,0.0,1.0,1.0,0.0,0.0,0,1.0,1.0,0.0,0.0,0.0,
0022.jpg,P5,plant body without background,0.5904761904761905,0.0,1.0,0.9523809523809523,1.0,0.0,1.0,1.0,1,0.0,0.0,0.0,1.0,1.0,0.0,0.0,0,1.0,1.0,0.0,0.0,0.0,
0023.jpg,P1,green plant,1.1496071168672215,0.37147161665885287,1.0,0.6887500432658237,0.7831399865597889,0.8958467841148376,0.3917054356996505,1.0,1,0.401765430747361,0.6878691832813896,0.5148995148995149,0.10121216130560803,0.0,0.9869295230864441,0.1567312885802469,1,9.0381106985731,0.7831399865597889,0.2239616960287094,0.051058775746312283,0.0,0.539062;0.867188
0023.jpg,P2,entire plant excluding pot,1.1608253304527456,0.4855760543639631,1.0,0.6930149586197798,0.8404753401374802,0.7960391640663147,0.09730246158228383,1.0,1,0.3978042270152382,0.7418947677532413,0.6583506583506583,0.25828473722854933,0.0,0.9712336096705004,0.20180254147376545,1,8.859405920807733,0.8404753401374802,0.19900979101657867,0.2055446457856259,0.0,0.636719
0023.jpg,P3,leaves and stems,1.1734156802842484,0.3836506436552586,1.0,0.6562051256102549,0.7960003329871541,0.9122653007507324,0.3996283758593436,1.0,1,0.42379139968356827,0.6936356465760053,0.6233541233541233,0.09874512461433517,0.0,0.9843871856252476,0.16154200424382717,1,10.478274581291155,0.7960003329871541,0.2280663251876831,0.05004649621537226,0.0,0.570312
0023.jpg,P4,crop seedling,0.5904761904761905,0.0,1.0,0.9523809523809523,1.0,0.0,1.0,1.0,1,0.0,0.0,0.0,1.0,1.0,0.0,0.0,0,1.0,1.0,0.0,0.0,0.0,
0023.jpg,P5,plant body without background,0.5904761904761905,0.0,1.0,0.9523809523809523,1.0,0.0,1.0,1.0,1,0.0,0.0,0.0,1.0,1.0,0.0,0.0,0,1.0,1.0,0.0,0.0,0.0,
0024.jpg,P1,green plant,1.1166262665431315,0.41668498007501176,1.0,0.7110158283190118,0.7725206398348813,0.7023674845695496,0.7981942951632905,0.28788310720143134,1,0.3961084799834405,0.6983427200210379,0.4357909311180339,0.06417199079636826,0.0,0.9249775761374162,0.17459056712962964,1,8.128769013882758,0.7725206398348813,0.1755918711423874,0.025056555930293264,0.013894528369117561,0.746094;0.808594
0024.jpg,P2,entire plant excluding pot,1.1750300386847503,0.4956328625566494,1.0,0.6974036940914943,0.8769555952593784,0.7951726317405701,0.10678988399884876,1.0,1,0.4019970819551319,0.7337696134291725,0.6683973693319488,0.23931203787248503,0.0,0.9665980213691627,0.20577498070987654,1,8.677794754233327,0.8769555952593784,0.19879315793514252,0.187283656944656,0.00017401188202345938,0.671875
0024.jpg,P3,leaves and stems,1.1854942421398476,0.4019262042897327,1.0,0.6637342543101716,0.8152546471911453,0.8991197943687439,0.5233763320246775,1.0,1,0.429487262107889,0.6917199005084151,0.6386292834890965,0.08339155718439457,0.0,0.9744949305722471,0.16876085069444444,1,10.13254155578618,0.8152546471911453,0.22477994859218597,0.038213420776270386,0.00018002957628753295,0.679688
0024.jpg,P4,crop seedling,0.5904761904761905,0.0,1.0,0.9523809523809523,1.0,0.0,1.0,1.0,1,0.0,0.0,0.0,1.0,1.0,0.0,0.0,0,1.0,1.0,0.0,0.0,0.0,
0024.jpg,P5,plant body without background,0.5904761904761905,0.0,1.0,0.9523809523809523,1.0,0.0,1.0,1.0,1,0.0,0.0,0.0,1.0,1.0,0.0,0.0,0,1.0,1.0,0.0,0.0,0.0,
0025.jpg,P1,green plant,1.2403410941536397,0.43863024251836213,1.0,0.676839755250387,0.7750642143128396,0.6198666095733643,0.6183479781954276,0.38285322082992257,1,0.5382609298226492,0.9030939645547869,0.795676788471436,0.05272486008435399,0.0,0.9477367832892153,0.18325894579475308,1,9.549091708718102,0.7750642143128396,0.15496665239334106,0.032344247422571894,0.010447868223046625,0.796875;0.824219
0025.jpg,P2,entire plant excluding pot,1.2945349461347424,0.4911961341615877,1.0,0.696183610819988,0.8063734399612262,0.7436292171478271,0.1272933379970739,1.0,1,0.5470584657166166,0.9487651456287507,1.0,0.21554929430980402,0.0,0.9965545303949508,0.20402247299382717,1,8.728053474920703,0.8063734399612262,0.1859073042869568,0.1571174133281016,0.0,0.458984;0.871094
0025.jpg,P3,leaves and stems,1.2630435335712158,0.4534262555672761,1.0,0.6511550464189315,0.7061753005223251,0.6356592178344727,0.5653063504649319,0.38966498975218933,1,0.5737603695026146,0.9159492851820128,0.975295934122491,0.05730956793724446,0.0,0.9481772192803509,0.18910337094907406,1,10.714651003614684,0.7061753005223251,0.15891480445861816,0.03537904710171954,0.010265228093865536,0.363281;0.765625;0.322266
0025.jpg,P4,crop seedling,0.5904761904761905,0.0,1.0,0.9523809523809523,1.0,0.0,1.0,1.0,1,0.0,0.0,0.0,1.0,1.0,0.0,0.0,0,1.0,1.0,0.0,0.0,0.0,
0025.jpg,P5,plant body without background,1.138656874659156,0.39052610759493667,1.0,0.6531305094563773,0.0,0.8644248247146606,0.6448867536032945,1.0,1,0.5570405863059612,0.8612993219107425,0.9650025733401956,0.05728996931929948,0.0,0.9907235123175604,0.1642578125,1,10.621751258636932,0.0,0.21610620617866516,0.031013197105151127,0.0,0.429688
0026.jpg,P1,green plant,1.2835767752662108,0.3708855875918112,1.0,0.6644950221102408,0.7080771506015041,0.8270984292030334,0.6910703543003168,1.0,1,0.569465537364893,0.8979855322807231,0.9326424870466321,0.04120418590031986,0.0,0.9965620916834222,0.15649980709876543,1,10.098043378091655,0.7080771506015041,0.20677460730075836,0.02894061346365995,0.0,0.687500;0.851562
0026.jpg,P2,entire plant excluding pot,1.3183411344630132,0.47184435556336923,1.0,0.6996619084654959,0.8727129500301397,0.7073227763175964,0.14726125360504116,1.0,1,0.5680327363876928,0.9993987624501549,0.9994818652849741,0.20134672362328573,0.0,0.9874045086582904,0.19637852044753087,1,8.585234894185048,0.8727129500301397,0.1768306940793991,0.1358130500073058,0.0,0.451172;0.921875
0026.jpg,P3,leaves and stems,1.2886066048372742,0.374829685302391,1.0,0.6665088104451712,0.7124019952995804,0.8319410681724548,0.710315606967735,1.0,1,0.5714702929933547,0.9019473842027517,0.9347150259067357,0.04000094584719686,0.0,0.995402876133383,0.15805772569444446,1,10.007105212370261,0.7124019952995804,0.2079852670431137,0.028156498046520425,0.0,0.699219
0026.jpg,P4,crop seedling,0.5904761904761905,0.0,1.0,0.9523809523809523,1.0,0.0,1.0,1.0,1,0.0,0.0,0.0,1.0,1.0,0.0,0.0,0,1.0,1.0,0.0,0.0,0.0,
0026.jpg,P5,plant body without background,0.3904761904761905,0.0,1.0,0.9523809523809523,0.0,0.0,1.0,1.0,1,0.0,0.0,0.0,1.0,1.0,0.0,0.0,0,1.0,0.0,0.0,0.0,0.0,
0027.jpg,P1,green plant,0.8400588883402307,0.3425135397132364,1.0,0.670510197382622,0.71511447850205,0.7865670323371887,0.7064198833494534,1.0,1,0.13711783875321118,0.0,0.29034749034749036,0.02859805313508979,0.0,0.9343470643118985,0.14529284818672838,1,9.828032560983022,0.71511447850205,0.19664175808429718,0.028311773877557116,0.0007011767322177017,0.632812;0.851562
0027.jpg,P2,entire plant excluding pot,0.8254429308408084,0.43597144085013284,1.0,0.7137224485958767,0.78703055046378,0.6595310568809509,0.1725842901923615,1.0,1,0.10619183148266043,0.0,0.3776061776061776,0.18405861926590936,0.0,0.9344030529332126,0.18220871913580247,1,8.022097440463698,0.78703055046378,0.16488276422023773,0.11588540288173454,0.000780778555321469,0.835938;0.412109
0027.jpg,P3,leaves and stems,0.8412593152006591,0.3462598526136895,1.0,0.6717103705045353,0.7151197891158032,0.7874462604522705,0.7206268683221357,1.0,1,0.13715206066339944,0.0,0.28957528957528955,0.027920364122948172,0.0,0.9340461777673176,0.1467726417824074,1,9.774737562824278,0.7151197891158032,0.19686156511306763,0.027753614081260664,0.0009405359494197016,0.683594
0027.jpg,P4,crop seedling,0.5904761904761905,0.0,1.0,0.9523809523809523,1.0,0.0,1.0,1.0,1,0.0,0.0,0.0,1.0,1.0,0.0,0.0,0,1.0,1.0,0.0,0.0,0.0,
0027.jpg,P5,plant body without background,0.5904761904761905,0.0,1.0,0.9523809523809523,1.0,0.0,1.0,1.0,1,0.0,0.0,0.0,1.0,1.0,0.0,0.0,0,1.0,1.0,0.0,0.0,0.0,
0028.jpg,P1,green plant,0.7946898764566317,0.3380636867088608,1.0,0.6623401232714793,0.7248528336011704,0.5790504813194275,0.9339750529536363,0.9645841604213086,1,0.13382845147644404,0.0,0.29617575264442636,0.0224553941159375,0.0,0.8725343423522854,0.14353515625,1,10.195966237428772,0.7248528336011704,0.14476262032985687,0.02141384819300182,0.0041468646947850464,0.437500;0.890625;0.375000
0028.jpg,P2,entire plant excluding pot,0.8113798104672234,0.39937056815518046,1.0,0.7140176317574866,0.8471803017257563,0.5832148194313049,0.2048536913937413,1.0,1,0.10262314625327783,0.0,0.3425549227013832,0.16615027917984587,0.0,0.908083439209826,0.16775137442129628,1,8.010512780716494,0.8471803017257563,0.14580370485782623,0.09763065465859133,0.0017507584104321052,0.757812
0028.jpg,P3,leaves and stems,0.8314891362265113,0.30917092758634157,1.0,0.6691684786518595,0.7731368315193938,0.72245854139328,0.862521742552438,1.0,1,0.13670218039633636,0.0,0.29536208299430433,0.023298235112152184,0.0,0.9052647599100723,0.13212251639660494,1,9.887839367886855,0.7731368315193938,0.18061463534832,0.02318782126096268,0.002287665495306499,0.703125
0028.jpg,P4,crop seedling,0.5904761904761905,0.0,1.0,0.9523809523809523,1.0,0.0,1.0,1.0,1,0.0,0.0,0.0,1.0,1.0,0.0,0.0,0,1.0,1.0,0.0,0.0,0.0,
0028.jpg,P5,plant body without background,0.5904761904761905,0.0,1.0,0.9523809523809523,1.0,0.0,1.0,1.0,1,0.0,0.0,0.0,1.0,1.0,0.0,0.0,0,1.0,1.0,0.0,0.0,0.0,
0029.jpg,P1,green plant,0.7933459446653198,0.3015272161665886,1.0,0.6802324058903345,0.7073001688899694,0.6328585743904114,1.0,1.0,1,0.12896227159785909,0.0,0.2741535920726672,0.02560247433308991,0.0,0.8729536732470594,0.12910325038580248,1,9.401715982381987,0.7073001688899694,0.15821464359760284,0.01532076867189499,0.0003231126393073063,0.304688;0.867188
0029.jpg,P2,entire plant excluding pot,0.3904761904761905,0.0,1.0,0.9523809523809523,0.0,0.0,1.0,1.0,1,0.0,0.0,0.0,1.0,1.0,0.0,0.0,0,1.0,0.0,0.0,0.0,0.0,
0029.jpg,P3,leaves and stems,0.3904761904761905,0.0,1.0,0.9523809523809523,0.0,0.0,1.0,1.0,1,0.0,0.0,0.0,1.0,1.0,0.0,0.0,0,1.0,0.0,0.0,0.0,0.0,
0029.jpg,P4,crop seedling,0.5904761904761905,0.0,1.0,0.9523809523809523,1.0,0.0,1.0,1.0,1,0.0,0.0,0.0,1.0,1.0,0.0,0.0,0,1.0,1.0,0.0,0.0,0.0,
0029.jpg,P5,plant body without background,0.5904761904761905,0.0,1.0,0.9523809523809523,1.0,0.0,1.0,1.0,1,0.0,0.0,0.0,1.0,1.0,0.0,0.0,0,1.0,1.0,0.0,0.0,0.0,
0030.jpg,P1,green plant,0.8125453055736187,0.3043911280082825,1.0,0.6916749337472082,0.7331265877552796,0.6407409906387329,1.0,0.5352908820614469,1,0.13855857754371798,0.0,0.35917826375082834,0.032132432650106416,0.0,0.835462198636008,0.1302344955632716,1,8.915317043004993,0.7331265877552796,0.16018524765968323,0.01829262083451751,0.007472572640497234,0.878906
0030.jpg,P2,entire plant excluding pot,0.6380831881113553,0.4166437749062353,1.0,0.7155938671044703,0.0,0.5084923505783081,0.2683349394018013,0.7017150472498184,1,0.10993718959355256,0.0,0.3817097415506958,0.14357498572157662,0.0,0.8430193183090029,0.17457429108796296,1,7.948814151980681,0.0,0.12712308764457703,0.07453371538043452,0.00570031954662639,0.746094
0030.jpg,P3,leaves and stems,0.6650878945208709,0.311653615310986,1.0,0.6639954988050835,0.0,0.6544461846351624,1.0,0.5355377152558817,1,0.13906883477062457,0.0,0.35917826375082834,0.030625600650718156,0.0,0.8360442749069094,0.1331031780478395,1,10.120686113071105,0.0,0.1636115461587906,0.01769185270798932,0.007469128477886543,0.550781
0030.jpg,P4,crop seedling,0.5904761904761905,0.0,1.0,0.9523809523809523,1.0,0.0,1.0,1.0,1,0.0,0.0,0.0,1.0,1.0,0.0,0.0,0,1.0,1.0,0.0,0.0,0.0,
0030.jpg,P5,plant body without background,0.5904761904761905,0.0,1.0,0.9523809523809523,1.0,0.0,1.0,1.0,1,0.0,0.0,0.0,1.0,1.0,0.0,0.0,0,1.0,1.0,0.0,0.0,0.0,
0031.jpg,P1,green plant,1.0939623252215864,0.3273656040006252,1.0,0.6637923837740988,0.8072407487943403,0.6086028218269348,0.75467833583698,0.5617345649003403,1,0.41256201354238675,0.6552369608331267,0.6153337739590218,0.036630410700933286,0.0,0.8345812114844855,0.13930941358024693,1,10.12990279624296,0.8072407487943403,0.1521507054567337,0.02650135700240937,0.007120800908360796,0.851562;0.777344
0031.jpg,P2,entire plant excluding pot,1.0937196110163168,0.4442854230153148,1.0,0.7129732650015402,0.8885071666195574,0.45346227288246155,0.21182388291903875,0.7356208462825723,1,0.39387398551254194,0.7067005294098838,0.62128222075347,0.16658141329081713,0.0,0.8467242447070322,0.18549274209104938,1,8.051542718024345,0.8885071666195574,0.11336556822061539,0.09441805958983485,0.005437583804501768,0.761719;0.335938
0031.jpg,P3,leaves and stems,1.0978544372779593,0.32849828830676664,1.0,0.6647651900236643,0.8186778482609653,0.6109911799430847,0.7711542043640235,0.557374203630244,1,0.41326793597106304,0.6557355245236641,0.6163251817580965,0.03543912650028166,0.0,0.8345370762140776,0.13975682388117283,1,10.085811200926507,0.8186778482609653,0.15274779498577118,0.025935150047575954,0.007176507226110443,0.660156
0031.jpg,P4,crop seedling,0.5904761904761905,0.0,1.0,0.9523809523809523,1.0,0.0,1.0,1.0,1,0.0,0.0,0.0,1.0,1.0,0.0,0.0,0,1.0,1.0,0.0,0.0,0.0,
0031.jpg,P5,plant body without background,0.5904761904761905,0.0,1.0,0.9523809523809523,1.0,0.0,1.0,1.0,1,0.0,0.0,0.0,1.0,1.0,0.0,0.0,0,1.0,1.0,0.0,0.0,0.0,
0032.jpg,P1,green plant,1.0753560744329205,0.3545823810360993,1.0,0.6670936828402572,0.758003556810824,0.5432605147361755,0.5245634811927089,0.38332553125962426,1,0.4107680473482492,0.6484585411330034,0.63671875,0.041388076081943795,0.0,0.8161460577628118,0.15006004050925925,1,9.980796572449659,0.758003556810824,0.13581512868404388,0.03812693928774009,0.01043499499460896,0.855469;0.349609;0.843750
0032.jpg,P2,entire plant excluding pot,1.0666712798470472,0.4765756246093139,1.0,0.7082409517349101,0.8523085374888192,0.3837195932865143,0.15891978351212913,0.5009041200213236,1,0.3825023384231358,0.6961315983203951,0.6383463541666666,0.19816242718216334,0.0,0.8340266341564654,0.19824737172067902,1,8.238977075538928,0.8523085374888192,0.09592989832162857,0.12584965545509666,0.007985560190300929,0.937500;0.566406
0032.jpg,P3,leaves and stems,1.0621606366804757,0.3380438471831535,1.0,0.7048654382725119,0.7886631644574227,0.5288437604904175,1.0,0.3644491045461503,1,0.3900773945997746,0.6419955400103723,0.4632161458333333,0.0,0.0,0.8200004934614429,0.1435273196373457,1,8.374210046411282,0.7886631644574227,0.13221094012260437,0.0,0.01097546941425803,0.695312;0.437500
0032.jpg,P4,crop seedling,0.5904761904761905,0.0,1.0,0.9523809523809523,1.0,0.0,1.0,1.0,1,0.0,0.0,0.0,1.0,1.0,0.0,0.0,0,1.0,1.0,0.0,0.0,0.0,
0032.jpg,P5,plant body without background,0.5904761904761905,0.0,1.0,0.9523809523809523,1.0,0.0,1.0,1.0,1,0.0,0.0,0.0,1.0,1.0,0.0,0.0,0,1.0,1.0,0.0,0.0,0.0,
0033.jpg,P1,green plant,0.9819269024841497,0.3270603805282075,1.0,0.719758771580357,0.5942599502280935,0.38058415055274963,1.0,0.21689690479545348,1,0.3775942519062682,0.6255979427180396,0.5080917060013486,0.027308209353410343,0.0,0.7537092768073471,0.13918885030864198,1,7.787087548910983,0.5942599502280935,0.09514603763818741,0.00045214848486948325,0.01844194136275128,0.875000;0.796875
0033.jpg,P2,entire plant excluding pot,0.9554930424817301,0.5033534902914518,1.0,0.706590288793681,0.6423800277068675,0.19043105840682983,0.08692319273329485,0.30650769775261016,1,0.3469420694419641,0.6884342294015601,0.6766689143627782,0.30852647835688407,0.0,0.7674762807318316,0.20882462866512347,1,8.30494604468,0.6423800277068675,0.04760776460170746,0.23008818902183797,0.013050243205403923,0.625000;0.933594
0033.jpg,P3,leaves and stems,0.9841282736733274,0.3273106637755899,1.0,0.7297760726060672,0.6121984577531581,0.38076549768447876,1.0,0.21237279411764706,1,0.3741181353094687,0.6256871513655342,0.4817936614969656,0.023586783784064508,0.0,0.754808083972973,0.13928771219135802,1,7.405666958330093,0.6121984577531581,0.09519137442111969,0.0,0.018834804225366743,0.503906;0.699219
0033.jpg,P4,crop seedling,0.5904761904761905,0.0,1.0,0.9523809523809523,1.0,0.0,1.0,1.0,1,0.0,0.0,0.0,1.0,1.0,0.0,0.0,0,1.0,1.0,0.0,0.0,0.0,
0033.jpg,P5,plant body without background,0.5904761904761905,0.0,1.0,0.9523809523809523,1.0,0.0,1.0,1.0,1,0.0,0.0,0.0,1.0,1.0,0.0,0.0,0,1.0,1.0,0.0,0.0,0.0,
0034.jpg,P1,green plant,0.9771007517783679,0.2895716127519925,1.0,0.6777225448147726,0.6832739172281039,0.2781526744365692,0.3552195021175498,0.4251216647779953,1,0.3913566019320802,0.6290352598618423,0.6081311923471131,0.05155651452410862,0.0,0.7719760071518773,0.12438078703703703,1,9.51060157732568,0.6832739172281039,0.0695381686091423,0.05630321500023264,0.009409071170458598,0.886719;0.730469;0.408203;0.359375;0.347656;0.691406;0.550781
0034.jpg,P2,entire plant excluding pot,0.9360534409580353,0.423852237654321,1.0,0.6973037305785522,0.6908529154547417,0.0731397196650505,0.12040680906074727,0.6069729841204372,1,0.3590237202875022,0.6840609564977029,0.6118893064571234,0.23782860358003433,0.0,0.8081089142503421,0.1774216338734568,1,8.681905922697444,0.6908529154547417,0.018284929916262627,0.16610356304608706,0.006590079138030152,0.302734;0.945312;0.699219;0.582031;0.523438;0.585938;0.585938
0034.jpg,P3,leaves and stems,0.9667725354537675,0.28229142248788874,1.0,0.6938758021696247,0.7085824055000189,0.24769391119480133,1.0,0.4137159277504105,1,0.3802838271833007,0.6260519736192045,0.44824051930304065,0.0,0.0,0.804823429420318,0.12150511188271605,1,8.823602058846266,0.7085824055000189,0.06192347779870033,0.0,0.009668469913039338,0.558594;0.375000;0.605469;0.750000;0.349609;0.496094
0034.jpg,P4,crop seedling,0.5904761904761905,0.0,1.0,0.9523809523809523,1.0,0.0,1.0,1.0,1,0.0,0.0,0.0,1.0,1.0,0.0,0.0,0,1.0,1.0,0.0,0.0,0.0,
0034.jpg,P5,plant body without background,0.5904761904761905,0.0,1.0,0.9523809523809523,1.0,0.0,1.0,1.0,1,0.0,0.0,0.0,1.0,1.0,0.0,0.0,0,1.0,1.0,0.0,0.0,0.0,
0035.jpg,P1,green plant,0.9477429393455177,0.23677466694014693,1.0,0.7212413363980328,0.687083438942457,0.2106468379497528,1.0,1.0,1,0.3765936832994397,0.6170655987034368,0.42902319044272663,0.0,0.0,0.83396549473546,0.10352599344135803,1,7.729969138877204,0.687083438942457,0.0526617094874382,0.0,0.0,0.601562;0.314453;0.765625;0.546875;0.423828;0.457031;0.345703;0.478516;0.306641;0.562500;0.589844
0035.jpg,P2,entire plant excluding pot,1.0758707336512008,0.5385610178348179,1.0,0.64780880615827,0.5607496983393854,0.5566744208335876,0.13131314926237753,0.17268478489472577,1,0.4151119450179886,0.751861464708516,0.5913562895291637,0.16989647752953435,0.0,0.9648524351361885,0.2227316020447531,1,10.873306768716084,0.5607496983393854,0.1391686052083969,0.15230767148869373,0.023163592568033884,0.542969;0.390625;0.910156;0.519531;0.535156;0.316406;0.656250
0035.jpg,P3,leaves and stems,1.058762277105347,0.3802913541178309,1.0,0.6379406230781042,0.5074452972893466,0.5978731513023376,0.3551799436047522,0.1253342764848742,1,0.43405219194782335,0.6811687500783904,0.5709768095572734,0.002377175503127427,0.0,0.9358045635101574,0.1602150848765432,1,11.350880123448992,0.5074452972893466,0.1494682878255844,0.05630948582574303,0.0319146534546177,0.558594;0.316406;0.609375;0.390625;0.330078;0.304688;0.441406;0.542969
0035.jpg,P4,crop seedling,0.5904761904761905,0.0,1.0,0.9523809523809523,1.0,0.0,1.0,1.0,1,0.0,0.0,0.0,1.0,1.0,0.0,0.0,0,1.0,1.0,0.0,0.0,0.0,
0035.jpg,P5,plant body without background,0.5904761904761905,0.0,1.0,0.9523809523809523,1.0,0.0,1.0,1.0,1,0.0,0.0,0.0,1.0,1.0,0.0,0.0,0,1.0,1.0,0.0,0.0,0.0,
0036.jpg,P1,green plant,0.6817096880155056,0.22899635196905754,1.0,0.7255094570155967,0.6608141669366159,0.21021540462970734,1.0,1.0,1,0.11660261190531002,0.0,0.14986666666666668,0.0006457017625977854,0.0,0.8982032243408935,0.10045355902777778,1,7.566835699524245,0.6608141669366159,0.052553851157426834,0.0,0.0,0.367188;0.570312;0.671875;0.730469;0.388672;0.609375;0.304688;0.484375;0.652344;0.421875;0.335938
0036.jpg,P2,entire plant excluding pot,0.6307411054664591,0.3594909849195187,1.0,0.7058577230318995,0.5296471515771312,0.1253967434167862,0.10641850257449142,1.0,1,0.08666258487739209,0.0,0.4010666666666667,0.25627012706822977,0.0,0.9135162299786102,0.15199893904320988,1,8.334321985021546,0.5296471515771312,0.03134918585419655,0.18793724320637087,0.0,0.660156;0.765625;0.322266;0.925781;0.601562;0.318359
0036.jpg,P3,leaves and stems,0.6441024425336408,0.22953354528051262,1.0,0.727394858720983,0.46723280645355963,0.21132569015026093,1.0,1.0,1,0.11700506241257759,0.0,0.152,0.0007688972671810214,0.0,0.898757315927319,0.10066575038580247,1,7.495382680002797,0.46723280645355963,0.05283142253756523,0.0,0.0,0.402344;0.341797;0.507812;0.644531;0.361328;0.664062;0.535156
0036.jpg,P4,crop seedling,0.5904761904761905,0.0,1.0,0.9523809523809523,1.0,0.0,1.0,1.0,1,0.0,0.0,0.0,1.0,1.0,0.0,0.0,0,1.0,1.0,0.0,0.0,0.0,
0036.jpg,P5,plant body without background,0.5904761904761905,0.0,1.0,0.9523809523809523,1.0,0.0,1.0,1.0,1,0.0,0.0,0.0,1.0,1.0,0.0,0.0,0,1.0,1.0,0.0,0.0,0.0,
0037.jpg,P1,green plant,0.9509369399084417,0.2276719873222378,1.0,0.717363019498323,0.7903122259970744,0.21842312812805176,1.0,1.0,1,0.36018286771930436,0.5987136521275177,0.31801566579634466,0.0025915018525377535,0.0,0.9416772018709243,0.09993043499228395,1,7.879887109300251,0.7903122259970744,0.05460578203201294,0.0,0.0,0.474609;0.703125;0.773438;0.847656;0.496094;0.562500
0037.jpg,P2,entire plant excluding pot,0.9234731927044382,0.3624864480778246,1.0,0.7043878216948434,0.7851962288848016,0.14858707785606384,0.10275697249821063,1.0,1,0.32334167740173153,0.65131695535357,0.4279373368146214,0.2582676533228812,0.0,0.9583231839821452,0.15318214699074073,1,8.393449437949608,0.7851962288848016,0.03714676946401596,0.19463399430484654,0.0,0.867188;0.753906;0.304688;0.964844;0.341797;0.769531
0037.jpg,P3,leaves and stems,0.950388755667088,0.22758652474996088,1.0,0.7214506416729745,0.791672904413309,0.2193375527858734,1.0,1.0,1,0.35837923094266444,0.5986803054555155,0.3044386422976501,0.0006637838333637064,0.0,0.9424130356966612,0.09989667727623457,1,7.7219241965353715,0.791672904413309,0.05483438819646835,0.0,0.0,0.648438;0.380859;0.527344;0.769531;0.554688
0037.jpg,P4,crop seedling,0.5904761904761905,0.0,1.0,0.9523809523809523,1.0,0.0,1.0,1.0,1,0.0,0.0,0.0,1.0,1.0,0.0,0.0,0,1.0,1.0,0.0,0.0,0.0,
0037.jpg,P5,plant body without background,0.7915780256628454,0.22701392551570554,1.0,0.7189132911942776,0.0,0.21866850554943085,1.0,1.0,1,0.3586588812109626,0.5984568827531013,0.3073107049608355,0.001128573968770072,0.0,0.9422161754505785,0.0996705005787037,1,7.819766646371882,0.0,0.05466712638735771,0.0,0.0,0.462891
0038.jpg,P1,green plant,0.9389054655693339,0.21952007882090951,1.0,0.7043167542008962,0.7608527140151965,0.22521714866161346,1.0,1.0,1,0.35692412642961063,0.5898506728425388,0.31409921671018276,3.7399255754810476e-05,0.0,0.9394975170361564,0.09671043113425926,1,8.3963144149419,0.7608527140151965,0.056304287165403366,0.0,0.0,0.406250;0.640625;0.617188;0.365234;0.894531;0.621094
0038.jpg,P2,entire plant excluding pot,0.9259603428314604,0.35438368055555547,1.0,0.6911542622575424,0.8082015356935861,0.13056297600269318,0.13142469270142781,1.0,1,0.3290998519295851,0.6393432266467555,0.425065274151436,0.22249312101941549,0.0,0.9556590956178682,0.14998155381944445,1,8.937099996567003,0.8082015356935861,0.032640744000673294,0.1521784041408127,0.0,0.640625;0.941406;0.679688
0038.jpg,P3,leaves and stems,0.3904761904761905,0.0,1.0,0.9523809523809523,0.0,0.0,1.0,1.0,1,0.0,0.0,0.0,1.0,1.0,0.0,0.0,0,1.0,0.0,0.0,0.0,0.0,
0038.jpg,P4,crop seedling,0.5904761904761905,0.0,1.0,0.9523809523809523,1.0,0.0,1.0,1.0,1,0.0,0.0,0.0,1.0,1.0,0.0,0.0,0,1.0,1.0,0.0,0.0,0.0,
0038.jpg,P5,plant body without background,0.3904761904761905,0.0,1.0,0.9523809523809523,0.0,0.0,1.0,1.0,1,0.0,0.0,0.0,1.0,1.0,0.0,0.0,0,1.0,0.0,0.0,0.0,0.0,
0039.jpg,P1,green plant,0.9266466098322776,0.23696756817471476,1.0,0.6753838286458944,0.6538141865023078,0.2169891744852066,0.9380176836589892,1.0,1,0.37001565827065297,0.5910352545787347,0.40783289817232377,0.017086806048517544,0.0,0.9486943931163283,0.10360218942901235,1,9.612790759439482,0.6538141865023078,0.05424729362130165,0.021321559655447693,0.0,0.730469;0.388672;0.898438;0.384766
0039.jpg,P2,entire plant excluding pot,0.9238635068653291,0.36182747060087506,1.0,0.6905235720992535,0.7311687998484092,0.11587222665548325,0.19152523178207956,1.0,1,0.3439850930245249,0.6343724462089637,0.43133159268929505,0.1800763957599959,0.0,0.9833796889531323,0.15292185088734567,1,8.963529715862133,0.7311687998484092,0.02896805666387081,0.10442488341565521,0.0,0.494141;0.953125
0039.jpg,P3,leaves and stems,0.796390361253781,0.23757465766135344,1.0,0.6754159460850786,0.0,0.21719801425933838,0.9546741299046774,1.0,1,0.370352637652627,0.5912459671686691,0.408355091383812,0.016606157850801165,0.0,0.9489448004974707,0.10384198977623457,1,9.611382609377578,0.0,0.054299503564834595,0.020949556894347778,0.0,0.570312
0039.jpg,P4,crop seedling,0.5904761904761905,0.0,1.0,0.9523809523809523,1.0,0.0,1.0,1.0,1,0.0,0.0,0.0,1.0,1.0,0.0,0.0,0,1.0,1.0,0.0,0.0,0.0,
0039.jpg,P5,plant body without background,0.5904761904761905,0.0,1.0,0.9523809523809523,1.0,0.0,1.0,1.0,1,0.0,0.0,0.0,1.0,1.0,0.0,0.0,0,1.0,1.0,0.0,0.0,0.0,
0040.jpg,P1,green plant,0.736496899929841,0.2461956946397874,1.0,0.6752244106845214,0.8132193411998412,0.23851211369037628,1.0,1.0,1,0.14186658788693585,0.0,0.2819568648079958,0.01296045649945141,0.0,0.95002489171332,0.10724729938271604,1,9.619782228732848,0.8132193411998412,0.05962802842259407,0.01437465150997356,0.0,0.644531;0.906250
0040.jpg,P2,entire plant excluding pot,0.7288251700893557,0.3768646101929989,1.0,0.6892627506591091,0.8606553307772061,0.16544944047927856,0.23006669809508845,1.0,1,0.11037874366763714,0.0,0.3356128353498159,0.16257368169809988,0.0,0.9874053781410024,0.15886152102623458,1,9.016510729580197,0.8606553307772061,0.04136236011981964,0.08693131237852528,0.0,0.439453;0.972656
0040.jpg,P3,leaves and stems,0.7369638557928898,0.24676585208626345,1.0,0.6753335958514136,0.81371310309145,0.23907390236854553,1.0,1.0,1,0.14198656511335528,0.0,0.2819568648079958,0.012585537681452066,0.0,0.9500999075235167,0.10747251157407407,1,9.614993423783973,0.81371310309145,0.05976847559213638,0.014215521303089453,0.0,0.765625
0040.jpg,P4,crop seedling,0.5904761904761905,0.0,1.0,0.9523809523809523,1.0,0.0,1.0,1.0,1,0.0,0.0,0.0,1.0,1.0,0.0,0.0,0,1.0,1.0,0.0,0.0,0.0,
0040.jpg,P5,plant body without background,0.5733122696503932,0.24644445176980767,1.0,0.6740223498467488,0.0,0.23732835054397583,1.0,1.0,1,0.1417532392182867,0.0,0.2819568648079958,0.013230499333420938,0.0,0.9497015335287372,0.10734555844907408,1,9.672606560520377,0.0,0.05933208763599396,0.014643399856463683,0.0,0.371094
0041.jpg,P1,green plant,0.7111538852402641,0.25961881250976715,1.0,0.6763486867511951,0.6703700853197291,0.28070497512817383,1.0,1.0,1,0.13374537329849115,0.0,0.26,0.012561995865156985,0.0,0.9071397205803824,0.11254943094135803,1,9.5705460685803,0.6703700853197291,0.07017624378204346,0.0057620001499683994,0.0,0.671875;0.910156
0041.jpg,P2,entire plant excluding pot,0.7254098313136434,0.39809595493436467,1.0,0.6901245559625464,0.7531360142901401,0.2352258414030075,0.31771451474377327,1.0,1,0.11009335799563173,0.0,0.31842105263157894,0.14110729292592888,0.0,0.9510975639972616,0.16724790219907407,1,8.98027584615525,0.7531360142901401,0.05880646035075188,0.06294959490953496,0.0,0.582031;0.953125
0041.jpg,P3,leaves and stems,0.7111777705530028,0.2595180887638693,1.0,0.6762153049537223,0.6696115903411384,0.28163889050483704,1.0,1.0,1,0.13378099564028936,0.0,0.2594736842105263,0.012242820402914701,0.0,0.90748578603269,0.11250964506172839,1,9.576378785701584,0.6696115903411384,0.07040972262620926,0.005578654093441921,0.0,0.750000
0041.jpg,P4,crop seedling,0.5904761904761905,0.0,1.0,0.9523809523809523,1.0,0.0,1.0,1.0,1,0.0,0.0,0.0,1.0,1.0,0.0,0.0,0,1.0,1.0,0.0,0.0,0.0,
0041.jpg,P5,plant body without background,0.3904761904761905,0.0,1.0,0.9523809523809523,0.0,0.0,1.0,1.0,1,0.0,0.0,0.0,1.0,1.0,0.0,0.0,0,1.0,0.0,0.0,0.0,0.0,
0042.jpg,P1,green plant,0.7067168544713073,0.24775447091342406,1.0,0.7095147489780705,0.7055592872469447,0.3732643723487854,1.0,1.0,1,0.09949827857386241,0.0,0.06892307692307692,0.0,0.0,0.8709212472770856,0.10786301601080248,1,8.188279424503058,0.7055592872469447,0.09331609308719635,0.0,0.0,0.353516;0.839844
0042.jpg,P2,entire plant excluding pot,0.7441748793995638,0.41120011427566805,1.0,0.6905913548739178,0.7491368782838514,0.30255621671676636,0.24966246825001964,1.0,1,0.11347796656952316,0.0,0.3913846153846154,0.1563474982414481,0.0,0.8993298527272683,0.1724240451388889,1,8.960686893700585,0.7491368782838514,0.07563905417919159,0.08010815618457873,0.0,0.376953;0.941406
0042.jpg,P3,leaves and stems,0.7064815540466012,0.24826633067666826,1.0,0.7110936358365996,0.7064290864185094,0.3716575801372528,1.0,1.0,1,0.09899222743279508,0.0,0.06584615384615385,0.0,0.0,0.8713991974048738,0.10806520061728395,1,8.12569117774491,0.7064290864185094,0.0929143950343132,0.0,0.0,0.589844
0042.jpg,P4,crop seedling,0.5904761904761905,0.0,1.0,0.9523809523809523,1.0,0.0,1.0,1.0,1,0.0,0.0,0.0,1.0,1.0,0.0,0.0,0,1.0,1.0,0.0,0.0,0.0,
0042.jpg,P5,plant body without background,0.5904761904761905,0.0,1.0,0.9523809523809523,1.0,0.0,1.0,1.0,1,0.0,0.0,0.0,1.0,1.0,0.0,0.0,0,1.0,1.0,0.0,0.0,0.0,
0043.jpg,P1,green plant,0.7156342526449453,0.2662287320284419,1.0,0.6691167806900542,0.641630444235797,0.33582183718681335,0.9195533092659447,1.0,1,0.13307469381672413,0.0,0.3471971066907776,0.022494048279602087,0.0,0.773274290962648,0.11516034915123456,1,9.890148591661648,0.641630444235797,0.08395545929670334,0.02174969063616929,0.0003203564541356343,0.921875
0043.jpg,P2,entire plant excluding pot,0.7296918300644297,0.41123796198624785,1.0,0.6885133008146355,0.6927355920247504,0.33662813901901245,0.1978459729570841,1.0,1,0.10386883129550045,0.0,0.4116937914406269,0.17761232431737048,0.0,0.8304764613139878,0.1724389949845679,1,9.048095332851803,0.6927355920247504,0.08415703475475311,0.10108873939192241,0.00019366864343854832,0.949219
0043.jpg,P3,leaves and stems,0.7037803484465303,0.24720140598140328,1.0,0.7035753714307026,0.6811379453878672,0.396413654088974,1.0,1.0,1,0.09811467306874092,0.0,0.10307414104882459,0.0,0.0,0.7956132767995248,0.10764455536265433,1,8.42623663663853,0.6811379453878672,0.0991034135222435,0.0,0.00037856430049045355,0.597656
0043.jpg,P4,crop seedling,0.5904761904761905,0.0,1.0,0.9523809523809523,1.0,0.0,1.0,1.0,1,0.0,0.0,0.0,1.0,1.0,0.0,0.0,0,1.0,1.0,0.0,0.0,0.0,
0043.jpg,P5,plant body without background,0.5904761904761905,0.0,1.0,0.9523809523809523,1.0,0.0,1.0,1.0,1,0.0,0.0,0.0,1.0,1.0,0.0,0.0,0,1.0,1.0,0.0,0.0,0.0,
0044.jpg,P1,green plant,0.6795830505610296,0.25811802869588996,1.0,0.6631445792807837,0.6626337905475715,0.3438805639743805,0.5348537034903813,0.22419435055528728,1,0.0940276580613044,0.0,0.16836335160532498,0.029568830072376758,0.0,0.7259290379405894,0.11195662133487655,1,10.159335723879527,0.6626337905475715,0.08597014099359512,0.03739340284919552,0.017841662780943193,0.902344
0044.jpg,P2,entire plant excluding pot,0.6971034702607775,0.3998967734216283,1.0,0.6908813454402412,0.7255482562691254,0.3683827221393585,0.14421169224398955,0.33384160076683445,1,0.060161650806706754,0.0,0.25371965544244324,0.21399505139898115,0.0,0.7869062824676132,0.1679592255015432,1,8.948530933709993,0.7255482562691254,0.09209568053483963,0.1386850101319268,0.011981730230181011,0.953125
0044.jpg,P3,leaves and stems,0.6779055577936031,0.25955227379278,1.0,0.6735880871177918,0.6482858777847378,0.3371902406215668,0.5454615586920313,0.22352101544725184,1,0.09418226193022775,0.0,0.16758026624902114,0.028641011794555304,0.0,0.7261011754377055,0.11252314814814815,1,9.69173651151962,0.6482858777847378,0.0842975601553917,0.03666619522731948,0.017895409037920865,0.546875
0044.jpg,P4,crop seedling,0.5904761904761905,0.0,1.0,0.9523809523809523,1.0,0.0,1.0,1.0,1,0.0,0.0,0.0,1.0,1.0,0.0,0.0,0,1.0,1.0,0.0,0.0,0.0,
0044.jpg,P5,plant body without background,0.5904761904761905,0.0,1.0,0.9523809523809523,1.0,0.0,1.0,1.0,1,0.0,0.0,0.0,1.0,1.0,0.0,0.0,0,1.0,1.0,0.0,0.0,0.0,
0045.jpg,P1,green plant,0.9986101864669814,0.23803035630567282,1.0,0.6940049357912143,0.6735952421435765,0.4869823753833771,1.0,1.0,1,0.3800876045422132,0.6297397566041265,0.4453592814371258,0.0,0.0,0.7951401907208625,0.10402199074074074,1,8.818238846094946,0.6735952421435765,0.12174559384584427,0.0,0.0010083449235048678,0.890625
0045.jpg,P2,entire plant excluding pot,1.0395572014875305,0.4001803260275043,1.0,0.6912154520382526,0.7588536789149921,0.4606854021549225,0.12009338347095336,1.0,1,0.3773702296603962,0.7096241396545927,0.6440868263473054,0.23377066819698003,0.0,0.831973524978678,0.1680712287808642,1,8.934538342602297,0.7588536789149921,0.11517135053873062,0.16653706825436676,0.0006133208995373193,0.933594
0045.jpg,P3,leaves and stems,0.9991562900194136,0.23937364480778256,1.0,0.6934587778257169,0.6764459416427842,0.48375439643859863,1.0,1.0,1,0.3805497378764372,0.630401537629642,0.4468562874251497,0.0,0.0,0.7947506796953554,0.10455258969907408,1,8.840935668459432,0.6764459416427842,0.12093859910964966,0.0,0.0010193715182524004,0.566406
0045.jpg,P4,crop seedling,0.5904761904761905,0.0,1.0,0.9523809523809523,1.0,0.0,1.0,1.0,1,0.0,0.0,0.0,1.0,1.0,0.0,0.0,0,1.0,1.0,0.0,0.0,0.0,
0045.jpg,P5,plant body without background,0.5904761904761905,0.0,1.0,0.9523809523809523,1.0,0.0,1.0,1.0,1,0.0,0.0,0.0,1.0,1.0,0.0,0.0,0,1.0,1.0,0.0,0.0,0.0,
0046.jpg,P1,green plant,1.0329811539774503,0.25829292174558527,1.0,0.6598990931875506,0.86534439918682,0.38925492763519287,0.4563445718635661,1.0,1,0.3984228856264206,0.637612741366492,0.5856558900037161,0.02274894369910868,0.0,0.7666504905721209,0.11202570408950617,1,10.30766401480079,0.86534439918682,0.09731373190879822,0.043826532039871455,0.0025678389472075557,0.878906
0046.jpg,P2,entire plant excluding pot,1.0721788518540458,0.40224546804188144,1.0,0.6885727907634168,0.952687501921341,0.4406472444534302,0.12029024585025719,1.0,1,0.3753482508180319,0.7074612939820917,0.6391675956893348,0.23377874039131477,0.0,0.82820252817614,0.1688869598765432,1,9.045585693018909,0.952687501921341,0.11016181111335754,0.16626452010827975,0.001682590718552615,0.953125
0046.jpg,P3,leaves and stems,1.0436457254868103,0.26785954104156884,1.0,0.6885309298919395,0.852165621038359,0.4081113338470459,0.4727943492813546,1.0,1,0.40031224032302765,0.6422546496094594,0.5867707172054998,0.021833801998690304,0.0,0.7645452446233394,0.11580451871141975,1,9.047351588314083,0.852165621038359,0.10202783346176147,0.042301690006236146,0.00247988348087356,0.789062
0046.jpg,P4,crop seedling,0.5904761904761905,0.0,1.0,0.9523809523809523,1.0,0.0,1.0,1.0,1,0.0,0.0,0.0,1.0,1.0,0.0,0.0,0,1.0,1.0,0.0,0.0,0.0,
0046.jpg,P5,plant body without background,0.5904761904761905,0.0,1.0,0.9523809523809523,1.0,0.0,1.0,1.0,1,0.0,0.0,0.0,1.0,1.0,0.0,0.0,0,1.0,1.0,0.0,0.0,0.0,
0047.jpg,P1,green plant,0.9975222253607501,0.2562637961009533,1.0,0.6905823173924318,0.7041764067072834,0.3611002266407013,0.5036925008872267,0.12451165772514086,1,0.3950976759924761,0.6488113807546498,0.5669610007358352,0.017081139205105914,0.0,0.7108505435743007,0.11122419945987655,1,8.96106589511002,0.7041764067072834,0.09027505666017532,0.039706765466571564,0.032125505941218685,0.898438
0047.jpg,P2,entire plant excluding pot,1.0242813849415429,0.3949674143420847,1.0,0.706258356868583,0.7319169763323939,0.43005871772766113,0.11735131564930223,0.18689165620440434,1,0.37164109188739813,0.7221143798619797,0.6269315673289183,0.2367362856588846,0.0,0.7707426251416535,0.16601212866512347,1,8.318248988480997,0.7319169763323939,0.10751467943191528,0.17042842587098783,0.021402774640860264,0.957031
0047.jpg,P3,leaves and stems,1.0011269332398836,0.2573845766916705,1.0,0.6906842225969366,0.7205258771153906,0.35952937602996826,0.5062640065591691,0.12379590336485449,1,0.3955021227530904,0.649403698241985,0.5676968359087564,0.016915170425713392,0.0,0.7109994903253354,0.11166690779320988,1,8.956792910081319,0.7205258771153906,0.08988234400749207,0.03950507984150463,0.03231124690944818,0.589844
0047.jpg,P4,crop seedling,0.5904761904761905,0.0,1.0,0.9523809523809523,1.0,0.0,1.0,1.0,1,0.0,0.0,0.0,1.0,1.0,0.0,0.0,0,1.0,1.0,0.0,0.0,0.0,
0047.jpg,P5,plant body without background,0.5904761904761905,0.0,1.0,0.9523809523809523,1.0,0.0,1.0,1.0,1,0.0,0.0,0.0,1.0,1.0,0.0,0.0,0,1.0,1.0,0.0,0.0,0.0,
0048.jpg,P1,green plant,1.0226766706613957,0.24355368026254098,1.0,0.6766299673738982,0.8452265358095505,0.385282427072525,0.5296710961457519,0.09868048281849498,1,0.39253814855769276,0.652237270701183,0.5488029465930019,0.015100534001743679,0.0,0.7000073362606152,0.1062037037037037,1,9.558253350236587,0.8452265358095505,0.09632060676813126,0.03775928145887823,0.04053486450159837,0.894531
0048.jpg,P2,entire plant excluding pot,1.0467628744767183,0.3767535088490389,1.0,0.6953084215452678,0.8724549932726201,0.45606353878974915,0.10991718435138867,0.1472539474051924,1,0.36664678198538314,0.7276564997262516,0.6180478821362799,0.250368747518593,0.0,0.7582901255224259,0.15881763599537038,1,8.764213664421877,0.8724549932726201,0.11401588469743729,0.18195517032225839,0.027163957710372073,0.964844
0048.jpg,P3,leaves and stems,1.02642377814487,0.24634037056571345,1.0,0.6878376381255882,0.850009778516599,0.3807752728462219,0.5352413025829149,0.09856323366555926,1,0.39343116613404544,0.6538151258412923,0.5499079189686924,0.014890576230357316,0.0,0.700796195443357,0.10730444637345679,1,9.076629267484662,0.850009778516599,0.09519381821155548,0.03736632412985688,0.04058308408967828,0.816406
0048.jpg,P4,crop seedling,0.5904761904761905,0.0,1.0,0.9523809523809523,1.0,0.0,1.0,1.0,1,0.0,0.0,0.0,1.0,1.0,0.0,0.0,0,1.0,1.0,0.0,0.0,0.0,
0048.jpg,P5,plant body without background,0.8532959673431117,0.24358053992811368,1.0,0.6761534575595608,0.0,0.38273441791534424,0.5282945550491724,0.09892860952808737,1,0.3928022842625079,0.6522524789434972,0.5499079189686924,0.014962814307637823,0.0,0.700193355102106,0.10621431327160494,1,9.57908412120816,0.0,0.09568360447883606,0.03785766824369115,0.040433197424697837,0.466797
0049.jpg,P1,green plant,1.0019039345534497,0.25258249580012504,1.0,0.6774317640795247,0.722412760315258,0.38584357500076294,0.6854969131154947,1.0,1,0.3942498155143157,0.6521113352788929,0.5311604584527221,0.01707127143244695,0.0,0.7552334707494734,0.10977008584104939,1,9.523268704672331,0.722412760315258,0.09646089375019073,0.029175915481665104,0.003516837877288498,0.875000
0049.jpg,P2,entire plant excluding pot,1.0281750891201176,0.3869232497265197,1.0,0.6947352165825385,0.7425324367837863,0.4496694803237915,0.12163492842572621,1.0,1,0.3734030124367905,0.7256443635688075,0.6074498567335244,0.23679639512637196,0.0,0.8112542951358516,0.16283468364197531,1,8.78794614498125,0.7425324367837863,0.11241737008094788,0.16442645429937155,0.0023626256463717297,0.949219
0049.jpg,P3,leaves and stems,1.0032192186019586,0.25335837386701043,1.0,0.6801968212774702,0.7251410791478418,0.3849920332431793,0.6927569331158238,1.0,1,0.39448155709485816,0.6525360214755557,0.5308022922636103,0.01674773471307826,0.0,0.7557385738488733,0.11007655767746914,1,9.403254138174624,0.7251410791478418,0.09624800831079483,0.028870154947487403,0.0034588546350075955,0.832031
0049.jpg,P4,crop seedling,0.5904761904761905,0.0,1.0,0.9523809523809523,1.0,0.0,1.0,1.0,1,0.0,0.0,0.0,1.0,1.0,0.0,0.0,0,1.0,1.0,0.0,0.0,0.0,
0049.jpg,P5,plant body without background,1.0011328972508564,0.25275860974371,1.0,0.676133203324431,0.7207342155750031,0.3839169144630432,0.6852606242948477,1.0,1,0.39442430862961897,0.6522077333652321,0.5315186246418339,0.01694740377628549,0.0,0.7556247064914332,0.10983965084876543,1,9.579970191766103,0.7207342155750031,0.0959792286157608,0.029185975803849167,0.0034827792864089288,0.492188
0050.jpg,P1,green plant,1.0160895836078323,0.2584241678387248,1.0,0.674187259798498,0.824251202556995,0.3448932468891144,1.0,1.0,1,0.3957384081911659,0.6553830369974416,0.5215713784636969,0.01599154919880897,0.0,0.772689618782386,0.1120775462962963,1,9.665348475997048,0.824251202556995,0.0862233117222786,0.017445913151236638,0.0010079430646632588,0.867188
0050.jpg,P2,entire plant excluding pot,1.0542521837322543,0.3981170153539615,1.0,0.6930740576215091,0.8632676630296084,0.4124809503555298,0.1363255800241738,1.0,1,0.3808642464601325,0.7318821248732603,0.6054016134689583,0.22393082917054113,0.0,0.829124610812412,0.1672562210648148,1,8.856945055245586,0.8632676630296084,0.10312023758888245,0.14670760980040223,0.0006516301566363197,0.925781
0050.jpg,P3,leaves and stems,1.018008207102202,0.2601218207923113,1.0,0.676873180621326,0.8266408117801821,0.3450874984264374,1.0,1.0,1,0.39626354477815073,0.6563127116714789,0.5222728867064188,0.015839765263939057,0.0,0.7729690566515943,0.11274811921296296,1,9.547632514618599,0.8266408117801821,0.08627187460660934,0.01722345906340825,0.0010436515829072113,0.816406
0050.jpg,P4,crop seedling,0.5904761904761905,0.0,1.0,0.9523809523809523,1.0,0.0,1.0,1.0,1,0.0,0.0,0.0,1.0,1.0,0.0,0.0,0,1.0,1.0,0.0,0.0,0.0,
0050.jpg,P5,plant body without background,1.0150537965075903,0.2586127959446788,1.0,0.6712569345472217,0.8230159115188466,0.3422721028327942,1.0,1.0,1,0.396022247538882,0.6554863341834458,0.5226236408277797,0.01597555023789713,0.0,0.7732244029704478,0.11215205439814815,1,9.794850482238166,0.8230159115188466,0.08556802570819855,0.017500972873492046,0.0009320235553634892,0.445312
0051.jpg,P1,green plant,1.0204328662994202,0.25966154379590556,1.0,0.6652131489979154,0.8615045401550716,0.33457115292549133,1.0,1.0,1,0.3962427891245434,0.6542927210561715,0.5154353104405134,0.01485107157775231,0.0,0.7891730234891665,0.11256630979938272,1,10.065551214867334,0.8615045401550716,0.08364278823137283,0.008589758694185311,0.00021527948847023038,0.851562
0051.jpg,P2,entire plant excluding pot,1.0596543649033967,0.4008237371073605,1.0,0.686336704866432,0.8904092284391862,0.3973535895347595,0.14983451384417257,1.0,1,0.384669712913849,0.7307207223583732,0.6052722858133889,0.214979250199476,0.0,0.8446222370185124,0.16832537615740742,1,9.140216249824785,0.8904092284391862,0.09933839738368988,0.13348059460318962,0.00012606023100537333,0.941406
0051.jpg,P3,leaves and stems,1.0233007198659776,0.2616705246913579,1.0,0.6711810309453696,0.8628390707209967,0.3369230031967163,1.0,1.0,1,0.39677799395508956,0.655380423017241,0.5154353104405134,0.014605658908462838,0.0,0.7899818769230171,0.11335985725308642,1,9.798219970295747,0.8628390707209967,0.08423075079917908,0.008299902579308526,0.0002648226220204796,0.847656
0051.jpg,P4,crop seedling,0.5904761904761905,0.0,1.0,0.9523809523809523,1.0,0.0,1.0,1.0,1,0.0,0.0,0.0,1.0,1.0,0.0,0.0,0,1.0,1.0,0.0,0.0,0.0,
0051.jpg,P5,plant body without background,1.0228912213751475,0.26107869637834036,1.0,0.6711391413113045,0.8620929857115238,0.3365141451358795,1.0,1.0,1,0.3967262276677378,0.6550599954720399,0.5157821713492889,0.01475840151420688,0.0,0.7904195886391394,0.11312608506944444,1,9.800079847709407,0.8620929857115238,0.08412853628396988,0.00848650716765088,0.00020568829377830213,0.527344
0052.jpg,P1,green plant,1.0114569791441381,0.26355131172839497,1.0,0.6678194970837358,0.8605261491204459,0.28480440378189087,1.0,1.0,1,0.39611670680124444,0.6536675737638906,0.5096087851750172,0.014115387135017022,0.0,0.7983809079288477,0.11410276813271605,1,9.948212185084289,0.8605261491204459,0.07120110094547272,0.002552794020375861,0.0,0.914062
0052.jpg,P2,entire plant excluding pot,1.0569661431078894,0.4075536094506954,1.0,0.6882395542518127,0.896885238498676,0.35067301988601685,0.1655836028441663,1.0,1,0.3882958586904492,0.7302717719570568,0.6043239533287578,0.20472399304191843,0.0,0.8533962481887847,0.1709836757330247,1,9.059649182386883,0.896885238498676,0.08766825497150421,0.12078490657569735,0.0,0.882812
0052.jpg,P3,leaves and stems,1.0121965010882394,0.26463546550242223,1.0,0.6696581549955568,0.8612458471433664,0.28321704268455505,1.0,1.0,1,0.3964451990230593,0.6542443057458872,0.5099519560741249,0.014015238440112593,0.0,0.7987291145069011,0.1145310088734568,1,9.865984384424769,0.8612458471433664,0.07080426067113876,0.002529564215982467,0.0,0.789062
0052.jpg,P4,crop seedling,0.5904761904761905,0.0,1.0,0.9523809523809523,1.0,0.0,1.0,1.0,1,0.0,0.0,0.0,1.0,1.0,0.0,0.0,0,1.0,1.0,0.0,0.0,0.0,
0052.jpg,P5,plant body without background,0.3904761904761905,0.0,1.0,0.9523809523809523,0.0,0.0,1.0,1.0,1,0.0,0.0,0.0,1.0,1.0,0.0,0.0,0,1.0,0.0,0.0,0.0,0.0,
0053.jpg,P1,green plant,0.6909901126041269,0.2705171218159088,1.0,0.6705256522004528,0.810422795837535,0.25595173239707947,1.0,1.0,1,0.08950665215393178,0.0,0.0750788643533123,0.012038347729551936,0.0,0.7960396088920112,0.11685426311728395,1,9.827345060351286,0.810422795837535,0.06398793309926987,0.0,0.0014444366490720527,0.882812
0053.jpg,P2,entire plant excluding pot,0.7330791641656953,0.4185911006602594,1.0,0.6861579893411296,0.8724828889902875,0.3139335513114929,0.1847803272856635,1.0,1,0.07484605810506145,0.0,0.261198738170347,0.19059674676784227,0.0,0.8500930926475168,0.17534348476080247,1,9.14780606024077,0.8724828889902875,0.07848338782787323,0.10823663045623222,0.0009612416106228887,0.875000
0053.jpg,P3,leaves and stems,0.6892396584550693,0.2529011491053289,1.0,0.7005766325052396,0.7725915345426844,0.3115474581718445,1.0,1.0,1,0.0817163035900499,0.0,0.0,0.0,0.0,0.817163035900499,0.10989595389660493,1,8.547911922897914,0.7725915345426844,0.07788686454296112,0.0,0.0015918448395593739,0.804688
0053.jpg,P4,crop seedling,0.5904761904761905,0.0,1.0,0.9523809523809523,1.0,0.0,1.0,1.0,1,0.0,0.0,0.0,1.0,1.0,0.0,0.0,0,1.0,1.0,0.0,0.0,0.0,
0053.jpg,P5,plant body without background,0.5904761904761905,0.0,1.0,0.9523809523809523,1.0,0.0,1.0,1.0,1,0.0,0.0,0.0,1.0,1.0,0.0,0.0,0,1.0,1.0,0.0,0.0,0.0,
0054.jpg,P1,green plant,0.6780040906705925,0.2780018118065323,1.0,0.6570381428461337,0.7634222173911872,0.26019859313964844,1.0,0.7061701900870492,1,0.08627193763389215,0.0,0.056461731493099125,0.009685456620223435,0.0,0.7901446295120134,0.11981071566358024,1,10.439633098566752,0.7634222173911872,0.06504964828491211,0.0,0.005664356915868854,0.875000
0054.jpg,P2,entire plant excluding pot,0.7288564174844161,0.4361289361619003,1.0,0.6754681054017846,0.8442713870909577,0.30294495820999146,0.19957203297537407,1.0,1,0.07709374011148934,0.0,0.2572145545796738,0.17915199348073987,0.0,0.8454071833137001,0.18227092978395062,1,9.60909603289636,0.8442713870909577,0.07573623955249786,0.1002144423836574,0.0037623327521384706,0.929688
0054.jpg,P3,leaves and stems,0.6758738207218653,0.2852017282973902,1.0,0.6760585355977694,0.7401127497016166,0.24618853628635406,1.0,0.7135521655269157,1,0.08636151074523923,0.0,0.05708908406524467,0.00948643874705484,0.0,0.7893140723761164,0.12265468267746914,1,9.583237170899773,0.7401127497016166,0.061547134071588516,0.0,0.005605756934457958,0.839844
0054.jpg,P4,crop seedling,0.5904761904761905,0.0,1.0,0.9523809523809523,1.0,0.0,1.0,1.0,1,0.0,0.0,0.0,1.0,1.0,0.0,0.0,0,1.0,1.0,0.0,0.0,0.0,
0054.jpg,P5,plant body without background,0.5249436256846567,0.2782514846069698,1.0,0.6564171724159312,0.0,0.2579137980937958,1.0,0.7125746014687444,1,0.08642713466131732,0.0,0.05708908406524467,0.009737817924422066,0.0,0.790724449068999,0.11990933641975308,1,10.468428981512432,0.0,0.06447844952344894,0.0,0.005613447338363282,0.388672
0055.jpg,P1,green plant,0.6922116029957462,0.2925719594858571,1.0,0.6632516608277087,0.8119395145315581,0.2435656040906906,1.0,0.23428050837925993,1,0.08994585520858334,0.0,0.08800482218203737,0.008971727153492964,0.0,0.7679650536186449,0.12556592399691358,1,10.154466518848798,0.8119395145315581,0.06089140102267265,0.0,0.01707355011166651,0.910156
0055.jpg,P2,entire plant excluding pot,0.7343905453960611,0.46175794069385834,1.0,0.6828928979913093,0.8427463325919157,0.27838438749313354,0.18913025700588443,0.3573410961204725,1,0.08123423364201782,0.0,0.29897528631705844,0.18278652158546582,0.0,0.8225463858058704,0.19239438657407407,1,9.287169421191619,0.8427463325919157,0.06959609687328339,0.10574722583588378,0.011193786674487215,0.695312
0055.jpg,P3,leaves and stems,0.6917913718782595,0.2948483161431472,1.0,0.6646082164495318,0.8090312402327762,0.2403411716222763,1.0,0.23304865585425463,1,0.09002558298871315,0.0,0.08800482218203737,0.008852645306934921,0.0,0.7684050858802689,0.1264650848765432,1,10.092917157786498,0.8090312402327762,0.06008529290556908,0.0,0.01716379777149002,0.470703
0055.jpg,P4,crop seedling,0.5904761904761905,0.0,1.0,0.9523809523809523,1.0,0.0,1.0,1.0,1,0.0,0.0,0.0,1.0,1.0,0.0,0.0,0,1.0,1.0,0.0,0.0,0.0,
0055.jpg,P5,plant body without background,0.3904761904761905,0.0,1.0,0.9523809523809523,0.0,0.0,1.0,1.0,1,0.0,0.0,0.0,1.0,1.0,0.0,0.0,0,1.0,0.0,0.0,0.0,0.0,
0056.jpg,P1,green plant,0.9910246005536786,0.2988681092748867,1.0,0.6645801471442137,0.8043377197722551,0.2297598123550415,1.0,0.2502348922134527,1,0.3915154428443992,0.6439225585028137,0.5054437479379743,0.010350035118376231,0.0,0.7826768327509193,0.12805290316358026,1,10.094188166683237,0.8043377197722551,0.057439953088760376,0.0,0.015984981009714516,0.886719
0056.jpg,P2,entire plant excluding pot,1.0431115399458164,0.4732270178934208,1.0,0.6818967835678736,0.8560047452393857,0.2651904225349426,0.1573363900822625,0.38310589890934676,1,0.3878477460986918,0.7213296374868967,0.6314747608050149,0.20636327793056328,0.0,0.836258994125443,0.19692467206790124,1,9.329952101188152,0.8560047452393857,0.06629760563373566,0.12711617439260622,0.010440977315639059,0.851562
0056.jpg,P3,leaves and stems,0.9920668542077722,0.3009326408423191,1.0,0.666423748130774,0.8051160800585045,0.22806480526924133,1.0,0.2504125571043692,1,0.3919593993476044,0.6448391125198786,0.5057736720554272,0.010242439324680087,0.0,0.7829918079307403,0.12886839313271606,1,10.010935318702586,0.8051160800585045,0.05701620131731033,0.0,0.015973639845596257,0.542969
0056.jpg,P4,crop seedling,0.5904761904761905,0.0,1.0,0.9523809523809523,1.0,0.0,1.0,1.0,1,0.0,0.0,0.0,1.0,1.0,0.0,0.0,0,1.0,1.0,0.0,0.0,0.0,
0056.jpg,P5,plant body without background,0.5904761904761905,0.0,1.0,0.9523809523809523,1.0,0.0,1.0,1.0,1,0.0,0.0,0.0,1.0,1.0,0.0,0.0,0,1.0,1.0,0.0,0.0,0.0,
0057.jpg,P1,green plant,0.6645791908019291,0.2841600005860291,1.0,0.6789937425760193,0.7443019745537068,0.17642788589000702,1.0,0.2848929474571509,1,0.08780247008077656,0.0,0.06561514195583597,0.009238273891594522,0.0,0.7876322669620444,0.12224320023148148,1,9.455352451588793,0.7443019745537068,0.044106971472501755,0.0,0.014040361601445459,0.917969
0057.jpg,P2,entire plant excluding pot,0.716909925497264,0.4599211058368494,1.0,0.6915990973464121,0.8294475700073106,0.23481813073158264,0.13673098507359993,0.4445687919463087,1,0.07375274471283293,0.0,0.3205047318611987,0.22709082651791634,0.0,0.8418914093319205,0.19166883680555555,1,8.918487714541198,0.8294475700073106,0.05870453268289566,0.14627262422803686,0.008997482667391296,0.687500
0057.jpg,P3,leaves and stems,0.6638514386624008,0.29283262033130175,1.0,0.6772929798253166,0.7474672396554122,0.16129769384860992,1.0,0.2902667780562518,1,0.08807333193027278,0.0,0.06498422712933755,0.008981645285451692,0.0,0.7907066463262753,0.1256688850308642,1,9.529318324188571,0.7474672396554122,0.04032442346215248,0.0,0.013780426498635772,0.376953
0057.jpg,P4,crop seedling,0.5904761904761905,0.0,1.0,0.9523809523809523,1.0,0.0,1.0,1.0,1,0.0,0.0,0.0,1.0,1.0,0.0,0.0,0,1.0,1.0,0.0,0.0,0.0,
0057.jpg,P5,plant body without background,0.5904761904761905,0.0,1.0,0.9523809523809523,1.0,0.0,1.0,1.0,1,0.0,0.0,0.0,1.0,1.0,0.0,0.0,0,1.0,1.0,0.0,0.0,0.0,
0058.jpg,P1,green plant,0.9374435999122417,0.2668471147835598,1.0,0.6692368257771066,0.7471383975026015,0.1233588457107544,1.0,0.5135257510729614,1,0.37612736315743717,0.6302875573131481,0.39422750424448216,0.0,0.0,0.8456576733382853,0.11540461033950618,1,9.884787013590193,0.7471383975026015,0.0308397114276886,0.0,0.007789288057400033,0.816406
0058.jpg,P2,entire plant excluding pot,1.0024726558656667,0.4551593144436631,1.0,0.6783562995262927,0.8071667403480274,0.15453632175922394,0.1364595586801146,0.8391135394456289,1,0.38342892065022527,0.7142635864453639,0.632258064516129,0.22768151230770112,0.0,0.8793466747375501,0.18978792920524692,1,9.483031283068096,0.8071667403480274,0.038634080439805984,0.14656356940801446,0.004766935357332753,0.718750
0058.jpg,P3,leaves and stems,0.9576770756743567,0.28899626650648536,1.0,0.6600496233277201,0.7716498675191497,0.10548064857721329,1.0,0.5537190482591746,1,0.392441794488243,0.6401647602436831,0.4882852292020374,0.00888637270715367,0.0,0.8315869895873336,0.12415352527006172,1,10.300752084619909,0.7716498675191497,0.026370162144303322,0.0,0.007223880075239444,0.703125
0058.jpg,P4,crop seedling,0.5904761904761905,0.0,1.0,0.9523809523809523,1.0,0.0,1.0,1.0,1,0.0,0.0,0.0,1.0,1.0,0.0,0.0,0,1.0,1.0,0.0,0.0,0.0,
0058.jpg,P5,plant body without background,0.5904761904761905,0.0,1.0,0.9523809523809523,1.0,0.0,1.0,1.0,1,0.0,0.0,0.0,1.0,1.0,0.0,0.0,0,1.0,1.0,0.0,0.0,0.0,
0059.jpg,P1,green plant,0.9403500740718741,0.2669615735857165,1.0,0.6731937888316444,0.7526010322668041,0.1242675855755806,1.0,0.5325845383759733,1,0.37694527801992495,0.631571303656292,0.38574283810792803,0.0,0.0,0.8646161088079576,0.11544982156635802,1,9.709127344610273,0.7526010322668041,0.03106689639389515,0.0,0.007510544733794423,0.867188
0059.jpg,P2,entire plant excluding pot,1.0008388805140267,0.4531573536880762,1.0,0.6710878107707653,0.8177549897505949,0.10305751115083694,0.16259573497075053,0.8738115942028986,1,0.39182734744197195,0.7153888303570005,0.620253164556962,0.19951990854914908,0.0,0.8965165976151338,0.18899715470679013,1,9.80235921291638,0.8177549897505949,0.025764377787709236,0.12300445644283238,0.00457764582953245,0.878906
0059.jpg,P3,leaves and stems,0.9356126001750023,0.26936887111267394,1.0,0.674141697468101,0.7209031741678181,0.12517619132995605,1.0,0.539069793411502,1,0.3776946133592924,0.6326549679833319,0.3877415056628914,0.0,0.0,0.8647190354580582,0.11640070408950617,1,9.667353428981981,0.7209031741678181,0.031294047832489014,0.0,0.007420189461342304,0.777344
0059.jpg,P4,crop seedling,0.5904761904761905,0.0,1.0,0.9523809523809523,1.0,0.0,1.0,1.0,1,0.0,0.0,0.0,1.0,1.0,0.0,0.0,0,1.0,1.0,0.0,0.0,0.0,
0059.jpg,P5,plant body without background,0.5904761904761905,0.0,1.0,0.9523809523809523,1.0,0.0,1.0,1.0,1,0.0,0.0,0.0,1.0,1.0,0.0,0.0,0,1.0,1.0,0.0,0.0,0.0,
0060.jpg,P1,green plant,0.9539149091863091,0.26091326525629,1.0,0.7108275297424702,0.7215362103746791,0.2444555014371872,1.0,0.5497704821925838,1,0.36636840782418384,0.6277068757394645,0.3563068920676203,0.0,0.0,0.8253576074319964,0.11306073977623457,1,8.136220339195242,0.7215362103746791,0.0611138753592968,0.0,0.007275763485968323,0.906250
0060.jpg,P2,entire plant excluding pot,1.0165229676924283,0.46626975406313476,1.0,0.6811557716587486,0.7615746552864211,0.197118878364563,0.1873178958141915,0.9561163550014841,1,0.3952991558178549,0.7193306089809934,0.618335500650195,0.17846698514446366,0.0,0.857731481008112,0.19417655285493826,1,9.36185940448843,0.7615746552864211,0.04927971959114075,0.10677036442817424,0.00418359123246437,0.738281
0060.jpg,P3,leaves and stems,0.9559922130704381,0.2724729938271605,1.0,0.6749455071626211,0.7029247995171392,0.2629672884941101,1.0,0.561521726618705,1,0.3733300952702319,0.6328644701893683,0.3842652795838752,0.0,0.0,0.8265978037885553,0.1176268325617284,1,9.632021826587561,0.7029247995171392,0.06574182212352753,0.0,0.007123499965151223,0.347656
0060.jpg,P4,crop seedling,0.5904761904761905,0.0,1.0,0.9523809523809523,1.0,0.0,1.0,1.0,1,0.0,0.0,0.0,1.0,1.0,0.0,0.0,0,1.0,1.0,0.0,0.0,0.0,
0060.jpg,P5,plant body without background,0.5904761904761905,0.0,1.0,0.9523809523809523,1.0,0.0,1.0,1.0,1,0.0,0.0,0.0,1.0,1.0,0.0,0.0,0,1.0,1.0,0.0,0.0,0.0,
0061.jpg,P1,green plant,1.0235925924257918,0.27698175496171273,1.0,0.7029978804848102,0.7629847509294089,0.3908032178878784,1.0,0.8999691049522944,1,0.3968390715730299,0.6709025802007451,0.42620590352771776,0.0,0.0,0.8530610586777992,0.11940779320987654,1,8.449587908013822,0.7629847509294089,0.0977008044719696,0.0,0.004444597017818775,0.867188
0061.jpg,P2,entire plant excluding pot,1.1066739213831251,0.48478277855914986,1.0,0.6857563471557014,0.8112953664139243,0.34097543358802795,0.21541352753520446,1.0,1,0.4421119362397645,0.7883817112345235,0.7026637868970482,0.16237482288515298,0.0,0.8841130253175855,0.2014891975308642,1,9.164877704674003,0.8112953664139243,0.08524385839700699,0.09284467985294681,0.0026226161298969863,0.820312
0061.jpg,P3,leaves and stems,1.0245082458356864,0.28458090375449285,1.0,0.681784100893822,0.7496627586212957,0.40575098991394043,1.0,0.920918820861678,1,0.4001524951989763,0.6751987159045888,0.43664506839452844,0.0,0.0,0.8523683232135507,0.12240945698302469,1,9.33479964372873,0.7496627586212957,0.10143774747848511,0.0,0.004343488165718355,0.710938
0061.jpg,P4,crop seedling,0.5904761904761905,0.0,1.0,0.9523809523809523,1.0,0.0,1.0,1.0,1,0.0,0.0,0.0,1.0,1.0,0.0,0.0,0,1.0,1.0,0.0,0.0,0.0,
0061.jpg,P5,plant body without background,0.5904761904761905,0.0,1.0,0.9523809523809523,1.0,0.0,1.0,1.0,1,0.0,0.0,0.0,1.0,1.0,0.0,0.0,0,1.0,1.0,0.0,0.0,0.0,
0062.jpg,P1,green plant,1.0381460933698823,0.29327397347241746,1.0,0.6818754157844388,0.7616676784673515,0.5459626317024231,1.0,0.9541078610603291,1,0.381590153484556,0.636577774148942,0.39385206532180594,0.0,0.0,0.8789456077450124,0.12584321952160493,1,9.330871207596962,0.7616676784673515,0.13649065792560577,0.0,0.004192398116869804,0.867188
0062.jpg,P2,entire plant excluding pot,1.090798214830846,0.4981900248085638,1.0,0.6883821346479277,0.7967736081914102,0.45975375175476074,0.16948034110334878,1.0,1,0.4021783109503135,0.7244240357328661,0.633045148895293,0.18882808464293085,0.0,0.9133019703553688,0.20678505979938272,1,9.05363023435955,0.7967736081914102,0.11493843793869019,0.11800778703769566,0.002566527398641991,0.855469
0062.jpg,P3,leaves and stems,1.0382225983377953,0.29514621425222687,1.0,0.683215969308785,0.7549127574492239,0.5466723442077637,1.0,0.9590573190226079,1,0.3822331412941954,0.6373803923539036,0.3957732949087416,0.0,0.0,0.8791081088675565,0.12658275462962962,1,9.273320441022712,0.7549127574492239,0.13666808605194092,0.0,0.0041707621855974885,0.464844
0062.jpg,P4,crop seedling,0.5904761904761905,0.0,1.0,0.9523809523809523,1.0,0.0,1.0,1.0,1,0.0,0.0,0.0,1.0,1.0,0.0,0.0,0,1.0,1.0,0.0,0.0,0.0,
0062.jpg,P5,plant body without background,0.5904761904761905,0.0,1.0,0.9523809523809523,1.0,0.0,1.0,1.0,1,0.0,0.0,0.0,1.0,1.0,0.0,0.0,0,1.0,1.0,0.0,0.0,0.0,
0063.jpg,P1,green plant,1.1258193604813278,0.2920576579348336,1.0,0.6872704767840924,0.9436087490252121,0.6744971871376038,1.0,0.5720308073167377,1,0.4063325463049795,0.6782899334787806,0.4512463343108504,0.0,0.0,0.8770672941145324,0.12536277488425926,1,9.100624391120247,0.9436087490252121,0.16862429678440094,0.0,0.006992630377309679,0.886719
0063.jpg,P2,entire plant excluding pot,1.1846115867303033,0.49287547370682916,1.0,0.6958572215145294,0.9599207051089156,0.5679522156715393,0.16853753449679354,0.9381107887829812,1,0.44129046352994056,0.7911025211398112,0.7225073313782991,0.18999544101414464,0.0,0.9135189378715618,0.20468581211419754,1,8.741528264189183,0.9599207051089156,0.14198805391788483,0.1186679279468189,0.004263888708911698,0.796875
0063.jpg,P3,leaves and stems,1.1271191041752615,0.29336889797233945,1.0,0.690012164754742,0.9438600888369049,0.6749838590621948,1.0,0.5699263100436681,1,0.40667410205002524,0.6790265433313832,0.45161290322580644,0.0,0.0,0.8772448930339599,0.12588071469907408,1,8.984996238593562,0.9438600888369049,0.1687459647655487,0.0,0.0070184512094090155,0.550781
0063.jpg,P4,crop seedling,0.5904761904761905,0.0,1.0,0.9523809523809523,1.0,0.0,1.0,1.0,1,0.0,0.0,0.0,1.0,1.0,0.0,0.0,0,1.0,1.0,0.0,0.0,0.0,
0063.jpg,P5,plant body without background,0.5904761904761905,0.0,1.0,0.9523809523809523,1.0,0.0,1.0,1.0,1,0.0,0.0,0.0,1.0,1.0,0.0,0.0,0,1.0,1.0,0.0,0.0,0.0,
0064.jpg,P1,green plant,1.1112581498303489,0.2846355387560555,1.0,0.6894297817692255,0.8210485931690997,0.7244197726249695,1.0,0.2907220154594904,1,0.4073514125664789,0.6803377554760599,0.4649321266968326,0.0,0.0,0.8554541534442808,0.12243103780864198,1,9.009480775077172,0.8210485931690997,0.18110494315624237,0.0,0.013758847927900959,0.878906
0064.jpg,P2,entire plant excluding pot,1.178007973526065,0.4832401791295514,1.0,0.6970711854620157,0.8563657012684717,0.6186782717704773,0.17818275148514323,0.47690246869409664,1,0.4469369059999617,0.795890859547481,0.746606334841629,0.18415619459625562,0.0,0.8923282326572686,0.20087987075617283,1,8.691474295762326,0.8563657012684717,0.15466956794261932,0.1122443100317013,0.00838745920303833,0.851562
0064.jpg,P3,leaves and stems,1.1117755571999166,0.285842697589467,1.0,0.6907188314739805,0.8203239539245143,0.7235681414604187,1.0,0.29206331471135943,1,0.40768483231024066,0.6810401104162346,0.46530920060331826,0.0,0.0,0.8556513755596127,0.1229078655478395,1,8.955342012784554,0.8203239539245143,0.18089203536510468,0.0,0.013695660490442367,0.605469
0064.jpg,P4,crop seedling,0.5904761904761905,0.0,1.0,0.9523809523809523,1.0,0.0,1.0,1.0,1,0.0,0.0,0.0,1.0,1.0,0.0,0.0,0,1.0,1.0,0.0,0.0,0.0,
0064.jpg,P5,plant body without background,0.5904761904761905,0.0,1.0,0.9523809523809523,1.0,0.0,1.0,1.0,1,0.0,0.0,0.0,1.0,1.0,0.0,0.0,0,1.0,1.0,0.0,0.0,0.0,
0065.jpg,P1,green plant,1.072613062852828,0.29162881895608683,1.0,0.690875298952944,0.7171765646201913,0.7503660321235657,1.0,0.5628968694945115,1,0.3826037199222706,0.6336905611016554,0.38698522477208425,0.0,0.0,0.9115468307771609,0.12519338348765433,1,8.948784289018581,0.7171765646201913,0.18759150803089142,0.0,0.0071060974341393135,0.832031
0065.jpg,P2,entire plant excluding pot,1.1281053181881178,0.491507767326926,1.0,0.6972360088193651,0.7475718508970015,0.6583126783370972,0.20509011409607325,0.9262937636761488,1,0.40917965711203974,0.7180014213579633,0.6274756365922666,0.1669224840766212,0.0,0.9501029027313092,0.2041455680941358,1,8.684691764365622,0.7475718508970015,0.1645781695842743,0.0975181085063472,0.004318284497701187,0.914062
0065.jpg,P3,leaves and stems,1.073302236769644,0.2933328816025942,1.0,0.6925489524072402,0.7171915218706544,0.7487274408340454,1.0,0.5624929956896552,1,0.38294207742673725,0.6344093510934414,0.3872995913234832,0.0,0.0,0.9118487810580578,0.12586648823302468,1,8.87882499927511,0.7171915218706544,0.18718186020851135,0.0,0.007111199660532171,0.431641
0065.jpg,P4,crop seedling,0.5904761904761905,0.0,1.0,0.9523809523809523,1.0,0.0,1.0,1.0,1,0.0,0.0,0.0,1.0,1.0,0.0,0.0,0,1.0,1.0,0.0,0.0,0.0,
0065.jpg,P5,plant body without background,0.5904761904761905,0.0,1.0,0.9523809523809523,1.0,0.0,1.0,1.0,1,0.0,0.0,0.0,1.0,1.0,0.0,0.0,0,1.0,1.0,0.0,0.0,0.0,
0066.jpg,P1,green plant,1.0854564190277791,0.27075214388967017,1.0,0.6833152679310251,0.7904480198549392,0.7676693797111511,1.0,1.0,1,0.3830194567504219,0.627996383398787,0.3792010145846544,0.0,0.0,0.9496453993560864,0.11694709683641975,1,9.269066474333238,0.7904480198549392,0.19191734492778778,0.0,0.0031205992540252326,0.863281
0066.jpg,P2,entire plant excluding pot,1.1390842775753351,0.45847923015314884,1.0,0.6920035712771606,0.8147702833987926,0.684421718120575,0.2221472568901845,1.0,1,0.40914931698539964,0.7091545614066108,0.61572606214331,0.16229036991799647,0.0,0.98801640282689,0.19109929591049382,1,8.90158494859793,0.8147702833987926,0.17110542953014374,0.09003037120501889,0.0018996198236779314,0.847656
0066.jpg,P3,leaves and stems,1.086040837618399,0.2720316406860447,1.0,0.6845404406675194,0.7905155733072617,0.7665112614631653,1.0,1.0,1,0.38332105439360076,0.6285495354815656,0.37983512999365887,0.0,0.0,0.9495839357619423,0.11745249807098765,1,9.216681457851196,0.7905155733072617,0.19162781536579132,0.0,0.0030907474661208503,0.675781
0066.jpg,P4,crop seedling,0.5904761904761905,0.0,1.0,0.9523809523809523,1.0,0.0,1.0,1.0,1,0.0,0.0,0.0,1.0,1.0,0.0,0.0,0,1.0,1.0,0.0,0.0,0.0,
0066.jpg,P5,plant body without background,0.5904761904761905,0.0,1.0,0.9523809523809523,1.0,0.0,1.0,1.0,1,0.0,0.0,0.0,1.0,1.0,0.0,0.0,0,1.0,1.0,0.0,0.0,0.0,
0067.jpg,P1,green plant,1.0792117444189469,0.24950797976246286,1.0,0.6816556808765964,0.8015129391549578,0.7632483243942261,1.0,1.0,1,0.3800267595812983,0.6237030743731893,0.3749595600129408,0.0,0.0,0.9423796274835274,0.10855565200617284,1,9.340326151584877,0.8015129391549578,0.19081208109855652,0.0,0.0026132713759601245,0.902344
0067.jpg,P2,entire plant excluding pot,1.135347778586891,0.428256307137834,1.0,0.6920291499547402,0.8592569362924791,0.6866101026535034,0.20574935445237486,1.0,1,0.40211727937917957,0.7041606857878933,0.6095114849563248,0.17333575588731087,0.0,0.9794969882747174,0.17916124131944444,1,8.900516692552664,0.8592569362924791,0.17165252566337585,0.09720565128008425,0.0015827352653201305,0.855469
0067.jpg,P3,leaves and stems,1.079607559688476,0.250845774242069,1.0,0.6832603711593118,0.8012502444504944,0.7607540488243103,1.0,1.0,1,0.3803854719532388,0.624305238040807,0.37560659980588806,0.0,0.0,0.9426945067389653,0.10908408082561728,1,9.27141810678307,0.8012502444504944,0.19018851220607758,0.0,0.002591770217741855,0.695312
0067.jpg,P4,crop seedling,0.5904761904761905,0.0,1.0,0.9523809523809523,1.0,0.0,1.0,1.0,1,0.0,0.0,0.0,1.0,1.0,0.0,0.0,0,1.0,1.0,0.0,0.0,0.0,
0067.jpg,P5,plant body without background,0.5904761904761905,0.0,1.0,0.9523809523809523,1.0,0.0,1.0,1.0,1,0.0,0.0,0.0,1.0,1.0,0.0,0.0,0,1.0,1.0,0.0,0.0,0.0,
0068.jpg,P1,green plant,1.1910548519557258,0.24451666031801833,1.0,0.6690956382330648,0.8696786942408882,0.7465564608573914,1.0,1.0,1,0.4850853612258531,0.7995215385574466,0.6140443505807814,0.0,0.0,0.9472483962620619,0.10658408082561728,1,9.891093077240232,0.8696786942408882,0.18663911521434784,0.0,0.0019557695200842487,0.890625
0068.jpg,P2,entire plant excluding pot,1.319429354334084,0.42461651722925453,1.0,0.6876273089435346,0.9179960773718002,0.6761986613273621,0.2226785903110319,1.0,1,0.5781416413596938,0.999436904887747,1.0,0.16620808487833336,0.0,0.9820115011248228,0.17772352430555555,1,9.085523131313455,0.9179960773718002,0.16904966533184052,0.08981554972152689,0.0011613787302168766,0.832031
0068.jpg,P3,leaves and stems,1.1919200383570878,0.24565758565791518,1.0,0.670515528457506,0.8713504992666288,0.74361652135849,1.0,1.0,1,0.4856920114089798,0.800787994351431,0.6151003167898628,0.0,0.0,0.9469815636380361,0.10703474633487654,1,9.827795406929942,0.8713504992666288,0.1859041303396225,0.0,0.001965557131255287,0.777344
0068.jpg,P4,crop seedling,0.5904761904761905,0.0,1.0,0.9523809523809523,1.0,0.0,1.0,1.0,1,0.0,0.0,0.0,1.0,1.0,0.0,0.0,0,1.0,1.0,0.0,0.0,0.0,
0068.jpg,P5,plant body without background,0.5904761904761905,0.0,1.0,0.9523809523809523,1.0,0.0,1.0,1.0,1,0.0,0.0,0.0,1.0,1.0,0.0,0.0,0,1.0,1.0,0.0,0.0,0.0,
0069.jpg,P1,green plant,0.7646896238421911,0.2541406616268166,1.0,0.6819566222791812,0.6848650475556517,0.745029091835022,1.0,0.6596412103746397,1,0.0914913391828568,0.0,0.0,0.0,0.0,0.914913391828568,0.11038556134259259,1,9.327378526155504,0.6848650475556517,0.1862572729587555,0.0,0.00606390252320382,0.894531
0069.jpg,P2,entire plant excluding pot,0.8222063356944762,0.4412872128457571,1.0,0.6921793465051304,0.760022647667009,0.6975455284118652,0.2764576740148652,1.0,1,0.10399938860852392,0.0,0.2938867077958497,0.1461240979428649,0.0,0.9493701058813044,0.18430844907407407,1,8.894245546304758,0.760022647667009,0.1743863821029663,0.0723438047841081,0.0036814920639904546,0.761719
0069.jpg,P3,leaves and stems,0.7645444663999575,0.2558544914244413,1.0,0.6833969594380187,0.683853774458654,0.7422212362289429,1.0,0.6602379501881382,1,0.09147917408994621,0.0,0.0,0.0,0.0,0.914791740899462,0.11106252411265433,1,9.26556772574274,0.683853774458654,0.18555530905723572,0.0,0.0060584218142264905,0.369141
0069.jpg,P4,crop seedling,0.5904761904761905,0.0,1.0,0.9523809523809523,1.0,0.0,1.0,1.0,1,0.0,0.0,0.0,1.0,1.0,0.0,0.0,0,1.0,1.0,0.0,0.0,0.0,
0069.jpg,P5,plant body without background,0.5904761904761905,0.0,1.0,0.9523809523809523,1.0,0.0,1.0,1.0,1,0.0,0.0,0.0,1.0,1.0,0.0,0.0,0,1.0,1.0,0.0,0.0,0.0,
0070.jpg,P1,green plant,0.7982171404166384,0.25138357800046884,1.0,0.7134034288072605,0.8006083286476744,0.7806207537651062,1.0,0.3126839699922394,1,0.08901392257253639,0.0,0.0,0.0,0.0,0.8901392257253639,0.10929651331018518,1,8.034628363698799,0.8006083286476744,0.19515518844127655,0.0,0.012792469022634187,0.894531
0070.jpg,P2,entire plant excluding pot,0.8400168932597563,0.4421897586536958,1.0,0.7173265911204395,0.8191546589931684,0.7480635046958923,0.2182400421751551,0.522893232055987,1,0.09466999056711714,0.0,0.2951388888888889,0.1679150739218573,0.0,0.9191951274367433,0.18466495466820987,1,7.881302948438989,0.8191546589931684,0.18701587617397308,0.09164221102903013,0.007649745215236814,0.609375
0070.jpg,P3,leaves and stems,0.3904761904761905,0.0,1.0,0.9523809523809523,0.0,0.0,1.0,1.0,1,0.0,0.0,0.0,1.0,1.0,0.0,0.0,0,1.0,0.0,0.0,0.0,0.0,
0070.jpg,P4,crop seedling,0.5904761904761905,0.0,1.0,0.9523809523809523,1.0,0.0,1.0,1.0,1,0.0,0.0,0.0,1.0,1.0,0.0,0.0,0,1.0,1.0,0.0,0.0,0.0,
0070.jpg,P5,plant body without background,0.5904761904761905,0.0,1.0,0.9523809523809523,1.0,0.0,1.0,1.0,1,0.0,0.0,0.0,1.0,1.0,0.0,0.0,0,1.0,1.0,0.0,0.0,0.0,
0071.jpg,P1,green plant,0.7786511680401567,0.25219150453195804,1.0,0.6934080619590847,0.753753327383643,0.756590723991394,1.0,0.33094767494767496,1,0.0874624444669407,0.0,0.0,0.0,0.0,0.8746244446694069,0.10961564429012345,1,8.843045094534999,0.753753327383643,0.1891476809978485,0.0,0.012086502800276289,0.839844
0071.jpg,P2,entire plant excluding pot,0.8239862713895444,0.4480866761408032,1.0,0.703217433374747,0.8028396849421139,0.7284200191497803,0.16179560201122448,0.5580660250067464,1,0.08747350866805555,0.0,0.3241338813857898,0.20279883043574973,0.0,0.8996905914933827,0.1869942370756173,1,8.440705606543077,0.8028396849421139,0.18210500478744507,0.12361275431091454,0.007167610678237659,0.429688
0071.jpg,P3,leaves and stems,0.6282568549899182,0.2530873354235037,1.0,0.693977388337314,0.0,0.7568323612213135,1.0,0.33177448395016823,1,0.08747743799349203,0.0,0.0,0.0,0.0,0.8747743799349202,0.10996949749228395,1,8.819382786977519,0.0,0.18920809030532837,0.0,0.012056382252110717,0.314453
0071.jpg,P4,crop seedling,0.5904761904761905,0.0,1.0,0.9523809523809523,1.0,0.0,1.0,1.0,1,0.0,0.0,0.0,1.0,1.0,0.0,0.0,0,1.0,1.0,0.0,0.0,0.0,
0071.jpg,P5,plant body without background,0.5904761904761905,0.0,1.0,0.9523809523809523,1.0,0.0,1.0,1.0,1,0.0,0.0,0.0,1.0,1.0,0.0,0.0,0,1.0,1.0,0.0,0.0,0.0,
0072.jpg,P1,green plant,1.081813400659878,0.2535930907172995,1.0,0.6920843875790272,0.8536941509996105,0.7158593535423279,1.0,0.35024453813721734,1,0.378767204092225,0.6274043033048592,0.3900938815150534,0.0,0.0,0.8895879926281466,0.11016927083333333,1,8.89821004337604,0.8536941509996105,0.17896483838558197,0.0,0.011420592084816172,0.847656
0072.jpg,P2,entire plant excluding pot,1.1332645653872402,0.4497299993162993,1.0,0.7017978543700094,0.8968875942066497,0.6607834100723267,0.1460314883795119,0.5859346823529411,1,0.3914247937941832,0.7169985338134737,0.6358044674651991,0.21702093756766463,0.0,0.9113678408603091,0.18764334972993826,1,8.498234748742028,0.8968875942066497,0.16519585251808167,0.13695676337984913,0.006826699494792112,0.660156
0072.jpg,P3,leaves and stems,1.082710081307508,0.2538986194131896,1.0,0.6938833309548376,0.8544455350771502,0.716239869594574,1.0,0.35150393852065326,1,0.3790166102995578,0.6275438670850885,0.39138879896406603,0.0,0.0,0.8892627300624492,0.11028995466820987,1,8.823289316488468,0.8544455350771502,0.1790599673986435,0.0,0.011379673345438128,0.503906
0072.jpg,P4,crop seedling,0.5904761904761905,0.0,1.0,0.9523809523809523,1.0,0.0,1.0,1.0,1,0.0,0.0,0.0,1.0,1.0,0.0,0.0,0,1.0,1.0,0.0,0.0,0.0,
0072.jpg,P5,plant body without background,0.5904761904761905,0.0,1.0,0.9523809523809523,1.0,0.0,1.0,1.0,1,0.0,0.0,0.0,1.0,1.0,0.0,0.0,0,1.0,1.0,0.0,0.0,0.0,
0073.jpg,P1,green plant,0.772302650987601,0.23133405854430378,1.0,0.6970168548682125,0.8323651010299847,0.6634862422943115,1.0,0.3988904174573055,1,0.08746219964023852,0.0,0.0,0.0,0.0,0.8746219964023851,0.101376953125,1,8.69371071920703,0.8323651010299847,0.16587156057357788,0.0,0.010027816725951138,0.832031
0073.jpg,P2,entire plant excluding pot,0.7980729119953216,0.4151826701437724,1.0,0.70489063475045,0.8535593501029175,0.5870179533958435,0.1789973582050678,0.6804347006129184,1,0.08594279031672493,0.0,0.303864168618267,0.19347187711768693,0.0,0.8928880310074294,0.1739971547067901,1,8.373195803744123,0.8535593501029175,0.14675448834896088,0.11173349260879627,0.005878594957601223,0.867188
0073.jpg,P3,leaves and stems,0.7728026131066765,0.23264407768791995,1.0,0.6986674564531499,0.832570431334655,0.6628169417381287,1.0,0.39734508697696286,1,0.08746283166390585,0.0,0.0,0.0,0.0,0.8746283166390585,0.1018944106867284,1,8.625921839170607,0.832570431334655,0.16570423543453217,0.0,0.010066816304266802,0.746094
0073.jpg,P4,crop seedling,0.5904761904761905,0.0,1.0,0.9523809523809523,1.0,0.0,1.0,1.0,1,0.0,0.0,0.0,1.0,1.0,0.0,0.0,0,1.0,1.0,0.0,0.0,0.0,
0073.jpg,P5,plant body without background,0.5904761904761905,0.0,1.0,0.9523809523809523,1.0,0.0,1.0,1.0,1,0.0,0.0,0.0,1.0,1.0,0.0,0.0,0,1.0,1.0,0.0,0.0,0.0,
0074.jpg,P1,green plant,1.031913128643659,0.20922489109626496,1.0,0.705143843827768,0.8318023598618596,0.6382928490638733,1.0,0.4595156226640753,1,0.3550203398737058,0.5852210029001259,0.3590834697217676,0.0,0.0,0.8555796430874356,0.09264383198302469,1,8.36300731412897,0.8318023598618596,0.15957321226596832,0.0,0.008704818297166282,0.929688
0074.jpg,P2,entire plant excluding pot,1.06851683997009,0.3772333201476793,1.0,0.7200938421712746,0.8391748829237468,0.5226001143455505,0.23681905514356,0.7793582508494609,1,0.3766964080524398,0.6462671553813139,0.5895253682487726,0.1418867226388671,0.0,0.8695435417586105,0.15900716145833332,1,7.774157795454377,0.8391748829237468,0.13065002858638763,0.08445266360798533,0.005132427860538082,0.578125
0074.jpg,P3,leaves and stems,0.3904761904761905,0.0,1.0,0.9523809523809523,0.0,0.0,1.0,1.0,1,0.0,0.0,0.0,1.0,1.0,0.0,0.0,0,1.0,0.0,0.0,0.0,0.0,
0074.jpg,P4,crop seedling,0.5904761904761905,0.0,1.0,0.9523809523809523,1.0,0.0,1.0,1.0,1,0.0,0.0,0.0,1.0,1.0,0.0,0.0,0,1.0,1.0,0.0,0.0,0.0,
0074.jpg,P5,plant body without background,0.5904761904761905,0.0,1.0,0.9523809523809523,1.0,0.0,1.0,1.0,1,0.0,0.0,0.0,1.0,1.0,0.0,0.0,0,1.0,1.0,0.0,0.0,0.0,
0075.jpg,P1,green plant,1.0042876851825993,0.19433059608923264,1.0,0.7221130547541897,0.7868016647414391,0.5826795697212219,1.0,1.0,1,0.3471027081213827,0.5805565717412418,0.320653987320654,0.0,0.0,0.861901902942304,0.08676058545524691,1,7.696494154655714,0.7868016647414391,0.14566989243030548,0.0,0.00365745031801197,0.929688
0075.jpg,P2,entire plant excluding pot,1.0603180149943288,0.3577716610993905,1.0,0.7183049972494938,0.8691210909843476,0.46725231409072876,0.20870274449811688,1.0,1,0.37782800230953656,0.6404993379743044,0.5862529195862529,0.1287922065608749,0.0,0.8676537046126698,0.15131980613425927,1,7.843325713427082,0.8691210909843476,0.11681307852268219,0.09583007663888417,0.0021065933024036997,0.710938
0075.jpg,P3,leaves and stems,0.5904761904761905,0.0,1.0,0.9523809523809523,1.0,0.0,1.0,1.0,1,0.0,0.0,0.0,1.0,1.0,0.0,0.0,0,1.0,1.0,0.0,0.0,0.0,
0075.jpg,P4,crop seedling,0.5904761904761905,0.0,1.0,0.9523809523809523,1.0,0.0,1.0,1.0,1,0.0,0.0,0.0,1.0,1.0,0.0,0.0,0,1.0,1.0,0.0,0.0,0.0,
0075.jpg,P5,plant body without background,0.5904761904761905,0.0,1.0,0.9523809523809523,1.0,0.0,1.0,1.0,1,0.0,0.0,0.0,1.0,1.0,0.0,0.0,0,1.0,1.0,0.0,0.0,0.0,
0076.jpg,P1,green plant,1.0230983257419919,0.19292962035083605,1.0,0.7043434987490563,0.8687528656579551,0.5975841879844666,1.0,0.612451391862955,1,0.3503762911935291,0.5796897143399737,0.3496808867987907,0.0,0.0,0.8454233155075597,0.08620720003858025,1,8.395236181665396,0.8687528656579551,0.14939604699611664,0.0,0.006531130556880273,0.310547;0.443359;0.310547;0.902344
0076.jpg,P2,entire plant excluding pot,1.0635146758323457,0.3415755879824973,1.0,0.7217865622735243,0.8972922970960162,0.48150205612182617,0.22271622322685836,1.0,1,0.3750833751375728,0.6339658548915362,0.5777628485052065,0.12009710127083534,0.0,0.8522714357584852,0.14492235725308641,1,7.709022369442381,0.8972922970960162,0.12037551403045654,0.0898003733640366,0.003903351291633251,0.785156
0076.jpg,P3,leaves and stems,0.8518804453374678,0.1914492865096108,1.0,0.7114157141301933,0.0,0.6033101081848145,1.0,0.6113079406068431,1,0.35064542357254397,0.579149189703418,0.3500167954316426,0.0,0.0,0.8494018399865201,0.08562246817129629,1,8.112957870846078,0.0,0.1508275270462036,0.0,0.006543347033950213,0.337891;0.589844
0076.jpg,P4,crop seedling,0.5904761904761905,0.0,1.0,0.9523809523809523,1.0,0.0,1.0,1.0,1,0.0,0.0,0.0,1.0,1.0,0.0,0.0,0,1.0,1.0,0.0,0.0,0.0,
0076.jpg,P5,plant body without background,0.5904761904761905,0.0,1.0,0.9523809523809523,1.0,0.0,1.0,1.0,1,0.0,0.0,0.0,1.0,1.0,0.0,0.0,0,1.0,1.0,0.0,0.0,0.0,
0077.jpg,P1,green plant,1.0134917755733666,0.1863148172566026,1.0,0.7268645393342289,0.7684894404353663,0.644401490688324,1.0,0.3650250065806791,1,0.3482777180304623,0.5805299916771409,0.34948805460750854,0.0,0.0,0.8218437111411147,0.08359435281635802,1,7.515443274092015,0.7684894404353663,0.161100372672081,0.0,0.010958153353572794,0.902344
0077.jpg,P2,entire plant excluding pot,1.0499756027270384,0.3322357497265197,1.0,0.7332963258617772,0.8113513963159208,0.5079602599143982,0.20157169773984565,0.6127600366156662,1,0.3730068563633151,0.6360558660593434,0.5754266211604095,0.11745077016058812,0.0,0.8204574248184763,0.1412331211419753,1,7.274103653111586,0.8113513963159208,0.12699006497859955,0.0992202785621848,0.006527840852827792,0.539062
0077.jpg,P3,leaves and stems,0.3904761904761905,0.0,1.0,0.9523809523809523,0.0,0.0,1.0,1.0,1,0.0,0.0,0.0,1.0,1.0,0.0,0.0,0,1.0,0.0,0.0,0.0,0.0,
0077.jpg,P4,crop seedling,0.5904761904761905,0.0,1.0,0.9523809523809523,1.0,0.0,1.0,1.0,1,0.0,0.0,0.0,1.0,1.0,0.0,0.0,0,1.0,1.0,0.0,0.0,0.0,
0077.jpg,P5,plant body without background,0.5904761904761905,0.0,1.0,0.9523809523809523,1.0,0.0,1.0,1.0,1,0.0,0.0,0.0,1.0,1.0,0.0,0.0,0,1.0,1.0,0.0,0.0,0.0,
0078.jpg,P1,green plant,0.9856993853087131,0.18001653090326608,1.0,0.7622679219789384,0.6829488239272563,0.6354552507400513,1.0,0.32573780413993464,1,0.3335616797988107,0.5826425265102749,0.2697299193265521,0.0,0.0,0.8108541004143507,0.08110652970679012,1,6.2374939615425715,0.6829488239272563,0.15886381268501282,0.0,0.01227981508183075,0.839844
0078.jpg,P2,entire plant excluding pot,1.0336977633148887,0.3249186274222534,1.0,0.7430376215506291,0.7760576508459751,0.4836019277572632,0.1531513266777001,0.5554742829480818,1,0.3681745977996644,0.6409627971656855,0.5826025955804981,0.13774465759918986,0.0,0.8029254886694179,0.13834285783179012,1,6.916537494107545,0.7760576508459751,0.1209004819393158,0.13058979268321377,0.007201053447102367,0.656250
0078.jpg,P3,leaves and stems,0.5904761904761905,0.0,1.0,0.9523809523809523,1.0,0.0,1.0,1.0,1,0.0,0.0,0.0,1.0,1.0,0.0,0.0,0,1.0,1.0,0.0,0.0,0.0,
0078.jpg,P4,crop seedling,0.5904761904761905,0.0,1.0,0.9523809523809523,1.0,0.0,1.0,1.0,1,0.0,0.0,0.0,1.0,1.0,0.0,0.0,0,1.0,1.0,0.0,0.0,0.0,
0078.jpg,P5,plant body without background,0.5904761904761905,0.0,1.0,0.9523809523809523,1.0,0.0,1.0,1.0,1,0.0,0.0,0.0,1.0,1.0,0.0,0.0,0,1.0,1.0,0.0,0.0,0.0,
0079.jpg,P1,green plant,0.982917690687556,0.17954099273323965,1.0,0.7380632700936902,0.7587485800733912,0.4987397789955139,1.0,0.4303764026931709,1,0.3478991663083889,0.5812279978157567,0.34551724137931034,0.0,0.0,0.8227626362459819,0.08091869212962963,1,7.0979478459362815,0.7587485800733912,0.12468494474887848,0.0,0.009294189864893053,0.882812
0079.jpg,P2,entire plant excluding pot,1.015732425073805,0.31871068721675266,1.0,0.7449679017274636,0.8315670724195158,0.36051568388938904,0.2079042313793485,0.7218264489273135,1,0.3645801560231807,0.6364101536328535,0.5682758620689655,0.14032251768204612,0.0,0.8164370238388201,0.13589072145061729,1,6.8467942761334255,0.8315670724195158,0.09012892097234726,0.09619813828371478,0.0055414982451035015,0.582031
0079.jpg,P3,leaves and stems,0.5904761904761905,0.0,1.0,0.9523809523809523,1.0,0.0,1.0,1.0,1,0.0,0.0,0.0,1.0,1.0,0.0,0.0,0,1.0,1.0,0.0,0.0,0.0,
0079.jpg,P4,crop seedling,0.5904761904761905,0.0,1.0,0.9523809523809523,1.0,0.0,1.0,1.0,1,0.0,0.0,0.0,1.0,1.0,0.0,0.0,0,1.0,1.0,0.0,0.0,0.0,
0079.jpg,P5,plant body without background,0.5904761904761905,0.0,1.0,0.9523809523809523,1.0,0.0,1.0,1.0,1,0.0,0.0,0.0,1.0,1.0,0.0,0.0,0,1.0,1.0,0.0,0.0,0.0,
0080.jpg,P1,green plant,0.9572562273923819,0.1741348745897795,1.0,0.7120819168931829,0.7321315321134868,0.3476911783218384,1.0,1.0,1,0.3640483270087244,0.5848295270000288,0.39509160041479435,0.0,0.0,0.8824150448405139,0.07878327546296296,1,8.086656219638472,0.7321315321134868,0.0869227945804596,0.0,0.0038686377130964407,0.910156
0080.jpg,P2,entire plant excluding pot,0.9589325052018679,0.30326393772464433,1.0,0.7224536936746723,0.7488375636572283,0.20128515362739563,0.24682425770950361,1.0,1,0.36376443546507975,0.6397499796838046,0.5544417559626685,0.1571493064715696,0.0,0.871972184439387,0.12978925540123457,1,7.683435180838304,0.7488375636572283,0.05032128840684891,0.08102931286250933,0.0023743084222924895,0.898438
0080.jpg,P3,leaves and stems,0.8108559137438551,0.17516469858571648,1.0,0.7127035574298907,0.0,0.3452455401420593,1.0,1.0,1,0.36423315451232186,0.585267525996292,0.3957829243000346,0.0,0.0,0.8814859403961347,0.07919005594135803,1,8.062158230446913,0.0,0.08631138503551483,0.0,0.003994921091173722,0.302734;0.628906
0080.jpg,P4,crop seedling,0.5904761904761905,0.0,1.0,0.9523809523809523,1.0,0.0,1.0,1.0,1,0.0,0.0,0.0,1.0,1.0,0.0,0.0,0,1.0,1.0,0.0,0.0,0.0,
0080.jpg,P5,plant body without background,0.5904761904761905,0.0,1.0,0.9523809523809523,1.0,0.0,1.0,1.0,1,0.0,0.0,0.0,1.0,1.0,0.0,0.0,0,1.0,1.0,0.0,0.0,0.0,
0081.jpg,P1,green plant,0.9112635426414972,0.16501968080950147,1.0,0.7086274666528931,0.61831082117119,0.23838314414024353,1.0,1.0,1,0.36519532008673167,0.5767348260707137,0.3975601004664514,0.0,0.0,0.9177731287802066,0.07518277391975309,1,8.223574361952577,0.61831082117119,0.05959578603506088,0.0,0.0,0.917969
0081.jpg,P2,entire plant excluding pot,0.9243990549679504,0.2876880787037037,1.0,0.732056938351011,0.7259285412244797,0.11643054336309433,0.17420211320241896,1.0,1,0.3519782346394927,0.6261891144133932,0.555794761392178,0.19238746632107678,0.0,0.9048522744053604,0.12363679108796297,1,7.3202792737008116,0.7259285412244797,0.029107635840773582,0.11480916983343621,0.0,0.859375
0081.jpg,P3,leaves and stems,0.8968841474903981,0.2096952404672605,1.0,0.6966718615681046,0.528246533114686,0.2002941220998764,1.0,1.0,1,0.3699025960404126,0.5947459686886432,0.42913527090061,0.002748173295963718,0.0,0.8532161022606681,0.0928296199845679,1,8.707919902180315,0.528246533114686,0.0500735305249691,0.0,0.0,0.310547;0.742188;0.306641
0081.jpg,P4,crop seedling,0.5904761904761905,0.0,1.0,0.9523809523809523,1.0,0.0,1.0,1.0,1,0.0,0.0,0.0,1.0,1.0,0.0,0.0,0,1.0,1.0,0.0,0.0,0.0,
0081.jpg,P5,plant body without background,0.5904761904761905,0.0,1.0,0.9523809523809523,1.0,0.0,1.0,1.0,1,0.0,0.0,0.0,1.0,1.0,0.0,0.0,0,1.0,1.0,0.0,0.0,0.0,
0082.jpg,P1,green plant,0.9054996662569881,0.1574699782192529,1.0,0.7378460236027736,0.6885184990787063,0.19121694564819336,1.0,1.0,1,0.35048937694720284,0.5788942908378648,0.3169741697416974,0.0,0.0,0.9082102460044463,0.07220064139660494,1,7.1059263860276465,0.6885184990787063,0.04780423641204834,0.0,0.0,0.886719
0082.jpg,P2,entire plant excluding pot,0.926029518928122,0.27809154750742304,1.0,0.7298190661782996,0.7851873852515604,0.13404662907123566,0.13435767819370012,1.0,1,0.34060059332641823,0.6309569793256885,0.5649446494464945,0.23717773315681676,0.0,0.8922893360910324,0.1198461612654321,1,7.404052493078973,0.7851873852515604,0.033511657267808914,0.1488563978544382,0.0,0.820312
0082.jpg,P3,leaves and stems,0.3904761904761905,0.0,1.0,0.9523809523809523,0.0,0.0,1.0,1.0,1,0.0,0.0,0.0,1.0,1.0,0.0,0.0,0,1.0,0.0,0.0,0.0,0.0,
0082.jpg,P4,crop seedling,0.5904761904761905,0.0,1.0,0.9523809523809523,1.0,0.0,1.0,1.0,1,0.0,0.0,0.0,1.0,1.0,0.0,0.0,0,1.0,1.0,0.0,0.0,0.0,
0082.jpg,P5,plant body without background,0.5904761904761905,0.0,1.0,0.9523809523809523,1.0,0.0,1.0,1.0,1,0.0,0.0,0.0,1.0,1.0,0.0,0.0,0,1.0,1.0,0.0,0.0,0.0,
0083.jpg,P1,green plant,0.8597566834162149,0.13699436679559307,1.0,0.7244271626220048,0.47211014024027426,0.15489450097084045,1.0,1.0,1,0.3620714492904724,0.5736416760673035,0.3787202380952381,0.0,0.0,0.9312721980977334,0.06411277488425926,1,7.608020560150778,0.47211014024027426,0.038723625242710114,0.0,0.0,0.875000;0.324219
0083.jpg,P2,entire plant excluding pot,0.8880066581332797,0.23881264406547886,1.0,0.735462471234275,0.474457688782032,0.26915308833122253,0.1847960621850175,1.0,1,0.34442947965067805,0.6198374162978654,0.5308779761904762,0.20992115447505844,0.0,0.9490469457465699,0.1043309944058642,1,7.193773689683177,0.474457688782032,0.06728827208280563,0.10822741439141724,0.0,0.867188
0083.jpg,P3,leaves and stems,0.7662773672511819,0.13814231227535556,1.0,0.7221248109645791,0.0,0.15444928407669067,1.0,1.0,1,0.36333408578785686,0.574162507813861,0.38504464285714285,0.0,0.0,0.9306917233871977,0.06456621334876543,1,7.696043255022595,0.0,0.03861232101917267,0.0,0.0,0.527344
0083.jpg,P4,crop seedling,0.5904761904761905,0.0,1.0,0.9523809523809523,1.0,0.0,1.0,1.0,1,0.0,0.0,0.0,1.0,1.0,0.0,0.0,0,1.0,1.0,0.0,0.0,0.0,
0083.jpg,P5,plant body without background,0.5904761904761905,0.0,1.0,0.9523809523809523,1.0,0.0,1.0,1.0,1,0.0,0.0,0.0,1.0,1.0,0.0,0.0,0,1.0,1.0,0.0,0.0,0.0,
0084.jpg,P1,green plant,0.9157267959989334,0.13043877705500861,1.0,0.7254499760285079,0.7110337206686665,0.1981796771287918,1.0,1.0,1,0.3627063658227384,0.5748505918826186,0.379072441548486,0.0,0.0,0.9327561918509444,0.0615233169367284,1,7.569095955437815,0.7110337206686665,0.04954491928219795,0.0,0.0,0.308594;0.921875
0084.jpg,P2,entire plant excluding pot,0.9561427990603847,0.22424158071573674,1.0,0.7339341077496534,0.8195594967035771,0.3264888525009155,0.14960961015910196,1.0,1,0.33529799152640816,0.6199289834732855,0.5297048677654274,0.24056045321565903,0.0,0.9514410707767902,0.09857542438271605,1,7.250402711658749,0.8195594967035771,0.08162221312522888,0.1336812520180425,0.0,0.820312
0084.jpg,P3,leaves and stems,0.9167837273655731,0.13065579094389745,1.0,0.7268428064784905,0.7140648415811585,0.1975705325603485,1.0,1.0,1,0.3629569330527941,0.5749548812714446,0.3802223073974703,0.0,0.0,0.9328270927624382,0.061609037422839505,1,7.516265995530441,0.7140648415811585,0.04939263314008713,0.0,0.0,0.570312
0084.jpg,P4,crop seedling,0.5904761904761905,0.0,1.0,0.9523809523809523,1.0,0.0,1.0,1.0,1,0.0,0.0,0.0,1.0,1.0,0.0,0.0,0,1.0,1.0,0.0,0.0,0.0,
0084.jpg,P5,plant body without background,0.5904761904761905,0.0,1.0,0.9523809523809523,1.0,0.0,1.0,1.0,1,0.0,0.0,0.0,1.0,1.0,0.0,0.0,0,1.0,1.0,0.0,0.0,0.0,
0085.jpg,P1,green plant,0.960044695654908,0.12965893108298177,1.0,0.7288055021225563,0.895761717658889,0.2274407595396042,1.0,1.0,1,0.3637113135741017,0.5740072202166064,0.3832497105364724,0.0,0.0,0.9382383860172445,0.06121527777777778,1,7.442163844472167,0.895761717658889,0.05686018988490105,0.0,0.0,0.910156
0085.jpg,P2,entire plant excluding pot,0.9787306562380118,0.2190298899242069,1.0,0.736810474041077,0.9234837246455367,0.3436933159828186,0.15097434253330944,1.0,1,0.3341271753192841,0.6166855859196447,0.5256657661134697,0.24086345745232335,0.0,0.9592641958268089,0.09651680652006173,1,7.1440223838145425,0.9234837246455367,0.08592332899570465,0.13247284051319783,0.0,0.847656
0085.jpg,P3,leaves and stems,0.9603497101668437,0.13044671286529153,1.0,0.7296414916205161,0.8948279444613478,0.22743065655231476,1.0,1.0,1,0.36388034906694955,0.5743834189218183,0.38363566190659976,0.0,0.0,0.9379173330112519,0.061526451581790126,1,7.410721881482485,0.8948279444613478,0.05685766413807869,0.0,0.0,0.585938
0085.jpg,P4,crop seedling,0.5904761904761905,0.0,1.0,0.9523809523809523,1.0,0.0,1.0,1.0,1,0.0,0.0,0.0,1.0,1.0,0.0,0.0,0,1.0,1.0,0.0,0.0,0.0,
0085.jpg,P5,plant body without background,0.5904761904761905,0.0,1.0,0.9523809523809523,1.0,0.0,1.0,1.0,1,0.0,0.0,0.0,1.0,1.0,0.0,0.0,0,1.0,1.0,0.0,0.0,0.0,
0086.jpg,P1,green plant,0.8894847199039875,0.12401870653617753,1.0,0.7212754969811755,0.5972230677299772,0.23138074576854706,1.0,1.0,1,0.35470511650081193,0.5700150658357561,0.3726006774557772,0.0,0.0,0.8813172151625743,0.058987389081790124,1,7.728655810030906,0.5972230677299772,0.057845186442136765,0.0,0.0,0.863281
0086.jpg,P2,entire plant excluding pot,0.9357261760163798,0.21500399232301926,1.0,0.7305357836464289,0.6669007601213927,0.36583179235458374,0.2487470381954317,1.0,1,0.34007171032729494,0.6126730753709647,0.508468197214904,0.18650196416120218,0.0,0.9006244769713523,0.09492657696759259,1,7.3771667969104895,0.6669007601213927,0.09145794808864594,0.0804029673884467,0.0,0.917969
0086.jpg,P3,leaves and stems,0.8906389863527506,0.12483334798405998,1.0,0.7230870934163488,0.5964368200570236,0.23191212117671967,1.0,1.0,1,0.35538510982592025,0.5703970065237587,0.3763643206624012,0.0,0.0,0.8800057982337252,0.05930917245370371,1,7.659185431600746,0.5964368200570236,0.057978030294179916,0.0,0.0,0.312500;0.386719;0.347656;0.804688
0086.jpg,P4,crop seedling,0.5904761904761905,0.0,1.0,0.9523809523809523,1.0,0.0,1.0,1.0,1,0.0,0.0,0.0,1.0,1.0,0.0,0.0,0,1.0,1.0,0.0,0.0,0.0,
0086.jpg,P5,plant body without background,0.5904761904761905,0.0,1.0,0.9523809523809523,1.0,0.0,1.0,1.0,1,0.0,0.0,0.0,1.0,1.0,0.0,0.0,0,1.0,1.0,0.0,0.0,0.0,
0087.jpg,P1,green plant,0.905129680166118,0.12716983366541645,1.0,0.7211922748414556,0.7133931232369718,0.21268124878406525,1.0,1.0,1,0.3502423840605361,0.5716873296025254,0.3732632369508074,0.0,0.0,0.829644360485069,0.06023208429783951,1,7.731855564310819,0.7133931232369718,0.05317031219601631,0.0,0.0,0.306641;0.632812;0.890625
0087.jpg,P2,entire plant excluding pot,0.9479455474255385,0.21816427615643064,1.0,0.7373782648615402,0.7453875960883071,0.35173967480659485,0.2620435582419027,1.0,1,0.337411585042964,0.614465920505094,0.5080736012016522,0.18023274034646547,0.0,0.8496508675382327,0.09617488908179013,1,7.123121134788888,0.7453875960883071,0.08793491870164871,0.07632318891631451,0.0,0.890625
0087.jpg,P3,leaves and stems,0.9060113307747784,0.12867397493749022,1.0,0.7203470519499889,0.713870217611162,0.2147020697593689,1.0,1.0,1,0.35049266792317635,0.572394461185249,0.3740142696207285,0.0,0.0,0.8283203797660806,0.060826220100308644,1,7.76439487863487,0.713870217611162,0.053675517439842224,0.0,0.0,0.476562;0.750000
0087.jpg,P4,crop seedling,0.5904761904761905,0.0,1.0,0.9523809523809523,1.0,0.0,1.0,1.0,1,0.0,0.0,0.0,1.0,1.0,0.0,0.0,0,1.0,1.0,0.0,0.0,0.0,
0087.jpg,P5,plant body without background,0.5904761904761905,0.0,1.0,0.9523809523809523,1.0,0.0,1.0,1.0,1,0.0,0.0,0.0,1.0,1.0,0.0,0.0,0,1.0,1.0,0.0,0.0,0.0,
0088.jpg,P1,green plant,0.8208656403776072,0.1184322013205189,1.0,0.7309522248778365,0.282833796829895,0.18898795545101166,1.0,1.0,1,0.3566244046817548,0.5786809798527026,0.31256637168141593,0.0,0.0,0.9782411483065403,0.05678071952160494,1,7.361569360217194,0.282833796829895,0.047246988862752914,0.0,0.0,0.632812;0.302734;0.906250
0088.jpg,P2,entire plant excluding pot,0.8984170744334001,0.19852039869510862,1.0,0.7466998842874678,0.31377853975314746,0.30351147055625916,1.0,1.0,1,0.38591501577500353,0.6225173396131725,0.45946902654867255,0.0385870943637043,0.0,0.9690565044074346,0.0884155574845679,1,6.784522698948633,0.31377853975314746,0.07587786763906479,0.0,0.0,0.761719
0088.jpg,P3,leaves and stems,0.3904761904761905,0.0,1.0,0.9523809523809523,0.0,0.0,1.0,1.0,1,0.0,0.0,0.0,1.0,1.0,0.0,0.0,0,1.0,0.0,0.0,0.0,0.0,
0088.jpg,P4,crop seedling,0.5904761904761905,0.0,1.0,0.9523809523809523,1.0,0.0,1.0,1.0,1,0.0,0.0,0.0,1.0,1.0,0.0,0.0,0,1.0,1.0,0.0,0.0,0.0,
0088.jpg,P5,plant body without background,0.5904761904761905,0.0,1.0,0.9523809523809523,1.0,0.0,1.0,1.0,1,0.0,0.0,0.0,1.0,1.0,0.0,0.0,0,1.0,1.0,0.0,0.0,0.0,
0089.jpg,P1,green plant,0.7901422064507378,0.15202479147132364,1.0,0.7429692626942866,0.2679168464518244,0.1373380571603775,1.0,1.0,1,0.33009241489517543,0.5732140512469754,0.27469135802469136,0.0,0.0,0.8002305251428958,0.07004979263117284,1,6.919014021485171,0.2679168464518244,0.034334514290094376,0.0,0.0028828562134587217,0.324219;0.914062
0089.jpg,P2,entire plant excluding pot,0.8527716819770919,0.23187247274964828,1.0,0.7544579902205051,0.3299254944882461,0.11598265171051025,1.0,1.0,1,0.3663239601433098,0.6061785889528652,0.4118655692729767,0.0,0.0,0.8002565154067122,0.1015896267361111,1,6.509096940115396,0.3299254944882461,0.028995662927627563,0.0,0.0019842753300697226,0.710938
0089.jpg,P3,leaves and stems,0.5904761904761905,0.0,1.0,0.9523809523809523,1.0,0.0,1.0,1.0,1,0.0,0.0,0.0,1.0,1.0,0.0,0.0,0,1.0,1.0,0.0,0.0,0.0,
0089.jpg,P4,crop seedling,0.5904761904761905,0.0,1.0,0.9523809523809523,1.0,0.0,1.0,1.0,1,0.0,0.0,0.0,1.0,1.0,0.0,0.0,0,1.0,1.0,0.0,0.0,0.0,
0089.jpg,P5,plant body without background,0.5904761904761905,0.0,1.0,0.9523809523809523,1.0,0.0,1.0,1.0,1,0.0,0.0,0.0,1.0,1.0,0.0,0.0,0,1.0,1.0,0.0,0.0,0.0,
0090.jpg,P1,green plant,0.8404514750955147,0.20673091010314104,1.0,0.7612573251156056,0.20993094614159874,0.2637033462524414,1.0,1.0,1,0.35212696957295725,0.5866478749186238,0.27851458885941643,0.0,0.0,0.9666758735674397,0.09165870949074074,1,6.272325191698844,0.20993094614159874,0.06592583656311035,0.0,0.0,0.375000;0.726562;0.914062
0090.jpg,P2,entire plant excluding pot,0.3904761904761905,0.0,1.0,0.9523809523809523,0.0,0.0,1.0,1.0,1,0.0,0.0,0.0,1.0,1.0,0.0,0.0,0,1.0,0.0,0.0,0.0,0.0,
0090.jpg,P3,leaves and stems,0.5904761904761905,0.0,1.0,0.9523809523809523,1.0,0.0,1.0,1.0,1,0.0,0.0,0.0,1.0,1.0,0.0,0.0,0,1.0,1.0,0.0,0.0,0.0,
0090.jpg,P4,crop seedling,0.5904761904761905,0.0,1.0,0.9523809523809523,1.0,0.0,1.0,1.0,1,0.0,0.0,0.0,1.0,1.0,0.0,0.0,0,1.0,1.0,0.0,0.0,0.0,
0090.jpg,P5,plant body without background,0.5904761904761905,0.0,1.0,0.9523809523809523,1.0,0.0,1.0,1.0,1,0.0,0.0,0.0,1.0,1.0,0.0,0.0,0,1.0,1.0,0.0,0.0,0.0,
0091.jpg,P1,green plant,0.9773545723093395,0.2744364964252227,1.0,0.6974693946885046,0.7254594574252955,0.325284868478775,1.0,1.0,1,0.3728245289057799,0.610684225082956,0.34488403819918145,0.0,0.0,0.9700592325089263,0.11840241608796297,1,8.67509334790548,0.7254594574252955,0.08132121711969376,0.0,0.0,0.640625;0.925781
0091.jpg,P2,entire plant excluding pot,0.8510279745902762,0.3646437675808719,1.0,0.7099909755656008,0.0,0.1538982391357422,1.0,1.0,1,0.40532137813383334,0.6439933946309061,0.45648021828103685,0.0,0.0,0.9775725072242956,0.15403428819444445,1,8.169372130494171,0.0,0.03847455978393555,0.0,0.0,0.886719
0091.jpg,P3,leaves and stems,0.8336407239306691,0.27660968754883586,1.0,0.6989670284051068,0.0,0.3257655203342438,1.0,1.0,1,0.3733722766730319,0.6114866791497864,0.3462482946793997,0.0,0.0,0.9702724592831475,0.11926082658179013,1,8.613652986802139,0.0,0.08144138008356094,0.0,0.0,0.320312;0.660156
0091.jpg,P4,crop seedling,0.5904761904761905,0.0,1.0,0.9523809523809523,1.0,0.0,1.0,1.0,1,0.0,0.0,0.0,1.0,1.0,0.0,0.0,0,1.0,1.0,0.0,0.0,0.0,
0091.jpg,P5,plant body without background,0.5904761904761905,0.0,1.0,0.9523809523809523,1.0,0.0,1.0,1.0,1,0.0,0.0,0.0,1.0,1.0,0.0,0.0,0,1.0,1.0,0.0,0.0,0.0,
0092.jpg,P1,green plant,0.9942878099148681,0.4484825509845288,1.0,0.7092500532495772,0.4117781734077256,0.3396255671977997,1.0,1.0,1,0.41246054094694184,0.6790614116522307,0.46184738955823296,0.0,0.0,0.9165651674817918,0.18715060763888888,1,8.198799433804512,0.4117781734077256,0.08490639179944992,0.0,0.00391934043762103,0.914062
0092.jpg,P2,entire plant excluding pot,1.0322757865797119,0.5071165904828878,1.0,0.7183077714636874,0.517495741809008,0.25954246520996094,1.0,1.0,1,0.4317832727866029,0.7012207951363831,0.5220883534136547,0.0,0.0,0.9238009087441095,0.21031105324074073,1,7.843218178255587,0.517495741809008,0.06488561630249023,0.0,0.0035874717095351763,0.859375
0092.jpg,P3,leaves and stems,0.9949964024913813,0.4497736462728551,1.0,0.7111280425330035,0.41092569571417564,0.3397022783756256,1.0,1.0,1,0.4126904699122494,0.6795493513516506,0.4624211130235227,0.0,0.0,0.9161239659493762,0.1876605902777778,1,8.124330364980366,0.41092569571417564,0.0849255695939064,0.0,0.0038701420850968692,0.332031;0.773438
0092.jpg,P4,crop seedling,0.5904761904761905,0.0,1.0,0.9523809523809523,1.0,0.0,1.0,1.0,1,0.0,0.0,0.0,1.0,1.0,0.0,0.0,0,1.0,1.0,0.0,0.0,0.0,
0092.jpg,P5,plant body without background,0.5904761904761905,0.0,1.0,0.9523809523809523,1.0,0.0,1.0,1.0,1,0.0,0.0,0.0,1.0,1.0,0.0,0.0,0,1.0,1.0,0.0,0.0,0.0,
0093.jpg,P1,green plant,1.030019927757225,0.5222944380957961,1.0,0.7250266487160518,0.5194255625483273,0.2790570557117462,1.0,0.3874176203843662,1,0.42085918674284073,0.6728145896492582,0.573296627666896,0.010986934621830848,0.0,0.8547676777210841,0.21630630304783952,1,7.585192951759714,0.5194255625483273,0.06976426392793655,0.0010077302047620826,0.010324775615604435,0.949219
0093.jpg,P2,entire plant excluding pot,1.0441294499752483,0.5349651801062665,1.0,0.7170619282164428,0.5942280811050435,0.27061471343040466,1.0,0.3942322684563759,1,0.4207554694036168,0.6768132118569508,0.5763936682725396,0.017814456397863637,0.0,0.8546432188398599,0.2213112461419753,1,7.8915937564085334,0.5942280811050435,0.06765367835760117,0.001313980270684294,0.010146302877900071,0.330078
0093.jpg,P3,leaves and stems,0.3904761904761905,0.0,1.0,0.9523809523809523,0.0,0.0,1.0,1.0,1,0.0,0.0,0.0,1.0,1.0,0.0,0.0,0,1.0,0.0,0.0,0.0,0.0,
0093.jpg,P4,crop seedling,0.5904761904761905,0.0,1.0,0.9523809523809523,1.0,0.0,1.0,1.0,1,0.0,0.0,0.0,1.0,1.0,0.0,0.0,0,1.0,1.0,0.0,0.0,0.0,
0093.jpg,P5,plant body without background,0.5904761904761905,0.0,1.0,0.9523809523809523,1.0,0.0,1.0,1.0,1,0.0,0.0,0.0,1.0,1.0,0.0,0.0,0,1.0,1.0,0.0,0.0,0.0,
0094.jpg,P1,green plant,1.0852745659725165,0.5105839291295514,1.0,0.7290713165483395,0.8719333002527448,0.22677555680274963,1.0,0.3645310910412125,1,0.4176017454258393,0.6765041410662725,0.5713787085514834,0.018642027060584453,0.0,0.8356973663155225,0.21168065200617284,1,7.432158618839235,0.8719333002527448,0.05669388920068741,0.0055969936734094105,0.010973000927231679,0.953125
0094.jpg,P2,entire plant excluding pot,1.088822930227491,0.5186778451711205,1.0,0.7377351894711093,0.8720424048527147,0.22496478259563446,1.0,0.3681450038729667,1,0.41813888580937525,0.6791699531075237,0.5720767888307156,0.020076508655757056,0.0,0.8347853282894029,0.2148777488425926,1,7.109998662715583,0.8720424048527147,0.056241195648908615,0.005859903202747938,0.010865283944964938,0.519531
0094.jpg,P3,leaves and stems,0.5904761904761905,0.0,1.0,0.9523809523809523,1.0,0.0,1.0,1.0,1,0.0,0.0,0.0,1.0,1.0,0.0,0.0,0,1.0,1.0,0.0,0.0,0.0,
0094.jpg,P4,crop seedling,0.5904761904761905,0.0,1.0,0.9523809523809523,1.0,0.0,1.0,1.0,1,0.0,0.0,0.0,1.0,1.0,0.0,0.0,0,1.0,1.0,0.0,0.0,0.0,
0094.jpg,P5,plant body without background,0.5904761904761905,0.0,1.0,0.9523809523809523,1.0,0.0,1.0,1.0,1,0.0,0.0,0.0,1.0,1.0,0.0,0.0,0,1.0,1.0,0.0,0.0,0.0,
0095.jpg,P1,green plant,1.0778686084063622,0.5008271556102515,1.0,0.7510059975942056,0.7229469468557459,0.22224704921245575,1.0,1.0,1,0.4384631785518305,0.6888076930407012,0.5880829015544041,0.0017722494166949956,0.0,0.9205723853280081,0.20782672646604938,1,6.630945776822794,0.7229469468557459,0.05556176230311394,0.0,0.0015280212646725428,0.957031
0095.jpg,P2,entire plant excluding pot,0.3904761904761905,0.0,1.0,0.9523809523809523,0.0,0.0,1.0,1.0,1,0.0,0.0,0.0,1.0,1.0,0.0,0.0,0,1.0,0.0,0.0,0.0,0.0,
0095.jpg,P3,leaves and stems,0.5904761904761905,0.0,1.0,0.9523809523809523,1.0,0.0,1.0,1.0,1,0.0,0.0,0.0,1.0,1.0,0.0,0.0,0,1.0,1.0,0.0,0.0,0.0,
0095.jpg,P4,crop seedling,0.5904761904761905,0.0,1.0,0.9523809523809523,1.0,0.0,1.0,1.0,1,0.0,0.0,0.0,1.0,1.0,0.0,0.0,0,1.0,1.0,0.0,0.0,0.0,
0095.jpg,P5,plant body without background,0.5904761904761905,0.0,1.0,0.9523809523809523,1.0,0.0,1.0,1.0,1,0.0,0.0,0.0,1.0,1.0,0.0,0.0,0,1.0,1.0,0.0,0.0,0.0,
0096.jpg,P1,green plant,1.063137900662113,0.5114120004102203,1.0,0.7487614225662579,0.60086564961648,0.27290329337120056,1.0,1.0,1,0.4363494274692812,0.6885849945509646,0.5583916083916084,0.0,0.0,0.9483418986595411,0.21200774016203705,1,6.710777822197699,0.60086564961648,0.06822582334280014,0.0,2.729634791925058e-05,0.960938
0096.jpg,P2,entire plant excluding pot,0.9479059741220166,0.5231664615564932,1.0,0.7548735025346357,0.0,0.26796576380729675,1.0,1.0,1,0.43870482854233156,0.6927150438636096,0.563986013986014,0.0,0.0,0.9473708067258566,0.21665075231481482,1,6.494505281806926,0.0,0.06699144095182419,0.0,3.728461180597756e-05,0.519531
0096.jpg,P3,leaves and stems,0.5904761904761905,0.0,1.0,0.9523809523809523,1.0,0.0,1.0,1.0,1,0.0,0.0,0.0,1.0,1.0,0.0,0.0,0,1.0,1.0,0.0,0.0,0.0,
0096.jpg,P4,crop seedling,0.5904761904761905,0.0,1.0,0.9523809523809523,1.0,0.0,1.0,1.0,1,0.0,0.0,0.0,1.0,1.0,0.0,0.0,0,1.0,1.0,0.0,0.0,0.0,
0096.jpg,P5,plant body without background,0.5904761904761905,0.0,1.0,0.9523809523809523,1.0,0.0,1.0,1.0,1,0.0,0.0,0.0,1.0,1.0,0.0,0.0,0,1.0,1.0,0.0,0.0,0.0,
0097.jpg,P1,green plant,1.1040162789956587,0.552213968979528,1.0,0.72382226205446,0.7148654463326093,0.2980262041091919,1.0,1.0,1,0.4462307027005008,0.6964247415805407,0.5728220652539522,0.0,0.0,0.9937407140160018,0.22812451774691359,1,7.63109267077946,0.7148654463326093,0.07450655102729797,0.0,0.0,0.949219
0097.jpg,P2,entire plant excluding pot,1.1147788558359102,0.5708026888967026,1.0,0.7375085017952903,0.7370250452778975,0.28551170229911804,1.0,1.0,1,0.4486092681821085,0.7027469790766764,0.5745038681466532,0.0,0.0,0.9923712923887418,0.23546706211419752,1,7.11833145152188,0.7370250452778975,0.07137792557477951,0.0,0.0,0.554688
0097.jpg,P3,leaves and stems,0.5904761904761905,0.0,1.0,0.9523809523809523,1.0,0.0,1.0,1.0,1,0.0,0.0,0.0,1.0,1.0,0.0,0.0,0,1.0,1.0,0.0,0.0,0.0,
0097.jpg,P4,crop seedling,0.5904761904761905,0.0,1.0,0.9523809523809523,1.0,0.0,1.0,1.0,1,0.0,0.0,0.0,1.0,1.0,0.0,0.0,0,1.0,1.0,0.0,0.0,0.0,
0097.jpg,P5,plant body without background,0.5904761904761905,0.0,1.0,0.9523809523809523,1.0,0.0,1.0,1.0,1,0.0,0.0,0.0,1.0,1.0,0.0,0.0,0,1.0,1.0,0.0,0.0,0.0,
0098.jpg,P1,green plant,1.1504015958921125,0.6076837567393343,1.0,0.7214027748117233,0.8519767025399237,0.3210066854953766,1.0,1.0,1,0.44998761197484083,0.7065843712402706,0.5831449790119471,0.0,0.0,0.9771698581859564,0.25003508391203705,1,7.7237636148817685,0.8519767025399237,0.08025167137384415,0.0,0.0,0.937500
0098.jpg,P2,entire plant excluding pot,1.1532226157963341,0.6167366849312392,1.0,0.7251223157404896,0.8505431733145752,0.3165557086467743,1.0,1.0,1,0.4514310392697185,0.7095388623157353,0.5847594446238296,0.0,0.0,0.9783573742692188,0.25361099054783953,1,7.581553574966381,0.8505431733145752,0.07913892716169357,0.0,0.0,0.781250
0098.jpg,P3,leaves and stems,0.9833442057456137,0.6117597109899984,1.0,0.7288959180798434,0.0,0.32267361879348755,1.0,1.0,1,0.45067835617294777,0.7079145895080304,0.5841136583790765,0.0,0.0,0.9776779133690338,0.2516450858410494,1,7.438759778881346,0.0,0.08066840469837189,0.0,0.0,0.429688
0098.jpg,P4,crop seedling,0.5904761904761905,0.0,1.0,0.9523809523809523,1.0,0.0,1.0,1.0,1,0.0,0.0,0.0,1.0,1.0,0.0,0.0,0,1.0,1.0,0.0,0.0,0.0,
0098.jpg,P5,plant body without background,0.5904761904761905,0.0,1.0,0.9523809523809523,1.0,0.0,1.0,1.0,1,0.0,0.0,0.0,1.0,1.0,0.0,0.0,0,1.0,1.0,0.0,0.0,0.0,
0099.jpg,P1,green plant,1.1605336706925837,0.6295930028129395,1.0,0.731231541442208,0.8873303630892984,0.32940900325775146,1.0,1.0,1,0.4450208885721441,0.7066682963787451,0.5476190476190477,0.0,0.0,0.9911555626815476,0.2586892361111111,1,7.351117760256893,0.8873303630892984,0.08235225081443787,0.0,0.0009190593902516321,0.941406
0099.jpg,P2,entire plant excluding pot,1.1722341001253576,0.6476884815986872,1.0,0.7310290294875246,0.8922232137994761,0.324318528175354,1.0,1.0,1,0.45318224951314917,0.7123786456861463,0.5798872180451128,0.0,0.0,0.9947002427487766,0.26583695023148146,1,7.3586946526879515,0.8922232137994761,0.0810796320438385,0.0,0.0009115819893168034,0.480469
0099.jpg,P3,leaves and stems,0.3904761904761905,0.0,1.0,0.9523809523809523,0.0,0.0,1.0,1.0,1,0.0,0.0,0.0,1.0,1.0,0.0,0.0,0,1.0,0.0,0.0,0.0,0.0,
0099.jpg,P4,crop seedling,0.5904761904761905,0.0,1.0,0.9523809523809523,1.0,0.0,1.0,1.0,1,0.0,0.0,0.0,1.0,1.0,0.0,0.0,0,1.0,1.0,0.0,0.0,0.0,
0099.jpg,P5,plant body without background,0.5904761904761905,0.0,1.0,0.9523809523809523,1.0,0.0,1.0,1.0,1,0.0,0.0,0.0,1.0,1.0,0.0,0.0,0,1.0,1.0,0.0,0.0,0.0,
0100.jpg,P1,green plant,1.1314323883004331,0.6302336668815439,1.0,0.7268120744638333,0.7756901543942453,0.2984239161014557,1.0,0.7571905517362948,1,0.4452004259322174,0.7042209206134887,0.5671830540625988,0.0,0.0,0.9663015398622856,0.25894229841820987,1,7.517429474123594,0.7756901543942453,0.07460597902536392,0.0,0.005282686096422756,0.933594
0100.jpg,P2,entire plant excluding pot,1.138206367452741,0.6433149344624158,1.0,0.7321579663217859,0.7805760437359639,0.2962135970592499,1.0,0.766624321959755,1,0.44775385913685783,0.7082960758398387,0.5750869427758457,0.0,0.0,0.9633458289326204,0.2641093991126543,1,7.316509441911792,0.7805760437359639,0.07405339926481247,0.0,0.005217679488402646,0.400391
0100.jpg,P3,leaves and stems,0.5904761904761905,0.0,1.0,0.9523809523809523,1.0,0.0,1.0,1.0,1,0.0,0.0,0.0,1.0,1.0,0.0,0.0,0,1.0,1.0,0.0,0.0,0.0,
0100.jpg,P4,crop seedling,0.5904761904761905,0.0,1.0,0.9523809523809523,1.0,0.0,1.0,1.0,1,0.0,0.0,0.0,1.0,1.0,0.0,0.0,0,1.0,1.0,0.0,0.0,0.0,
0100.jpg,P5,plant body without background,0.5904761904761905,0.0,1.0,0.9523809523809523,1.0,0.0,1.0,1.0,1,0.0,0.0,0.0,1.0,1.0,0.0,0.0,0,1.0,1.0,0.0,0.0,0.0,
