图像,提示词编号,提示词文本,总分,面积得分,连通域得分,边界得分,时序得分,前背景对比得分,下方泄漏得分,侧边泄漏得分,语义门控启用,语义门控总修正,目标框得分,垂直覆盖得分,花盆重叠惩罚,侧边干扰惩罚,中心先验得分,面积比例,连通域数量,边界密度,时序IoU,前背景对比,下方区域占比,侧边区域占比,SAM3原始分数
0000.jpg,P1,green plant,1.0810831583811533,0.3756516521136115,1.0,0.6405959429192278,1.0,0.5377646684646606,1.0,0.5475977490621092,1,0.3702807056816533,0.6205244853277396,0.3198433420365535,0.0,0.0,0.9552533425036478,0.15838240258487654,1,11.220928295079418,1.0,0.13444116711616516,0.0,0.007304631925260736,0.326172;0.373047;0.425781;0.328125;0.808594;0.878906;0.466797;0.304688;0.363281
0000.jpg,P2,entire plant excluding pot,1.1688098016889006,0.543769961615096,1.0,0.6589078118382452,1.0,0.5791422724723816,0.595855357770605,0.7710083738240463,1,0.412445792503756,0.6710581121478727,0.5028720626631854,0.01873379919774351,0.0,0.926786217319503,0.22478913483796295,1,10.35325980458976,1.0,0.1447855681180954,0.033565192859606185,0.00518801109793504,0.789062;0.972656
0000.jpg,P3,leaves and stems,1.097702438950084,0.410872609489764,1.0,0.6466769925289841,1.0,0.5660961866378784,1.0,0.17753661718119138,1,0.37297328121875867,0.6311113317073636,0.3391644908616188,0.0,0.0,0.9103470676609006,0.1722946807484568,1,10.927341209071384,1.0,0.1415240466594696,0.0,0.02253056334805375,0.417969;0.316406;0.738281;0.318359;0.314453;0.867188;0.335938;0.306641
0000.jpg,P4,crop seedling,0.5904761904761905,0.0,1.0,0.9523809523809523,1.0,0.0,1.0,1.0,1,0.0,0.0,0.0,1.0,1.0,0.0,0.0,0,1.0,1.0,0.0,0.0,0.0,
0000.jpg,P5,plant body without background,1.079972407780379,0.3753067495897796,1.0,0.6393174000804125,1.0,0.535559356212616,1.0,0.5427714256176988,1,0.36993570660381747,0.6204208132441913,0.3174934725848564,0.0,0.0,0.956395969030764,0.15824616608796296,1,11.28336566075697,1.0,0.133889839053154,0.0,0.007369584711368725,0.503906;0.640625;0.302734
0001.jpg,P1,green plant,1.053403206557048,0.37708955989217063,1.0,0.6379628181048097,0.8582252404071867,0.534659206867218,1.0,0.3958558774958715,1,0.3718158415027711,0.6243711624495119,0.3318537859007833,0.0,0.0,0.9355225318330094,0.1589503761574074,1,11.349789411573887,0.8582252404071867,0.1336648017168045,0.0,0.010104687658810162,0.326172;0.406250;0.417969;0.345703;0.308594;0.742188;0.890625;0.460938;0.335938;0.369141
0001.jpg,P2,entire plant excluding pot,1.1459752393818037,0.5481029140295358,1.0,0.6592994988792736,0.8835201584436614,0.5726404190063477,0.5696702397016238,0.5613466796145514,1,0.4132626413100401,0.6772260622883122,0.506266318537859,0.01895153370412421,0.0,0.9079104228355351,0.22650065104166667,1,10.335227061445499,0.8835201584436614,0.14316010475158691,0.03510803023601058,0.007125721314939636,0.718750;0.968750
0001.jpg,P3,leaves and stems,1.0365982573334944,0.3676859299304578,1.0,0.6559378049108467,0.7941075855656187,0.5210806727409363,1.0,0.38541914240814185,1,0.36883585870392255,0.6214647933986585,0.3195822454308094,0.0,0.0,0.9379837683684641,0.15523594232253085,1,10.490695688318109,0.7941075855656187,0.13027016818523407,0.0,0.010378311712821406,0.328125;0.363281;0.406250;0.675781;0.341797;0.863281;0.326172;0.314453;0.302734
0001.jpg,P4,crop seedling,0.5904761904761905,0.0,1.0,0.9523809523809523,1.0,0.0,1.0,1.0,1,0.0,0.0,0.0,1.0,1.0,0.0,0.0,0,1.0,1.0,0.0,0.0,0.0,
0001.jpg,P5,plant body without background,1.048516054498076,0.3705330544811689,1.0,0.6511194384404531,0.8546605429209471,0.5197445154190063,1.0,0.38905564721763913,1,0.36930454424576087,0.6223447508950511,0.3185378590078329,0.0,0.0,0.9414706681108302,0.15636055652006173,1,10.716330705628387,0.8546605429209471,0.1299361288547516,0.0,0.01028130558856118,0.355469;0.507812
0002.jpg,P1,green plant,1.0659100824635626,0.3744847827785591,1.0,0.6402782916176446,0.8480255941499086,0.5232707262039185,1.0,0.3228452769733194,1,0.38869820351355644,0.6472012672760308,0.39153114452285975,0.0,0.0,0.9170215395283096,0.15792148919753085,1,11.236417448217052,0.8480255941499086,0.13081768155097961,0.0,0.012389835891359714,0.308594;0.388672;0.488281;0.464844;0.789062;0.390625;0.906250;0.376953;0.390625
0002.jpg,P2,entire plant excluding pot,1.1700312231906143,0.5452792916862008,1.0,0.6727305610310454,0.8753367289757035,0.5585467219352722,0.5175124226611485,0.45182743202416914,1,0.4396525624649697,0.7100854350462598,0.6007977907333538,0.020395456169668286,0.0,0.8909769471767556,0.22538532021604937,1,9.729584410952649,0.8753367289757035,0.13963668048381805,0.038646415282470224,0.008852937463491663,0.750000;0.968750
0002.jpg,P3,leaves and stems,1.0663954785234586,0.3690167042701984,1.0,0.6559214806118381,0.8577433881657835,0.5142180323600769,1.0,0.31172614308119195,1,0.3870155574418792,0.6451879966591957,0.3847806075483277,0.0,0.0,0.9193924925246177,0.15576159818672838,1,10.49145452797821,0.8577433881657835,0.12855450809001923,0.0,0.012831775867313648,0.345703;0.363281;0.455078;0.425781;0.730469;0.380859;0.322266;0.855469;0.365234;0.318359
0002.jpg,P4,crop seedling,0.5904761904761905,0.0,1.0,0.9523809523809523,1.0,0.0,1.0,1.0,1,0.0,0.0,0.0,1.0,1.0,0.0,0.0,0,1.0,1.0,0.0,0.0,0.0,
0002.jpg,P5,plant body without background,0.3904761904761905,0.0,1.0,0.9523809523809523,0.0,0.0,1.0,1.0,1,0.0,0.0,0.0,1.0,1.0,0.0,0.0,0,1.0,0.0,0.0,0.0,0.0,
0003.jpg,P1,green plant,1.0569672228557987,0.3721760724331926,1.0,0.6480928116242048,0.8182225693240841,0.5114430785179138,1.0,0.3406041584935269,1,0.3869803164759196,0.6490219682388563,0.38818434890194864,0.0,0.0,0.8994944478996916,0.1570095486111111,1,10.859777552349948,0.8182225693240841,0.12786076962947845,0.0,0.011743837825385855,0.369141;0.435547;0.443359;0.550781;0.531250;0.585938;0.589844;0.515625;0.882812;0.433594;0.306641;0.656250;0.365234
0003.jpg,P2,entire plant excluding pot,1.1625829857818366,0.5466405883731833,1.0,0.6673985021946582,0.8666633422427893,0.5417357683181763,0.4182943625344599,0.4799323857087976,1,0.4380953455560751,0.7144296016239882,0.6050108258583359,0.02683660139089896,0.0,0.8719401675044849,0.2259230324074074,1,9.967103513466762,0.8666633422427893,0.13543394207954407,0.047813219090066895,0.00833450735793235,0.734375;0.960938
0003.jpg,P3,leaves and stems,1.0570340197135386,0.36451648939287384,1.0,0.663230593218274,0.8358141658621914,0.4969031512737274,1.0,0.32683897383404775,1,0.3849411397641253,0.646150351642869,0.38045159294772657,0.0,0.0,0.903072299585304,0.15398401331018519,1,10.155424379553393,0.8358141658621914,0.12422578781843185,0.0,0.012238442536632725,0.357422;0.369141;0.460938;0.455078;0.589844;0.408203;0.425781;0.851562;0.339844;0.304688;0.523438
0003.jpg,P4,crop seedling,0.5904761904761905,0.0,1.0,0.9523809523809523,1.0,0.0,1.0,1.0,1,0.0,0.0,0.0,1.0,1.0,0.0,0.0,0,1.0,1.0,0.0,0.0,0.0,
0003.jpg,P5,plant body without background,0.5904761904761905,0.0,1.0,0.9523809523809523,1.0,0.0,1.0,1.0,1,0.0,0.0,0.0,1.0,1.0,0.0,0.0,0,1.0,1.0,0.0,0.0,0.0,
0004.jpg,P1,green plant,1.0055024738065232,0.37055045221909666,1.0,0.6653711252878924,0.5872915258315303,0.4865899682044983,1.0,0.26884469088459345,1,0.3835418594979197,0.6427191839776293,0.4067741935483871,0.0,0.0,0.8537079026703975,0.1563674286265432,1,10.058412876492662,0.5872915258315303,0.12164749205112457,0.0,0.014878478674206268,0.486328;0.691406;0.820312;0.664062;0.429688;0.408203;0.890625;0.324219;0.511719;0.490234
0004.jpg,P2,entire plant excluding pot,1.1140450062382365,0.539336590678231,1.0,0.6855915837852024,0.6878281506084384,0.5101262331008911,0.2244981766772446,0.3824812115573474,1,0.42946849460368397,0.703570494016348,0.6222580645161291,0.03920017989519808,0.0,0.8297242405361844,0.22303795331790124,1,9.171886693209542,0.6878281506084384,0.12753155827522278,0.08908758323125938,0.010458030039470996,0.343750;0.361328;0.687500;0.960938;0.369141
0004.jpg,P3,leaves and stems,1.0054773560777899,0.36456166246679167,1.0,0.6810485902137897,0.5895332745944277,0.4773275554180145,1.0,0.2662816343548051,1,0.38298313953918517,0.6405600866411946,0.40580645161290324,0.0,0.0,0.8574194792444448,0.1540018566743827,1,9.366480288464805,0.5895332745944277,0.11933188885450363,0.0,0.015021689384218771,0.455078;0.349609;0.363281;0.679688;0.589844;0.515625;0.535156;0.867188
0004.jpg,P4,crop seedling,0.5904761904761905,0.0,1.0,0.9523809523809523,1.0,0.0,1.0,1.0,1,0.0,0.0,0.0,1.0,1.0,0.0,0.0,0,1.0,1.0,0.0,0.0,0.0,
0004.jpg,P5,plant body without background,0.8855236998453764,0.36845204084622596,1.0,0.6660070561374748,0.0,0.4815502166748047,1.0,0.26791942266756663,1,0.38232183711367534,0.6419626581029039,0.4012903225806452,0.0,0.0,0.8540264871314289,0.15553855613425926,1,10.029711871208267,0.0,0.12038755416870117,0.0,0.014929861971833169,0.318359;0.460938
0005.jpg,P1,green plant,1.02659202927432,0.3606108498398187,1.0,0.6758545786872601,0.782645158416641,0.4573374390602112,1.0,0.38628549606660045,1,0.3713024240735339,0.6278598114718275,0.3632116788321168,0.0,0.0,0.8617338786861334,0.1524412856867284,1,9.592164691473743,0.782645158416641,0.1143343597650528,0.0,0.010355035435527586,0.578125;0.582031;0.449219;0.322266;0.445312;0.695312;0.839844;0.761719;0.416016;0.343750;0.367188;0.902344;0.609375;0.326172;0.519531
0005.jpg,P2,entire plant excluding pot,1.124156945713646,0.5280820855797781,1.0,0.692396519953259,0.8405528101517691,0.4999900162220001,0.1966414324913506,0.547803610544603,1,0.4119526593322848,0.683343941051424,0.5541605839416058,0.03767264006865616,0.0,0.843351668753942,0.21859242380401234,1,8.885182729327008,0.8405528101517691,0.12499750405550003,0.10170796533878847,0.007301886886111193,0.320312;0.511719;0.441406;0.373047;0.384766;0.582031;0.949219;0.421875
0005.jpg,P3,leaves and stems,1.0280246647753795,0.360654191572902,1.0,0.6786404656566287,0.7909497958507862,0.452636182308197,1.0,0.38345872185581076,1,0.3714485376976766,0.6278741708232944,0.3629197080291971,0.0,0.0,0.8636703046426807,0.1524584056712963,1,9.470685896469055,0.7909497958507862,0.11315904557704926,0.0,0.010431370502257323,0.310547;0.416016;0.494141;0.435547;0.542969;0.699219;0.388672;0.671875;0.355469;0.847656;0.304688;0.376953;0.453125
0005.jpg,P4,crop seedling,0.5904761904761905,0.0,1.0,0.9523809523809523,1.0,0.0,1.0,1.0,1,0.0,0.0,0.0,1.0,1.0,0.0,0.0,0,1.0,1.0,0.0,0.0,0.0,
0005.jpg,P5,plant body without background,0.3904761904761905,0.0,1.0,0.9523809523809523,0.0,0.0,1.0,1.0,1,0.0,0.0,0.0,1.0,1.0,0.0,0.0,0,1.0,0.0,0.0,0.0,0.0,
0006.jpg,P1,green plant,1.0193122390133378,0.36223677527738707,1.0,0.6877490252280349,0.800450584224863,0.44668906927108765,1.0,0.7882886853950023,1,0.35988714821306317,0.6047649583897627,0.3274151436031332,0.0,0.0,0.8928468692808224,0.1530835262345679,1,9.08037564047242,0.800450584224863,0.11167226731777191,0.0,0.005074283158073805,0.558594;0.302734;0.486328;0.371094;0.466797;0.820312;0.617188;0.542969;0.632812;0.400391;0.421875;0.910156;0.494141;0.490234;0.435547;0.451172
0006.jpg,P2,entire plant excluding pot,1.1000083536036827,0.5211602276722925,1.0,0.703147285109507,0.8387749759788706,0.4919016659259796,0.18267583575229185,1.0,1,0.3890115226663527,0.6477257894360774,0.4908616187989556,0.044880097630996166,0.0,0.874164342692125,0.21585828993055556,1,8.443542944043697,0.8387749759788706,0.1229754164814949,0.10948355548853199,0.0037013764965105854,0.443359;0.308594;0.439453;0.392578;0.496094;0.964844
0006.jpg,P3,leaves and stems,1.1428743628254205,0.568732968530239,1.0,0.6792097831745827,0.5453091987159434,0.9171941876411438,1.0,0.13123696498710405,1,0.40078513521303877,0.6605858453410413,0.43681462140992167,0.002230926019266528,0.0,0.9162273529566844,0.23464952256944444,1,9.445983399298651,0.5453091987159434,0.22929854691028595,0.006263753823325251,0.03047921750090044,0.441406;0.400391;0.349609;0.347656;0.511719;0.714844;0.349609;0.601562;0.333984;0.416016;0.578125;0.330078;0.441406;0.894531;0.312500;0.359375;0.373047;0.404297
0006.jpg,P4,crop seedling,0.5904761904761905,0.0,1.0,0.9523809523809523,1.0,0.0,1.0,1.0,1,0.0,0.0,0.0,1.0,1.0,0.0,0.0,0,1.0,1.0,0.0,0.0,0.0,
0006.jpg,P5,plant body without background,0.8593700269046897,0.3631353531801843,1.0,0.6874526208816938,0.0,0.4453504681587219,1.0,0.7812645794966238,1,0.3601823384605696,0.6050078656063018,0.3279373368146214,0.0,0.0,0.8940086487173209,0.15343846450617285,1,9.09291403144112,0.0,0.11133761703968048,0.0,0.00511990445359399,0.332031;0.546875
0007.jpg,P1,green plant,1.139492546423959,0.5405486330872011,1.0,0.6385282635142019,0.5876049153815581,0.9200867414474487,1.0,0.19385549223610601,1,0.402138835737877,0.6737035549724848,0.4216710182767624,0.0015011297579151826,0.0,0.9089214713506464,0.22351671006944446,1,11.322027767303632,0.5876049153815581,0.23002168536186218,0.005163066490393147,0.020633926611314194,0.365234;0.332031;0.490234;0.341797;0.320312;0.308594;0.726562;0.566406;0.375000;0.384766;0.425781;0.312500;0.373047;0.640625;0.886719;0.507812;0.498047;0.472656
0007.jpg,P2,entire plant excluding pot,1.2298844903400554,0.7260903192881699,1.0,0.6824882992925587,0.639656786608323,0.9702101349830627,0.22474620679581517,0.228528660942214,1,0.42619538230563253,0.7306592695545411,0.49033942558746735,0.041484670925025134,0.0,0.9464894263330655,0.29680567611882713,1,9.304531697805276,0.639656786608323,0.24255253374576569,0.08898926609324383,0.017503275009393436,0.386719;0.314453;0.386719;0.527344;0.941406
0007.jpg,P3,leaves and stems,1.2032045481020057,0.5533881636779183,1.0,0.6764351416663438,0.832527229551426,0.9380764365196228,1.0,0.19058179625069108,1,0.4031191538189436,0.677644904513204,0.4227154046997389,0.0019636044879675824,0.0,0.904437457397595,0.22858832465277779,1,9.566766668466693,0.832527229551426,0.2345191091299057,0.005178789274067604,0.02098836341503679,0.380859;0.369141;0.322266;0.324219;0.304688;0.539062;0.429688;0.361328;0.339844;0.359375;0.597656;0.328125;0.326172;0.871094;0.402344;0.617188;0.353516
0007.jpg,P4,crop seedling,0.5904761904761905,0.0,1.0,0.9523809523809523,1.0,0.0,1.0,1.0,1,0.0,0.0,0.0,1.0,1.0,0.0,0.0,0,1.0,1.0,0.0,0.0,0.0,
0007.jpg,P5,plant body without background,1.0372888355340517,0.3552850054696046,1.0,0.6952600719499683,0.849350359573884,0.44943752884864807,1.0,1.0,1,0.36742224236563054,0.6168331960085427,0.331331592689295,0.0,0.0,0.9189093707856748,0.15033757716049384,1,8.766213977895772,0.849350359573884,0.11235938221216202,0.0,0.0,0.361328
0008.jpg,P1,green plant,1.1284534498454726,0.5187626972964525,1.0,0.6890701746943135,0.7382432471835083,0.7177898287773132,1.0,0.2048919540229885,1,0.39568026025515507,0.6494741287230383,0.3992167101827676,0.000834193519432726,0.0,0.9675556542502336,0.21491126543209876,1,9.02462003796991,0.7382432471835083,0.1794474571943283,0.0,0.019522484516650212,0.554688;0.337891;0.546875;0.427734;0.367188;0.894531;0.306641;0.373047;0.451172;0.322266;0.671875;0.593750
0008.jpg,P2,entire plant excluding pot,1.2453942811315684,0.7526597173386467,1.0,0.6711817035030497,0.8125993896624623,0.8975024223327637,0.17559670696841306,0.1553836165510935,1,0.41860563456418387,0.713732340215648,0.5571801566579635,0.09212028527106479,0.0,0.9614297287159305,0.30730058834876545,1,9.798190110987022,0.8125993896624623,0.22437560558319092,0.11389735232106413,0.02574273973527134,0.388672;0.482422;0.957031;0.330078
0008.jpg,P3,leaves and stems,1.1349476439588795,0.537364541822941,1.0,0.684057898418231,0.7411597742899301,0.7308028340339661,1.0,0.20288953088457834,1,0.3962706342458657,0.6545845882728014,0.3997389033942559,0.001932188955278125,0.0,0.9579268242600266,0.22225899402006172,1,9.237291238426806,0.7411597742899301,0.18270070850849152,0.0,0.01971516215036032,0.332031;0.361328;0.464844;0.306641;0.550781;0.310547;0.882812;0.314453;0.687500
0008.jpg,P4,crop seedling,0.5904761904761905,0.0,1.0,0.9523809523809523,1.0,0.0,1.0,1.0,1,0.0,0.0,0.0,1.0,1.0,0.0,0.0,0,1.0,1.0,0.0,0.0,0.0,
0008.jpg,P5,plant body without background,0.3904761904761905,0.0,1.0,0.9523809523809523,0.0,0.0,1.0,1.0,1,0.0,0.0,0.0,1.0,1.0,0.0,0.0,0,1.0,0.0,0.0,0.0,0.0,
0009.jpg,P1,green plant,1.0007526997496563,0.4190730485232067,1.0,0.7097275166748386,0.6469348576194387,0.3432309627532959,1.0,0.43357593805836814,1,0.3769594226355003,0.6284830882507373,0.3720626631853786,0.0,0.0,0.9001906237437415,0.17553385416666667,1,8.179828920403816,0.6469348576194387,0.08580774068832397,0.0,0.009225604211139408,0.486328;0.359375;0.371094;0.660156;0.636719;0.585938;0.539062;0.314453;0.462891;0.886719;0.519531;0.486328;0.523438
0009.jpg,P2,entire plant excluding pot,1.0685579753103887,0.5702734313955304,1.0,0.7208501377618071,0.6737847741382619,0.3867748975753784,0.13797832735243684,0.5736235761005365,1,0.398221327136193,0.6721985494659025,0.5234986945169713,0.06746188741592887,0.0,0.8896063603485094,0.23525800540123457,1,7.745017934100287,0.6737847741382619,0.0966937243938446,0.14495030041141296,0.0069732140843857815,0.363281;0.396484;0.500000;0.562500;0.968750;0.337891
0009.jpg,P3,leaves and stems,1.1434614882301686,0.547074616150961,1.0,0.6934583613282246,0.8339399086093251,0.6357026696205139,1.0,0.2948265534724679,1,0.4014263770883638,0.6654912456297863,0.391644908616188,0.0011224762946870877,0.0,0.9834510045543087,0.22609447337962962,1,8.840952990591587,0.8339399086093251,0.15892566740512848,0.0,0.013567298986091958,0.332031;0.308594;0.578125;0.378906;0.527344;0.490234;0.570312;0.316406;0.439453;0.859375
0009.jpg,P4,crop seedling,0.5904761904761905,0.0,1.0,0.9523809523809523,1.0,0.0,1.0,1.0,1,0.0,0.0,0.0,1.0,1.0,0.0,0.0,0,1.0,1.0,0.0,0.0,0.0,
0009.jpg,P5,plant body without background,0.87271174443984,0.4208988953352085,1.0,0.7119896692592197,0.0,0.34381821751594543,1.0,0.4376053281448776,1,0.37737038801776535,0.6290109819900165,0.3720626631853786,2.0520818370236605e-06,0.0,0.9024588057244255,0.1762550636574074,1,8.09029521567179,0.0,0.08595455437898636,0.0,0.009140656529382393,0.421875
0010.jpg,P1,green plant,1.1329930041036518,0.5556782553914674,1.0,0.7105410414055129,0.6733790366245647,0.5141164660453796,1.0,0.3559285714285714,1,0.4422500442102669,0.7170599580773988,0.5083388925950634,0.00041922641693800807,0.0,0.9990382614114736,0.22949291087962964,1,8.147564791525955,0.6733790366245647,0.1285291165113449,0.0,0.011238209913706602,0.423828;0.367188;0.785156;0.664062;0.464844;0.304688;0.914062;0.451172;0.519531;0.542969
0010.jpg,P2,entire plant excluding pot,1.2209563974379638,0.7219148621854976,1.0,0.7201248994660219,0.7287523463769032,0.5900465846061707,0.13559374134588756,0.4517914648212226,1,0.46878865891104515,0.779166049945413,0.6917945296864576,0.08815613454268435,0.0,0.9800436644939355,0.2951563705632716,1,7.772959961293041,0.7287523463769032,0.14751164615154266,0.1474994332443544,0.008853642247497595,0.464844;0.531250;0.312500;0.960938;0.675781
0010.jpg,P3,leaves and stems,1.1597836844439513,0.5584005435419597,1.0,0.7137923520301342,0.7932674052955162,0.520694375038147,1.0,0.35431681333950904,1,0.4425527492628,0.7180770064954717,0.5086724482988659,0.0007806842098382943,0.0,0.9989896155854057,0.23056821469907407,1,8.019353167790253,0.7932674052955162,0.13017359375953674,0.0,0.011289331607775469,0.433594;0.613281;0.445312;0.535156;0.804688
0010.jpg,P4,crop seedling,0.5904761904761905,0.0,1.0,0.9523809523809523,1.0,0.0,1.0,1.0,1,0.0,0.0,0.0,1.0,1.0,0.0,0.0,0,1.0,1.0,0.0,0.0,0.0,
0010.jpg,P5,plant body without background,0.3904761904761905,0.0,1.0,0.9523809523809523,0.0,0.0,1.0,1.0,1,0.0,0.0,0.0,1.0,1.0,0.0,0.0,0,1.0,0.0,0.0,0.0,0.0,
0011.jpg,P1,green plant,1.071513745563398,0.5170046100953274,1.0,0.731247478210145,0.7188864223466547,0.20072917640209198,0.5607081433327548,0.3519809825673534,1,0.4379402081525542,0.7003744051243882,0.5552949061662198,2.588923908149482e-05,0.0,0.9286385002082317,0.21421682098765432,1,7.3505216714777175,0.7188864223466547,0.050182294100522995,0.03566918054930212,0.011364250337685728,0.519531;0.328125;0.542969;0.707031;0.640625;0.519531;0.886719;0.625000;0.392578
0011.jpg,P2,entire plant excluding pot,1.149286906082753,0.6687269251054853,1.0,0.7395706863826171,0.7742191345384317,0.27849140763282776,0.09838998396863825,0.4503636363636364,1,0.45708527535088056,0.756432099600785,0.728887399463807,0.09910831061891405,0.0,0.9086680177279481,0.2741471354166667,1,7.042715954338128,0.7742191345384317,0.06962285190820694,0.20327272343468406,0.008881711748082357,0.335938;0.718750;0.554688;0.613281;0.320312;0.968750;0.582031
0011.jpg,P3,leaves and stems,1.1048662455521103,0.5446868529262384,1.0,0.7287119836971553,0.7575905806030431,0.277190625667572,0.5947246902964874,0.3729582105946378,1,0.4432302369733085,0.7106023186052282,0.5549597855227882,0.0005515409679811726,0.0,0.9479212635777113,0.22515130690586418,1,7.445685603424608,0.7575905806030431,0.069297656416893,0.03362900570014913,0.010725062182228065,0.593750;0.503906;0.390625;0.871094;0.558594;0.302734
0011.jpg,P4,crop seedling,0.5904761904761905,0.0,1.0,0.9523809523809523,1.0,0.0,1.0,1.0,1,0.0,0.0,0.0,1.0,1.0,0.0,0.0,0,1.0,1.0,0.0,0.0,0.0,
0011.jpg,P5,plant body without background,0.9278886071581647,0.5164762682645725,1.0,0.7332239489239426,0.0,0.20021763443946838,0.5616596000506265,0.35293150412565866,1,0.437905036832568,0.7001791957056184,0.5552949061662198,1.5210676317371325e-05,0.0,0.928937984285772,0.21400812596450616,1,7.276795894830491,0.0,0.050054408609867096,0.03560875661734839,0.01133364393158801,0.423828
0012.jpg,P1,green plant,1.1018995010659824,0.5799227662525395,1.0,0.7359437837742441,0.8327758251722003,0.14419446885585785,0.2915549347546407,0.3287364058355438,1,0.44333213225501406,0.6935992882977824,0.5924932975871313,0.0004014245528604525,0.0,0.9404401515096479,0.23906949266975308,1,7.175988765651613,0.8327758251722003,0.03604861721396446,0.06859770703874755,0.012167803531930902,0.347656;0.832031;0.500000;0.726562;0.671875;0.414062;0.917969;0.312500
0012.jpg,P2,entire plant excluding pot,1.1699488270230742,0.7428190073644318,1.0,0.739182896232451,0.8683501837141976,0.25438886880874634,0.09179532165875758,0.4159380216511032,1,0.449000635799109,0.7457052906882177,0.7577077747989276,0.13493028184880354,0.0,0.9209546914906689,0.3034135079089506,1,7.056903104682491,0.8683501837141976,0.06359721720218658,0.21787602721572832,0.009616817390537278,0.445312;0.519531;0.773438;0.468750;0.488281;0.628906;0.972656
0012.jpg,P3,leaves and stems,1.1071186298508509,0.5813744090873574,1.0,0.7446530066279932,0.8423340439471899,0.14937059581279755,0.29435326348524676,0.3305386214351044,1,0.4435722187557831,0.6940636286932684,0.5924932975871313,0.0005976775097172905,0.0,0.9418045840037074,0.23964289158950616,1,6.858147112795338,0.8423340439471899,0.03734264895319939,0.06794556908658979,0.012101460285134431,0.695312;0.451172;0.455078;0.578125;0.851562
0012.jpg,P4,crop seedling,0.5904761904761905,0.0,1.0,0.9523809523809523,1.0,0.0,1.0,1.0,1,0.0,0.0,0.0,1.0,1.0,0.0,0.0,0,1.0,1.0,0.0,0.0,0.0,
0012.jpg,P5,plant body without background,1.0956770436273913,0.5688987048757618,1.0,0.7402297577771058,0.8469189971357511,0.11405960470438004,0.2872687029659141,0.3225214330089045,1,0.44165563072879166,0.6900729959503972,0.592828418230563,0.00019056718135215377,0.0,0.9347813701905696,0.23471498842592592,1,7.018638186148548,0.8469189971357511,0.02851490117609501,0.0696212284648812,0.012402276533012811,0.302734
0013.jpg,P1,green plant,1.110681183908161,0.6055014089115487,1.0,0.7496501607471219,0.8635784647129908,0.07584379613399506,0.2293104844749441,0.3422890029811196,1,0.45176641780702964,0.7010013592390129,0.6149193548387096,0.0011893120618403563,0.0,0.9608725182095953,0.24917305652006172,1,6.6791112004397535,0.8635784647129908,0.018960949033498764,0.08721799199802975,0.011686031292745439,0.423828;0.628906;0.605469;0.451172;0.585938;0.804688;0.507812;0.597656;0.304688;0.929688
0013.jpg,P2,entire plant excluding pot,1.1714110981662529,0.7734875566494763,1.0,0.7530196505343425,0.8775443104546085,0.17053434252738953,0.08409729418815201,0.43193794355504206,1,0.45649392613308937,0.7545278142160684,0.7755376344086021,0.1371087672212729,0.0,0.9394504713029895,0.3155275848765432,1,6.559731855348008,0.8775443104546085,0.04263358563184738,0.2378197799712049,0.009260589535335133,0.429688;0.466797;0.496094;0.396484;0.486328;0.691406;0.353516;0.964844
0013.jpg,P3,leaves and stems,1.1151815362473034,0.6137845635060166,1.0,0.7485224026500942,0.8577853537307523,0.0901583805680275,0.23230863108611116,0.34913985576722667,1,0.4531313961563253,0.7036406715123109,0.6145833333333334,0.0012207009096514173,0.0,0.965983713999119,0.25244490258487656,1,6.71930716995419,0.8577853537307523,0.022539595142006874,0.08609236732399532,0.011456726964643133,0.435547;0.425781;0.328125;0.617188;0.453125;0.423828;0.488281;0.855469
0013.jpg,P4,crop seedling,0.5904761904761905,0.0,1.0,0.9523809523809523,1.0,0.0,1.0,1.0,1,0.0,0.0,0.0,1.0,1.0,0.0,0.0,0,1.0,1.0,0.0,0.0,0.0,
0013.jpg,P5,plant body without background,0.3904761904761905,0.0,1.0,0.9523809523809523,0.0,0.0,1.0,1.0,1,0.0,0.0,0.0,1.0,1.0,0.0,0.0,0,1.0,0.0,0.0,0.0,0.0,
0014.jpg,P1,green plant,1.114602382730291,0.6109490374472574,1.0,0.7457851134548273,0.8847210802756532,0.08274631202220917,0.2619208805292222,0.38017398440705785,1,0.4497620740903016,0.6986036317046467,0.5970491803278688,0.0021807656089521724,0.0,0.9843618021734454,0.2513248697916667,1,6.817376264525575,0.8847210802756532,0.020686578005552292,0.07635893694152661,0.010521498482434668,0.330078;0.609375;0.437500;0.820312;0.324219;0.539062;0.871094;0.781250;0.937500;0.429688
0014.jpg,P2,entire plant excluding pot,1.1677276334695497,0.7759897786763555,1.0,0.7516678613472451,0.9019048717786857,0.14822082221508026,0.08543386328616315,0.4772857012998818,1,0.4521709666660764,0.7501193762178184,0.7524590163934426,0.13969931170033253,0.0,0.9609635554912009,0.31651596257716047,1,6.607496513357884,0.9019048717786857,0.037055205553770065,0.23409921114077956,0.00838072456205172,0.482422;0.664062;0.369141;0.378906;0.335938;0.812500;0.593750;0.972656;0.326172
0014.jpg,P3,leaves and stems,1.1391505926524261,0.6549442539849977,1.0,0.7480949479111457,0.8425215545076382,0.18226128816604614,0.2806681946403385,0.23875626021050378,1,0.4535861837384605,0.7123362792805187,0.5967213114754099,0.004899202684937162,0.0,0.9832841073018638,0.2687029803240741,1,6.734574342260471,0.8425215545076382,0.045565322041511536,0.07125851942586137,0.016753487412113625,0.367188;0.470703;0.404297;0.730469;0.304688;0.718750;0.894531;0.679688
0014.jpg,P4,crop seedling,0.5904761904761905,0.0,1.0,0.9523809523809523,1.0,0.0,1.0,1.0,1,0.0,0.0,0.0,1.0,1.0,0.0,0.0,0,1.0,1.0,0.0,0.0,0.0,
0014.jpg,P5,plant body without background,0.5904761904761905,0.0,1.0,0.9523809523809523,1.0,0.0,1.0,1.0,1,0.0,0.0,0.0,1.0,1.0,0.0,0.0,0,1.0,1.0,0.0,0.0,0.0,
0015.jpg,P1,green plant,1.0861401156281947,0.5986015270940772,1.0,0.7366024670569477,0.8739771640005302,0.10399321466684341,0.3649003016833574,0.501474394357559,1,0.423505241064515,0.6868980843662946,0.46579634464751957,0.002088903130174866,0.0,0.9987424043881084,0.2464476032021605,1,7.151687503720751,0.8739771640005302,0.025998303666710854,0.05480949154532357,0.007976479048595128,0.671875;0.855469;0.847656;0.820312;0.761719;0.933594
0015.jpg,P2,entire plant excluding pot,1.1271832797847745,0.7671975113298952,1.0,0.7446356765176461,0.8955287595569343,0.1532939225435257,0.09182989303328187,0.6329848854217455,1,0.41505210579517426,0.7374019444163039,0.5926892950391645,0.15941319558914602,0.0,0.9810131081916215,0.3130430169753086,1,6.858772189820063,0.8955287595569343,0.038323480635881424,0.21779400301328247,0.006319266213339167,0.664062;0.302734;0.632812;0.318359;0.302734;0.515625;0.808594;0.695312;0.691406;0.976562
0015.jpg,P3,leaves and stems,1.1076400699590987,0.6384383790436006,1.0,0.7336228858591456,0.8880079235429557,0.1586287021636963,0.38871595956707095,0.2618091196388262,1,0.42390049183721906,0.6988314338159325,0.4655352480417755,0.003996041665517058,0.0,0.9671195785377823,0.2621831597222222,1,7.261963040558643,0.8880079235429557,0.03965717554092407,0.051451450622904266,0.0152783065980212,0.660156;0.667969;0.306641;0.316406;0.429688;0.625000;0.753906;0.894531
0015.jpg,P4,crop seedling,0.5904761904761905,0.0,1.0,0.9523809523809523,1.0,0.0,1.0,1.0,1,0.0,0.0,0.0,1.0,1.0,0.0,0.0,0,1.0,1.0,0.0,0.0,0.0,
0015.jpg,P5,plant body without background,0.911347968195996,0.5975274456946398,1.0,0.7374046792656586,0.0,0.10415790230035782,0.3651096340165145,0.5036692582993952,1,0.4235299627438647,0.6865763373393687,0.46579634464751957,0.0015608032084429408,0.0,0.99853143601065,0.24602334104938273,1,7.122149563679089,0.0,0.026039475575089455,0.0547780670150582,0.00794171955919193,0.480469
0016.jpg,P1,green plant,1.083361792675733,0.5834249003750586,1.0,0.735621646662963,0.9022185776082959,0.12724024057388306,0.5502205669356507,0.5788034535297105,1,0.413660719631693,0.6653204207787221,0.4545691906005222,0.0009200706774728592,0.0,0.9925213925428815,0.24045283564814815,1,7.18788944116448,0.9022185776082959,0.031810060143470764,0.03634905927160487,0.006910808799786604,0.714844;0.578125;0.478516;0.406250;0.330078;0.482422;0.812500;0.357422;0.812500;0.484375;0.941406;0.419922;0.347656
0016.jpg,P2,entire plant excluding pot,1.1148616530101518,0.7456133282544147,1.0,0.7424694552848898,0.9278639115566633,0.18394125998020172,0.09872201713123196,0.731158778404979,1,0.3948840619949179,0.7093671392660328,0.5827676240208878,0.18735697532809562,0.0,0.9791448352647537,0.30451726466049384,1,6.9371350668235685,0.9278639115566633,0.04598531499505043,0.2025890533964054,0.005470767934601004,0.640625;0.328125;0.507812;0.535156;0.332031;0.496094;0.308594;0.371094;0.546875;0.337891;0.972656;0.617188
0016.jpg,P3,leaves and stems,1.0967798412343246,0.6247033227848101,1.0,0.7283616027334446,0.8985787689133212,0.15826620161533356,0.591561783864113,0.3175149278765515,1,0.4147978620249427,0.6765307091775656,0.4540469973890339,0.004268772550632686,0.0,0.9756428604795844,0.2567578125,1,7.458888449010285,0.8985787689133212,0.03956655040383339,0.03380881007789066,0.012597832885372822,0.691406;0.429688;0.369141;0.480469;0.886719;0.500000;0.539062
0016.jpg,P4,crop seedling,0.5904761904761905,0.0,1.0,0.9523809523809523,1.0,0.0,1.0,1.0,1,0.0,0.0,0.0,1.0,1.0,0.0,0.0,0,1.0,1.0,0.0,0.0,0.0,
0016.jpg,P5,plant body without background,0.3904761904761905,0.0,1.0,0.9523809523809523,0.0,0.0,1.0,1.0,1,0.0,0.0,0.0,1.0,1.0,0.0,0.0,0,1.0,0.0,0.0,0.0,0.0,
0017.jpg,P1,green plant,1.0705995849608028,0.5756905375839975,1.0,0.7323068164931344,0.8723269572709974,0.145353764295578,0.7775670819594448,0.3570393472348142,1,0.40546396983206134,0.6490409200385721,0.45300261096605743,0.00010512566325660007,0.0,0.9679071554364774,0.23739776234567903,1,7.310957032703665,0.8723269572709974,0.0363384410738945,0.0257212534635605,0.011203247011790325,0.632812;0.310547;0.441406;0.691406;0.917969;0.421875;0.480469;0.769531
0017.jpg,P2,entire plant excluding pot,1.0978899017140034,0.7494646380293795,1.0,0.7400296208846628,0.8820479792358301,0.20738312602043152,0.1025376224205592,0.45605569529284945,1,0.38210482887994257,0.6921343483993636,0.5848563968668408,0.20197005522363246,0.0,0.951746720712237,0.3060385320216049,1,7.025945226477763,0.8820479792358301,0.05184578150510788,0.19505035837450746,0.008770858562420668,0.558594;0.355469;0.435547;0.392578;0.386719;0.972656;0.359375;0.367188
0017.jpg,P3,leaves and stems,1.0976571571025309,0.6592030370956399,1.0,0.718629750099653,0.8313498720205672,0.229752779006958,0.3052120659503671,0.19368956061751053,1,0.4098700694579672,0.669750795133375,0.4864229765013055,0.028946132823943465,0.0,0.9658499523823405,0.2703851996527778,1,7.830743156996469,0.8313498720205672,0.0574381947517395,0.06552820884627922,0.020651603458892765,0.410156;0.376953;0.878906;0.542969;0.404297;0.328125
0017.jpg,P4,crop seedling,0.5904761904761905,0.0,1.0,0.9523809523809523,1.0,0.0,1.0,1.0,1,0.0,0.0,0.0,1.0,1.0,0.0,0.0,0,1.0,1.0,0.0,0.0,0.0,
0017.jpg,P5,plant body without background,0.8955426797207434,0.5738170759102985,1.0,0.7307407904378126,0.0,0.14652252197265625,0.7767689598543758,0.35374553973688955,1,0.40532660205659,0.6485763290194541,0.45300261096605743,7.641622183934865e-06,0.0,0.9678670941254596,0.2366577449845679,1,7.369486227828194,0.0,0.03663063049316406,0.025747681786550132,0.011307563066307884,0.625000
0018.jpg,P1,green plant,1.085795299406492,0.6337983718159088,1.0,0.7263973497766475,0.8602711110470271,0.14156322181224823,0.5643776543613198,0.26137924773807003,1,0.4133892885161257,0.6730924085578804,0.4639686684073107,0.0003338813123712056,0.0,0.9439274960126303,0.26035035686728397,1,7.533140100455478,0.8602711110470271,0.03539080545306206,0.03543726411817824,0.015303433744703512,0.613281;0.330078;0.625000;0.519531;0.625000;0.945312;0.474609;0.322266
0018.jpg,P2,entire plant excluding pot,1.1223276737716597,0.8373311503750586,1.0,0.7381240336060753,0.8639517519385879,0.2143593430519104,0.09939220661388082,0.24400259000259,1,0.39157441797733333,0.7265428505609222,0.5960835509138381,0.20774643153089464,0.0,0.9231331057578812,0.34074580439814817,1,7.09571710094685,0.8639517519385879,0.0535898357629776,0.20122302020817456,0.016393268612261622,0.515625;0.488281;0.388672;0.351562;0.353516;0.976562
0018.jpg,P3,leaves and stems,1.0702181692486747,0.6372113806844819,1.0,0.727969841752905,0.7764451253284559,0.14174222946166992,0.5673668252391657,0.25461212281164775,1,0.4135444538031721,0.6739887105387061,0.4639686684073107,3.132728163963306e-05,0.0,0.9414344298580098,0.2616984953703704,1,7.473665601093135,0.7764451253284559,0.03543555736541748,0.03525056296967888,0.015710171046957752,0.535156;0.345703;0.302734;0.875000
0018.jpg,P4,crop seedling,0.5904761904761905,0.0,1.0,0.9523809523809523,1.0,0.0,1.0,1.0,1,0.0,0.0,0.0,1.0,1.0,0.0,0.0,0,1.0,1.0,0.0,0.0,0.0,
0018.jpg,P5,plant body without background,0.3904761904761905,0.0,1.0,0.9523809523809523,0.0,0.0,1.0,1.0,1,0.0,0.0,0.0,1.0,1.0,0.0,0.0,0,1.0,0.0,0.0,0.0,0.0,
0019.jpg,P1,green plant,1.1386487623699055,0.6652284536646351,1.0,0.7130850156009036,0.8335874526299377,0.17915672063827515,0.2942703476083634,0.3630479399847555,1,0.4604372338631553,0.7185558772205057,0.6233124794204807,0.006521766035013773,0.0,0.9870296035079597,0.2727652391975309,1,8.047146640918218,0.8335874526299377,0.04478918015956879,0.06796471395282229,0.011017828665183891,0.644531;0.367188;0.453125;0.554688;0.941406
0019.jpg,P2,entire plant excluding pot,1.1721224157288321,0.8636697994803875,1.0,0.7231847006605642,0.8402826390547914,0.21210125088691711,0.08029738905805663,0.45985000986777186,1,0.4442747377123002,0.7813621072334427,0.7816924596641422,0.22325433679819404,0.0,0.9706965848050788,0.35114957079475306,1,7.655452309391772,0.8402826390547914,0.05302531272172928,0.2490741010961091,0.008698488450941178,0.578125;0.458984;0.330078;0.322266;0.310547;0.972656;0.421875
0019.jpg,P3,leaves and stems,1.1388284837307845,0.6651606940537584,1.0,0.7152792149988709,0.8306776569256762,0.1793968826532364,0.29522835087536137,0.3556781573051374,1,0.460725594004476,0.7185344314593474,0.6233124794204807,0.005587476273117962,0.0,0.9871853957995328,0.2727384741512346,1,7.961108865761705,0.8306776569256762,0.0448492206633091,0.06774417138699373,0.011246122141170416,0.558594;0.326172;0.408203;0.796875
0019.jpg,P4,crop seedling,0.5904761904761905,0.0,1.0,0.9523809523809523,1.0,0.0,1.0,1.0,1,0.0,0.0,0.0,1.0,1.0,0.0,0.0,0,1.0,1.0,0.0,0.0,0.0,
0019.jpg,P5,plant body without background,0.5904761904761905,0.0,1.0,0.9523809523809523,1.0,0.0,1.0,1.0,1,0.0,0.0,0.0,1.0,1.0,0.0,0.0,0,1.0,1.0,0.0,0.0,0.0,
0020.jpg,P1,green plant,1.1600262265670485,0.7204629141272073,1.0,0.6928527526601642,0.7491019976092916,0.22620639204978943,0.16147265049332868,0.3351238513235496,1,0.48230141527775805,0.8132584863158677,0.6036090225563909,0.031351549569695845,0.0,0.9841678587796276,0.2945828510802469,1,8.866162288034896,0.7491019976092916,0.05655159801244736,0.12385998457878977,0.011935885745530386,0.945312
0020.jpg,P2,entire plant excluding pot,1.203575511139034,0.9331939072511329,1.0,0.7035498933187012,0.7874789408483313,0.22153747081756592,0.06383168233312905,0.4249754381216591,1,0.4744234686918878,0.9026143891403875,0.7452631578947368,0.2412774220502389,0.0,0.9674429068677127,0.37861159336419753,1,8.42726605452017,0.7874789408483313,0.05538436770439148,0.31332403077867604,0.009412308668189212,0.968750
0020.jpg,P3,leaves and stems,1.161164505051225,0.7229584212376934,1.0,0.6959658273720252,0.7498347151922816,0.22292225062847137,0.16161458745352425,0.33110227234358647,1,0.4828282621651306,0.814306703538887,0.6042105263157894,0.03139750787660449,0.0,0.9848227355265935,0.2955685763888889,1,8.73704313259205,0.7498347151922816,0.055730562657117844,0.12375120535299099,0.012080859402405974,0.703125
0020.jpg,P4,crop seedling,0.5904761904761905,0.0,1.0,0.9523809523809523,1.0,0.0,1.0,1.0,1,0.0,0.0,0.0,1.0,1.0,0.0,0.0,0,1.0,1.0,0.0,0.0,0.0,
0020.jpg,P5,plant body without background,0.5904761904761905,0.0,1.0,0.9523809523809523,1.0,0.0,1.0,1.0,1,0.0,0.0,0.0,1.0,1.0,0.0,0.0,0,1.0,1.0,0.0,0.0,0.0,
0021.jpg,P1,green plant,1.1925403662416105,0.7787987502930145,1.0,0.6961636537537165,0.790151577112688,0.313053160905838,0.11157895405570237,0.32465732154410176,1,0.476906937828559,0.8295382934241018,0.6103858427618218,0.06666279498336125,0.0,0.9669792192800386,0.3176255063657407,1,8.728877027922874,0.790151577112688,0.0782632902264595,0.17924527227612846,0.012320683177498081,0.808594;0.937500
0021.jpg,P2,entire plant excluding pot,1.2347572865479037,0.9974831272464448,1.0,0.7055735063327971,0.8181654108954693,0.29402631521224976,0.05601307396102762,0.40998058134226145,1,0.47170761461051136,0.9212212857796516,0.7473165071076299,0.26669157155592405,0.0,0.9477066477503718,0.4059941647376543,1,8.345735519392676,0.8181654108954693,0.07350657880306244,0.357059496750981,0.009756559656811417,0.703125;0.968750
0021.jpg,P3,leaves and stems,1.1926743950388639,0.7788698673620877,1.0,0.6968305096653352,0.7915888515438919,0.3115813434123993,0.11142600980305087,0.3219878402737466,1,0.47690028064212114,0.8295674382498694,0.6103858427618218,0.06681782608266604,0.0,0.9672757338233877,0.3176535976080247,1,8.701383941419762,0.7915888515438919,0.07789533585309982,0.17949130580329187,0.012422829373305813,0.578125;0.816406
0021.jpg,P4,crop seedling,0.5904761904761905,0.0,1.0,0.9523809523809523,1.0,0.0,1.0,1.0,1,0.0,0.0,0.0,1.0,1.0,0.0,0.0,0,1.0,1.0,0.0,0.0,0.0,
0021.jpg,P5,plant body without background,0.5904761904761905,0.0,1.0,0.9523809523809523,1.0,0.0,1.0,1.0,1,0.0,0.0,0.0,1.0,1.0,0.0,0.0,0,1.0,1.0,0.0,0.0,0.0,
0022.jpg,P1,green plant,1.2235517753976608,0.8024181634825753,1.0,0.6979424103881524,0.8758892334811779,0.2960985004901886,0.10559585855380356,0.3173665301345816,1,0.48908211382924216,0.84463877003003,0.6754161331626121,0.07668322211352423,0.0,0.948886069835188,0.3269551745756173,1,8.655659410175742,0.8758892334811779,0.07402462512254715,0.18940136738231578,0.012603723518997956,0.410156;0.326172;0.449219;0.695312;0.937500
0022.jpg,P2,entire plant excluding pot,1.2592040342988688,0.9615604611072043,1.0,0.7165460281413261,0.8871239396948613,0.2718924582004547,0.05493618808849573,0.40263066081330867,1,0.4917794568700996,0.9429095377827144,0.8386683738796414,0.2741156746684739,0.0,0.9303551374835642,0.42018361786265435,1,7.9116751953516555,0.8871239396948613,0.06797311455011368,0.3640587506323219,0.009934663177215695,0.472656;0.476562;0.972656
0022.jpg,P3,leaves and stems,1.2259557410145445,0.8070972393147365,1.0,0.7138141783320369,0.8748262228040437,0.28389960527420044,0.10621862780227143,0.3167419064487094,1,0.49002829186954106,0.8465869680421818,0.6754161331626121,0.07631891294710708,0.0,0.9504362296963936,0.32880340952932097,1,8.01849641980189,0.8748262228040437,0.07097490131855011,0.1882908903439281,0.012628578405831271,0.466797;0.863281
0022.jpg,P4,crop seedling,0.5904761904761905,0.0,1.0,0.9523809523809523,1.0,0.0,1.0,1.0,1,0.0,0.0,0.0,1.0,1.0,0.0,0.0,0,1.0,1.0,0.0,0.0,0.0,
0022.jpg,P5,plant body without background,1.0506988800823138,0.8075150902484763,1.0,0.7107019090831236,0.0,0.2845274806022644,0.10604581748790824,0.316726175275682,1,0.49014998409554106,0.8467609460642715,0.6757362355953905,0.07633999316864791,0.0,0.9505312851647023,0.32896846064814816,1,8.141193578334404,0.0,0.0711318701505661,0.18859772571681555,0.012629205642755468,0.472656
0023.jpg,P1,green plant,1.1873895111396988,0.7896512760782934,1.0,0.7106863272887524,0.8464322668650113,0.18875278532505035,0.14148609550859492,0.2624662341492185,1,0.4802849800282774,0.8414623572417307,0.5878063010501751,0.05602476939734516,0.0,0.9677545162384377,0.32191225405092594,1,8.141810573870776,0.8464322668650113,0.04718819633126259,0.14135664658853386,0.015240055594068918,0.621094;0.917969;0.566406
0023.jpg,P2,entire plant excluding pot,1.2304260798864992,0.9505888981676825,1.0,0.7158895777417845,0.8554630892958535,0.18970593810081482,0.060984553460165215,0.24529708453794977,1,0.48809657922527205,0.9502988166013429,0.7555425904317387,0.25724280107704456,0.0,0.9666716746020247,0.4245173852237654,1,7.93726940834699,0.8554630892958535,0.047426484525203705,0.3279518970826587,0.016306757202330966,0.371094;0.957031;0.386719
0023.jpg,P3,leaves and stems,1.1888534624467217,0.7901133844155336,1.0,0.7133502222610121,0.8524443071961022,0.18714836239814758,0.1410435260049996,0.2581800874586263,1,0.4802422071925626,0.8416559754624073,0.5878063010501751,0.056371821500585985,0.0,0.9676902804186437,0.3220947868441358,1,8.036719378328137,0.8524443071961022,0.046787090599536896,0.14180019860883977,0.015493061604299772,0.839844;0.343750
0023.jpg,P4,crop seedling,0.5904761904761905,0.0,1.0,0.9523809523809523,1.0,0.0,1.0,1.0,1,0.0,0.0,0.0,1.0,1.0,0.0,0.0,0,1.0,1.0,0.0,0.0,0.0,
0023.jpg,P5,plant body without background,1.1886399116739648,0.7904256280278167,1.0,0.7107221515849756,0.8515376683495912,0.18804897367954254,0.14122017849311233,0.25914294717959907,1,0.48049302734557947,0.8417868020408434,0.588098016336056,0.0559843089478958,0.0,0.9680529637516301,0.3222181230709876,1,8.140392072201722,0.8515376683495912,0.047012243419885635,0.14162282057287906,0.015435496290886124,0.435547
0024.jpg,P1,green plant,1.119462544744783,0.7219929993944365,1.0,0.6991715838776996,0.761770475259173,0.13246621191501617,0.2828722777424759,0.2674532743459501,1,0.4563822906555179,0.7258710432223124,0.6165064633742128,0.02625958737968168,0.0,0.9923413833425474,0.29518723476080244,1,8.60528153772685,0.761770475259173,0.033116552978754044,0.0707032875742168,0.01495588345209792,0.347656;0.941406
0024.jpg,P2,entire plant excluding pot,1.1826226520298748,0.9471169811689326,1.0,0.7067685132967517,0.8028461851506796,0.1985292136669159,0.07137233905519308,0.34216372667472145,1,0.451570473373219,0.7939137908034988,0.8246602585349685,0.24797612785046447,0.0,0.996546384108394,0.3841112075617284,1,8.297808439016547,0.8028461851506796,0.04963230341672897,0.280220604575307,0.011690309896006619,0.968750
0024.jpg,P3,leaves and stems,1.1198856211435133,0.722287845268792,1.0,0.7006843719543514,0.761839983045436,0.13197387754917145,0.2840405645170642,0.26771232614695195,1,0.45652840557996327,0.7259601591096825,0.6175008286377196,0.026375385967068225,0.0,0.9920481652690533,0.29530369888117286,1,8.543522305508152,0.761839983045436,0.03299346938729286,0.07041247799941781,0.014941411393229354,0.847656
0024.jpg,P4,crop seedling,0.5904761904761905,0.0,1.0,0.9523809523809523,1.0,0.0,1.0,1.0,1,0.0,0.0,0.0,1.0,1.0,0.0,0.0,0,1.0,1.0,0.0,0.0,0.0,
0024.jpg,P5,plant body without background,1.1197917588876942,0.7222527445694639,1.0,0.6994268699230018,0.7617226424095751,0.13233682513237,0.28224830455249983,0.2668684590449729,1,0.45664394248081197,0.7259495500754718,0.6175008286377196,0.025980585092918163,0.0,0.9920562632748273,0.29528983410493825,1,8.594840804731664,0.7617226424095751,0.0330842062830925,0.07085959305126627,0.014988657761634981,0.585938
0025.jpg,P1,green plant,1.1724750887166278,0.6312384625527425,1.0,0.6930256019309996,0.7808432501079278,0.14832215011119843,0.9870204418748709,0.30931631735988785,1,0.521789195776054,0.854133644246213,0.7204890387858347,0.008624573059924326,0.0,0.9574176522640658,0.25933919270833333,1,8.858962705379648,0.7808432501079278,0.037080537527799606,0.020263004849230357,0.012931745839150225,0.416016;0.953125
0025.jpg,P2,entire plant excluding pot,1.3076228104729632,0.9012309052195655,1.0,0.7074620819586345,0.8182612037460528,0.35457175970077515,0.09079528681261656,0.26419233698135375,1,0.5513176203479576,0.9997626007629702,1.0,0.26115845246268,0.0,0.9974824581972205,0.3659862075617284,1,8.270066354127804,0.8182612037460528,0.08864293992519379,0.22027575111113454,0.015140484564025463,0.425781;0.976562
0025.jpg,P3,leaves and stems,1.173418414720647,0.6321440605954055,1.0,0.6942049937897172,0.7821445522491489,0.148429274559021,0.9909281196089708,0.3091539289558665,1,0.5220338384819885,0.8546221071701154,0.7209106239460371,0.008683258821836279,0.0,0.9575716630871229,0.2596969039351852,1,8.809933922858285,0.7821445522491489,0.03710731863975525,0.020183098656936068,0.012938538460467124,0.863281
0025.jpg,P4,crop seedling,0.5904761904761905,0.0,1.0,0.9523809523809523,1.0,0.0,1.0,1.0,1,0.0,0.0,0.0,1.0,1.0,0.0,0.0,0,1.0,1.0,0.0,0.0,0.0,
0025.jpg,P5,plant body without background,1.1729120141683982,0.6316789000234411,1.0,0.6930805590597904,0.781325907267859,0.14829029142856598,0.9788122413714703,0.30902390352451364,1,0.5220368826124671,0.8543712081151686,0.7209106239460371,0.008410661805356176,0.0,0.9576624600347825,0.25951316550925924,1,8.856674362834996,0.781325907267859,0.037072572857141495,0.02043292794538087,0.012943982502255511,0.519531
0026.jpg,P1,green plant,1.1745752155902824,0.570088160747773,1.0,0.6900662157837986,0.8168344811334962,0.16530540585517883,1.0,0.369244179443498,1,0.5261163628862332,0.872911744925772,0.699257965953732,0.001531231849622472,0.0,0.9519018784542813,0.23518482349537037,1,8.982725921864445,0.8168344811334962,0.04132635146379471,0.0007058942942518059,0.010832939888256472,0.468750;0.326172;0.316406;0.941406;0.484375
0026.jpg,P2,entire plant excluding pot,1.2550176291300104,0.772230035943116,1.0,0.69967431134438,0.798031679782223,0.2444944530725479,0.09887285358599657,0.4951427353261642,1,0.5521315331015569,0.9995165399169037,1.0,0.24622157281767415,0.0,0.9616721597594284,0.31503086419753085,1,8.58472817384315,0.798031679782223,0.06112361326813698,0.2022799916723817,0.008078478617615362,0.523438;0.980469
0026.jpg,P3,leaves and stems,1.1751859014119344,0.5703952155610251,1.0,0.6915390369791494,0.817316804463804,0.1653261035680771,1.0,0.3708384951548547,1,0.5262704692975231,0.8731040584266003,0.6996944565691837,0.0015514496678063435,0.0,0.9520448156610177,0.23530611014660494,1,8.920999293642218,0.817316804463804,0.04133152589201927,0.0007265375260731159,0.01078636671289932,0.404297;0.871094
0026.jpg,P4,crop seedling,0.5904761904761905,0.0,1.0,0.9523809523809523,1.0,0.0,1.0,1.0,1,0.0,0.0,0.0,1.0,1.0,0.0,0.0,0,1.0,1.0,0.0,0.0,0.0,
0026.jpg,P5,plant body without background,1.1750978594637336,0.5707025755977496,1.0,0.6907223362879535,0.8168346496698021,0.16537025570869446,1.0,0.3684222442337626,1,0.5263718960108935,0.8732965630939304,0.6996944565691837,0.0015419438427227523,0.0,0.9523567989838158,0.23542751736111112,1,8.955195089655028,0.8168346496698021,0.041342563927173615,0.0007420380697792322,0.010857107741469635,0.539062
0027.jpg,P1,green plant,1.0833490109948256,0.5485976812783246,1.0,0.6912751293842561,0.8950581894323618,0.17594172060489655,1.0,0.36440077519379843,1,0.4211744668548579,0.6811921725468671,0.4905841046919885,0.001880542974874329,0.0,0.9501623051135878,0.22669608410493827,1,8.932040442153223,0.8950581894323618,0.043985430151224136,0.0,0.010976925056958754,0.589844;0.406250;0.359375;0.949219
0027.jpg,P2,entire plant excluding pot,1.1396637327468742,0.7463034385255507,1.0,0.7029312034594416,0.9216222833146132,0.27264007925987244,0.09785023939556974,0.4906927406832298,1,0.4109643318349785,0.7436104566990807,0.7203957867858283,0.24976335506155142,0.0,0.9595843688731658,0.3047898582175926,1,8.452286513347218,0.9216222833146132,0.06816001981496811,0.20439398128754624,0.008151740729708958,0.621094;0.984375
0027.jpg,P3,leaves and stems,1.0845191531813425,0.5493347959642132,1.0,0.6935789375445606,0.8958801294427977,0.17684489488601685,1.0,0.3666451801363194,1,0.4213914016138248,0.6814248892596082,0.4912224704755825,0.00188344222702968,0.0,0.9503767835546608,0.2269872444058642,1,8.835939094120855,0.8958801294427977,0.04421122372150421,0.0,0.0109097302152255,0.498047;0.882812
0027.jpg,P4,crop seedling,0.5904761904761905,0.0,1.0,0.9523809523809523,1.0,0.0,1.0,1.0,1,0.0,0.0,0.0,1.0,1.0,0.0,0.0,0,1.0,1.0,0.0,0.0,0.0,
0027.jpg,P5,plant body without background,1.0843556664551768,0.5493497519143615,1.0,0.6923393469385396,0.8963000537915105,0.1761517971754074,1.0,0.3639261621726104,1,0.421527476491213,0.6814296110479826,0.4918608362591765,0.0018207196622851837,0.0,0.9503837799645287,0.22699315200617284,1,8.887568052340436,0.8963000537915105,0.04403794929385185,0.0,0.010991240575066976,0.472656
0028.jpg,P1,green plant,1.1075578943907314,0.583662059013127,1.0,0.6803967751057449,0.8175442990126489,0.2962740957736969,1.0,0.16450418435915407,1,0.4319824486096877,0.7021796242916023,0.5254065040650406,0.01954601794616951,0.0,0.9751021475977045,0.24054651331018517,1,9.394613160668888,0.8175442990126489,0.07406852394342422,0.001073081297060078,0.024315490913392166,0.808594;0.683594;0.925781;0.523438;0.765625
0028.jpg,P2,entire plant excluding pot,1.2005638476893437,0.8278939458313798,1.0,0.7078365399300023,0.8005492214064438,0.5082412362098694,0.09490557357791686,0.21802577751779273,1,0.43165965901380465,0.7832641123716332,0.7632113821138211,0.26508220935885607,0.0,0.99663833710902,0.33701810860339504,1,8.25511099211944,0.8005492214064438,0.12706030905246735,0.2107357792172251,0.01834645446763086,0.605469;0.792969;0.320312;0.976562;0.480469;0.761719
0028.jpg,P3,leaves and stems,1.1309073641150353,0.621992938349742,1.0,0.6823295175099209,0.772129178131186,0.4023776948451996,1.0,0.17516545871275477,1,0.4351414983478257,0.7149053980190098,0.5348915989159891,0.03734441986220112,0.0,0.9984744719495457,0.25568721064814814,1,9.311351021406171,0.772129178131186,0.1005944237112999,0.011571729539997699,0.022835552336601953,0.652344;0.847656;0.384766;0.636719;0.523438
0028.jpg,P4,crop seedling,0.5904761904761905,0.0,1.0,0.9523809523809523,1.0,0.0,1.0,1.0,1,0.0,0.0,0.0,1.0,1.0,0.0,0.0,0,1.0,1.0,0.0,0.0,0.0,
0028.jpg,P5,plant body without background,1.070172254171167,0.5321427786568214,1.0,0.6892328073741806,0.858167046064813,0.1701844483613968,1.0,0.3174824214506106,1,0.4202268380797246,0.685075328335967,0.5064363143631436,0.011142703366245127,0.0,0.9263474758664393,0.22019639756944445,1,9.017771333601234,0.858167046064813,0.0425461120903492,0.0,0.012599122753705793,0.320312
0029.jpg,P1,green plant,1.096141395268578,0.5198395257071418,1.0,0.6868376800226186,0.7751715771767497,0.14741598069667816,1.0,0.27444499078057777,1,0.4702884425479402,0.80380895746612,0.6016032064128256,0.026497014704762588,0.0,0.8861583469191836,0.215336612654321,1,9.118961556304498,0.7751715771767497,0.03685399517416954,2.575461007520346e-05,0.014574869771254271,0.867188;0.675781;0.578125;0.707031;0.398438;0.310547;0.945312;0.519531;0.480469
0029.jpg,P2,entire plant excluding pot,1.1772556102475908,0.7187521365643068,1.0,0.6994812327714319,0.7530261720544003,0.2714952826499939,0.08357974639277406,0.375433411619759,1,0.48870464543956416,0.9146605944156337,0.9122244488977956,0.2836023550906705,0.0,0.8945374311969029,0.2939070939429012,1,8.592618447756639,0.7530261720544003,0.06787382066249847,0.23929242266436349,0.010654352745917089,0.808594;0.304688;0.617188;0.746094;0.341797;0.363281;0.976562;0.515625;0.312500
0029.jpg,P3,leaves and stems,1.1475010565413366,0.5700973174519456,1.0,0.6756959079098329,0.7857414158497134,0.28111258149147034,1.0,0.30217201719397435,1,0.48497161200074435,0.8318170282484184,0.643687374749499,0.05019666825067525,0.0,0.9303092513409074,0.23518844039351852,1,9.599113692825359,0.7857414158497134,0.07027814537286758,0.01773013107286593,0.013237493124428745,0.656250;0.511719;0.539062;0.345703;0.335938;0.832031;0.433594;0.320312
0029.jpg,P4,crop seedling,0.5904761904761905,0.0,1.0,0.9523809523809523,1.0,0.0,1.0,1.0,1,0.0,0.0,0.0,1.0,1.0,0.0,0.0,0,1.0,1.0,0.0,0.0,0.0,
0029.jpg,P5,plant body without background,0.3904761904761905,0.0,1.0,0.9523809523809523,0.0,0.0,1.0,1.0,1,0.0,0.0,0.0,1.0,1.0,0.0,0.0,0,1.0,0.0,0.0,0.0,0.0,
0030.jpg,P1,green plant,1.072355667261806,0.5191616243749023,1.0,0.696770482735748,0.7745026110867549,0.1413578987121582,1.0,0.2643353337778766,1,0.44599714387989314,0.7775678574862863,0.5673624288425048,0.04961973061893067,0.0,0.8660907575372137,0.21506884162808643,1,8.703856571928076,0.7745026110867549,0.03533947467803955,0.019207709991832352,0.01513229405555459,0.554688;0.447266;0.488281;0.546875;0.933594;0.832031;0.337891
0030.jpg,P2,entire plant excluding pot,1.1672429685665346,0.7185061264455384,1.0,0.7039409599893478,0.8146663529776139,0.28981491923332214,0.07219185975036252,0.36072634422528954,1,0.46185729683737015,0.8791910970007055,0.8724857685009487,0.30076319965268444,0.0,0.8732193445275773,0.29380991994598765,1,8.411473599011266,0.8146663529776139,0.07245372980833054,0.27703954530551583,0.011088738219523615,0.605469;0.359375;0.980469;0.656250;0.316406;0.343750
0030.jpg,P3,leaves and stems,1.0654004735038536,0.5211867821143928,1.0,0.7001354767744318,0.7289564055627931,0.14438886940479279,1.0,0.2653086867938507,1,0.44646696673257136,0.7786002566138117,0.567741935483871,0.04976760707332357,0.0,0.8669361065263756,0.2158687789351852,1,8.565899977160505,0.7289564055627931,0.036097217351198196,0.019128155120742674,0.015076777350709466,0.388672;0.503906;0.324219;0.828125;0.539062;0.355469
0030.jpg,P4,crop seedling,0.5904761904761905,0.0,1.0,0.9523809523809523,1.0,0.0,1.0,1.0,1,0.0,0.0,0.0,1.0,1.0,0.0,0.0,0,1.0,1.0,0.0,0.0,0.0,
0030.jpg,P5,plant body without background,0.5904761904761905,0.0,1.0,0.9523809523809523,1.0,0.0,1.0,1.0,1,0.0,0.0,0.0,1.0,1.0,0.0,0.0,0,1.0,1.0,0.0,0.0,0.0,
0031.jpg,P1,green plant,1.1377710648335302,0.5159180145335208,1.0,0.699576656474486,0.8915469485165868,0.17448581755161285,0.5644295195199974,0.22890853934034724,1,0.48146557741828905,0.8432996133416866,0.6589147286821705,0.06031558051927545,0.0,0.8580073574169071,0.21378761574074073,1,8.588718355455036,0.8915469485165868,0.043621454387903214,0.03543400780492206,0.017474227966885476,0.687500;0.933594;0.625000
0031.jpg,P2,entire plant excluding pot,1.2457450602773221,0.7106606623105172,1.0,0.7068499811190848,0.9161846809566834,0.3341917395591736,0.06940522912502033,0.31237140913948896,1,0.5121676474882304,0.9668229278390114,0.9952627045650302,0.30582144784103665,0.0,0.86378770275182,0.2907109616126543,1,8.294546982000345,0.9161846809566834,0.0835479348897934,0.28816272566399576,0.012805269249894143,0.480469;0.609375;0.369141;0.980469
0031.jpg,P3,leaves and stems,1.139364419258041,0.5166209441904985,1.0,0.7015919527997743,0.8940055427909195,0.1752568781375885,0.5681101316652535,0.22796982730949478,1,0.48186935567428474,0.843745474595395,0.6597760551248923,0.06014836024810438,0.0,0.8584325771784715,0.2140652729552469,1,8.50659834421983,0.8940055427909195,0.043814219534397125,0.03520444168347373,0.01754618164696659,0.447266;0.878906;0.357422
0031.jpg,P4,crop seedling,0.5904761904761905,0.0,1.0,0.9523809523809523,1.0,0.0,1.0,1.0,1,0.0,0.0,0.0,1.0,1.0,0.0,0.0,0,1.0,1.0,0.0,0.0,0.0,
0031.jpg,P5,plant body without background,0.95932457112084,0.5158075236365056,1.0,0.6990410235111407,0.0,0.1739124357700348,0.5669399763359023,0.22861096067053516,1,0.48157237453730384,0.8432295300703698,0.6589147286821705,0.06002725511851351,0.0,0.8584556438543778,0.21374397183641974,1,8.610624165580541,0.0,0.0434781089425087,0.035277103105797465,0.017496973847044184,0.519531
0032.jpg,P1,green plant,1.163314748389097,0.5318229044577277,1.0,0.7138599628996488,0.8896480200801314,0.2724831700325012,0.6286611217302958,0.24822015978242393,1,0.4817519368950952,0.8287167514803833,0.668236301369863,0.053057798809980995,0.0,0.8733587927338009,0.22007004726080248,1,8.01669940804834,0.8896480200801314,0.0681207925081253,0.031813642213078155,0.016114726553661793,0.792969;0.804688;0.777344;0.640625;0.941406;0.351562;0.335938
0032.jpg,P2,entire plant excluding pot,1.269684042648372,0.7308457009884357,1.0,0.7158095367327512,0.9086817749684241,0.44885897636413574,0.07128915298620203,0.33792395566922423,1,0.5088448448376226,0.9461418192911377,0.9970034246575342,0.2996405513026736,0.0,0.8812675703817027,0.2986840518904321,1,7.9403933220675125,0.9086817749684241,0.11221474409103394,0.28054758911037964,0.01183698264918332,0.757812;0.359375;0.722656;0.314453;0.851562;0.976562;0.462891;0.761719
0032.jpg,P3,leaves and stems,1.1920126469046108,0.5702129971479919,1.0,0.6979155552051735,0.84029129257996,0.3979632258415222,0.6112550125313284,0.266911901504788,1,0.49073603274968125,0.851367218240958,0.668236301369863,0.058796305312932125,0.0,0.9011386371265024,0.2352341338734568,1,8.656762055003048,0.84029129257996,0.09949080646038055,0.032719568085300486,0.01498621821450793,0.679688;0.539062;0.703125;0.878906;0.355469;0.710938
0032.jpg,P4,crop seedling,0.5904761904761905,0.0,1.0,0.9523809523809523,1.0,0.0,1.0,1.0,1,0.0,0.0,0.0,1.0,1.0,0.0,0.0,0,1.0,1.0,0.0,0.0,0.0,
0032.jpg,P5,plant body without background,1.1544844679457618,0.5232183495468041,1.0,0.710531105325784,0.8907346462773028,0.24806267023086548,0.62880565420479,0.24363288822612353,1,0.4799751136696105,0.8236399941364543,0.6678082191780822,0.051210299817823476,0.0,0.8685872621514372,0.21667124807098764,1,8.147958407577168,0.8907346462773028,0.06201566755771637,0.03180632977178412,0.016418144648383724,0.308594;0.464844
0033.jpg,P1,green plant,1.1742679098873077,0.5235162476558837,1.0,0.6957111915108738,0.8773774310558594,0.33848702907562256,1.0,0.2839420472938297,1,0.4872495300276597,0.8358675308665036,0.6566341670199237,0.03641441627820841,0.0,0.8742606904425974,0.21678891782407408,1,8.747561120248855,0.8773774310558594,0.08462175726890564,0.014474449623887876,0.014087381696803463,0.863281;0.632812;0.847656;0.416016;0.953125;0.855469;0.373047
0033.jpg,P2,entire plant excluding pot,1.278210890145294,0.7178147952805125,1.0,0.7018968978579282,0.8946551323797027,0.5161691308021545,0.0759002175959698,0.3919368963296845,1,0.5121036988812344,0.9547718400358631,0.9762611275964391,0.2859184166340824,0.0,0.8798207689154793,0.29353684413580244,1,8.49421341088221,0.8946551323797027,0.12904228270053864,0.26350385589753533,0.010205724537440158,0.416016;0.886719;0.574219;0.632812;0.976562;0.734375;0.890625
0033.jpg,P3,leaves and stems,1.1678187706386451,0.524338824914049,1.0,0.6975879344893778,0.8396932304164955,0.34001028537750244,1.0,0.28542679399294685,1,0.48749271559916024,0.8363709210452583,0.6566341670199237,0.03645487717045871,0.0,0.875052063208712,0.21711383584104937,1,8.670220643422754,0.8396932304164955,0.08500257134437561,0.014345615269412032,0.014014101283353389,0.785156;0.570312;0.734375;0.341797;0.886719;0.792969;0.302734
0033.jpg,P4,crop seedling,0.5904761904761905,0.0,1.0,0.9523809523809523,1.0,0.0,1.0,1.0,1,0.0,0.0,0.0,1.0,1.0,0.0,0.0,0,1.0,1.0,0.0,0.0,0.0,
0033.jpg,P5,plant body without background,1.1725916049387277,0.5236639758165338,1.0,0.6962092047991498,0.8674728391977676,0.3391493260860443,1.0,0.28156199123356296,1,0.4872925357588286,0.8359579356333003,0.6566341670199237,0.0364374202860196,0.0,0.8744433430939315,0.21684727044753085,1,8.726997376844256,0.8674728391977676,0.08478733152151108,0.014427743967868664,0.014206462962118693,0.408203;0.312500
0034.jpg,P1,green plant,1.0990742257872008,0.47430842465619627,1.0,0.6948195832592974,0.7940806107830279,0.26341545581817627,1.0,0.30806718735296884,1,0.4537494108838612,0.7767443236572047,0.5695488721804511,0.018562356628169453,0.0,0.8493880759980926,0.19735182773919754,1,8.784450642831503,0.7940806107830279,0.06585386395454407,0.0012120360556290338,0.012984180608034015,0.839844;0.882812;0.835938;0.455078;0.949219;0.683594
0034.jpg,P2,entire plant excluding pot,1.2004973793544835,0.6742658154594467,1.0,0.6990736485072785,0.8456342557577172,0.45521146059036255,0.08338531500968631,0.43274483149249504,1,0.4656603432915225,0.8875015638472332,0.8432330827067669,0.27680709658194275,0.0,0.8629497003235576,0.27633499710648146,1,8.609288939306609,0.8456342557577172,0.11380286514759064,0.23985038609828044,0.009243322412897197,0.789062;0.917969;0.384766;0.882812;0.429688;0.333984;0.376953;0.976562;0.792969
0034.jpg,P3,leaves and stems,1.1004951680922412,0.4757158100875136,1.0,0.6959106148326305,0.7947487376271822,0.26525866985321045,1.0,0.3051021792667627,1,0.4541684016121339,0.7775238803699133,0.5703007518796992,0.018672259836274296,0.0,0.849825860952007,0.1979077449845679,1,8.739323087937215,0.7947487376271822,0.06631466746330261,0.0012457920252253087,0.013110361943703602,0.800781;0.843750;0.781250;0.406250;0.906250;0.648438
0034.jpg,P4,crop seedling,0.5904761904761905,0.0,1.0,0.9523809523809523,1.0,0.0,1.0,1.0,1,0.0,0.0,0.0,1.0,1.0,0.0,0.0,0,1.0,1.0,0.0,0.0,0.0,
0034.jpg,P5,plant body without background,1.0991642991001105,0.47437557382012807,1.0,0.6945320997171607,0.7939685740527337,0.2632400095462799,1.0,0.3060923623445826,1,0.45394104767284993,0.7767815178616714,0.5703007518796992,0.01845480061204482,0.0,0.8494982126653258,0.19737835165895062,1,8.796365219324988,0.7939685740527337,0.06581000238656998,0.0011685047354066708,0.01306795102419776,0.482422;0.535156;0.474609;0.644531;0.406250
0035.jpg,P1,green plant,1.0941285254142157,0.47331187001875286,1.0,0.7140691366959009,0.8864446891335909,0.23139438033103943,1.0,0.24821849122540454,1,0.4330845101783587,0.7424298635483368,0.5339041095890411,0.016795519236066477,0.0,0.8216997398123336,0.1969581886574074,1,8.008492416494622,0.8864446891335909,0.05784859508275986,0.012491659780246687,0.01611483487895204,0.820312;0.894531;0.949219;0.447266;0.746094
0035.jpg,P2,entire plant excluding pot,1.1770162722496673,0.6693334041451788,1.0,0.7208351822521937,0.9079965832457912,0.41410353779792786,0.07721865022681701,0.34841901408450704,1,0.4345625307614491,0.8377342642814214,0.7842465753424658,0.27796058918929134,0.0,0.8357933145809515,0.27438669463734566,1,7.745593573154336,0.9079965832457912,0.10352588444948196,0.2590047862951931,0.01148042970763307,0.835938;0.812500;0.917969;0.535156;0.976562;0.337891;0.453125
0035.jpg,P3,leaves and stems,1.0939749964885923,0.47332835208626345,1.0,0.7146514302282493,0.8858851838565746,0.23035001754760742,1.0,0.24634583631771403,1,0.4331319997448534,0.7424378770228458,0.5342465753424658,0.016809042519330308,0.0,0.821570719810127,0.19696469907407407,1,7.985671271394912,0.8858851838565746,0.057587504386901855,0.012418406271882789,0.016237335527121192,0.773438;0.847656;0.703125;0.898438;0.412109;0.351562
0035.jpg,P4,crop seedling,0.5904761904761905,0.0,1.0,0.9523809523809523,1.0,0.0,1.0,1.0,1,0.0,0.0,0.0,1.0,1.0,0.0,0.0,0,1.0,1.0,0.0,0.0,0.0,
0035.jpg,P5,plant body without background,1.0943353351094252,0.4737123232145647,1.0,0.7143904834279904,0.886340406323665,0.23067915439605713,1.0,0.24593291215403132,1,0.43331086163696975,0.74262456129937,0.5345890410958904,0.016756352747036324,0.0,0.8219314360904088,0.19711636766975307,1,7.99589365192877,0.886340406323665,0.05766978859901428,0.012498761439103783,0.016264598198612566,0.324219
0036.jpg,P1,green plant,1.0815879737660838,0.4774238406391623,1.0,0.7202428317520733,0.8247272452212295,0.3015732765197754,0.5836925475743294,0.17493728426530722,1,0.41679453493963575,0.7180147016000855,0.5170994300189994,0.019761741996039153,0.0,0.7834001457499775,0.19858241705246912,1,7.768412427441603,0.8247272452212295,0.07539331912994385,0.03426461427872374,0.02286533723670742,0.474609;0.773438;0.875000;0.949219;0.722656;0.400391
0036.jpg,P2,entire plant excluding pot,1.16335233052599,0.6836905058407563,1.0,0.728886984768227,0.8472884677028678,0.5083858966827393,0.07119313601995814,0.24646270557029176,1,0.409701959527072,0.8074628039140734,0.7441418619379354,0.28851557377790193,0.0,0.7969911514168854,0.28005774980709874,1,7.439096071059138,0.8472884677028678,0.12709647417068481,0.2809259588507696,0.01622963600413447,0.839844;0.765625;0.902344;0.968750;0.687500;0.730469
0036.jpg,P3,leaves and stems,1.0821915588438178,0.4780333719135802,1.0,0.7213967962601052,0.8253228126499522,0.30114004015922546,0.5857806589112868,0.17547085893650413,1,0.4170129546472452,0.7182790265007883,0.5174160861304623,0.019651704940638,0.0,0.783759113506775,0.1988231819058642,1,7.72399337463767,0.8253228126499522,0.07528501003980637,0.03414247243528211,0.022795807943514084,0.437500;0.691406;0.765625;0.828125;0.601562;0.335938
0036.jpg,P4,crop seedling,0.5904761904761905,0.0,1.0,0.9523809523809523,1.0,0.0,1.0,1.0,1,0.0,0.0,0.0,1.0,1.0,0.0,0.0,0,1.0,1.0,0.0,0.0,0.0,
0036.jpg,P5,plant body without background,0.3904761904761905,0.0,1.0,0.9523809523809523,0.0,0.0,1.0,1.0,1,0.0,0.0,0.0,1.0,1.0,0.0,0.0,0,1.0,0.0,0.0,0.0,0.0,
0037.jpg,P1,green plant,1.0778029079315632,0.5145158179012346,1.0,0.7097538670505977,0.7634257387815325,0.5662137866020203,0.17662703663572493,0.13623045964837957,1,0.3670210658644861,0.6626381528552893,0.47571801566579636,0.084443127680723,0.0,0.7480140784950837,0.21323374807098766,1,8.178782713943587,0.7634257387815325,0.14155344665050507,0.11323294768992778,0.029362009130148147,0.574219;0.722656;0.937500;0.574219;0.423828
0037.jpg,P2,entire plant excluding pot,1.1448599854512427,0.7156220698546647,1.0,0.7336836977753016,0.7963997425524368,0.7470466494560242,0.057740751180074136,0.1867975837790004,1,0.34630955352355725,0.7232265076926048,0.6399477806788512,0.32507760981541717,0.0,0.7551295825357749,0.2926707175925926,1,7.259703412580404,0.7963997425524368,0.18676166236400604,0.3463758193520322,0.021413553211332682,0.843750;0.820312;0.968750;0.800781
0037.jpg,P3,leaves and stems,1.078962665025913,0.5161402172214409,1.0,0.7119610442217703,0.7631636419452306,0.569457471370697,0.17481220159935357,0.13690137366877603,1,0.3668181900740852,0.6631275443160428,0.4759791122715405,0.08599986020040948,0.0,0.7484726741471588,0.21387538580246915,1,8.09142461138668,0.7631636419452306,0.14236436784267426,0.1144084898938425,0.029218114419200348,0.511719;0.628906;0.390625;0.843750;0.453125;0.484375
0037.jpg,P4,crop seedling,0.5904761904761905,0.0,1.0,0.9523809523809523,1.0,0.0,1.0,1.0,1,0.0,0.0,0.0,1.0,1.0,0.0,0.0,0,1.0,1.0,0.0,0.0,0.0,
0037.jpg,P5,plant body without background,0.5904761904761905,0.0,1.0,0.9523809523809523,1.0,0.0,1.0,1.0,1,0.0,0.0,0.0,1.0,1.0,0.0,0.0,0,1.0,1.0,0.0,0.0,0.0,
0038.jpg,P1,green plant,1.1289618218323128,0.5729862576183777,1.0,0.7130235434835268,0.6813933595735078,0.5844982862472534,0.13145771509621865,0.13783925181070247,1,0.4185815324477794,0.7752627351416326,0.552437223042836,0.10896015328954216,0.0,0.8048892098736016,0.23632957175925925,1,8.049564678171198,0.6813933595735078,0.14612457156181335,0.15214017667476784,0.029019310156248406,0.941406
0038.jpg,P2,entire plant excluding pot,1.2126798155237157,0.7655743329035786,1.0,0.729429201873684,0.7220638493528596,0.7551133632659912,0.05605333662144433,0.18180252933644386,1,0.41824366604449315,0.8638672478388596,0.7270310192023633,0.3208708290335005,0.0,0.8128579455451711,0.31240186149691357,1,7.4186993729151816,0.7220638493528596,0.1887783408164978,0.3568030237891066,0.022001894113351954,0.968750
0038.jpg,P3,leaves and stems,1.1294848363147059,0.5744473623808407,1.0,0.7109938321872061,0.6826572267818031,0.5852274894714355,0.1312357201772518,0.1360237435968434,1,0.41881965415044886,0.7759349495312614,0.5527326440177253,0.1091685033936404,0.0,0.8050109690940892,0.2369067081404321,1,8.129639238183938,0.6826572267818031,0.1463068723678589,0.15239753302673437,0.02940663074128791,0.832031
0038.jpg,P4,crop seedling,0.5904761904761905,0.0,1.0,0.9523809523809523,1.0,0.0,1.0,1.0,1,0.0,0.0,0.0,1.0,1.0,0.0,0.0,0,1.0,1.0,0.0,0.0,0.0,
0038.jpg,P5,plant body without background,0.5904761904761905,0.0,1.0,0.9523809523809523,1.0,0.0,1.0,1.0,1,0.0,0.0,0.0,1.0,1.0,0.0,0.0,0,1.0,1.0,0.0,0.0,0.0,
0039.jpg,P1,green plant,1.1494530289682472,0.5645840658696671,1.0,0.6924356691182174,0.5715138648526561,0.7774035930633545,0.3815876087149669,0.3571273617591352,1,0.4282655903874681,0.708252006948759,0.5838189921151868,0.05378737548404188,0.0,0.914261820198814,0.23301070601851853,1,8.883549608975242,0.5715138648526561,0.19435089826583862,0.05241260340541962,0.011200485956317743,0.937500
0039.jpg,P2,entire plant excluding pot,1.2392809421909041,0.7353309599156118,1.0,0.7083421312717512,0.5581421296333192,0.9500874280929565,0.07937281430946512,0.4593732718894009,1,0.44890041240817635,0.768530616757319,0.7757970517655125,0.1762786405039926,0.0,0.9315481937652021,0.3004557291666667,1,8.23494342217394,0.5581421296333192,0.23752185702323914,0.2519754423979776,0.008707515749769272,0.976562
0039.jpg,P3,leaves and stems,1.1492401568168598,0.5647464447569932,1.0,0.6914319091455167,0.5701343724058263,0.7751139998435974,0.3857213260307864,0.35729168784364457,1,0.428954811586473,0.7083093314093003,0.5848474460061707,0.05224506728684224,0.0,0.9144752549815989,0.23307484567901235,1,8.925480203417775,0.5701343724058263,0.19377849996089935,0.05185090543426084,0.011195334613411021,0.847656
0039.jpg,P4,crop seedling,0.5904761904761905,0.0,1.0,0.9523809523809523,1.0,0.0,1.0,1.0,1,0.0,0.0,0.0,1.0,1.0,0.0,0.0,0,1.0,1.0,0.0,0.0,0.0,
0039.jpg,P5,plant body without background,0.5904761904761905,0.0,1.0,0.9523809523809523,1.0,0.0,1.0,1.0,1,0.0,0.0,0.0,1.0,1.0,0.0,0.0,0,1.0,1.0,0.0,0.0,0.0,
0040.jpg,P1,green plant,1.1806364106117992,0.5544482047976247,1.0,0.68535003497409,0.6031385397741226,0.9019944071769714,1.0,0.4987137512307187,1,0.4316501732672374,0.693934465964403,0.5653342290896876,0.03501755220913557,0.0,0.9751821460629325,0.22900704089506174,1,9.182168205121798,0.6031385397741226,0.22549860179424286,0.013244705381905326,0.00802063305880148,0.945312
0040.jpg,P2,entire plant excluding pot,1.2600026871911432,0.729354684325676,1.0,0.7089142453566888,0.613485808850509,1.0,0.0973201265053009,0.6443048859934853,1,0.4496517394845684,0.7524416448464237,0.7497480685253611,0.1474665523433582,0.0,0.9558247715676261,0.298095100308642,1,8.212157014755766,0.613485808850509,0.2711189389228821,0.2055073366443952,0.0062082409849060875,0.980469
0040.jpg,P3,leaves and stems,1.182807270169767,0.556768513634943,1.0,0.6899778583662316,0.6028861428579776,0.9062964916229248,1.0,0.49721757267631345,1,0.4316214688733516,0.6947106220254753,0.5653342290896876,0.03598594289273958,0.0,0.975083727961134,0.22992356288580246,1,8.98643740156695,0.6028861428579776,0.2265741229057312,0.01360458250789952,0.008044767964393695,0.863281
0040.jpg,P4,crop seedling,0.5904761904761905,0.0,1.0,0.9523809523809523,1.0,0.0,1.0,1.0,1,0.0,0.0,0.0,1.0,1.0,0.0,0.0,0,1.0,1.0,0.0,0.0,0.0,
0040.jpg,P5,plant body without background,1.0596254981969713,0.5538157817627753,1.0,0.6850108455063375,0.0,0.8988186120986938,1.0,0.49631284331676695,1,0.43209645032341004,0.6937229169827479,0.5656701377225395,0.03342988630781847,0.0,0.9750177048173675,0.22875723379629628,1,9.196618026122868,0.0,0.22470465302467346,0.01345575322914888,0.008059432782897053,0.382812
0041.jpg,P1,green plant,1.232847904201083,0.5651468979528051,1.0,0.6921064463182506,0.8566335598030053,0.9037105441093445,1.0,0.36828861072771407,1,0.4293284145644018,0.6931286528690246,0.5654345654345654,0.0333156201409336,0.0,0.9494985032430155,0.23323302469135804,1,8.897289002858702,0.8566335598030053,0.22592763602733612,0.01143689830284183,0.010861047242531511,0.937500
0041.jpg,P2,entire plant excluding pot,1.3143054211697311,0.7436037369120174,1.0,0.7144722099444166,0.865177431450379,1.0,0.09934278965404378,0.47971132057507376,1,0.44965474550836865,0.7514982852779895,0.7489177489177489,0.13677296479364118,0.0,0.9285704029396983,0.3037234760802469,1,7.992691278441647,0.865177431450379,0.2726108729839325,0.20132311634945008,0.008338348144890212,0.980469
0041.jpg,P3,leaves and stems,1.2349960681101932,0.5663842739099859,1.0,0.6956154185168201,0.8588133960468447,0.9045105576515198,1.0,0.36679097488292894,1,0.4299313388851591,0.6935333735857736,0.5661005661005661,0.03218331749701586,0.0,0.9495155148114118,0.23372178819444445,1,8.75151911187316,0.8588133960468447,0.22612763941287994,0.01176168972991599,0.01090539373624639,0.855469
0041.jpg,P4,crop seedling,0.5904761904761905,0.0,1.0,0.9523809523809523,1.0,0.0,1.0,1.0,1,0.0,0.0,0.0,1.0,1.0,0.0,0.0,0,1.0,1.0,0.0,0.0,0.0,
0041.jpg,P5,plant body without background,1.2313808418354644,0.5630139963275511,1.0,0.6901733490238976,0.8566481597798978,0.8957040309906006,1.0,0.3650989677052751,1,0.4302729346110748,0.6924310237697049,0.5661005661005661,0.02977318239829005,0.0,0.9495592911306319,0.23239052854938272,1,8.978227032796498,0.8566481597798978,0.22392600774765015,0.011637631385081502,0.010955933469603744,0.425781
0042.jpg,P1,green plant,1.1973339073115241,0.5765650028324738,1.0,0.6693608987409966,0.783813884420245,0.784508228302002,1.0,0.4816651196873473,1,0.43448430445238084,0.6930071434499974,0.5689598956635148,0.023266970496521946,0.0,0.964991141744057,0.23774317611882717,1,9.879247559303323,0.783813884420245,0.1961270570755005,0.010323352115204491,0.008304524941719741,0.937500
0042.jpg,P2,entire plant excluding pot,1.3150030869950453,0.7679492767424597,1.0,0.6887003212446108,0.8579445895070658,0.9931220412254333,0.10197045997147616,0.6310086798179059,1,0.4534598412511313,0.7543789160560451,0.7522008477339419,0.13247917345622318,0.0,0.9377482007627296,0.3133399643132716,1,9.040207159851828,0.8579445895070658,0.24828051030635834,0.19613523372940095,0.006339057017653553,0.980469
0042.jpg,P3,leaves and stems,1.2006787834165857,0.5788773758595093,1.0,0.6743113077888934,0.7882124151327116,0.788950502872467,1.0,0.48014383603177485,1,0.43460846308586965,0.693748659086033,0.5705901532442126,0.024538863851866596,0.0,0.9645186397735982,0.23865656346450617,1,9.659891164484817,0.7882124151327116,0.19723762571811676,0.01066423913356467,0.008330836928072714,0.855469
0042.jpg,P4,crop seedling,0.5904761904761905,0.0,1.0,0.9523809523809523,1.0,0.0,1.0,1.0,1,0.0,0.0,0.0,1.0,1.0,0.0,0.0,0,1.0,1.0,0.0,0.0,0.0,
0042.jpg,P5,plant body without background,0.3904761904761905,0.0,1.0,0.9523809523809523,0.0,0.0,1.0,1.0,1,0.0,0.0,0.0,1.0,1.0,0.0,0.0,0,1.0,0.0,0.0,0.0,0.0,
0043.jpg,P1,green plant,1.2041358359510392,0.5876104298523206,1.0,0.6644602555994458,0.8329769522857742,0.736531138420105,1.0,0.3892658105161134,1,0.4398200807195101,0.6952429602668362,0.5765124555160143,0.023842639277933394,0.0,0.9986559441661489,0.24210611979166666,1,10.099618196060364,0.8329769522857742,0.18413278460502625,0.012534578275754747,0.010275754746342982,0.929688
0043.jpg,P2,entire plant excluding pot,1.3178744238103708,0.7854285093373964,1.0,0.6786868560062743,0.8749564281073583,0.9535684585571289,0.09953288117810169,0.5110107733743748,1,0.4593463734087392,0.7582563283268817,0.7612423164024588,0.13218790212006923,0.0,0.9658941217790881,0.3202442611882716,1,9.468671483767627,0.8749564281073583,0.23839211463928223,0.20093862212440622,0.007827623620509337,0.972656
0043.jpg,P3,leaves and stems,1.2054912124591475,0.5890034697804344,1.0,0.6651807757547813,0.8350007768022041,0.7383759021759033,1.0,0.3902072508724312,1,0.43997902755648294,0.6956867020013686,0.5771594953089615,0.024074757699773786,0.0,0.9982240001032302,0.2426563705632716,1,10.067014455289963,0.8350007768022041,0.18459397554397583,0.01282065932690048,0.010250962766726504,0.839844
0043.jpg,P4,crop seedling,0.5904761904761905,0.0,1.0,0.9523809523809523,1.0,0.0,1.0,1.0,1,0.0,0.0,0.0,1.0,1.0,0.0,0.0,0,1.0,1.0,0.0,0.0,0.0,
0043.jpg,P5,plant body without background,1.0373645520488692,0.5873360339506173,1.0,0.6639432897883615,0.0,0.7364303469657898,1.0,0.3919980470657162,1,0.43982261790791544,0.695155553645595,0.5768359754124879,0.02391409836261587,0.0,0.9986192806649419,0.24199773341049383,1,10.123054645789402,0.0,0.18410758674144745,0.012673709886181227,0.0102041324693881,0.304688
0044.jpg,P1,green plant,1.1407981535713072,0.5318634991795592,1.0,0.6438415163945359,0.6798343129719815,0.6759721040725708,0.7766190891493481,0.42980328447819177,1,0.43449586704757776,0.6972632067155088,0.5894563426688633,0.026320719678419178,0.0,0.9224781892028004,0.22008608217592593,1,11.063545128308123,0.6798343129719815,0.1689930260181427,0.02575265053284557,0.009306583138042446,0.917969
0044.jpg,P2,entire plant excluding pot,1.267714718434464,0.7409614173112986,1.0,0.6698472954151904,0.7215596585523025,0.8923019170761108,0.08146352543395835,0.5865764018691589,1,0.46278066076348345,0.7712919392412526,0.7818780889621088,0.14637288208505955,0.0,0.960022906413834,0.30267975983796297,1,9.857551320862516,0.7215596585523025,0.2230754792690277,0.24550864811533105,0.006819231028138489,0.976562
0044.jpg,P3,leaves and stems,1.1432103504668087,0.5345461082786372,1.0,0.6458362582606096,0.6822319562676364,0.6798794865608215,0.7701034909838991,0.4313140908823702,1,0.4347115885932678,0.698212953863836,0.5894563426688633,0.027030902194931938,0.0,0.9234418371900942,0.22114571277006173,1,10.967601685703968,0.6822319562676364,0.16996987164020538,0.02597053543342287,0.009273984051429696,0.812500
0044.jpg,P4,crop seedling,0.5904761904761905,0.0,1.0,0.9523809523809523,1.0,0.0,1.0,1.0,1,0.0,0.0,0.0,1.0,1.0,0.0,0.0,0,1.0,1.0,0.0,0.0,0.0,
0044.jpg,P5,plant body without background,0.3904761904761905,0.0,1.0,0.9523809523809523,0.0,0.0,1.0,1.0,1,0.0,0.0,0.0,1.0,1.0,0.0,0.0,0,1.0,0.0,0.0,0.0,0.0,
0045.jpg,P1,green plant,1.1390922508400472,0.4811292535943116,1.0,0.658929327128142,0.7740711024587327,0.6591572761535645,1.0,0.9404914269519625,1,0.42443485897309696,0.684845219079966,0.5562189054726369,0.026730558525416722,0.0,0.9263879686765926,0.20004605516975307,1,10.352268713197827,0.7740711024587327,0.1647893190383911,0.012962991980772175,0.004253095653368787,0.929688
0045.jpg,P2,entire plant excluding pot,1.248003048280241,0.6741571559032661,1.0,0.680883876912856,0.8212166008930447,0.8134822249412537,0.08530487203396298,1.0,1,0.45005507655015675,0.7552975582671809,0.7575456053067994,0.15553849866276967,0.0,0.9600427180025046,0.2762920765817901,1,9.373584363137638,0.8212166008930447,0.20337055623531342,0.23445319737467366,0.0031130041449994915,0.972656
0045.jpg,P3,leaves and stems,1.141376793141692,0.4837557015744647,1.0,0.6624535127137513,0.7762572154435979,0.6596812009811401,1.0,0.9254359827992787,1,0.42494726699910135,0.6858038338799091,0.5572139303482587,0.026964380253341542,0.0,0.9270673175444909,0.2010835021219136,1,10.190797718121658,0.7762572154435979,0.16492030024528503,0.01306339174526506,0.004322287088838618,0.753906
0045.jpg,P4,crop seedling,0.5904761904761905,0.0,1.0,0.9523809523809523,1.0,0.0,1.0,1.0,1,0.0,0.0,0.0,1.0,1.0,0.0,0.0,0,1.0,1.0,0.0,0.0,0.0,
0045.jpg,P5,plant body without background,0.5904761904761905,0.0,1.0,0.9523809523809523,1.0,0.0,1.0,1.0,1,0.0,0.0,0.0,1.0,1.0,0.0,0.0,0,1.0,1.0,0.0,0.0,0.0,
0046.jpg,P1,green plant,1.1212867516237208,0.465387658227848,1.0,0.6679039163813739,0.8287508438580012,0.5305691361427307,1.0,0.6228934521503293,1,0.4227644407017302,0.6818791902271193,0.5581317204301075,0.019738282552336027,0.0,0.8956449921051994,0.193828125,1,9.944426899542204,0.8287508438580012,0.13264228403568268,0.01843579102412906,0.006421644000577226,0.937500
0046.jpg,P2,entire plant excluding pot,1.231494457106423,0.6727418346616658,1.0,0.6964946654523353,0.8631643197646384,0.7066893577575684,0.07918153963335468,0.8769325153374233,1,0.4436764215791814,0.7587348933481067,0.7654569892473119,0.17546304393451798,0.0,0.9297586402318336,0.275733024691358,1,8.715223521505498,0.8631643197646384,0.1766723394393921,0.25258412620680004,0.004561354414439625,0.964844
0046.jpg,P3,leaves and stems,1.1221948761835745,0.46504763927957493,1.0,0.6748674368729553,0.8269328622854452,0.5276020765304565,1.0,0.6208981642512078,1,0.4233048731898882,0.6817531624046108,0.5594758064516129,0.01860231772703903,0.0,0.8956631650509581,0.1936938175154321,1,9.635449730203872,0.8269328622854452,0.13190051913261414,0.01883386635162775,0.006442280280895869,0.585938
0046.jpg,P4,crop seedling,0.5904761904761905,0.0,1.0,0.9523809523809523,1.0,0.0,1.0,1.0,1,0.0,0.0,0.0,1.0,1.0,0.0,0.0,0,1.0,1.0,0.0,0.0,0.0,
0046.jpg,P5,plant body without background,0.5904761904761905,0.0,1.0,0.9523809523809523,1.0,0.0,1.0,1.0,1,0.0,0.0,0.0,1.0,1.0,0.0,0.0,0,1.0,1.0,0.0,0.0,0.0,
0047.jpg,P1,green plant,1.0127999217366308,0.4088822472261291,1.0,0.7151356215926514,0.6011167800213888,0.39911094307899475,0.4461463674711076,0.28856635732035096,1,0.38795080335279786,0.6755914373746996,0.5522017045454546,0.08366325497694298,0.0,0.7719646994655409,0.171508487654321,1,7.966723228607681,0.6011167800213888,0.09977773576974869,0.044828337644809355,0.01386162973793724,0.914062
0047.jpg,P2,entire plant excluding pot,1.1147142800395808,0.6053097285708704,1.0,0.7402788688354518,0.628210628366973,0.48297062516212463,0.062458732181265526,0.41120768235645344,1,0.4233603098524969,0.7550273812342205,0.7819602272727273,0.2094982220236744,0.0,0.811973521185312,0.24909734278549384,1,7.016845734719431,0.628210628366973,0.12074265629053116,0.3202114308365515,0.009727444723497698,0.941406
0047.jpg,P3,leaves and stems,1.0155494855909448,0.4120715272894202,1.0,0.7244148040348025,0.6018646365165626,0.403769314289093,0.44200024675364735,0.2747201533668824,1,0.3871254291649693,0.676881193117254,0.5525568181818182,0.08808737418955498,0.0,0.7718299655806957,0.172768253279321,1,7.608491555673885,0.6018646365165626,0.10094232857227325,0.045248843517381954,0.01456027142886053,0.566406
0047.jpg,P4,crop seedling,0.5904761904761905,0.0,1.0,0.9523809523809523,1.0,0.0,1.0,1.0,1,0.0,0.0,0.0,1.0,1.0,0.0,0.0,0,1.0,1.0,0.0,0.0,0.0,
0047.jpg,P5,plant body without background,0.5904761904761905,0.0,1.0,0.9523809523809523,1.0,0.0,1.0,1.0,1,0.0,0.0,0.0,1.0,1.0,0.0,0.0,0,1.0,1.0,0.0,0.0,0.0,
0048.jpg,P1,green plant,0.9720391998549025,0.3698359240701672,1.0,0.7263591625608874,0.6773324345396059,0.11844802647829056,1.0,0.5896757002960601,1,0.3936440903251122,0.656441476114463,0.49930118798043327,0.03847345154958973,0.0,0.8555739531344907,0.15608519000771606,1,7.534587612947597,0.6773324345396059,0.02961200661957264,0.001661474719090275,0.006783389578359273,0.878906
0048.jpg,P2,entire plant excluding pot,1.04871660858925,0.5514600670026566,1.0,0.7337936122803976,0.6694579598913024,0.1599082201719284,0.07890969602191465,0.8556422911478379,1,0.4257926367199932,0.7283467725856171,0.7344514325646401,0.17062570183617806,0.0,0.8985771900424546,0.22782672646604937,1,7.25562019795505,0.6694579598913024,0.0399770550429821,0.2534542775889751,0.004674850742398473,0.968750
0048.jpg,P3,leaves and stems,0.9726141749772871,0.3704127964330364,1.0,0.7278508704340193,0.6770184503658739,0.11914683878421783,1.0,0.5904020947176685,1,0.39372838377385766,0.6566698608303295,0.4996505939902166,0.03879838614509731,0.0,0.8559634140853253,0.15631305459104938,1,7.478156326273193,0.6770184503658739,0.02978670969605446,0.0015950353368200949,0.006775043713069495,0.781250
0048.jpg,P4,crop seedling,0.5904761904761905,0.0,1.0,0.9523809523809523,1.0,0.0,1.0,1.0,1,0.0,0.0,0.0,1.0,1.0,0.0,0.0,0,1.0,1.0,0.0,0.0,0.0,
0048.jpg,P5,plant body without background,0.5904761904761905,0.0,1.0,0.9523809523809523,1.0,0.0,1.0,1.0,1,0.0,0.0,0.0,1.0,1.0,0.0,0.0,0,1.0,1.0,0.0,0.0,0.0,
0049.jpg,P1,green plant,0.998706777538465,0.36083335775121095,1.0,0.7214389156670967,0.8511693060242149,0.06777036190032959,1.0,1.0,1,0.3984643892698946,0.651671343788603,0.48639218422889047,0.01868887030505763,0.0,0.8843548687420055,0.15252917631172838,1,7.722374778613786,0.8511693060242149,0.016942590475082397,0.0,0.003481833602342195,0.937500
0049.jpg,P2,entire plant excluding pot,1.066758147913907,0.5431454743905297,1.0,0.7303740132382915,0.8610486980553911,0.1159687414765358,0.08270751317253186,1.0,1,0.4166507624817575,0.723279623157604,0.7257501744591766,0.1997154278381375,0.0,0.9278249132538553,0.22454246238425926,1,7.383230560634432,0.8610486980553911,0.02899218536913395,0.24181599993556857,0.002349599585491115,0.953125
0049.jpg,P3,leaves and stems,1.0000979997745563,0.3623860295553992,1.0,0.7243937126312188,0.853908903247801,0.06863315403461456,1.0,1.0,1,0.39823363988074967,0.6522811998879793,0.4874389392882066,0.02085693479501663,0.0,0.8845329128658472,0.1531424816743827,1,7.6092954028464765,0.853908903247801,0.01715828850865364,0.0,0.0035096144383869,0.574219
0049.jpg,P4,crop seedling,0.5904761904761905,0.0,1.0,0.9523809523809523,1.0,0.0,1.0,1.0,1,0.0,0.0,0.0,1.0,1.0,0.0,0.0,0,1.0,1.0,0.0,0.0,0.0,
0049.jpg,P5,plant body without background,0.5904761904761905,0.0,1.0,0.9523809523809523,1.0,0.0,1.0,1.0,1,0.0,0.0,0.0,1.0,1.0,0.0,0.0,0,1.0,1.0,0.0,0.0,0.0,
0050.jpg,P1,green plant,1.0064568615700704,0.3637415269964056,1.0,0.7160772165700807,0.8970664905893759,0.07405182719230652,1.0,1.0,1,0.39626944930043656,0.6499147085223733,0.4825418994413408,0.017814862873882256,0.0,0.8728621828032922,0.15367790316358024,1,7.929948806076346,0.8970664905893759,0.01851295679807663,0.0,0.002845451279001715,0.855469
0050.jpg,P2,entire plant excluding pot,1.073931723376829,0.5524489910532895,1.0,0.7247017519077531,0.9238373972411158,0.12154329568147659,0.08139079211858667,1.0,1,0.409425436200102,0.7226288686953461,0.7300977653631285,0.22264314611347724,0.0,0.9188067822541088,0.22821735146604938,1,7.597559889086329,0.9238373972411158,0.030385823920369148,0.24572804219499336,0.0018817428679198235,0.957031
0050.jpg,P3,leaves and stems,1.0067956397796665,0.36470023392326933,1.0,0.7163500356899616,0.897325311252755,0.07404793053865433,1.0,1.0,1,0.3963109374987386,0.6502841245885969,0.482891061452514,0.018335319809642613,0.0,0.8729169877416989,0.15405659239969136,1,7.919311793900797,0.897325311252755,0.018511982634663582,0.0,0.003074799245895507,0.675781
0050.jpg,P4,crop seedling,0.5904761904761905,0.0,1.0,0.9523809523809523,1.0,0.0,1.0,1.0,1,0.0,0.0,0.0,1.0,1.0,0.0,0.0,0,1.0,1.0,0.0,0.0,0.0,
0050.jpg,P5,plant body without background,0.5904761904761905,0.0,1.0,0.9523809523809523,1.0,0.0,1.0,1.0,1,0.0,0.0,0.0,1.0,1.0,0.0,0.0,0,1.0,1.0,0.0,0.0,0.0,
0051.jpg,P1,green plant,0.9855863976734314,0.3680442622870761,1.0,0.7214555452689908,0.7998890616936347,0.09253791719675064,1.0,0.42185368248772503,1,0.38920104038414083,0.6489343285686385,0.4875917511359664,0.02776460838804342,0.0,0.8263689269705643,0.15537748360339507,1,7.721735775893312,0.7998890616936347,0.02313447929918766,0.0,0.009481960608738767,0.898438
0051.jpg,P2,entire plant excluding pot,1.050100377472008,0.5677174900375058,1.0,0.7279797866468062,0.7983225739909894,0.13727109134197235,0.0752607369389435,0.629091792132103,1,0.4038421890685532,0.7245346535339983,0.7476406850751486,0.23857845029465505,0.0,0.8725327210652363,0.23424840856481483,1,7.473290284780111,0.7983225739909894,0.03431777283549309,0.2657428137625775,0.006358372577781209,0.937500
0051.jpg,P3,leaves and stems,0.986674632697748,0.36928163824425686,1.0,0.7232401512895598,0.8012113534253947,0.09248725324869156,1.0,0.41512948542987876,1,0.38943055345616745,0.649402824147746,0.48829080740999653,0.027924292455931504,0.0,0.826245074074364,0.15586624710648148,1,7.653331973258642,0.8012113534253947,0.02312181331217289,0.0,0.009635547799881964,0.472656
0051.jpg,P4,crop seedling,0.5904761904761905,0.0,1.0,0.9523809523809523,1.0,0.0,1.0,1.0,1,0.0,0.0,0.0,1.0,1.0,0.0,0.0,0,1.0,1.0,0.0,0.0,0.0,
0051.jpg,P5,plant body without background,0.5904761904761905,0.0,1.0,0.9523809523809523,1.0,0.0,1.0,1.0,1,0.0,0.0,0.0,1.0,1.0,0.0,0.0,0,1.0,1.0,0.0,0.0,0.0,
0052.jpg,P1,green plant,0.9807486980538342,0.37406662662134704,1.0,0.7471089672631785,0.7797013522199183,0.10439086705446243,1.0,0.18588542813509962,1,0.37969513542205297,0.648894421138849,0.4926367461430575,0.04451988316339242,0.0,0.7726343866672324,0.1577563175154321,1,6.769856709476153,0.7797013522199183,0.026097716763615608,0.0004042815633850824,0.02151863134259691,0.941406
0052.jpg,P2,entire plant excluding pot,1.0561643834797771,0.5844336639513986,1.0,0.7481085873317067,0.7728400093755665,0.15296871960163116,0.06886755768216463,0.2774317952991008,1,0.4044941874277167,0.7273215745079749,0.7671809256661991,0.232869820900558,0.0,0.8170001600017712,0.24085129726080248,1,6.734086920903266,0.7728400093755665,0.03824217990040779,0.29041250587545686,0.014417958099170203,0.886719
0052.jpg,P3,leaves and stems,0.3904761904761905,0.0,1.0,0.9523809523809523,0.0,0.0,1.0,1.0,1,0.0,0.0,0.0,1.0,1.0,0.0,0.0,0,1.0,0.0,0.0,0.0,0.0,
0052.jpg,P4,crop seedling,0.5904761904761905,0.0,1.0,0.9523809523809523,1.0,0.0,1.0,1.0,1,0.0,0.0,0.0,1.0,1.0,0.0,0.0,0,1.0,1.0,0.0,0.0,0.0,
0052.jpg,P5,plant body without background,0.5904761904761905,0.0,1.0,0.9523809523809523,1.0,0.0,1.0,1.0,1,0.0,0.0,0.0,1.0,1.0,0.0,0.0,0,1.0,1.0,0.0,0.0,0.0,
0053.jpg,P1,green plant,1.0059663615516659,0.3813868011603375,1.0,0.7419621773617052,0.8970734752311028,0.11648054420948029,1.0,0.18671949553336836,1,0.3785857619591405,0.6491719220123566,0.48991655076495133,0.0463640272965312,0.0,0.7709981830608383,0.16064778645833333,1,6.955551927345798,0.8970734752311028,0.02912013605237007,0.0,0.021422508606152302,0.906250
0053.jpg,P2,entire plant excluding pot,1.0890850683721403,0.5998642365994686,1.0,0.7456274140911903,0.9224220302751409,0.16713307797908783,0.06753287174414771,0.28372365550438067,1,0.4020757165831629,0.7293057749170109,0.7750347705146036,0.2465077880281525,0.0,0.8126477307802628,0.24694637345679013,1,6.82304810959378,0.9224220302751409,0.04178326949477196,0.29615207355273127,0.014098225235710882,0.882812
0053.jpg,P3,leaves and stems,0.8268871692149059,0.3819984689990623,1.0,0.7424637359283744,0.0,0.1164979413151741,1.0,0.18619149604101992,1,0.37869513996638376,0.6493962714995994,0.48991655076495133,0.046288407253456586,0.0,0.7710798797986972,0.16088939525462964,1,6.937342569320318,0.0,0.029124485328793526,0.0,0.021483258285430816,0.726562
0053.jpg,P4,crop seedling,0.5904761904761905,0.0,1.0,0.9523809523809523,1.0,0.0,1.0,1.0,1,0.0,0.0,0.0,1.0,1.0,0.0,0.0,0,1.0,1.0,0.0,0.0,0.0,
0053.jpg,P5,plant body without background,0.5904761904761905,0.0,1.0,0.9523809523809523,1.0,0.0,1.0,1.0,1,0.0,0.0,0.0,1.0,1.0,0.0,0.0,0,1.0,1.0,0.0,0.0,0.0,
0054.jpg,P1,green plant,0.999147222108576,0.39080141916705724,1.0,0.7165851926043123,0.8531827487169052,0.11884479224681854,1.0,0.21248784289276806,1,0.3832643915615573,0.6504865760810894,0.4829838432451014,0.03417021070590807,0.0,0.7890806136083016,0.16436656057098764,1,7.910149702247203,0.8531827487169052,0.029711198061704636,0.0,0.01882460636592089,0.914062
0054.jpg,P2,entire plant excluding pot,1.0973710413207398,0.6161747685185184,1.0,0.7241477572650764,0.8778012164584786,0.17626357078552246,0.06897999238555355,0.32405041822456926,1,0.4184935787152206,0.7319915191094888,0.7775867995874871,0.20282531843118223,0.0,0.8317851863050645,0.2533890335648148,1,7.61867284590504,0.8778012164584786,0.044065892696380615,0.2899391447916221,0.012343758177864692,0.968750
0054.jpg,P3,leaves and stems,0.9991598180613446,0.39116005674714793,1.0,0.7160576150535082,0.8529084858957433,0.11874952167272568,1.0,0.21055427821927322,1,0.3833846821875196,0.6506162752474605,0.4829838432451014,0.03399714326964442,0.0,0.7893103704768349,0.16450822241512345,1,7.930713366557072,0.8529084858957433,0.02968738041818142,0.0,0.018997476725855753,0.730469
0054.jpg,P4,crop seedling,0.5904761904761905,0.0,1.0,0.9523809523809523,1.0,0.0,1.0,1.0,1,0.0,0.0,0.0,1.0,1.0,0.0,0.0,0,1.0,1.0,0.0,0.0,0.0,
0054.jpg,P5,plant body without background,0.5904761904761905,0.0,1.0,0.9523809523809523,1.0,0.0,1.0,1.0,1,0.0,0.0,0.0,1.0,1.0,0.0,0.0,0,1.0,1.0,0.0,0.0,0.0,
0055.jpg,P1,green plant,0.9721718532013393,0.3839793693350523,1.0,0.6804165731972901,0.6658040822561808,0.14021354913711548,1.0,0.7422006365020063,1,0.39808913841621146,0.6500116230758439,0.47484493452791177,0.011342527168745634,0.0,0.8851574027526566,0.16167185088734567,1,9.3937578651555,0.6658040822561808,0.03505338728427887,0.0,0.005389378293788606,0.933594
0055.jpg,P2,entire plant excluding pot,1.0687406295728423,0.5955465453586497,1.0,0.704543911905164,0.6695264226354132,0.1828562170267105,0.07801223036344007,1.0,1,0.43824601018765474,0.7275534241984161,0.7498277050310131,0.1462583930395659,0.0,0.925108427244965,0.24524088541666667,1,8.387158929409816,0.6695264226354132,0.04571405425667763,0.25637005770537324,0.0035946642440045505,0.968750
0055.jpg,P3,leaves and stems,0.9713673583699544,0.3841643347593374,1.0,0.6811860327001754,0.6657591215669281,0.13996224105358124,1.0,0.7291179347826087,1,0.39715301235394995,0.6500794150292747,0.468986905582357,0.011014649177795982,0.0,0.8851196884221836,0.16174491222993828,1,9.360555031819063,0.6657591215669281,0.03499056026339531,0.0,0.005486080933110809,0.574219
0055.jpg,P4,crop seedling,0.5904761904761905,0.0,1.0,0.9523809523809523,1.0,0.0,1.0,1.0,1,0.0,0.0,0.0,1.0,1.0,0.0,0.0,0,1.0,1.0,0.0,0.0,0.0,
0055.jpg,P5,plant body without background,0.5904761904761905,0.0,1.0,0.9523809523809523,1.0,0.0,1.0,1.0,1,0.0,0.0,0.0,1.0,1.0,0.0,0.0,0,1.0,1.0,0.0,0.0,0.0,
0056.jpg,P1,green plant,0.9897521837475958,0.3731927718198156,1.0,0.6882796986296887,0.7395364000312862,0.22032082080841064,1.0,0.949895234630775,1,0.3854862454897555,0.644347443653761,0.38719068413391555,0.014058336543786108,0.0,0.9448781802997025,0.15741114486882715,1,9.057954258738771,0.7395364000312862,0.05508020520210266,0.0,0.004210990701047999,0.945312
0056.jpg,P2,entire plant excluding pot,1.0746620196368395,0.573981896585404,1.0,0.704108883930405,0.7662150836075924,0.2331112027168274,0.07785662454250945,1.0,1,0.41917860626879383,0.7170769938678115,0.617467248908297,0.13764786292051742,0.0,0.9835191248772157,0.23672284915123457,1,8.404697705783843,0.7662150836075924,0.05827780067920685,0.25688244407616295,0.00282815051281555,0.964844
0056.jpg,P3,leaves and stems,0.989536648521174,0.37312104430379744,1.0,0.6881567524994114,0.7392166808810369,0.21912741661071777,1.0,0.9452541636495294,1,0.3856122696621813,0.6443214626152757,0.386608442503639,0.013238894557666792,0.0,0.9448190646347993,0.1573828125,1,9.063145754741551,0.7392166808810369,0.05478185415267944,0.0,0.004231666099788876,0.820312
0056.jpg,P4,crop seedling,0.5904761904761905,0.0,1.0,0.9523809523809523,1.0,0.0,1.0,1.0,1,0.0,0.0,0.0,1.0,1.0,0.0,0.0,0,1.0,1.0,0.0,0.0,0.0,
0056.jpg,P5,plant body without background,0.5904761904761905,0.0,1.0,0.9523809523809523,1.0,0.0,1.0,1.0,1,0.0,0.0,0.0,1.0,1.0,0.0,0.0,0,1.0,1.0,0.0,0.0,0.0,
0057.jpg,P1,green plant,1.034285773645851,0.3730981525433661,1.0,0.6768377287041067,0.8625085333848844,0.23739981651306152,1.0,1.0,1,0.4043169274167674,0.6509145252286689,0.46270232230823366,0.012092810887130444,0.0,0.9683826883739038,0.15737377025462962,1,9.549180182807753,0.8625085333848844,0.05934995412826538,0.0,0.003719391628572589,0.960938
0057.jpg,P2,entire plant excluding pot,1.1358512288793918,0.5705380601461165,1.0,0.6940379682622754,0.8953623060729874,0.24815529584884644,0.0781049793054058,1.0,1,0.4542325028133467,0.7257023199049738,0.7392681210415201,0.10867071920729068,0.0,0.9976964482131951,0.23536253375771604,1,8.816867253063664,0.8953623060729874,0.06203882396221161,0.2560656206283094,0.0024930962185564834,0.964844
0057.jpg,P3,leaves and stems,1.0356778198322232,0.374312941963588,1.0,0.6800885662559071,0.864053742298748,0.2371922880411148,1.0,1.0,1,0.40454831212035147,0.6513746724341533,0.46340605207600283,0.012101113494910644,0.0,0.9678442144319047,0.1578536120756173,1,9.407934484336415,0.864053742298748,0.0592980720102787,0.0,0.0037592578024457325,0.687500
0057.jpg,P4,crop seedling,0.5904761904761905,0.0,1.0,0.9523809523809523,1.0,0.0,1.0,1.0,1,0.0,0.0,0.0,1.0,1.0,0.0,0.0,0,1.0,1.0,0.0,0.0,0.0,
0057.jpg,P5,plant body without background,0.5904761904761905,0.0,1.0,0.9523809523809523,1.0,0.0,1.0,1.0,1,0.0,0.0,0.0,1.0,1.0,0.0,0.0,0,1.0,1.0,0.0,0.0,0.0,
0058.jpg,P1,green plant,1.0057597654426864,0.35952242293717773,1.0,0.6477590816697718,0.7932637410709419,0.2815350890159607,1.0,0.5087634419449208,1,0.38934369850391587,0.6358413494377989,0.419929958611907,0.009280298974574948,0.0,0.939959233429155,0.15201135706018518,1,10.875676722964139,0.7932637410709419,0.07038377225399017,0.0,0.007862200131182074,0.941406
0058.jpg,P2,entire plant excluding pot,1.1066057954197832,0.5553180916940147,1.0,0.6725257616911472,0.8249759006709935,0.289991170167923,0.07889704083113866,0.764677318862426,1,0.4380436105749675,0.7049537737137853,0.6644380770455269,0.083995592763806,0.0,0.9690961373608962,0.2293506462191358,1,9.73863774334471,0.8249759006709935,0.07249779254198074,0.25349493199378026,0.00523096461910314,0.933594
0058.jpg,P3,leaves and stems,1.0055704493153854,0.36166081858493515,1.0,0.6470496312691107,0.794626461574458,0.2810857892036438,1.0,0.5054211680287024,1,0.38868590918895596,0.6365961654570504,0.4157911493155046,0.009415159060739883,0.0,0.9385939212041947,0.1528560233410494,1,10.909530016688798,0.794626461574458,0.07027144730091095,0.0,0.007914191674245119,0.542969
0058.jpg,P4,crop seedling,0.5904761904761905,0.0,1.0,0.9523809523809523,1.0,0.0,1.0,1.0,1,0.0,0.0,0.0,1.0,1.0,0.0,0.0,0,1.0,1.0,0.0,0.0,0.0,
0058.jpg,P5,plant body without background,0.5904761904761905,0.0,1.0,0.9523809523809523,1.0,0.0,1.0,1.0,1,0.0,0.0,0.0,1.0,1.0,0.0,0.0,0,1.0,1.0,0.0,0.0,0.0,
0059.jpg,P1,green plant,0.9693515237523513,0.3466563379043599,1.0,0.6325439927239429,0.7211401369119429,0.2627324163913727,1.0,0.26444396224368016,1,0.37673694696602766,0.6242492934136425,0.41728,0.024240783135990283,0.0,0.9041152921204989,0.14692925347222222,1,11.618354185727714,0.7211401369119429,0.06568310409784317,0.0,0.015126078001788806,0.953125
0059.jpg,P2,entire plant excluding pot,1.0676674841388554,0.5374820528598219,1.0,0.6565452412514269,0.7665155674049987,0.2790306806564331,0.07124245128835209,0.3898699651125912,1,0.41975277570431924,0.6879904074313249,0.66272,0.11186513295261648,0.0,0.932260729891405,0.22230541087962963,1,10.462485664930606,0.7665155674049987,0.06975767016410828,0.28073149699819405,0.010259831117908335,0.914062
0059.jpg,P3,leaves and stems,0.9703563846039103,0.34852003242694174,1.0,0.6346859171091694,0.7222784573981117,0.2633892893791199,1.0,0.25312239731335573,1,0.37658164534124167,0.6248718193928363,0.416,0.024429374361118097,0.0,0.9032532086208438,0.14766541280864198,1,11.511649243920266,0.7222784573981117,0.06584732234477997,0.0,0.01580263162191908,0.406250
0059.jpg,P4,crop seedling,0.5904761904761905,0.0,1.0,0.9523809523809523,1.0,0.0,1.0,1.0,1,0.0,0.0,0.0,1.0,1.0,0.0,0.0,0,1.0,1.0,0.0,0.0,0.0,
0059.jpg,P5,plant body without background,0.5904761904761905,0.0,1.0,0.9523809523809523,1.0,0.0,1.0,1.0,1,0.0,0.0,0.0,1.0,1.0,0.0,0.0,0,1.0,1.0,0.0,0.0,0.0,
0060.jpg,P1,green plant,0.9953377906888113,0.3182974146350993,1.0,0.627890871857474,0.8184221201330658,0.30913278460502625,1.0,0.2710105922002889,1,0.3805891524426782,0.6263599278775787,0.43171806167400884,0.01906947906247946,0.0,0.8937477030294791,0.1357274787808642,1,11.852668825769824,0.8184221201330658,0.07728319615125656,0.0,0.014759570714652444,0.957031
0060.jpg,P2,entire plant excluding pot,1.097371504357665,0.508247443448195,1.0,0.6585414476130427,0.8625715316855033,0.31037795543670654,0.07127008168232568,0.4193364917541229,1,0.4294238287209757,0.6962117994508208,0.6892578786851915,0.10123739423571414,0.0,0.9205449902056819,0.21075774016203705,1,10.370146135056862,0.8625715316855033,0.07759448885917664,0.28062266140154873,0.009538878868537375,0.968750
0060.jpg,P3,leaves and stems,0.9961751336233848,0.32017881211908106,1.0,0.6283986102114729,0.8196107437684722,0.3102450966835022,1.0,0.2700726513569937,1,0.38048848106687916,0.6270517895016621,0.4320569298542867,0.020313761659166284,0.0,0.8934423586527573,0.13647063078703703,1,11.826932260829581,0.8196107437684722,0.07756127417087555,0.0,0.014810829530134937,0.820312
0060.jpg,P4,crop seedling,0.5904761904761905,0.0,1.0,0.9523809523809523,1.0,0.0,1.0,1.0,1,0.0,0.0,0.0,1.0,1.0,0.0,0.0,0,1.0,1.0,0.0,0.0,0.0,
0060.jpg,P5,plant body without background,0.5904761904761905,0.0,1.0,0.9523809523809523,1.0,0.0,1.0,1.0,1,0.0,0.0,0.0,1.0,1.0,0.0,0.0,0,1.0,1.0,0.0,0.0,0.0,
0061.jpg,P1,green plant,0.9635052895980045,0.3212638815635255,1.0,0.6214491574701315,0.6141771909736995,0.29820409417152405,1.0,0.39796617891877684,1,0.39248642476222834,0.6273092307340431,0.4455617198335645,0.0002650821622602261,0.0,0.9280660908394974,0.1368992332175926,1,12.18284192614945,0.6141771909736995,0.07455102354288101,0.0,0.010051105375003193,0.326172;0.953125
0061.jpg,P2,entire plant excluding pot,1.076272885953474,0.5057662818409125,1.0,0.6445451919268553,0.7075682801828735,0.27669253945350647,0.08426032866748506,0.6051578123641422,1,0.44935842727264447,0.6950824311227773,0.7094313453536755,0.05625754319015161,0.0,0.9525919717305638,0.2097776813271605,1,11.029631824900267,0.7075682801828735,0.06917313486337662,0.23735962482327383,0.0066098460901849445,0.964844
0061.jpg,P3,leaves and stems,0.9639401825384807,0.32284921227926233,1.0,0.6205763516690543,0.6164405679011117,0.29709556698799133,1.0,0.3989127469837384,1,0.39254784277099675,0.6278915696961298,0.44521497919556174,0.00023406864786344416,0.0,0.9271731771650926,0.13752543885030863,1,12.228105286657376,0.6164405679011117,0.07427389174699783,0.0,0.010027255409221253,0.474609;0.500000;0.867188
0061.jpg,P4,crop seedling,0.5904761904761905,0.0,1.0,0.9523809523809523,1.0,0.0,1.0,1.0,1,0.0,0.0,0.0,1.0,1.0,0.0,0.0,0,1.0,1.0,0.0,0.0,0.0,
0061.jpg,P5,plant body without background,0.5904761904761905,0.0,1.0,0.9523809523809523,1.0,0.0,1.0,1.0,1,0.0,0.0,0.0,1.0,1.0,0.0,0.0,0,1.0,1.0,0.0,0.0,0.0,
0062.jpg,P1,green plant,0.9611177534353106,0.3203668297780903,1.0,0.5993843107660136,0.5972690741557145,0.31366831064224243,1.0,0.730918360761536,1,0.3949800483668984,0.6285039210693883,0.43312101910828027,0.0,0.0,0.9704189255312203,0.13654489776234568,1,13.367573426204608,0.5972690741557145,0.07841707766056061,0.0,0.005472567409351221,0.933594
0062.jpg,P2,entire plant excluding pot,1.0774840161120793,0.5037975904438193,1.0,0.6277359354957073,0.6726168348508108,0.2827897071838379,0.10275358238371146,1.0,1,0.4600960025172443,0.6966922685561505,0.686221924237345,0.023101994196812286,0.0,0.9966436041891321,0.20900004822530865,1,11.86053062934258,0.6726168348508108,0.07069742679595947,0.19464041579897665,0.0035246000934509355,0.972656
0062.jpg,P3,leaves and stems,0.9617783267085309,0.32146685517268325,1.0,0.601101700708067,0.5983108897838385,0.3134804368019104,1.0,0.7340733322565014,1,0.3949063502152312,0.6289128432892959,0.43211532014750254,0.0,0.0,0.9700609743742721,0.13697940779320988,1,13.272239916208896,0.5983108897838385,0.0783701092004776,0.0,0.005449046878878188,0.839844
0062.jpg,P4,crop seedling,0.5904761904761905,0.0,1.0,0.9523809523809523,1.0,0.0,1.0,1.0,1,0.0,0.0,0.0,1.0,1.0,0.0,0.0,0,1.0,1.0,0.0,0.0,0.0,
0062.jpg,P5,plant body without background,0.5904761904761905,0.0,1.0,0.9523809523809523,1.0,0.0,1.0,1.0,1,0.0,0.0,0.0,1.0,1.0,0.0,0.0,0,1.0,1.0,0.0,0.0,0.0,
0063.jpg,P1,green plant,0.9783350052783787,0.29803210218393494,1.0,0.582405186609264,0.7006688029048701,0.3326350748538971,1.0,1.0,1,0.39558677196798553,0.6256345273983487,0.433288409703504,0.0,0.0,0.9862277363193277,0.12772268036265433,1,14.340353519924976,0.7006688029048701,0.08315876871347427,0.0,0.001747243442645389,0.910156
0063.jpg,P2,entire plant excluding pot,1.07640857291881,0.4657752920378184,1.0,0.6127624308910722,0.7526538971978936,0.29400551319122314,0.11348992389134589,1.0,1,0.45136914625520863,0.6908098184828266,0.6630727762803235,0.021300742468106686,0.0,0.966228327961931,0.19398124035493827,1,12.639076731444236,0.7526538971978936,0.07350137829780579,0.17622709853209345,0.0011112782310041655,0.964844
0063.jpg,P3,leaves and stems,0.9747787016255476,0.2970443990271916,1.0,0.5862498092535318,0.7043872456412864,0.3196994364261627,1.0,1.0,1,0.3933025235559131,0.6252507631406052,0.42082210242587603,0.0,0.0,0.9871677802004358,0.12733253761574073,1,14.115149692698193,0.7043872456412864,0.07992485910654068,0.0,0.0017147234239173145,0.812500
0063.jpg,P4,crop seedling,0.5904761904761905,0.0,1.0,0.9523809523809523,1.0,0.0,1.0,1.0,1,0.0,0.0,0.0,1.0,1.0,0.0,0.0,0,1.0,1.0,0.0,0.0,0.0,
0063.jpg,P5,plant body without background,0.5904761904761905,0.0,1.0,0.9523809523809523,1.0,0.0,1.0,1.0,1,0.0,0.0,0.0,1.0,1.0,0.0,0.0,0,1.0,1.0,0.0,0.0,0.0,
0064.jpg,P1,green plant,0.9961531316588699,0.2936887721714331,1.0,0.5738809983569473,0.837995418408635,0.3051591217517853,1.0,0.719554561101549,1,0.39400826952110984,0.6283546944045791,0.41723202170963364,0.0,0.0,0.9898236257177311,0.12600706500771605,1,14.85043076397562,0.837995418408635,0.07628978043794632,0.0,0.005558994711779041,0.933594
0064.jpg,P2,entire plant excluding pot,1.1047173351119979,0.46307528520081254,1.0,0.6050375985055011,0.8970675604976368,0.291547954082489,0.11261930652477627,1.0,1,0.45337165545471,0.6965089195295807,0.66078697421981,0.021099773015888886,0.0,0.9698181016455759,0.192914737654321,1,13.055796944523534,0.8970675604976368,0.07288698852062225,0.17758944373893829,0.0035610007299489038,0.976562
0064.jpg,P3,leaves and stems,0.995994420906397,0.2947436244921081,1.0,0.5756081159595199,0.837258509980831,0.3014846444129944,1.0,0.7245527724995681,1,0.39417544193730636,0.6287791239606941,0.4168928086838535,0.0,0.0,0.9906204298796979,0.12642373167438273,1,14.74586171645731,0.837258509980831,0.0753711611032486,0.0,0.005520646876004307,0.851562
0064.jpg,P4,crop seedling,0.5904761904761905,0.0,1.0,0.9523809523809523,1.0,0.0,1.0,1.0,1,0.0,0.0,0.0,1.0,1.0,0.0,0.0,0,1.0,1.0,0.0,0.0,0.0,
0064.jpg,P5,plant body without background,0.5904761904761905,0.0,1.0,0.9523809523809523,1.0,0.0,1.0,1.0,1,0.0,0.0,0.0,1.0,1.0,0.0,0.0,0,1.0,1.0,0.0,0.0,0.0,
0065.jpg,P1,green plant,0.9609025459072601,0.2865141892287857,1.0,0.5707909842009085,0.7488902314986402,0.25245094299316406,1.0,0.6885573715248525,1,0.3891732763229604,0.6226090769747002,0.405414551607445,0.0,0.0,0.9828548009247525,0.12317310474537037,1,15.039095839958733,0.7488902314986402,0.06311273574829102,0.0,0.005809247225313636,0.945312
0065.jpg,P2,entire plant excluding pot,1.0796401488997112,0.4587978834583528,1.0,0.6017063731658316,0.8051721060936123,0.26406359672546387,0.11643863673903868,1.0,1,0.4536921570110591,0.6903495158028341,0.6565143824027073,0.01952212284486835,0.0,0.9975387450104035,0.19122516396604938,1,13.238803662277242,0.8051721060936123,0.06601589918136597,0.17176429199204588,0.0036952319465758106,0.968750
0065.jpg,P3,leaves and stems,0.9624218430085733,0.28873468999062346,1.0,0.5726927430035237,0.7509993822077519,0.2530885338783264,1.0,0.6827617783676178,1,0.38931877319252817,0.6234821584157371,0.4050761421319797,0.0,0.0,0.9818631216326391,0.1240502025462963,1,14.922740412439529,0.7509993822077519,0.0632721334695816,0.0,0.005858558763443682,0.761719
0065.jpg,P4,crop seedling,0.5904761904761905,0.0,1.0,0.9523809523809523,1.0,0.0,1.0,1.0,1,0.0,0.0,0.0,1.0,1.0,0.0,0.0,0,1.0,1.0,0.0,0.0,0.0,
0065.jpg,P5,plant body without background,0.5904761904761905,0.0,1.0,0.9523809523809523,1.0,0.0,1.0,1.0,1,0.0,0.0,0.0,1.0,1.0,0.0,0.0,0,1.0,1.0,0.0,0.0,0.0,
0066.jpg,P1,green plant,0.9520038756258676,0.2783964657563682,1.0,0.5785346559654235,0.7396350273664779,0.23937590420246124,1.0,0.6912476554359153,1,0.38481546496772145,0.6189446528093885,0.40806561859193435,0.0,0.0,0.9473302513788725,0.11996660397376543,1,14.570098426731606,0.7396350273664779,0.05984397605061531,0.0,0.005786638071817425,0.953125
0066.jpg,P2,entire plant excluding pot,1.071222187716574,0.44815535142209717,1.0,0.613317125137053,0.7856692400685734,0.26846662163734436,0.11611437553800666,1.0,1,0.44810052006356027,0.6854281979290586,0.651742993848257,0.019227322834138073,0.0,0.9665510874594496,0.1870213638117284,1,12.609557405609308,0.7856692400685734,0.06711665540933609,0.17224396124365826,0.0037312326347479097,0.968750
0066.jpg,P3,leaves and stems,0.9535053408887244,0.2818607521683075,1.0,0.5843929082897383,0.7394124197412063,0.23579007387161255,1.0,0.6820745509996611,1,0.3852141100745514,0.6203013891067105,0.4084073820915926,0.0,0.0,0.9459529511071608,0.12133499710648148,1,14.223550142884568,0.7394124197412063,0.05894751846790314,0.0,0.005864461581417348,0.820312
0066.jpg,P4,crop seedling,0.5904761904761905,0.0,1.0,0.9523809523809523,1.0,0.0,1.0,1.0,1,0.0,0.0,0.0,1.0,1.0,0.0,0.0,0,1.0,1.0,0.0,0.0,0.0,
0066.jpg,P5,plant body without background,0.5904761904761905,0.0,1.0,0.9523809523809523,1.0,0.0,1.0,1.0,1,0.0,0.0,0.0,1.0,1.0,0.0,0.0,0,1.0,1.0,0.0,0.0,0.0,
0067.jpg,P1,green plant,0.9536741305768738,0.27616741873730266,1.0,0.5939118437093648,0.7079902075638128,0.2804659903049469,1.0,0.9355889178309259,1,0.3819670385137883,0.6198251852851099,0.4156378600823045,0.0,0.0,0.9021340884918502,0.11908613040123457,1,13.675031424002293,0.7079902075638128,0.07011649757623672,0.0,0.004275381980019195,0.945312
0067.jpg,P2,entire plant excluding pot,1.0664393923395492,0.43341977262072195,1.0,0.6241947939397412,0.759922600289154,0.31080344319343567,0.1250844326078815,1.0,1,0.44077127033093866,0.6823253520884137,0.6395747599451304,0.018119673815264893,0.0,0.9226984245444982,0.1812008101851852,1,12.04127973219009,0.759922600289154,0.07770086079835892,0.15989199921221703,0.0028284336425913803,0.972656
0067.jpg,P3,leaves and stems,0.9549468923611575,0.27845476343959985,1.0,0.5954620513896246,0.7122284496179733,0.27887067198753357,1.0,0.9301327102803739,1,0.3819437050742113,0.6207342936189426,0.41426611796982166,0.0,0.0,0.901188010730135,0.11998963155864198,1,13.587362877829364,0.7122284496179733,0.06971766799688339,0.0,0.004300461596275076,0.761719
0067.jpg,P4,crop seedling,0.5904761904761905,0.0,1.0,0.9523809523809523,1.0,0.0,1.0,1.0,1,0.0,0.0,0.0,1.0,1.0,0.0,0.0,0,1.0,1.0,0.0,0.0,0.0,
0067.jpg,P5,plant body without background,0.5904761904761905,0.0,1.0,0.9523809523809523,1.0,0.0,1.0,1.0,1,0.0,0.0,0.0,1.0,1.0,0.0,0.0,0,1.0,1.0,0.0,0.0,0.0,
0068.jpg,P1,green plant,0.9274394717046349,0.273087408677137,1.0,0.5967686914634938,0.5446112036289704,0.3376733362674713,1.0,0.7078059728506787,1,0.37701134369722045,0.6186156794573892,0.4030050083472454,0.0,0.0,0.8795495438463006,0.11786952642746913,1,13.513822501231978,0.5446112036289704,0.08441833406686783,0.0,0.005651266241636893,0.357422;0.925781
0068.jpg,P2,entire plant excluding pot,1.04619841704563,0.42178190684091255,1.0,0.6307421260787426,0.6525417830206277,0.36283087730407715,0.18348360347721523,1.0,1,0.43261907839675806,0.6777218139181852,0.6103505843071786,0.015235970489267303,0.0,0.9012412949688132,0.1766038532021605,1,11.708679622111015,0.6525417830206277,0.09070771932601929,0.10900156537684075,0.003867361449130714,0.957031
0068.jpg,P3,leaves and stems,0.9228873066109912,0.2731893533169245,1.0,0.599632380878933,0.5390896653713737,0.3264011740684509,1.0,0.6877573839662448,1,0.3752247918838547,0.6186562025006843,0.393322203672788,0.0,0.0,0.8789712434751338,0.11790979456018519,1,13.353769138825143,0.5390896653713737,0.08160029351711273,0.0,0.005816004441758667,0.652344
0068.jpg,P4,crop seedling,0.5904761904761905,0.0,1.0,0.9523809523809523,1.0,0.0,1.0,1.0,1,0.0,0.0,0.0,1.0,1.0,0.0,0.0,0,1.0,1.0,0.0,0.0,0.0,
0068.jpg,P5,plant body without background,0.5904761904761905,0.0,1.0,0.9523809523809523,1.0,0.0,1.0,1.0,1,0.0,0.0,0.0,1.0,1.0,0.0,0.0,0,1.0,1.0,0.0,0.0,0.0,
0069.jpg,P1,green plant,0.9395274401150839,0.3229062890686045,1.0,0.6182786126579523,0.3219758235614195,0.5260564088821411,1.0,1.0,1,0.38168401328106044,0.6235725358452832,0.3717325227963526,0.0,0.0,0.9652177163186786,0.13754798418209876,1,12.347876168675622,0.3219758235614195,0.13151410222053528,0.0,0.0032063025143792764,0.455078;0.304688;0.910156;0.361328
0069.jpg,P2,entire plant excluding pot,1.0463667096171068,0.4618150174832004,1.0,0.6505021814463936,0.3979576923147189,0.553274929523468,1.0,1.0,1,0.4336567454635507,0.672866569848803,0.5541033434650456,0.001180463701681033,0.0,0.9876898330326576,0.1924169319058642,1,10.745477218123908,0.3979576923147189,0.138318732380867,0.0,0.0024737105595736297,0.960938
0069.jpg,P3,leaves and stems,0.9333193444644825,0.31829100494217855,1.0,0.6350478476194534,0.31712441805427904,0.5053170919418335,1.0,1.0,1,0.37816327195293364,0.6219347267942571,0.356838905775076,0.0,0.0,0.9625511453543,0.1357249469521605,1,11.493689924266642,0.31712441805427904,0.12632927298545837,0.0,0.0034954257446322785,0.781250
0069.jpg,P4,crop seedling,0.5904761904761905,0.0,1.0,0.9523809523809523,1.0,0.0,1.0,1.0,1,0.0,0.0,0.0,1.0,1.0,0.0,0.0,0,1.0,1.0,0.0,0.0,0.0,
0069.jpg,P5,plant body without background,0.5904761904761905,0.0,1.0,0.9523809523809523,1.0,0.0,1.0,1.0,1,0.0,0.0,0.0,1.0,1.0,0.0,0.0,0,1.0,1.0,0.0,0.0,0.0,
0070.jpg,P1,green plant,0.9995318171051195,0.329817158931083,1.0,0.6482694707178273,0.6666676310068145,0.5047155022621155,1.0,0.8856479543292103,1,0.36963786452155156,0.6163781385299139,0.3581081081081081,0.0,0.0,0.8944605657662222,0.14027777777777778,1,10.8513679933964,0.6666676310068145,0.12617887556552887,0.0,0.004516467271727173,0.322266;0.894531;0.359375
0070.jpg,P2,entire plant excluding pot,1.1069162406025264,0.47524668161040784,1.0,0.6691959339048584,0.7082309890352371,0.5610404014587402,1.0,1.0,1,0.42417343940067764,0.6640357424277492,0.5546683046683046,0.0010750072104142162,0.0,0.9224313687379478,0.1977224392361111,1,9.886613152738402,0.7082309890352371,0.14026010036468506,0.00028231896677355763,0.0033481931891006585,0.929688
0070.jpg,P3,leaves and stems,0.9989130522433085,0.3281790245546179,1.0,0.6480737457782576,0.6734626288027163,0.4971666932106018,1.0,0.8908869230769231,1,0.3695366337740698,0.6158413179600138,0.3581081081081081,0.0,0.0,0.8953271302860556,0.13963071469907407,1,10.86068542397507,0.6734626288027163,0.12429167330265045,0.0,0.004489907637419236,0.675781;0.332031;0.312500
0070.jpg,P4,crop seedling,0.5904761904761905,0.0,1.0,0.9523809523809523,1.0,0.0,1.0,1.0,1,0.0,0.0,0.0,1.0,1.0,0.0,0.0,0,1.0,1.0,0.0,0.0,0.0,
0070.jpg,P5,plant body without background,0.5904761904761905,0.0,1.0,0.9523809523809523,1.0,0.0,1.0,1.0,1,0.0,0.0,0.0,1.0,1.0,0.0,0.0,0,1.0,1.0,0.0,0.0,0.0,
0071.jpg,P1,green plant,0.9389255615965668,0.273165545886076,1.0,0.6812706104636317,0.43831346341135774,0.5814143419265747,1.0,0.10412468389810206,1,0.3440927692590388,0.6002217578041571,0.3569221260815822,0.0,0.0,0.6976917133289904,0.117900390625,1,9.356910004365528,0.43831346341135774,0.14535358548164368,0.0,0.038415482767894485,0.929688
0071.jpg,P2,entire plant excluding pot,1.037549036298258,0.425472058622441,1.0,0.6997926610844524,0.40853435065519017,0.666757345199585,1.0,0.1459364146142635,1,0.3974377531859243,0.6513619483367242,0.5503708281829419,0.004908887659598094,0.0,0.7186698849302069,0.17806146315586419,1,8.579893891722824,0.40853435065519017,0.16668933629989624,0.0,0.027409197427336614,0.894531
0071.jpg,P3,leaves and stems,0.9368776822691605,0.27298027523831847,1.0,0.6780727040116836,0.43378383187177005,0.5780250430107117,1.0,0.10826176299537511,1,0.34430531144266374,0.6001595491956335,0.3569221260815822,0.0,0.0,0.7000348652950722,0.11782720871913581,1,9.49536219593259,0.43378383187177005,0.14450626075267792,0.0,0.03694748625302618,0.335938;0.625000;0.398438;0.347656
0071.jpg,P4,crop seedling,0.5904761904761905,0.0,1.0,0.9523809523809523,1.0,0.0,1.0,1.0,1,0.0,0.0,0.0,1.0,1.0,0.0,0.0,0,1.0,1.0,0.0,0.0,0.0,
0071.jpg,P5,plant body without background,0.5904761904761905,0.0,1.0,0.9523809523809523,1.0,0.0,1.0,1.0,1,0.0,0.0,0.0,1.0,1.0,0.0,0.0,0,1.0,1.0,0.0,0.0,0.0,
0072.jpg,P1,green plant,0.6618897858849297,0.17977967748867008,1.0,0.7262726845074017,0.2643182169990176,0.8168656229972839,1.0,0.06224533938537783,1,0.06444254548645517,0.0,0.03473053892215569,0.0,0.0,0.5819104848046714,0.08101297260802469,1,7.537866185295275,0.2643182169990176,0.20421640574932098,0.0,0.0642618393520985,0.917969
0072.jpg,P2,entire plant excluding pot,0.7567944405084781,0.31459474869120185,1.0,0.7388235570156061,0.36882273931518705,0.8126522302627563,1.0,0.06265860211272559,1,0.10981578545152781,0.0,0.2942115768463074,0.0,0.0,0.5685770161919248,0.1342649257330247,1,7.070062682878885,0.36882273931518705,0.2031630575656891,0.0,0.06383800252683301,0.933594
0072.jpg,P3,leaves and stems,0.6595474945763155,0.18230357038209088,1.0,0.7050065107627321,0.2682120092028882,0.8189277648925781,1.0,0.06356036254905624,1,0.06465752352825753,0.0,0.033932135728542916,0.0,0.0,0.585497390971198,0.08200991030092593,1,8.368532339314726,0.2682120092028882,0.20473194122314453,0.0,0.06293230308295956,0.373047
0072.jpg,P4,crop seedling,0.5904761904761905,0.0,1.0,0.9523809523809523,1.0,0.0,1.0,1.0,1,0.0,0.0,0.0,1.0,1.0,0.0,0.0,0,1.0,1.0,0.0,0.0,0.0,
0072.jpg,P5,plant body without background,0.5904761904761905,0.0,1.0,0.9523809523809523,1.0,0.0,1.0,1.0,1,0.0,0.0,0.0,1.0,1.0,0.0,0.0,0,1.0,1.0,0.0,0.0,0.0,
0073.jpg,P1,green plant,1.045590428059805,0.20409316885450846,1.0,0.7274303779536117,0.8365489188279143,0.8164291977882385,1.0,0.07369467594862242,1,0.3286900953749505,0.5933869293188032,0.33971690258118237,0.0,0.0,0.5985562764875652,0.09061680169753086,1,7.494040125549175,0.8365489188279143,0.20410729944705963,0.0,0.05427800514095038,0.945312
0073.jpg,P2,entire plant excluding pot,1.1374757938738276,0.34453839222925453,1.0,0.7404559671405411,0.860127922900695,0.8529773950576782,1.0,0.07861366290385363,1,0.37785585840819397,0.6505586725451284,0.5073549819594783,0.0,0.0,0.5883642626469291,0.14609266493055556,1,7.01038398979359,0.860127922900695,0.21324434876441956,0.0,0.0508817405556092,0.964844
0073.jpg,P3,leaves and stems,1.0371965022321823,0.22083376064619475,1.0,0.6944355699847503,0.7925286088232493,0.8160640001296997,1.0,0.07926471238666241,1,0.33242411431540353,0.6002016061897797,0.33916180960310854,0.0,0.0,0.6130442642042111,0.09722933545524691,1,8.80036804629578,0.7925286088232493,0.20401600003242493,0.0,0.0504638177514294,0.478516;0.367188;0.429688;0.310547;0.523438;0.730469;0.441406
0073.jpg,P4,crop seedling,0.5904761904761905,0.0,1.0,0.9523809523809523,1.0,0.0,1.0,1.0,1,0.0,0.0,0.0,1.0,1.0,0.0,0.0,0,1.0,1.0,0.0,0.0,0.0,
0073.jpg,P5,plant body without background,0.5904761904761905,0.0,1.0,0.9523809523809523,1.0,0.0,1.0,1.0,1,0.0,0.0,0.0,1.0,1.0,0.0,0.0,0,1.0,1.0,0.0,0.0,0.0,
0074.jpg,P1,green plant,1.021239311516097,0.40335281879981244,1.0,0.7191782420516729,0.5118006438308426,0.6187630891799927,1.0,0.09435931201289977,1,0.3706203527436329,0.6433276945660462,0.41602342294383815,0.0,0.0,0.7057144351562586,0.16932436342592594,1,7.80951762798603,0.5118006438308426,0.15469077229499817,0.0,0.042391152655428053,0.953125
0074.jpg,P2,entire plant excluding pot,1.1093227284618705,0.5342234870682918,1.0,0.7320645063689107,0.533860678513211,0.7050123810768127,1.0,0.12266198290426723,1,0.40829051785642523,0.6870849505328798,0.5365983497471387,0.0,0.0,0.7122308221543241,0.2210182773919753,1,7.31999683907822,0.533860678513211,0.17625309526920319,0.0,0.03260994079250977,0.968750
0074.jpg,P3,leaves and stems,1.0283713187592722,0.4040078283716205,1.0,0.718700332352835,0.5470014491021229,0.6183111071586609,1.0,0.09466408681753176,1,0.3707671753622245,0.6435467002597861,0.41575725312749534,0.0,0.0,0.7068952470835019,0.16958309220679013,1,7.82800995030193,0.5470014491021229,0.15457777678966522,0.0,0.04225467264803532,0.613281
0074.jpg,P4,crop seedling,0.5904761904761905,0.0,1.0,0.9523809523809523,1.0,0.0,1.0,1.0,1,0.0,0.0,0.0,1.0,1.0,0.0,0.0,0,1.0,1.0,0.0,0.0,0.0,
0074.jpg,P5,plant body without background,0.5904761904761905,0.0,1.0,0.9523809523809523,1.0,0.0,1.0,1.0,1,0.0,0.0,0.0,1.0,1.0,0.0,0.0,0,1.0,1.0,0.0,0.0,0.0,
0075.jpg,P1,green plant,1.0566376651591087,0.5477970801101735,1.0,0.7411615312133453,0.4767435529989269,0.4402005970478058,1.0,0.10254829944976175,1,0.4154571128850583,0.6978174691803884,0.546720835751596,0.0,0.0,0.7281124823663507,0.2263798466435185,1,6.984670895234237,0.4767435529989269,0.11005014926195145,0.0,0.039006010060260374,0.945312
0075.jpg,P2,entire plant excluding pot,1.1332528469316627,0.6204271419362399,1.0,0.7548425173683985,0.6249707317655299,0.5328181982040405,1.0,0.11452927324401135,1,0.426641129076821,0.7228866642337427,0.6050493325594892,0.02716338586585065,0.0,0.7287093249405818,0.2550687210648148,1,6.495592841969001,0.6249707317655299,0.13320454955101013,0.0,0.0349255686926238,0.937500
0075.jpg,P3,leaves and stems,0.3904761904761905,0.0,1.0,0.9523809523809523,0.0,0.0,1.0,1.0,1,0.0,0.0,0.0,1.0,1.0,0.0,0.0,0,1.0,0.0,0.0,0.0,0.0,
0075.jpg,P4,crop seedling,0.5904761904761905,0.0,1.0,0.9523809523809523,1.0,0.0,1.0,1.0,1,0.0,0.0,0.0,1.0,1.0,0.0,0.0,0,1.0,1.0,0.0,0.0,0.0,
0075.jpg,P5,plant body without background,0.5904761904761905,0.0,1.0,0.9523809523809523,1.0,0.0,1.0,1.0,1,0.0,0.0,0.0,1.0,1.0,0.0,0.0,0,1.0,1.0,0.0,0.0,0.0,
0076.jpg,P1,green plant,1.2186662785533984,0.964999413970933,1.0,0.7222675610054198,0.35470336122349844,0.4335291385650635,0.16634961679631666,0.3008164873465677,1,0.5235663836004153,0.8673813068602794,0.6939070170372509,0.008886255924170616,0.0,0.9774553990986359,0.4188252314814815,1,7.690569367616833,0.35470336122349844,0.10838228464126587,0.12022871098337778,0.013297143501950543,0.976562
0076.jpg,P2,entire plant excluding pot,1.2311323546716584,0.9603496395921238,1.0,0.7230699078288639,0.4130615375267654,0.4386937618255615,0.16421675377638884,0.2989707381860246,1,0.5240973853169955,0.8689923723441584,0.6947733179324286,0.009669723582156968,0.0,0.9779177484335001,0.4206618923611111,1,7.659842822187531,0.4130615375267654,0.10967344045639038,0.12179025306537031,0.01337923578832365,0.917969
0076.jpg,P3,leaves and stems,0.5904761904761905,0.0,1.0,0.9523809523809523,1.0,0.0,1.0,1.0,1,0.0,0.0,0.0,1.0,1.0,0.0,0.0,0,1.0,1.0,0.0,0.0,0.0,
0076.jpg,P4,crop seedling,0.5904761904761905,0.0,1.0,0.9523809523809523,1.0,0.0,1.0,1.0,1,0.0,0.0,0.0,1.0,1.0,0.0,0.0,0,1.0,1.0,0.0,0.0,0.0,
0076.jpg,P5,plant body without background,0.5904761904761905,0.0,1.0,0.9523809523809523,1.0,0.0,1.0,1.0,1,0.0,0.0,0.0,1.0,1.0,0.0,0.0,0,1.0,1.0,0.0,0.0,0.0,
0077.jpg,P1,green plant,1.3232230977106774,0.9560591132403501,1.0,0.739143215902756,0.7455717097803668,0.5093385577201843,0.11606420779737106,0.14783908676569885,1,0.5332005783819458,0.8961687424315965,0.7226990233796982,0.017778913249191095,0.0,0.9478936829729879,0.42235665027006175,1,7.058355633519421,0.7455717097803668,0.12733463943004608,0.17231841219229874,0.02705644418880479,0.968750
0077.jpg,P2,entire plant excluding pot,1.3239716639911983,0.9534357174949212,1.0,0.7394669120579822,0.7475756849588625,0.5117738246917725,0.11534335750696306,0.14726184360880185,1,0.5335212361504905,0.8971407323839684,0.7232909144717372,0.018210371349084084,0.0,0.9479272661591415,0.42339289158950616,1,7.046511039065643,0.7475756849588625,0.12794345617294312,0.1733953340034569,0.027162501174614655,0.953125
0077.jpg,P3,leaves and stems,1.1742928650017848,0.9558326374238163,1.0,0.7397770873673764,0.0,0.5098956823348999,0.11585828927398796,0.14784388350333857,1,0.5331917835765662,0.8962526536060771,0.7226990233796982,0.017891303410991693,0.0,0.947849216293911,0.4224461082175926,1,7.035170920436899,0.0,0.12747392058372498,0.17262467903960602,0.027055566352933855,0.691406;0.384766
0077.jpg,P4,crop seedling,0.5904761904761905,0.0,1.0,0.9523809523809523,1.0,0.0,1.0,1.0,1,0.0,0.0,0.0,1.0,1.0,0.0,0.0,0,1.0,1.0,0.0,0.0,0.0,
0077.jpg,P5,plant body without background,0.5904761904761905,0.0,1.0,0.9523809523809523,1.0,0.0,1.0,1.0,1,0.0,0.0,0.0,1.0,1.0,0.0,0.0,0,1.0,1.0,0.0,0.0,0.0,
0078.jpg,P1,green plant,1.3496685697522761,0.953747655883732,1.0,0.7403007231533327,0.9092564857627076,0.4776194989681244,0.13406837136834387,0.13440147005340428,1,0.5334836969986967,0.895818098797585,0.718595880475776,0.011749565906946856,0.0,0.941249737059864,0.4232696759259259,1,7.016048174057446,0.9092564857627076,0.1194048747420311,0.14917761583790212,0.02976157923280604,0.964844
0078.jpg,P2,entire plant excluding pot,1.3498564996798952,0.9518375673933428,1.0,0.7400481927268209,0.9091327872058408,0.4791184961795807,0.13332875891821402,0.1341979376329521,1,0.5338290909787781,0.8965236508768666,0.7194662024949231,0.011999342626412201,0.0,0.9414169951071235,0.42402416087962963,1,7.025266998230124,0.9091327872058408,0.11977962404489517,0.1500051463935723,0.02980671737996819,0.953125
0078.jpg,P3,leaves and stems,1.3494537267632185,0.954384352047195,1.0,0.7395421677839377,0.9092081759823101,0.4776921570301056,0.13379940473126153,0.13449796356457655,1,0.5332883561945089,0.8955829147711578,0.7183057731360604,0.01188907971711315,0.0,0.941060207752467,0.423018180941358,1,7.043758789212324,0.9092081759823101,0.1194230392575264,0.14947749610822525,0.029740227242024214,0.316406;0.773438;0.488281;0.394531;0.333984
0078.jpg,P4,crop seedling,0.5904761904761905,0.0,1.0,0.9523809523809523,1.0,0.0,1.0,1.0,1,0.0,0.0,0.0,1.0,1.0,0.0,0.0,0,1.0,1.0,0.0,0.0,0.0,
0078.jpg,P5,plant body without background,0.5904761904761905,0.0,1.0,0.9523809523809523,1.0,0.0,1.0,1.0,1,0.0,0.0,0.0,1.0,1.0,0.0,0.0,0,1.0,1.0,0.0,0.0,0.0,
0079.jpg,P1,green plant,1.281211849577133,0.9246268948273169,1.0,0.7126097559996959,0.7205431127932828,0.4941460192203522,0.30226275292106014,0.17726210752688173,1,0.5108266930090035,0.8400714360347984,0.6619607843137255,0.0023592858473906984,0.0,0.9835653497457075,0.4347723765432099,1,8.06585207627797,0.7205431127932828,0.12353650480508804,0.06616759692261276,0.0225654543760482,0.957031
0079.jpg,P2,entire plant excluding pot,1.2821169210005063,0.920316528949836,1.0,0.712983087423754,0.722123590598602,0.4988228976726532,0.29978660594141393,0.1761702189781022,1,0.5112677000715374,0.8414031760329802,0.6624836601307189,0.002609453696905614,0.0,0.9831236574553672,0.4364749710648148,1,8.051156265524725,0.722123590598602,0.1247057244181633,0.06671412132371424,0.022705313209023123,0.953125
0079.jpg,P3,leaves and stems,1.2812808342648865,0.7917396150765746,1.0,0.6758513720163396,0.6541586225209206,0.6467164158821106,0.33836808506184984,0.14509124850791144,1,0.5275876291656973,0.8811285784500666,0.698562091503268,0.0021929688909189116,0.0,0.9410934090486152,0.48726285204475306,1,9.592305095618675,0.6541586225209206,0.16167910397052765,0.059107229324964934,0.027568857812825913,0.363281;0.353516;0.804688;0.343750;0.441406;0.380859
0079.jpg,P4,crop seedling,0.5904761904761905,0.0,1.0,0.9523809523809523,1.0,0.0,1.0,1.0,1,0.0,0.0,0.0,1.0,1.0,0.0,0.0,0,1.0,1.0,0.0,0.0,0.0,
0079.jpg,P5,plant body without background,0.5904761904761905,0.0,1.0,0.9523809523809523,1.0,0.0,1.0,1.0,1,0.0,0.0,0.0,1.0,1.0,0.0,0.0,0,1.0,1.0,0.0,0.0,0.0,
0080.jpg,P1,green plant,1.3608386568532476,0.9645635548523207,1.0,0.7121409517297488,0.9495960542852384,0.5279985666275024,0.33920570006344253,0.17957355999638305,1,0.5299788313542855,0.8809004613113343,0.6947014297729184,0.0032382517699028465,0.0,0.9758888806716407,0.41899739583333334,1,8.084327900847674,0.9495960542852384,0.1319996416568756,0.05896127334021613,0.022274994158831444,0.957031
0080.jpg,P2,entire plant excluding pot,1.3614215062525843,0.9612985793678701,1.0,0.7127142152304701,0.950085754820793,0.5314939618110657,0.33643894977102845,0.17860585100932475,1,0.5303030040065444,0.8820728650513645,0.6952621250350435,0.0038017469160468833,0.0,0.9757084280707307,0.42028706114969133,1,8.061738593964495,0.950085754820793,0.13287349045276642,0.059446149185792774,0.022395682881582453,0.957031
0080.jpg,P3,leaves and stems,1.3415607412375254,0.9629080227379279,1.0,0.7131448167013855,0.8498266565744349,0.5323045253753662,0.3394865892909392,0.18053479596996927,1,0.5299239369597025,0.8814949380698576,0.6941407345107934,0.0034078803570258874,0.0,0.9747774053041734,0.41965133101851854,1,8.044794733991008,0.8498266565744349,0.13307613134384155,0.05891248912592552,0.02215639361104312,0.500000;0.359375;0.464844;0.847656;0.376953;0.531250;0.460938
0080.jpg,P4,crop seedling,0.5904761904761905,0.0,1.0,0.9523809523809523,1.0,0.0,1.0,1.0,1,0.0,0.0,0.0,1.0,1.0,0.0,0.0,0,1.0,1.0,0.0,0.0,0.0,
0080.jpg,P5,plant body without background,1.1707951728322785,0.9647982717026099,1.0,0.7119958655519546,0.0,0.5274890661239624,0.3391902339974814,0.17921897123109262,1,0.5299385321565732,0.88081617800984,0.6947014297729184,0.0032447245883870865,0.0,0.975800298705199,0.4189046826774691,1,8.09005075401044,0.0,0.1318722665309906,0.058963961798937016,0.022319065735748638,0.574219
0081.jpg,P1,green plant,1.3438542619809604,0.9991810854235036,1.0,0.710018688488686,0.9381558092210958,0.5218532681465149,0.33062282066941157,0.2112764524453956,1,0.5100124917250004,0.8428492486333217,0.6609336609336609,0.00568977244187408,0.0,0.9775412746784112,0.40467652874228394,1,8.168272644444196,0.9381558092210958,0.13046331703662872,0.060491892118959084,0.01893254053493633,0.964844
0081.jpg,P2,entire plant excluding pot,1.3450253798715148,0.9965460911861229,1.0,0.7105982011550227,0.9388107290683464,0.5275588035583496,0.3279875832607564,0.20981997011952191,1,0.5103226148779466,0.8442791537625534,0.6612066612066612,0.006314700161516762,0.0,0.9770212209230901,0.4063642939814815,1,8.145300631906386,0.9388107290683464,0.1318897008895874,0.06097791813082027,0.019063962299305633,0.949219
0081.jpg,P3,leaves and stems,1.3374251286603616,0.82100688339975,1.0,0.6862874956039114,0.8128020606089899,0.682320237159729,0.3885517193839367,0.16088502431217444,1,0.5369417933058855,0.9030235460911773,0.7229047229047229,0.005031344526207876,0.0,0.9227010540898573,0.4757022810570988,1,9.142305707319684,0.8128020606089899,0.17058005928993225,0.05147319906783774,0.02486247565366041,0.396484;0.359375;0.388672;0.316406;0.847656;0.363281;0.486328;0.419922
0081.jpg,P4,crop seedling,0.5904761904761905,0.0,1.0,0.9523809523809523,1.0,0.0,1.0,1.0,1,0.0,0.0,0.0,1.0,1.0,0.0,0.0,0,1.0,1.0,0.0,0.0,0.0,
0081.jpg,P5,plant body without background,1.344282530373265,0.999598020686826,1.0,0.7104184377825182,0.9385726554970096,0.5230315327644348,0.33078018026892575,0.21097069079257377,1,0.5099584010271072,0.8429887764857775,0.6606606606606606,0.0057520812766255255,0.0,0.977190347211538,0.4048412181712963,1,8.152422482765909,0.9385726554970096,0.1307578831911087,0.0604631147602009,0.018959979630216964,0.466797
0082.jpg,P1,green plant,1.3641815081823863,0.9642351343959993,1.0,0.7106850393937449,0.9062341835779607,0.554725170135498,0.2947712198426156,0.2139865023183671,1,0.5370056026817456,0.8977615807719337,0.7140276941601444,0.00821608263398288,0.0,0.967288892529377,0.39087287808641974,1,8.141861572126444,0.9062341835779607,0.1386812925338745,0.06784922900776544,0.018692767799199025,0.960938
0082.jpg,P2,entire plant excluding pot,1.3671625162639607,0.9684633951593998,1.0,0.7125975764790405,0.9073952379430912,0.5602108240127563,0.2921997711516457,0.2126585676496522,1,0.5374291095451031,0.8994611785513779,0.714328717639976,0.008793550433995545,0.0,0.9667659300712399,0.39254304108796295,1,8.066331770057957,0.9073952379430912,0.1400527060031891,0.06844632328483383,0.018809493754278758,0.957031
0082.jpg,P3,leaves and stems,1.3403793218824347,0.9657554525121113,1.0,0.7142096894825593,0.776329752619843,0.5599695444107056,0.2945852990274351,0.21427990695065416,1,0.5371264340773908,0.8983726900290918,0.714328717639976,0.008522847137251592,0.0,0.9667367753318845,0.39147340374228395,1,8.002980489511257,0.776329752619843,0.1399923861026764,0.06789205050635394,0.018667172563786614,0.443359;0.361328;0.416016;0.851562;0.367188;0.531250;0.453125
0082.jpg,P4,crop seedling,0.5904761904761905,0.0,1.0,0.9523809523809523,1.0,0.0,1.0,1.0,1,0.0,0.0,0.0,1.0,1.0,0.0,0.0,0,1.0,1.0,0.0,0.0,0.0,
0082.jpg,P5,plant body without background,1.364851142657864,0.9643709588412251,1.0,0.7123861389775218,0.9067342185800117,0.5561538934707642,0.29491491354925553,0.21406179237497935,1,0.5369221006839595,0.8978161769613404,0.713726670680313,0.008314569525190586,0.0,0.9671000888259126,0.39092652874228395,1,8.07466190836578,0.9067342185800117,0.13903847336769104,0.06781617029570693,0.01868619315768908,0.531250
0083.jpg,P1,green plant,1.3527541173859503,0.934082718002813,1.0,0.7192759841552695,0.8772375403761987,0.5459760427474976,0.2538875898082072,0.25004617862896006,1,0.5374396603295947,0.9023750778631161,0.7098955132145052,0.011922305065937744,0.0,0.974038822186745,0.37896267361111113,1,7.805738604616913,0.8772375403761987,0.1364940106868744,0.07877502013827647,0.015997045113556974,0.957031
0083.jpg,P2,entire plant excluding pot,1.354456064293792,0.9367149652289419,1.0,0.7193484306414075,0.878873684630289,0.5478106737136841,0.2517485623003195,0.24915649888342128,1,0.5379065134509274,0.9034790507574069,0.7108174554394592,0.01218601398778892,0.0,0.9739750790306907,0.3800024112654321,1,7.80293825367352,0.878873684630289,0.13695266842842102,0.0794443464433426,0.016054166830589373,0.941406
0083.jpg,P3,leaves and stems,1.3527697051831158,0.9330489261017345,1.0,0.7197513576674363,0.8786075124675902,0.5462502837181091,0.2530662067242401,0.2511452738507069,1,0.5372380891921418,0.9019415022377726,0.7098955132145052,0.012046634888392267,0.0,0.9739136149682814,0.37855432581018517,1,7.787373774209775,0.8786075124675902,0.13656257092952728,0.07903070211896565,0.015927036725277167,0.388672;0.330078;0.376953;0.835938;0.318359;0.542969;0.478516
0083.jpg,P4,crop seedling,0.5904761904761905,0.0,1.0,0.9523809523809523,1.0,0.0,1.0,1.0,1,0.0,0.0,0.0,1.0,1.0,0.0,0.0,0,1.0,1.0,0.0,0.0,0.0,
0083.jpg,P5,plant body without background,1.3526834949941466,0.9337350684677292,1.0,0.7194437337726003,0.8774138000998601,0.545954167842865,0.2536593419013175,0.2500102641629536,1,0.5373741409575357,0.9022292725376757,0.7098955132145052,0.01195113249646975,0.0,0.9739804293967915,0.3788253520447531,1,7.799255259510731,0.8774138000998601,0.13648854196071625,0.07884590352592144,0.015999343120540244,0.451172
0084.jpg,P1,green plant,1.3347310205679306,0.9013478058095014,1.0,0.7270622976991956,0.8261788413656547,0.5421946048736572,0.17782626903962115,0.2612584385689392,1,0.5353743106183289,0.90293463581095,0.7118537200504413,0.018667537983128563,0.0,0.9681377987035548,0.36603238329475307,1,7.507959171161029,0.8261788413656547,0.1355486512184143,0.11246932249106478,0.015310510243842347,0.964844
0084.jpg,P2,entire plant excluding pot,1.3371259530422743,0.9046231588920143,1.0,0.7293118139157776,0.8270511742407161,0.5454077124595642,0.1756608723226383,0.2602391629297459,1,0.5358471811406601,0.9043588336097409,0.712484237074401,0.019074751784688603,0.0,0.9679685223926527,0.3673261477623457,1,7.423112608881503,0.8270511742407161,0.13635192811489105,0.11385574792812013,0.01537047673750718,0.859375
0084.jpg,P3,leaves and stems,1.3350995716874416,0.9011063740428191,1.0,0.7292580361182954,0.8264236092214574,0.5427579879760742,0.17707776542896564,0.2619850675413232,1,0.5351903702157124,0.9028296558036026,0.7115384615384616,0.0188443833543971,0.0,0.9677638261384749,0.36593701774691356,1,7.42513487606701,0.8264236092214574,0.13568949699401855,0.11294472771073541,0.015268045761306893,0.359375;0.339844;0.730469;0.447266;0.384766
0084.jpg,P4,crop seedling,0.5904761904761905,0.0,1.0,0.9523809523809523,1.0,0.0,1.0,1.0,1,0.0,0.0,0.0,1.0,1.0,0.0,0.0,0,1.0,1.0,0.0,0.0,0.0,
0084.jpg,P5,plant body without background,0.3904761904761905,0.0,1.0,0.9523809523809523,0.0,0.0,1.0,1.0,1,0.0,0.0,0.0,1.0,1.0,0.0,0.0,0,1.0,0.0,0.0,0.0,0.0,
0085.jpg,P1,green plant,1.3434964538489198,0.8717737878965464,1.0,0.7287552510481591,0.8873543692693731,0.5623721480369568,0.14519831144418946,0.2692616920892309,1,0.5334453425987127,0.9018269147687688,0.716677398583387,0.022651972048833565,0.0,0.9559958229928396,0.3543506462191358,1,7.444056109694252,0.8873543692693731,0.1405930370092392,0.13774264866494326,0.014855436616191344,0.968750
0085.jpg,P2,entire plant excluding pot,1.3453224659121379,0.8745278192881699,1.0,0.7295847389997945,0.888128620417707,0.5650537610054016,0.14383951093134792,0.268403951201748,1,0.5338634779699234,0.9030605074258915,0.7173213135866066,0.02305107374152392,0.0,0.9558978604772935,0.35543848861882715,1,7.412854094808078,0.888128620417707,0.1412634402513504,0.13904385429637375,0.014902910266747034,0.937500
0085.jpg,P3,leaves and stems,1.3433226798840074,0.8711666984099078,1.0,0.729137866735559,0.8875208113947206,0.5631721615791321,0.14453383001705095,0.269418854771023,1,0.5331231722601436,0.9015549857213325,0.7160334835801674,0.022919257767002356,0.0,0.9556867754334781,0.3541108458719136,1,7.429654818974753,0.8875208113947206,0.14079304039478302,0.13837590823989485,0.014846770852023586,0.416016;0.378906;0.417969;0.820312;0.523438;0.431641
0085.jpg,P4,crop seedling,0.5904761904761905,0.0,1.0,0.9523809523809523,1.0,0.0,1.0,1.0,1,0.0,0.0,0.0,1.0,1.0,0.0,0.0,0,1.0,1.0,0.0,0.0,0.0,
0085.jpg,P5,plant body without background,1.166961149333265,0.8721482970972027,1.0,0.7320478407649668,0.0,0.5636706948280334,0.14504038692524165,0.26900443712547456,1,0.5333877827952246,0.90199466587043,0.7163554410817772,0.022752370208611008,0.0,0.955713814084376,0.3544985773533951,1,7.320618798766804,0.0,0.14091767370700836,0.13789262717775722,0.014869643202703894,0.322266
0086.jpg,P1,green plant,1.3317630499240893,0.8192451335169557,1.0,0.7256196608746696,0.8987389663297322,0.5908152461051941,0.1699632374394585,0.28160974989186577,1,0.524879248558779,0.8897267235274333,0.6887332908975176,0.013055889949754736,0.0,0.934196699475506,0.33360182773919755,1,7.562648972178883,0.8987389663297322,0.14770381152629852,0.11767250554475978,0.014204053664817872,0.968750
0086.jpg,P2,entire plant excluding pot,1.3334088240601312,0.8220562416979216,1.0,0.7262984158762884,0.8989365478175313,0.5929757356643677,0.1681574221293478,0.28064767873840635,1,0.5253554358489095,0.8910239219731614,0.6893698281349459,0.013344321828431795,0.0,0.9341379064254229,0.33471221547067903,1,7.536890571170725,0.8989365478175313,0.14824393391609192,0.11893617151561628,0.014252745712992083,0.941406
0086.jpg,P3,leaves and stems,1.3317890231742124,0.8190864173112985,1.0,0.7259651556744346,0.8988664018830047,0.591315507888794,0.16906469236598304,0.2816930047856634,1,0.5247423266227061,0.8896534832243086,0.6884150222788034,0.013187749027925829,0.0,0.934052281923912,0.33353913483796294,1,7.549531604474378,0.8988664018830047,0.1478288769721985,0.11829791140958616,0.014199855630222516,0.333984;0.306641;0.333984;0.824219;0.351562;0.546875;0.472656
0086.jpg,P4,crop seedling,0.5904761904761905,0.0,1.0,0.9523809523809523,1.0,0.0,1.0,1.0,1,0.0,0.0,0.0,1.0,1.0,0.0,0.0,0,1.0,1.0,0.0,0.0,0.0,
0086.jpg,P5,plant body without background,0.3904761904761905,0.0,1.0,0.9523809523809523,0.0,0.0,1.0,1.0,1,0.0,0.0,0.0,1.0,1.0,0.0,0.0,0,1.0,0.0,0.0,0.0,0.0,
0087.jpg,P1,green plant,1.3320717946985035,0.8133094526488513,1.0,0.7252658995156744,0.9027407630275436,0.5842372179031372,0.22494412378730197,0.28457586742620405,1,0.5269611280794622,0.8857517355865727,0.6938906752411576,0.006233485467211146,0.0,0.9391774472091675,0.3312572337962963,1,7.576093145087625,0.9027407630275436,0.1460593044757843,0.08891096892538161,0.014056005648607138,0.964844
0087.jpg,P2,entire plant excluding pot,1.3346320685889217,0.8168079240897015,1.0,0.7276514302677759,0.9041757656567991,0.5882592797279358,0.22154129044432044,0.283815558698727,1,0.5272531886404791,0.8873609649423306,0.6938906752411576,0.007082168375834801,0.0,0.9390117988000547,0.3326391300154321,1,7.485687745628417,0.9041757656567991,0.14706481993198395,0.0902766250024465,0.01409366004576951,0.925781
0087.jpg,P3,leaves and stems,1.3318370020489916,0.8128534487810595,1.0,0.7255451056348691,0.9028192661126809,0.584499716758728,0.2243067008098803,0.28490802510764124,1,0.526693494591524,0.8855419826065078,0.6932475884244373,0.006379989556044494,0.0,0.938832316296609,0.3310771122685185,1,7.565481242547322,0.9028192661126809,0.146124929189682,0.08916363143761703,0.01403961856984814,0.375000;0.320312;0.367188;0.863281;0.337891;0.558594;0.494141
0087.jpg,P4,crop seedling,0.5904761904761905,0.0,1.0,0.9523809523809523,1.0,0.0,1.0,1.0,1,0.0,0.0,0.0,1.0,1.0,0.0,0.0,0,1.0,1.0,0.0,0.0,0.0,
0087.jpg,P5,plant body without background,1.1514632417514812,0.8129944620253163,1.0,0.7256095059536312,0.0,0.5843111872673035,0.2247823418203246,0.2841746508018624,1,0.5268802107022309,0.8856068459778532,0.6938906752411576,0.0062988158226253465,0.0,0.9390713781336154,0.3311328125,1,7.5630347120591175,0.0,0.14607779681682587,0.08897496056868476,0.014075850849866815,0.349609
0088.jpg,P1,green plant,1.3407988364533705,0.8047390827668386,1.0,0.7233835591792449,0.9544987841317213,0.5941746234893799,0.2521558646267965,0.29319184949598404,1,0.5254396265399336,0.8805318068222843,0.6884825152390118,0.004807867325660112,0.0,0.9476900160681008,0.32787193769290124,1,7.6478498110906905,0.9544987841317213,0.14854365587234497,0.07931602157895878,0.013642944054810055,0.968750
0088.jpg,P2,entire plant excluding pot,1.342099959463995,0.8075401185732145,1.0,0.7231027103624601,0.9541499138784127,0.5963625311851501,0.2498869469259546,0.29204805608326867,1,0.5258689046641475,0.8818159175437762,0.6888033365415464,0.005035038945599297,0.0,0.9475924463002723,0.32897834683641974,1,7.658588072467416,0.9541499138784127,0.14909063279628754,0.08003619335077279,0.013696376047302027,0.945312
0088.jpg,P3,leaves and stems,1.3408943945541805,0.8045724307508986,1.0,0.7241417662809237,0.9543347104763356,0.5951604843139648,0.25174343780380537,0.29401259765889,1,0.5252525161897559,0.8804554066420582,0.6881616939364774,0.00501258755661642,0.0,0.9472779522345455,0.32780611014660493,1,7.618901341261948,0.9543347104763356,0.1487901210784912,0.07944596361469757,0.013604859219810552,0.382812;0.304688;0.367188;0.304688;0.808594;0.363281;0.492188;0.441406
0088.jpg,P4,crop seedling,0.5904761904761905,0.0,1.0,0.9523809523809523,1.0,0.0,1.0,1.0,1,0.0,0.0,0.0,1.0,1.0,0.0,0.0,0,1.0,1.0,0.0,0.0,0.0,
0088.jpg,P5,plant body without background,0.3904761904761905,0.0,1.0,0.9523809523809523,0.0,0.0,1.0,1.0,1,0.0,0.0,0.0,1.0,1.0,0.0,0.0,0,1.0,0.0,0.0,0.0,0.0,
0089.jpg,P1,green plant,1.3274841708604448,0.8100920920260978,1.0,0.720541786805483,0.8865446941686783,0.5961657762527466,0.3301913924661459,0.29234842051857196,1,0.5248153010098437,0.8761696551822713,0.6898854961832062,0.00276247433814425,0.0,0.9480527468451498,0.32998637635030864,1,7.75689122579533,0.8865446941686783,0.14904144406318665,0.06057093084899411,0.01368230412500516,0.964844
0089.jpg,P2,entire plant excluding pot,1.3293415340308612,0.8130164381153305,1.0,0.7209875533543575,0.8875684098575696,0.5986741781234741,0.3267238046523247,0.2914031085884038,1,0.5252922181407149,0.8774864363703733,0.6905216284987278,0.0030331826026170346,0.0,0.9478802706209837,0.33114149305555557,1,7.7397299120505325,0.8875684098575696,0.14966854453086853,0.061213782758444926,0.01372668953113281,0.949219
0089.jpg,P3,leaves and stems,1.3282516826330402,0.8100817144280356,1.0,0.7224757055153117,0.8877852891453626,0.5971618890762329,0.32900846861683264,0.29341820325900514,1,0.5247507630000514,0.8761649823338844,0.6898854961832062,0.002895135376077135,0.0,0.9478217048303794,0.3299822771990741,1,7.682591742977484,0.8877852891453626,0.14929047226905823,0.06078870882588815,0.01363241937811586,0.375000;0.308594;0.308594;0.363281;0.306641;0.851562;0.396484;0.562500;0.464844
0089.jpg,P4,crop seedling,0.5904761904761905,0.0,1.0,0.9523809523809523,1.0,0.0,1.0,1.0,1,0.0,0.0,0.0,1.0,1.0,0.0,0.0,0,1.0,1.0,0.0,0.0,0.0,
0089.jpg,P5,plant body without background,1.1502723929924494,0.8098170856774495,1.0,0.7214041952917635,0.0,0.5964252352714539,0.3300807064528971,0.2922912082042517,1,0.524743089744316,0.8760458247000169,0.6898854961832062,0.0028229570292141698,0.0,0.9479454889509726,0.3298777488425926,1,7.723709025439244,0.0,0.14910630881786346,0.06059124210840243,0.013684982263321514,0.427734
0090.jpg,P1,green plant,1.3070148418751737,0.8079799455969683,1.0,0.7169427161991391,0.8735398839651964,0.6039619445800781,0.49227255925495184,0.3010385930091521,1,0.5065299438068972,0.8266619428383268,0.6819887429643527,0.0017241006710696494,0.0,0.9495752028122025,0.32915207851080247,1,7.896231523251532,0.8735398839651964,0.15099048614501953,0.0406278993699542,0.013287332896478139,0.960938
0090.jpg,P2,entire plant excluding pot,1.3088209069447765,0.8112644553836537,1.0,0.7164259596178381,0.874855648927258,0.6071039438247681,0.48738452784223774,0.2999595075239398,1,0.5068909053940729,0.8279495091190945,0.6823014383989994,0.0022058608913925453,0.0,0.9495607655798778,0.33044945987654323,1,7.916353018068426,0.874855648927258,0.15177598595619202,0.0410353609059864,0.013335133241878521,0.945312
0090.jpg,P3,leaves and stems,1.3072171842374953,0.8077076862595718,1.0,0.7176569911748678,0.8742707764006887,0.6046875715255737,0.49055054281400534,0.3015970384285991,1,0.5063525791653549,0.8265552139913381,0.6813633520950594,0.0017880520748182545,0.0,0.9494926651372135,0.32904453607253087,1,7.868466754930147,0.8742707764006887,0.15117189288139343,0.04077051853876574,0.013262729703318925,0.406250;0.378906;0.847656;0.437500;0.515625;0.423828
0090.jpg,P4,crop seedling,0.5904761904761905,0.0,1.0,0.9523809523809523,1.0,0.0,1.0,1.0,1,0.0,0.0,0.0,1.0,1.0,0.0,0.0,0,1.0,1.0,0.0,0.0,0.0,
0090.jpg,P5,plant body without background,1.3066780156598825,0.8074531298835754,1.0,0.7168629867767294,0.8734248081931744,0.6036115884780884,0.49206337469340644,0.30066593200727315,1,0.5064075129935691,0.8264554249124273,0.6816760475297061,0.0017211596716455438,0.0,0.9496277362036621,0.32894398630401234,1,7.899334139048108,0.8734248081931744,0.1509028971195221,0.040645170985264954,0.0133038019083028,0.468750
0091.jpg,P1,green plant,1.3151754240421423,0.8089462831106422,1.0,0.7140407608058478,0.9286566309569744,0.5921288728713989,0.6041009603164956,0.3079670995183234,1,0.5064209144931697,0.82486139266263,0.6833748443337484,0.001430513100536534,0.0,0.951411090113355,0.3295337818287037,1,8.009605470461548,0.9286566309569744,0.14803221821784973,0.03310704884415639,0.012988400404641302,0.968750
0091.jpg,P2,entire plant excluding pot,1.3172694659489361,0.8123678382364432,1.0,0.7147975308246661,0.928775218286563,0.5955929756164551,0.5985942986760888,0.3063736325072561,1,0.5069627533561105,0.8261937441048499,0.683997509339975,0.0014840617308466584,0.0,0.9512060975747146,0.33088529610339507,1,7.979951157533914,0.928775218286563,0.14889824390411377,0.03341161124359855,0.013055953827571192,0.949219
0091.jpg,P3,leaves and stems,1.3157405784992953,0.8090271673308328,1.0,0.7151471095308222,0.9292239386098214,0.5929607152938843,0.6029335539012959,0.3084226559855579,1,0.5064687923462232,0.8248928889277674,0.6836861768368617,0.0014369592654240823,0.0,0.9512385717049672,0.329565731095679,1,7.966273978400271,0.9292239386098214,0.14824017882347107,0.033171151067293445,0.012969215854840776,0.353516;0.337891;0.851562;0.443359;0.523438;0.425781
0091.jpg,P4,crop seedling,0.5904761904761905,0.0,1.0,0.9523809523809523,1.0,0.0,1.0,1.0,1,0.0,0.0,0.0,1.0,1.0,0.0,0.0,0,1.0,1.0,0.0,0.0,0.0,
0091.jpg,P5,plant body without background,1.315222236017827,0.8085488821495546,1.0,0.7149495103479221,0.9289475524895487,0.5917860865592957,0.603906628203853,0.30758646701193426,1,0.5063758297085628,0.8247066449750502,0.6833748443337484,0.0014355872639031796,0.0,0.9515170816639138,0.3293768084490741,1,7.974003353421737,0.9289475524895487,0.1479465216398239,0.03311770241615705,0.013004473307483978,0.324219
0092.jpg,P1,green plant,1.3002747878614402,0.834174529223316,1.0,0.71338400771189,0.8514474669328674,0.5564702749252319,0.8971533253683792,0.30465649680839557,1,0.5091795321027792,0.8269856206867402,0.6904688936561446,0.0013586937221673758,0.0,0.958577721209644,0.3394989390432099,1,8.035391575636885,0.8514474669328674,0.13911756873130798,0.022292733509946944,0.013129541112381656,0.968750
0092.jpg,P2,entire plant excluding pot,1.302525311461069,0.8378390422331614,1.0,0.7132889117785333,0.8525303721788714,0.5601962208747864,0.8891234358297176,0.3034928096157974,1,0.5097544020479986,0.8283797517271618,0.6913882929819185,0.0015516562197439414,0.0,0.9583709307266987,0.34094642168209877,1,8.039129264089462,0.8525303721788714,0.1400490552186966,0.022494064596707292,0.013179883915746623,0.949219
0092.jpg,P3,leaves and stems,1.3006976904150473,0.8341769710110953,1.0,0.7143560960720104,0.8517127723682112,0.5575047135353088,0.8942498293081821,0.30456674688370333,1,0.5091475798177222,0.8269865496429557,0.6904688936561446,0.0013611757035286163,0.0,0.9582623929564029,0.3394999035493827,1,7.997241305803747,0.8517127723682112,0.1393761783838272,0.022365114696720253,0.013133410133993951,0.363281;0.515625;0.302734;0.304688;0.871094;0.423828;0.421875
0092.jpg,P4,crop seedling,0.5904761904761905,0.0,1.0,0.9523809523809523,1.0,0.0,1.0,1.0,1,0.0,0.0,0.0,1.0,1.0,0.0,0.0,0,1.0,1.0,0.0,0.0,0.0,
0092.jpg,P5,plant body without background,1.3001231941839275,0.8337630879824972,1.0,0.7135019106163774,0.8510660380947677,0.5563462376594543,0.8967095705365108,0.30481570326248814,1,0.5091877393133082,0.8268290915644273,0.6907753600980693,0.001356146823411706,0.0,0.9586483649512973,0.3393364197530864,1,8.030758856304216,0.8510660380947677,0.1390865594148636,0.0223037655191232,0.01312268350084133,0.523438
0093.jpg,P1,green plant,1.3138698967582592,0.8296166271097046,1.0,0.713934811817664,0.9122947378885439,0.5539225339889526,1.0,0.3310785142283029,1,0.5119161545972862,0.8287467351340769,0.6973886328725039,0.0011781477161606523,0.0,0.9667828769815683,0.33769856770833334,1,8.013762137582829,0.9122947378885439,0.13848063349723816,0.0162416588034232,0.012081726321997768,0.964844
0093.jpg,P2,entire plant excluding pot,1.3155776525561853,0.8326740506329113,1.0,0.7141014574676923,0.9123605824405093,0.5566582679748535,1.0,0.3294876633651761,1,0.5124187808529921,0.829922403758196,0.6980030721966206,0.0011867561429571571,0.0,0.9666141338511891,0.33890625,1,8.007224730954773,0.9123605824405093,0.13916456699371338,0.016402563620943826,0.012140059992372887,0.921875
0093.jpg,P3,leaves and stems,1.313792773190142,0.8293181185536802,1.0,0.7136099216069445,0.9121246427093991,0.554679811000824,1.0,0.3324561726379531,1,0.5118462744159723,0.828631949877574,0.6973886328725039,0.0011789163612234016,0.0,0.9664881295013769,0.3375806568287037,1,8.026516160205487,0.9121246427093991,0.138669952750206,0.016274831439245806,0.012031661100652886,0.322266;0.453125;0.306641;0.804688;0.343750;0.371094
0093.jpg,P4,crop seedling,0.5904761904761905,0.0,1.0,0.9523809523809523,1.0,0.0,1.0,1.0,1,0.0,0.0,0.0,1.0,1.0,0.0,0.0,0,1.0,1.0,0.0,0.0,0.0,
0093.jpg,P5,plant body without background,0.3904761904761905,0.0,1.0,0.9523809523809523,0.0,0.0,1.0,1.0,1,0.0,0.0,0.0,1.0,1.0,0.0,0.0,0,1.0,0.0,0.0,0.0,0.0,
0094.jpg,P1,green plant,1.3141020670646881,0.8082552571690889,1.0,0.7137248933290038,0.9208003711028644,0.5535998344421387,1.0,0.44359961016811505,1,0.514825995856069,0.8261011710655557,0.7074468085106383,0.0010915331665336883,0.0,0.9867762040116973,0.3292608265817901,1,8.022001455931644,0.9208003711028644,0.13839995861053467,0.014771398682031372,0.00901714047603442,0.968750
0094.jpg,P2,entire plant excluding pot,1.3160012645811654,0.8122777973120799,1.0,0.7125881412438726,0.9210150573151759,0.5570005178451538,1.0,0.4396171252352918,1,0.5154249618379091,0.8276748269742701,0.708072590738423,0.0012830697471029808,0.0,0.9867062698812931,0.3308497299382716,1,8.066703390669113,0.9210150573151759,0.13925012946128845,0.014938051162451716,0.00909882661613585,0.949219
0094.jpg,P3,leaves and stems,1.3146755337713816,0.8083977965307079,1.0,0.714421124836305,0.9212032950888339,0.5548985600471497,1.0,0.44295597178302115,1,0.5148913784707824,0.8261569338176136,0.7077596996245307,0.0010931770522147636,0.0,0.986676588178666,0.3293171296296296,1,7.994692912506736,0.9212032950888339,0.13872464001178741,0.0148117070256212,0.009030242856640776,0.314453;0.835938;0.386719;0.328125;0.464844;0.507812
0094.jpg,P4,crop seedling,0.5904761904761905,0.0,1.0,0.9523809523809523,1.0,0.0,1.0,1.0,1,0.0,0.0,0.0,1.0,1.0,0.0,0.0,0,1.0,1.0,0.0,0.0,0.0,
0094.jpg,P5,plant body without background,1.129980920631903,0.8083532339037349,1.0,0.7135674088460103,0.0,0.5535441637039185,1.0,0.4424121482081393,1,0.5148879593411702,0.8261395004947003,0.7077596996245307,0.0011016562554231582,0.0,0.9867288511223641,0.3292995273919753,1,8.028185917773678,0.0,0.13838604092597961,0.014806640838093509,0.009041343046751377,0.376953
0095.jpg,P1,green plant,1.3034431303190894,0.7586610212533207,1.0,0.7208123891388423,0.8194111000907378,0.535619854927063,0.7633660747455234,0.5341102100228737,1,0.5365422572370968,0.8659896700738781,0.75,0.0017293898158328323,0.0,0.9896468965598934,0.3096711033950617,1,7.746470928300897,0.8194111000907378,0.13390496373176575,0.026199749584977592,0.007489091061990177,0.671875;0.972656
0095.jpg,P2,entire plant excluding pot,1.3053331033734428,0.7612026171081419,1.0,0.7213161725051558,0.8211610868243071,0.5375657081604004,0.7557226230277435,0.5306554777594729,1,0.5370839864538416,0.867176180982312,0.7506802721088436,0.0017610559816334823,0.0,0.9897819092493063,0.31067503375771605,1,7.727092171716206,0.8211610868243071,0.1343914270401001,0.026464736386839348,0.007537847374889546,0.585938;0.929688
0095.jpg,P3,leaves and stems,1.3043714119562648,0.7591203825793091,1.0,0.7218938451284064,0.820438729686501,0.5366778373718262,0.7600523451824689,0.5297961245104102,1,0.5367452530030562,0.8662041169235469,0.7506802721088436,0.0017435519511167332,0.0,0.9897442868555791,0.30985255111882715,1,7.704904446778482,0.820438729686501,0.13416945934295654,0.026313977092194248,0.007550074103876164,0.410156;0.349609;0.343750;0.390625;0.679688
0095.jpg,P4,crop seedling,0.5904761904761905,0.0,1.0,0.9523809523809523,1.0,0.0,1.0,1.0,1,0.0,0.0,0.0,1.0,1.0,0.0,0.0,0,1.0,1.0,0.0,0.0,0.0,
0095.jpg,P5,plant body without background,0.3904761904761905,0.0,1.0,0.9523809523809523,0.0,0.0,1.0,1.0,1,0.0,0.0,0.0,1.0,1.0,0.0,0.0,0,1.0,0.0,0.0,0.0,0.0,
0096.jpg,P1,green plant,1.299781652435132,0.725120319092827,1.0,0.7228813943266793,0.8331573901777409,0.5544458627700806,0.4787970905833439,0.842002397260274,1,0.5326606591616665,0.8626951038424648,0.742876526458616,0.0020006938775676214,0.0,0.9759980621752331,0.2964225260416667,1,7.667055974830838,0.8331573901777409,0.13861146569252014,0.04177134822526373,0.004750580298839158,0.679688;0.964844
0096.jpg,P2,entire plant excluding pot,1.301092009526072,0.7273911817276137,1.0,0.7229508790039036,0.8333200034899954,0.5559563040733337,0.47518416108675754,0.8342648849797024,1,0.5331683358671027,0.863792639020385,0.7435549525101763,0.002025070486158842,0.0,0.9760854190398376,0.2973195167824074,1,7.664396822584132,0.8333200034899954,0.13898907601833344,0.04208894495611874,0.004794640253973197,0.355469;0.527344;0.957031
0096.jpg,P3,leaves and stems,1.2996324617708435,0.7249817476363494,1.0,0.7224798327401404,0.8330573667759597,0.5544961094856262,0.47649095261632696,0.8422074518201286,1,0.5326294504432284,0.8626281305937046,0.742876526458616,0.0020295395845647594,0.0,0.9760069184825039,0.296367790316358,1,7.682433603919777,0.8330573667759597,0.13862402737140656,0.04197351469148273,0.004749423662015147,0.320312;0.500000;0.404297;0.466797;0.820312;0.443359
0096.jpg,P4,crop seedling,0.5904761904761905,0.0,1.0,0.9523809523809523,1.0,0.0,1.0,1.0,1,0.0,0.0,0.0,1.0,1.0,0.0,0.0,0,1.0,1.0,0.0,0.0,0.0,
0096.jpg,P5,plant body without background,1.1330197967247138,0.7249036104274105,1.0,0.7227358343390223,0.0,0.554345428943634,0.4779235652689604,0.846324180080916,1,0.5326228219827003,0.8625903659424212,0.742876526458616,0.0020130703105897345,0.0,0.97602340233479,0.29633692611882717,1,7.672628157826147,0.0,0.1385863572359085,0.041847695852253335,0.004726321301156213,0.486328
0097.jpg,P1,green plant,1.310506727470485,0.7101854293639631,1.0,0.7212988454567878,0.8809833548476336,0.5564977526664734,0.4169094888364086,1.0,1,0.5367136510035132,0.8564657038098397,0.7727591036414566,0.001890679233569433,0.0,0.9842121978467792,0.29052324459876544,1,7.727758232212749,0.8809833548476336,0.13912443816661835,0.047972043178532243,0.002646369945669946,0.585938;0.361328;0.695312;0.972656
0097.jpg,P2,entire plant excluding pot,1.3115685392612693,0.7120265373495858,1.0,0.7213826200667209,0.8812190804142367,0.5575616359710693,0.4146317099334907,1.0,1,0.5371305645009465,0.8573580085981969,0.7734593837535014,0.0019501206251645454,0.0,0.984176086034967,0.2912504822530864,1,7.724538190496182,0.8812190804142367,0.13939040899276733,0.0482355775519632,0.002678259487330632,0.345703;0.722656;0.953125
0097.jpg,P3,leaves and stems,1.3101461986578284,0.7095429339545241,1.0,0.7216973940133385,0.8806420568080362,0.5565489530563354,0.4157935548494059,1.0,1,0.5364599310913815,0.8561543142906931,0.7720588235294118,0.0019101923026601888,0.0,0.9840839054514282,0.29026945891203704,1,7.712445916952222,0.8806420568080362,0.13913723826408386,0.048100793691339676,0.0026711125676033213,0.523438;0.482422;0.433594;0.361328;0.546875;0.863281;0.464844
0097.jpg,P4,crop seedling,0.5904761904761905,0.0,1.0,0.9523809523809523,1.0,0.0,1.0,1.0,1,0.0,0.0,0.0,1.0,1.0,0.0,0.0,0,1.0,1.0,0.0,0.0,0.0,
0097.jpg,P5,plant body without background,0.3904761904761905,0.0,1.0,0.9523809523809523,0.0,0.0,1.0,1.0,1,0.0,0.0,0.0,1.0,1.0,0.0,0.0,0,1.0,0.0,0.0,0.0,0.0,
0098.jpg,P1,green plant,1.2747108128254239,0.7032159565947804,1.0,0.7203240585002355,0.8285871350763233,0.5580855011940002,0.47082719373514414,1.0,1,0.512668282552356,0.8137731808603358,0.7226890756302521,0.0015920351320257977,0.0,0.9824124617740075,0.28777030285493826,1,7.76528114532421,0.8285871350763233,0.13952137529850006,0.04247843001874412,0.0,0.539062;0.457031;0.351562;0.628906;0.968750
0098.jpg,P2,entire plant excluding pot,1.2758600020637672,0.7053818223550554,1.0,0.7204552001498106,0.8286909438902084,0.5592264533042908,0.4682963948279572,1.0,1,0.513109118123894,0.8147060022111126,0.7233354880413704,0.0016040247654740352,0.0,0.9824283693220015,0.28862581983024693,1,7.760227139510167,0.8286909438902084,0.1398066133260727,0.04270799481031154,0.0,0.566406;0.365234;0.941406
0098.jpg,P3,leaves and stems,1.2750886793816958,0.7033664317666822,1.0,0.7210844473985611,0.8283022781589876,0.5587130784988403,0.4685307480202926,1.0,1,0.5127954322170815,0.8138379893335507,0.7233354880413704,0.0016139064872506413,0.0,0.9823592004906736,0.2878297405478395,1,7.736002450411343,0.8283022781589876,0.13967826962471008,0.04268663280800042,0.0,0.398438;0.333984;0.546875;0.349609;0.345703;0.566406;0.398438;0.867188
0098.jpg,P4,crop seedling,0.5904761904761905,0.0,1.0,0.9523809523809523,1.0,0.0,1.0,1.0,1,0.0,0.0,0.0,1.0,1.0,0.0,0.0,0,1.0,1.0,0.0,0.0,0.0,
0098.jpg,P5,plant body without background,1.1089804013573201,0.7030444210032816,1.0,0.7202331717165164,0.0,0.5581512451171875,0.4703915790303663,1.0,1,0.5126946337899231,0.8136993018300178,0.7230122818358112,0.0015936672365818498,0.0,0.9823576758994541,0.28770254629629627,1,7.768784867731692,0.0,0.13953781127929688,0.04251776794394717,0.0,0.445312
0099.jpg,P1,green plant,1.278302101958683,0.6950933495468041,1.0,0.72308602091775,0.8260552468846117,0.5543200373649597,0.40411430332500087,1.0,1,0.518591171015858,0.8127158784522335,0.7777010700724888,0.0015447385256771471,0.0,0.9461784250223153,0.2845618730709877,1,7.6592264563706385,0.8260552468846117,0.13858000934123993,0.04949094806950052,0.002412012185046626,0.308594;0.464844;0.773438;0.605469;0.968750
0099.jpg,P2,entire plant excluding pot,1.279291382275704,0.6970602096030629,1.0,0.7230869072873581,0.8258947885184788,0.5554109215736389,0.4021125779431503,1.0,1,0.5190008168791962,0.813569654130756,0.7783914394200897,0.001564616594992044,0.0,0.9461036381631309,0.2853387827932099,1,7.659192551320677,0.8258947885184788,0.13885273039340973,0.049737315112852676,0.002444317310836882,0.416016;0.703125;0.957031
0099.jpg,P3,leaves and stems,1.2792997147196055,0.6958768582004999,1.0,0.7241146679767966,0.8266596577338664,0.5554019808769226,0.40404880384411496,1.0,1,0.5188890817619884,0.8130559843129981,0.7787366240938902,0.0015566033543574949,0.0,0.9461387592184608,0.2848713589891975,1,7.619934914287466,0.8266596577338664,0.13885049521923065,0.04949897094044151,0.002427167003056072,0.490234;0.507812;0.605469;0.867188;0.353516;0.486328
0099.jpg,P4,crop seedling,0.5904761904761905,0.0,1.0,0.9523809523809523,1.0,0.0,1.0,1.0,1,0.0,0.0,0.0,1.0,1.0,0.0,0.0,0,1.0,1.0,0.0,0.0,0.0,
0099.jpg,P5,plant body without background,1.278400603952283,0.695003308622441,1.0,0.7233118223877327,0.8259320869345098,0.554574191570282,0.40476374238916046,1.0,1,0.51863632204929,0.8126767934390174,0.7780462547462893,0.0015462028199451265,0.0,0.9461497933728533,0.2845263069058642,1,7.650591876098163,0.8259320869345098,0.1386435478925705,0.04941154037648704,0.002401720357207174,0.361328;0.531250
0100.jpg,P1,green plant,1.2847941439203645,0.7021553050281294,1.0,0.7272164605179253,0.8313608702181684,0.5159574747085571,0.24065580888143945,0.5636863950807072,1,0.5294561218258085,0.8447039205363909,0.7842735042735043,0.0013967400448181952,0.0,0.9305954088228641,0.28735134548611113,1,7.502127751283231,0.8313608702181684,0.12898936867713928,0.08310624245040818,0.007096144300994333,0.392578;0.664062;0.691406;0.972656
0100.jpg,P2,entire plant excluding pot,1.286106320359866,0.7044490594233473,1.0,0.7275285962404827,0.831611302191249,0.5172064304351807,0.23981644566591104,0.5607885540049256,1,0.5299472427018138,0.8457907890245807,0.7849572649572649,0.0014191178131281572,0.0,0.9305389419484139,0.2882573784722222,1,7.490328357332435,0.831611302191249,0.12930160760879517,0.08339711625891602,0.0071328131992595325,0.769531;0.964844
0100.jpg,P3,leaves and stems,1.2854151636749453,0.7028310697960618,1.0,0.728079944294668,0.8315131823059257,0.5166090130805969,0.24071044068309663,0.5618183102737709,1,0.5296085217794948,0.8450241237077618,0.7846153846153846,0.001404665703395468,0.0,0.930407089620276,0.28761827256944444,1,7.469510946871531,0.8315131823059257,0.12915225327014923,0.08308738060236727,0.007119739472447636,0.380859;0.671875;0.859375;0.349609
0100.jpg,P4,crop seedling,0.5904761904761905,0.0,1.0,0.9523809523809523,1.0,0.0,1.0,1.0,1,0.0,0.0,0.0,1.0,1.0,0.0,0.0,0,1.0,1.0,0.0,0.0,0.0,
0100.jpg,P5,plant body without background,1.2850907318957563,0.7025603365760273,1.0,0.7277343480231606,0.8311605059484527,0.5164231061935425,0.2408068180670699,0.5610478767203858,1,0.5295150725475198,0.84489583996205,0.7842735042735043,0.0013972208221126549,0.0,0.9305146403820552,0.28751133294753084,1,7.482556037554911,0.8311605059484527,0.12910577654838562,0.0830541267914996,0.007129516331800528,0.373047;0.474609
0101.jpg,P1,green plant,1.2589440325484311,0.7256694161197061,1.0,0.730972952218882,0.8472505487766742,0.4433642029762268,0.22412924265335496,0.46262028767509633,1,0.5094926085301333,0.8155670507165409,0.7310430207366141,0.0007754691629078631,0.0,0.9268903779562581,0.29663941936728394,1,7.36079350034721,0.8472505487766742,0.1108410507440567,0.08923422826593227,0.008646399880346897,0.851562;0.972656
0101.jpg,P2,entire plant excluding pot,1.2603472023794196,0.7278053699796843,1.0,0.7315756605035203,0.8477616878856741,0.44480815529823303,0.22353883367608557,0.46148482723149575,1,0.5099570276459973,0.8164645864563678,0.7319715258433921,0.0008202820408487487,0.0,0.9268563234671259,0.2974831211419753,1,7.338252322712095,0.8477616878856741,0.11120203882455826,0.0894699129949859,0.008667673916814323,0.667969;0.945312;0.523438
0101.jpg,P3,leaves and stems,1.259370335746083,0.725864453918581,1.0,0.7316291741740598,0.8474304217481708,0.4441514015197754,0.2244911269320758,0.46265344487263843,1,0.5095552454739656,0.8156490063235355,0.7313525224388734,0.0007764867934264765,0.0,0.9266758525975879,0.2967164592978395,1,7.336252716518734,0.8474304217481708,0.11103785037994385,0.08909038086860063,0.008645780214823949,0.566406;0.691406
0101.jpg,P4,crop seedling,0.5904761904761905,0.0,1.0,0.9523809523809523,1.0,0.0,1.0,1.0,1,0.0,0.0,0.0,1.0,1.0,0.0,0.0,0,1.0,1.0,0.0,0.0,0.0,
0101.jpg,P5,plant body without background,0.3904761904761905,0.0,1.0,0.9523809523809523,0.0,0.0,1.0,1.0,1,0.0,0.0,0.0,1.0,1.0,0.0,0.0,0,1.0,0.0,0.0,0.0,0.0,
0102.jpg,P1,green plant,1.2498549388647064,0.7364630337748086,1.0,0.7331044617882063,0.825208455627547,0.4312686324119568,0.2963439800522441,0.4431675766857549,1,0.5046460221442027,0.7895067800345672,0.7553459119496856,0.0003425742915423416,0.0,0.9245915726862354,0.3009028983410494,1,7.281241681731842,0.825208455627547,0.1078171581029892,0.06748913879227136,0.009025931070847168,0.902344;0.972656
0102.jpg,P2,entire plant excluding pot,1.251011600231916,0.7382589686865135,1.0,0.7330458772679446,0.8259299896965857,0.43260639905929565,0.29464092855081764,0.4419952296819788,1,0.5050433532898482,0.7901893073808999,0.7562893081761006,0.0003853390483964259,0.0,0.924606219493541,0.30161229263117284,1,7.283421979726317,0.8259299896965857,0.10815159976482391,0.06787923218396502,0.009049871427069589,0.843750;0.960938
0102.jpg,P3,leaves and stems,1.2502366327233108,0.7365582634982029,1.0,0.7337806495139751,0.8259345600756127,0.4316871166229248,0.29567886756692724,0.44385347855078905,1,0.5046445147811678,0.7895429711515038,0.7553459119496856,0.000355751984779584,0.0,0.92448936322632,0.3009405140817901,1,7.256101688218604,0.8259345600756127,0.1079217791557312,0.06764095170065874,0.009011982992811647,0.628906;0.710938
0102.jpg,P4,crop seedling,0.5904761904761905,0.0,1.0,0.9523809523809523,1.0,0.0,1.0,1.0,1,0.0,0.0,0.0,1.0,1.0,0.0,0.0,0,1.0,1.0,0.0,0.0,0.0,
0102.jpg,P5,plant body without background,0.5904761904761905,0.0,1.0,0.9523809523809523,1.0,0.0,1.0,1.0,1,0.0,0.0,0.0,1.0,1.0,0.0,0.0,0,1.0,1.0,0.0,0.0,0.0,
0103.jpg,P1,green plant,1.2370529785388416,0.7173737473628691,1.0,0.7342943538618524,0.8599037498613301,0.40015578269958496,0.3084946529657498,0.4335442316258352,1,0.49470745178171427,0.779913911471783,0.7244835965978129,0.0002400065426441077,0.0,0.9140253734177708,0.2933626302083333,1,7.237033615762666,0.8599037498613301,0.10003894567489624,0.06483094539152506,0.009226278908151057,0.867188;0.972656
0103.jpg,P2,entire plant excluding pot,1.2377954795840747,0.7187771648890451,1.0,0.7344093850917901,0.8599463127783344,0.400838166475296,0.30750450939088536,0.43284033911846953,1,0.49500127373718156,0.7804428481503092,0.7250911300121506,0.00025760245132523744,0.0,0.9140715421778383,0.29391698013117284,1,7.232767453673404,0.8599463127783344,0.100209541618824,0.06503969661978821,0.0092412828437998,0.800781;0.957031
0103.jpg,P3,leaves and stems,1.2371866913938123,0.7171240745624314,1.0,0.7348669987038392,0.8602771824589507,0.4000272750854492,0.30854546146430567,0.43376559226071065,1,0.49472758523167804,0.7798198118191004,0.7247873633049817,0.00023515395389584736,0.0,0.9139947188626495,0.29326400945216047,1,7.21580916720449,0.8602771824589507,0.1000068187713623,0.06482026961305253,0.009221570524191874,0.761719;0.863281
0103.jpg,P4,crop seedling,1.0650501026958965,0.7172693609353022,1.0,0.7340905729545931,0.0,0.40004345774650574,0.30848258154499636,0.432462338354886,1,0.49476942436861626,0.7798745690742066,0.7247873633049817,0.0002338748625625533,0.0,0.9142176225651601,0.2933213975694444,1,7.244594518498323,0.0,0.10001086443662643,0.0648334823309391,0.009249360337864916,0.326172
0103.jpg,P5,plant body without background,1.0651926479824865,0.7173749682567588,1.0,0.7346749338857358,0.0,0.40035131573677063,0.308737843136011,0.43269689695029784,1,0.49471240440663355,0.7799143716167839,0.7244835965978129,0.00023137579003736124,0.0,0.9140473969016409,0.2933631124614198,1,7.222924149894305,0.0,0.10008782893419266,0.06477987860784927,0.009244346396270699,0.382812;0.449219
0104.jpg,P1,green plant,1.2162967771519182,0.698642793307548,1.0,0.7377014095610263,0.8257098175341117,0.37019073963165283,0.297797684813178,0.41023894149695167,1,0.4898478251450504,0.7705475467638307,0.7360722066604419,0.0002373625521154147,0.0,0.8773439534446464,0.2859639033564815,1,7.111240050227264,0.8257098175341117,0.09254768490791321,0.06715968934596288,0.009750415173664645,0.500000;0.875000;0.302734;0.554688;0.585938;0.964844;0.765625
0104.jpg,P2,entire plant excluding pot,1.216939870044875,0.7001093920925143,1.0,0.7373853933723288,0.825880369289394,0.3708258271217346,0.2963341998790576,0.40981188033451166,1,0.49009967366968077,0.7710956227831722,0.7363834422657952,0.00024487693881947435,0.0,0.8774064916937324,0.2865432098765432,1,7.122858927992594,0.825880369289394,0.09270645678043365,0.06749136619452822,0.009760575990952175,0.566406;0.753906;0.316406;0.390625;0.964844;0.781250
0104.jpg,P3,leaves and stems,1.2162967689776285,0.6984443980504765,1.0,0.73809919114614,0.8257187889448134,0.37008240818977356,0.29745278699423594,0.41002014438248396,1,0.4898278117113879,0.7704734053668334,0.7360722066604419,0.00024080136670590055,0.0,0.877413630441284,0.28588553722993826,1,7.096629070875244,0.8257187889448134,0.09252060204744339,0.06723756130208174,0.009755618241694566,0.425781;0.750000;0.359375;0.388672;0.886719;0.734375
0104.jpg,P4,crop seedling,1.2161353970177342,0.6986348574972652,1.0,0.7369414120759377,0.82547566943254,0.3699856400489807,0.2973072945718458,0.4097383718419348,1,0.48992788120678943,0.7705445811079508,0.7363834422657952,0.00023441389990104866,0.0,0.8775858238113384,0.28596076871141973,1,7.1391994970953165,0.82547566943254,0.09249641001224518,0.06727046515559644,0.009762327072317953,0.347656;0.558594;0.349609
0104.jpg,P5,plant body without background,1.2163270722096537,0.6985200934716361,1.0,0.7376850103864232,0.8257625444113009,0.37014883756637573,0.29771730943055136,0.410453377179698,1,0.4899037750425066,0.7705016931613801,0.7363834422657952,0.00023571608987909325,0.0,0.8774987765514418,0.2859154369212963,1,7.111842749147575,0.8257625444113009,0.09253720939159393,0.06717782059180341,0.009745321204285732,0.589844;0.777344;0.636719
0105.jpg,P1,green plant,1.1603224962153666,0.696117374296765,1.0,0.7422044028158473,0.6733974442786741,0.31723839044570923,0.30629997278629467,0.3020800051121477,1,0.4745309738479675,0.7712378256403101,0.7026308010641442,0.000199693267756095,0.0,0.7818409866263987,0.2849663628472222,1,6.946754727029445,0.6733974442786741,0.07930959761142731,0.06529546776667196,0.013241525199640383,0.613281;0.503906;0.597656;0.652344;0.515625;0.839844;0.679688;0.330078;0.972656;0.695312;0.687500;0.730469;0.371094
0105.jpg,P2,entire plant excluding pot,1.161360374789576,0.6981034634317862,1.0,0.7428793358471065,0.6735891318366292,0.3182852864265442,0.30434691047305973,0.30068277830637485,1,0.4747889312811626,0.7719845365320299,0.7026308010641442,0.0002185532282590168,0.0,0.7818636527188394,0.28575086805555555,1,6.922272615368912,0.6735891318366292,0.07957132160663605,0.0657144834127382,0.013303056538623166,0.427734;0.593750;0.578125;0.367188;0.500000;0.326172;0.550781;0.359375;0.757812;0.320312;0.945312;0.726562;0.349609
0105.jpg,P3,leaves and stems,1.1606131590584834,0.6964479313173932,1.0,0.7431449804592941,0.6733263492994472,0.3175150156021118,0.30622800940164857,0.30090128837283286,1,0.47452630372283405,0.7713621053230721,0.7023352054389596,0.00020171623726904125,0.0,0.7818974475192677,0.28509693287037036,1,6.912648979529103,0.6733263492994472,0.07937875390052795,0.0653108121594717,0.013293396055665223,0.347656;0.388672;0.404297;0.371094;0.519531;0.523438;0.515625;0.671875;0.820312;0.445312;0.664062;0.398438
0105.jpg,P4,crop seedling,0.3904761904761905,0.0,1.0,0.9523809523809523,0.0,0.0,1.0,1.0,1,0.0,0.0,0.0,1.0,1.0,0.0,0.0,0,1.0,0.0,0.0,0.0,0.0,
0105.jpg,P5,plant body without background,0.3904761904761905,0.0,1.0,0.9523809523809523,0.0,0.0,1.0,1.0,1,0.0,0.0,0.0,1.0,1.0,0.0,0.0,0,1.0,0.0,0.0,0.0,0.0,
0106.jpg,P1,green plant,1.2083183318379591,0.764382435243788,1.0,0.7404427030524026,0.8317963859166185,0.25699877738952637,0.31992494265594185,0.3659132340982215,1,0.489594271517492,0.7870362460668545,0.740907724676886,0.00017586029503559916,0.0,0.8082095304076412,0.31193106192129627,1,7.010867846427489,0.8317963859166185,0.06424969434738159,0.06251466307679761,0.01093155324064143,0.511719;0.601562;0.765625;0.855469;0.976562;0.582031;0.812500;0.902344
0106.jpg,P2,entire plant excluding pot,1.2094848061023349,0.7664814570636037,1.0,0.7407658323892887,0.8326196845966681,0.2577354907989502,0.31619299517938654,0.3627558818388394,1,0.4899643131326328,0.7877991891968051,0.7415088668470093,0.00021317128717680264,0.0,0.8082695226744239,0.3127601755401235,1,6.999085440389969,0.8326196845966681,0.06443387269973755,0.06325250813558773,0.011026699221866979,0.800781;0.496094;0.511719;0.726562;0.357422;0.972656;0.523438;0.371094;0.753906;0.808594
0106.jpg,P3,leaves and stems,1.209042434866786,0.7652804026996405,1.0,0.741883228422733,0.8319462601895342,0.2575037479400635,0.31914429871305977,0.3650129293641008,1,0.48971970701639195,0.7873626352901081,0.740907724676886,0.00017527448408882168,0.0,0.808319765682413,0.312285759066358,1,6.958420454551356,0.8319462601895342,0.06437593698501587,0.06266757727037402,0.010958515927007056,0.761719;0.443359;0.675781;0.796875;0.902344;0.486328;0.507812;0.742188
0106.jpg,P4,crop seedling,0.5904761904761905,0.0,1.0,0.9523809523809523,1.0,0.0,1.0,1.0,1,0.0,0.0,0.0,1.0,1.0,0.0,0.0,0,1.0,1.0,0.0,0.0,0.0,
0106.jpg,P5,plant body without background,0.5904761904761905,0.0,1.0,0.9523809523809523,1.0,0.0,1.0,1.0,1,0.0,0.0,0.0,1.0,1.0,0.0,0.0,0,1.0,1.0,0.0,0.0,0.0,
0107.jpg,P1,green plant,1.201508783722912,0.8366529438193467,1.0,0.7421548994114876,0.6080295376203495,0.2236204892396927,0.7265958267939383,0.5866957515321491,1,0.5194172097047367,0.7976847909704761,0.8099386898999678,5.98429211843941e-05,0.0,0.9445652155943124,0.340477912808642,1,6.948552136298711,0.6080295376203495,0.05590512230992317,0.027525619144069178,0.00681784381351671,0.312500;0.363281;0.343750;0.628906;0.832031;0.804688;0.976562;0.738281;0.455078;0.746094;0.386719
0107.jpg,P2,entire plant excluding pot,1.202867111092853,0.8392445963236443,1.0,0.7427697058607798,0.6086086967347673,0.2246418595314026,0.7181105097035074,0.5816027924644526,1,0.5198141394027341,0.7985798291637618,0.8105840593739916,6.24878422312608e-05,0.0,0.9442481486076846,0.34150161554783953,1,6.926246240511964,0.6086086967347673,0.05616046488285065,0.027850866586338605,0.0068775460706620994,0.376953;0.769531;0.835938;0.750000;0.345703;0.960938;0.777344;0.566406
0107.jpg,P3,leaves and stems,1.202084502520817,0.8373253511290826,1.0,0.743181036471832,0.6084528849628791,0.22407881915569305,0.7299044446166163,0.5848449042938438,1,0.5194768841769197,0.7979170096890968,0.8099386898999678,5.201214465886579e-05,0.0,0.9443257024713939,0.34074351369598765,1,6.911343291195565,0.6084528849628791,0.056019704788923264,0.02740084698416248,0.006839420110584188,0.398438;0.490234;0.466797;0.589844;0.443359
0107.jpg,P4,crop seedling,0.5904761904761905,0.0,1.0,0.9523809523809523,1.0,0.0,1.0,1.0,1,0.0,0.0,0.0,1.0,1.0,0.0,0.0,0,1.0,1.0,0.0,0.0,0.0,
0107.jpg,P5,plant body without background,0.5904761904761905,0.0,1.0,0.9523809523809523,1.0,0.0,1.0,1.0,1,0.0,0.0,0.0,1.0,1.0,0.0,0.0,0,1.0,1.0,0.0,0.0,0.0,
0108.jpg,P1,green plant,1.2453439243114768,0.8027639816768245,1.0,0.7429776471821329,0.8400697334218626,0.2670384347438812,1.0,0.5372868600851569,1,0.5147739649065366,0.7891775255375146,0.8228571428571428,4.5705355266989306e-05,0.0,0.9046125686070091,0.3270917727623457,1,6.918710240951859,0.8400697334218626,0.0667596086859703,0.017974368141893012,0.007444812626472984,0.507812;0.396484;0.419922;0.539062;0.341797;0.498047;0.345703;0.753906;0.964844;0.628906;0.863281;0.443359;0.769531
0108.jpg,P2,entire plant excluding pot,1.2465526966004947,0.8051267165768088,1.0,0.7430989204039159,0.8407012356809503,0.26771196722984314,1.0,0.5322321987480438,1,0.515224928622191,0.7900026263381641,0.8238655462184874,4.557531670250822e-05,0.0,0.9044188367951662,0.3280250530478395,1,6.914317126350929,0.8407012356809503,0.06692799180746078,0.01831355891399901,0.007515516741394259,0.339844;0.558594;0.773438;0.511719;0.355469;0.347656;0.816406;0.972656;0.304688;0.890625;0.847656
0108.jpg,P3,leaves and stems,1.2459181964916919,0.8034647747694952,1.0,0.7439641994171116,0.8402353364672566,0.2674088180065155,1.0,0.5363342057182361,1,0.5149035707596161,0.7894222525028023,0.8231932773109244,4.566670815953591e-05,0.0,0.9044469248011672,0.32736858603395064,1,6.883014015553167,0.8402353364672566,0.06685220450162888,0.017924551232522356,0.007458036346280336,0.359375;0.326172;0.488281;0.449219;0.341797;0.714844;0.882812;0.769531;0.566406;0.718750
0108.jpg,P4,crop seedling,0.5904761904761905,0.0,1.0,0.9523809523809523,1.0,0.0,1.0,1.0,1,0.0,0.0,0.0,1.0,1.0,0.0,0.0,0,1.0,1.0,0.0,0.0,0.0,
0108.jpg,P5,plant body without background,1.0773676375430083,0.8027322384356931,1.0,0.7432757368502955,0.0,0.26700934767723083,1.0,0.538252269232677,1,0.5147641729503646,0.7891664403439651,0.8228571428571428,4.570710738147668e-05,0.0,0.9045534524790557,0.3270792341820988,1,6.9079145308199905,0.0,0.06675233691930771,0.018018921268033113,0.007431459612241543,0.357422
0109.jpg,P1,green plant,1.2485230066211086,0.7812634298327863,1.0,0.7428262656907484,0.8587028271928601,0.30127936601638794,1.0,0.5068011698710265,1,0.511708628874552,0.7859636714326774,0.8288788615064214,0.00012260708063459004,0.0,0.8745993092614944,0.3185990547839506,1,6.9241960384938155,0.8587028271928601,0.07531984150409698,0.006280585547198428,0.007892641607393964,0.890625;0.347656;0.455078;0.423828;0.593750;0.539062;0.539062;0.527344;0.964844;0.427734;0.824219;0.558594
0109.jpg,P2,entire plant excluding pot,1.2498373706274872,0.7840156298835754,1.0,0.7435587113674724,0.858843646275601,0.3023453950881958,1.0,0.505163840731568,1,0.5120846941045184,0.7869394324765133,0.8292259632072198,0.00012407579560304042,0.0,0.8743244209912002,0.3196861738040123,1,6.897674244469778,0.858843646275601,0.07558634877204895,0.006479094736961199,0.00791822311392534,0.851562;0.425781;0.359375;0.310547;0.609375;0.312500;0.617188;0.960938;0.542969;0.769531;0.605469
0109.jpg,P3,leaves and stems,1.2490460091224684,0.7819062304656976,1.0,0.7442623227046208,0.858528376952531,0.3016911745071411,1.0,0.5071564312766672,1,0.5117683881964704,0.7861915690436698,0.8288788615064214,0.00012175321606204725,0.0,0.8743966992484873,0.3188529610339506,1,6.8722456986950045,0.858528376952531,0.07542279362678528,0.006231722838256524,0.007887112838006968,0.718750;0.316406;0.310547;0.302734;0.441406;0.312500;0.804688;0.322266;0.453125;0.664062;0.558594
0109.jpg,P4,crop seedling,0.5904761904761905,0.0,1.0,0.9523809523809523,1.0,0.0,1.0,1.0,1,0.0,0.0,0.0,1.0,1.0,0.0,0.0,0,1.0,1.0,0.0,0.0,0.0,
0109.jpg,P5,plant body without background,0.3904761904761905,0.0,1.0,0.9523809523809523,0.0,0.0,1.0,1.0,1,0.0,0.0,0.0,1.0,1.0,0.0,0.0,0,1.0,0.0,0.0,0.0,0.0,
0110.jpg,P1,green plant,1.2395499084431747,0.7688386979410844,1.0,0.7459172795337927,0.8521993076417226,0.28870832920074463,1.0,0.22912454043105915,1,0.5084171855797058,0.7855144290141576,0.8307964601769912,9.685300749726833e-05,0.0,0.8397282849514159,0.3136912856867284,1,6.812624601618347,0.8521993076417226,0.07217708230018616,0.004838038326887356,0.017457754601382616,0.820312;0.507812;0.667969;0.337891;0.550781;0.359375;0.664062;0.384766;0.390625;0.972656;0.644531;0.757812
0110.jpg,P2,entire plant excluding pot,1.2410820736079344,0.7710341703781841,1.0,0.7466616971977176,0.8532823171071108,0.28963741660118103,1.0,0.22867056683976425,1,0.5089589533510956,0.7863037446238641,0.832212389380531,9.735254730222294e-05,0.0,0.839836184084382,0.31455849729938273,1,6.785892560260738,0.8532823171071108,0.07240935415029526,0.005083796013451516,0.017492413017032096,0.789062;0.410156;0.648438;0.539062;0.691406;0.333984;0.972656;0.730469;0.792969
0110.jpg,P3,leaves and stems,1.240113304647723,0.769423811337709,1.0,0.7471441819485681,0.8524797712853727,0.28915920853614807,1.0,0.22937414936023082,1,0.5084719100261637,0.7857247888117118,0.8307964601769912,9.678170119187433e-05,0.0,0.8395390562056368,0.31392240547839506,1,6.7685949823494145,0.8524797712853727,0.07228980213403702,0.004759969859413057,0.017438756769918403,0.652344;0.343750;0.511719;0.480469;0.447266;0.820312;0.433594;0.574219;0.621094
0110.jpg,P4,crop seedling,0.5904761904761905,0.0,1.0,0.9523809523809523,1.0,0.0,1.0,1.0,1,0.0,0.0,0.0,1.0,1.0,0.0,0.0,0,1.0,1.0,0.0,0.0,0.0,
0110.jpg,P5,plant body without background,0.5904761904761905,0.0,1.0,0.9523809523809523,1.0,0.0,1.0,1.0,1,0.0,0.0,0.0,1.0,1.0,0.0,0.0,0,1.0,1.0,0.0,0.0,0.0,
0111.jpg,P1,green plant,1.2532497657666672,0.7976814004141272,1.0,0.7459981607185355,0.8837818859297474,0.28722360730171204,1.0,0.220914997337266,1,0.5103127548938429,0.7948149366247679,0.8166318719554627,1.854339413835894e-05,0.0,0.8513935314143242,0.32508415316358025,1,6.809717574553089,0.8837818859297474,0.07180590182542801,0.006741265505059009,0.018106511772459203,0.800781;0.423828;0.457031;0.601562;0.347656;0.593750;0.320312;0.515625;0.339844;0.507812;0.496094;0.425781;0.330078;0.976562;0.730469;0.691406
0111.jpg,P2,entire plant excluding pot,1.2546169548247184,0.7998408564814814,1.0,0.7465682451724848,0.8847142557110543,0.2884526252746582,1.0,0.22060900077522544,1,0.5107017582967825,0.7955884986685986,0.8173277661795407,2.478311995806844e-05,0.0,0.8513422078644316,0.32593713831018517,1,6.789245496745263,0.8847142557110543,0.07211315631866455,0.006839401313801276,0.018131626479173116,0.656250;0.310547;0.410156;0.519531;0.593750;0.417969;0.488281;0.945312;0.628906;0.304688;0.330078
0111.jpg,P3,leaves and stems,1.2543199118407886,0.7990631470737615,1.0,0.7472087288159813,0.8840968703771779,0.2880070209503174,1.0,0.22076588266546784,1,0.510644758397341,0.7953099069954281,0.8176757132915797,1.777182092668939e-05,0.0,0.8510999410273491,0.3256299430941358,1,6.766282604449463,0.8840968703771779,0.07200175523757935,0.006659619646007542,0.018118741681029137,0.328125
0111.jpg,P4,crop seedling,0.5904761904761905,0.0,1.0,0.9523809523809523,1.0,0.0,1.0,1.0,1,0.0,0.0,0.0,1.0,1.0,0.0,0.0,0,1.0,1.0,0.0,0.0,0.0,
0111.jpg,P5,plant body without background,0.5904761904761905,0.0,1.0,0.9523809523809523,1.0,0.0,1.0,1.0,1,0.0,0.0,0.0,1.0,1.0,0.0,0.0,0,1.0,1.0,0.0,0.0,0.0,
0112.jpg,P1,green plant,1.226087671466934,0.8450798586693233,1.0,0.7399426083986876,0.7139747070388527,0.23713679611682892,1.0,1.0,1,0.5188608774221954,0.8060800653275577,0.788388869804191,0.0,0.0,0.9482285799279583,0.3438065441743827,1,7.029123303606032,0.7139747070388527,0.05928419902920723,0.0018859131266637187,0.0009594381395596754,0.507812;0.605469;0.539062;0.359375;0.699219;0.980469;0.558594;0.769531;0.558594
0112.jpg,P2,entire plant excluding pot,1.22763368195973,0.8477679617909049,1.0,0.7405633110715582,0.7150573414114264,0.2386297732591629,1.0,1.0,1,0.5192300044531194,0.8070253528540341,0.7887323943661971,0.0,0.0,0.9479929996829201,0.3448683449074074,1,7.00646886092831,0.7150573414114264,0.059657443314790726,0.001959464089193547,0.001012069319931368,0.386719;0.431641;0.335938;0.376953;0.460938;0.554688;0.314453;0.976562;0.609375;0.359375;0.484375
0112.jpg,P3,leaves and stems,1.227218081988675,0.8466487073175495,1.0,0.7415770970955281,0.7146733052229267,0.23804697394371033,1.0,1.0,1,0.5190288652727323,0.8066317603299522,0.788388869804191,0.0,0.0,0.9479775259249464,0.3444262393904321,1,6.969549192298813,0.7146733052229267,0.05951174348592758,0.0018499661685467948,0.0009430101907407881,0.322266;0.316406;0.464844;0.683594;0.503906;0.302734;0.406250
0112.jpg,P4,crop seedling,0.5904761904761905,0.0,1.0,0.9523809523809523,1.0,0.0,1.0,1.0,1,0.0,0.0,0.0,1.0,1.0,0.0,0.0,0,1.0,1.0,0.0,0.0,0.0,
0112.jpg,P5,plant body without background,0.5904761904761905,0.0,1.0,0.9523809523809523,1.0,0.0,1.0,1.0,1,0.0,0.0,0.0,1.0,1.0,0.0,0.0,0,1.0,1.0,0.0,0.0,0.0,
0113.jpg,P1,green plant,1.2249673471246914,0.817271863767776,1.0,0.7418728464897132,0.7628734408227241,0.20573647320270538,1.0,0.7958376936936936,1,0.5194164222681077,0.8203528641490665,0.7500854700854701,0.0004879441215230812,0.0,0.9742391843700672,0.3328223861882716,1,6.9587977166614365,0.7628734408227241,0.051434118300676346,1.6663273637759268e-05,0.00502615047225891,0.890625;0.500000;0.390625;0.365234;0.322266;0.683594;0.710938;0.386719;0.609375;0.675781;0.976562;0.867188;0.476562;0.648438
0113.jpg,P2,entire plant excluding pot,1.226019329546872,0.8189429622792623,1.0,0.7424931833817126,0.7636722288640366,0.20664449036121368,1.0,0.799374900657467,1,0.5196687565696269,0.8209882173601939,0.7500854700854701,0.0004869783014471607,0.0,0.9745358936860857,0.3334824701003086,1,6.936274228012792,0.7636722288640366,0.05166112259030342,1.9160987362063487e-05,0.005003909926006051,0.742188;0.562500;0.375000;0.433594;0.476562;0.474609;0.964844;0.718750;0.484375;0.373047;0.375000
0113.jpg,P3,leaves and stems,1.225283361050503,0.8176823893381777,1.0,0.7426488707938146,0.7629634092082862,0.20600441098213196,1.0,0.8006107688962969,1,0.519423544986021,0.8205089463534438,0.7497435897435898,0.0004877065013412834,0.0,0.9743787955887183,0.3329845437885802,1,6.930627361786837,0.7629634092082862,0.05150110274553299,7.241373442335314e-06,0.00499618560653925,0.714844;0.507812;0.486328;0.476562;0.593750;0.828125;0.699219;0.376953;0.423828
0113.jpg,P4,crop seedling,0.5904761904761905,0.0,1.0,0.9523809523809523,1.0,0.0,1.0,1.0,1,0.0,0.0,0.0,1.0,1.0,0.0,0.0,0,1.0,1.0,0.0,0.0,0.0,
0113.jpg,P5,plant body without background,0.5904761904761905,0.0,1.0,0.9523809523809523,1.0,0.0,1.0,1.0,1,0.0,0.0,0.0,1.0,1.0,0.0,0.0,0,1.0,1.0,0.0,0.0,0.0,
0114.jpg,P1,green plant,1.2411444214822709,0.7933545524691358,1.0,0.7425913929607671,0.8799696318028802,0.22236640751361847,1.0,0.6828851123416715,1,0.5134880245329906,0.8133972247856336,0.7238678924072183,0.0007601962864840157,0.0,0.9873083411066474,0.32337504822530866,1,6.932711838011627,0.8799696318028802,0.05559160187840462,0.0,0.005857500665497975,0.365234;0.386719;0.361328;0.554688;0.386719;0.458984;0.369141;0.380859;0.726562;0.890625;0.566406;0.542969;0.972656;0.367188;0.808594;0.738281;0.625000;0.371094
0114.jpg,P2,entire plant excluding pot,1.241982972893799,0.7950393860368807,1.0,0.7428551498001678,0.8806441646074301,0.22300773859024048,1.0,0.6858620733652313,1,0.5136736850868552,0.8140421995790371,0.7235274089206674,0.0007586350076384388,0.0,0.9875157213076353,0.3240405574845679,1,6.923149156844522,0.8806441646074301,0.05575193464756012,0.0,0.005832076382899719,0.431641;0.472656;0.341797;0.781250;0.945312;0.396484;0.613281;0.318359;0.351562;0.388672;0.335938;0.500000;0.417969
0114.jpg,P3,leaves and stems,1.241997564294517,0.7947030297702765,1.0,0.7433549861702118,0.8804864218060104,0.2227010279893875,1.0,0.6837053060185775,1,0.5137484711473396,0.8139134383068758,0.7242083758937692,0.0007589461851694694,0.0,0.9874894393460543,0.32390769675925923,1,6.905045869189134,0.8804864218060104,0.05567525699734688,0.0,0.005850473829570241,0.304688;0.515625;0.322266;0.363281;0.476562;0.707031;0.412109;0.796875;0.593750;0.507812;0.416016;0.406250
0114.jpg,P4,crop seedling,0.5904761904761905,0.0,1.0,0.9523809523809523,1.0,0.0,1.0,1.0,1,0.0,0.0,0.0,1.0,1.0,0.0,0.0,0,1.0,1.0,0.0,0.0,0.0,
0114.jpg,P5,plant body without background,0.5904761904761905,0.0,1.0,0.9523809523809523,1.0,0.0,1.0,1.0,1,0.0,0.0,0.0,1.0,1.0,0.0,0.0,0,1.0,1.0,0.0,0.0,0.0,
0115.jpg,P1,green plant,1.24868128645375,0.790667059794499,1.0,0.7411666429090151,0.8822338404311327,0.27077123522758484,1.0,0.5964408500195214,1,0.5117135307813037,0.8099418235275022,0.7217537942664418,0.0011225418447017035,0.0,0.9865497213212897,0.32231348861882714,1,6.98448478671642,0.8822338404311327,0.06769280880689621,0.0,0.006706448761631737,0.539062;0.371094;0.410156;0.667969;0.343750;0.593750;0.404297;0.332031;0.494141;0.441406;0.349609;0.917969;0.410156;0.781250;0.746094;0.492188;0.968750;0.316406;0.412109
0115.jpg,P2,entire plant excluding pot,1.249780361341506,0.7927657763908422,1.0,0.741748868756129,0.882565074457482,0.27192434668540955,1.0,0.5919657666611452,1,0.5119795480835333,0.8107389965543946,0.7217537942664418,0.001119662064274796,0.0,0.9864111494081804,0.3231424816743827,1,6.96330367653795,0.882565074457482,0.06798108667135239,0.0,0.0067571474995271,0.494141;0.511719;0.302734;0.416016;0.330078;0.333984;0.453125;0.820312;0.964844;0.433594;0.400391;0.443359;0.347656
0115.jpg,P3,leaves and stems,1.249463080980357,0.7918745238513829,1.0,0.7416948793823342,0.882200796465487,0.27140501141548157,1.0,0.5967243550454114,1,0.51202803875742,0.8104004646697922,0.7227655986509275,0.0011208832006836603,0.0,0.986263333260309,0.3227904369212963,1,6.965266386435782,0.882200796465487,0.06785125285387039,3.7350323248372554e-06,0.0067032625133854225,0.625000;0.306641;0.376953;0.320312;0.365234;0.482422;0.789062;0.496094;0.433594;0.859375;0.466797;0.392578;0.341797;0.539062
0115.jpg,P4,crop seedling,0.5904761904761905,0.0,1.0,0.9523809523809523,1.0,0.0,1.0,1.0,1,0.0,0.0,0.0,1.0,1.0,0.0,0.0,0,1.0,1.0,0.0,0.0,0.0,
0115.jpg,P5,plant body without background,0.5904761904761905,0.0,1.0,0.9523809523809523,1.0,0.0,1.0,1.0,1,0.0,0.0,0.0,1.0,1.0,0.0,0.0,0,1.0,1.0,0.0,0.0,0.0,
0116.jpg,P1,green plant,1.2476616753379801,0.7857114514963275,1.0,0.743114003252588,0.8775784942903637,0.2565401494503021,1.0,0.31100640819312364,1,0.5150728556400638,0.8242539194883712,0.7243352406597106,0.001064670149832848,0.0,0.9652304154533583,0.3203560233410494,1,6.9137708513910265,0.8775784942903637,0.06413503736257553,0.005153997066794222,0.01286147132221194,0.851562;0.707031;0.314453;0.875000;0.910156;0.964844;0.617188;0.726562;0.843750
0116.jpg,P2,entire plant excluding pot,1.2488060537509502,0.7879728522034692,1.0,0.743498188668207,0.8774210046201018,0.25773826241493225,1.0,0.3092763043352098,1,0.5154799921696082,0.8251580413272397,0.7250084146751935,0.0010669639003666634,0.0,0.9649325223364928,0.3212492766203704,1,6.899863785579689,0.8774210046201018,0.06443456560373306,0.005295788813954972,0.012933418900610606,0.910156;0.714844;0.636719;0.414062;0.625000;0.898438;0.972656;0.597656;0.742188;0.828125
0116.jpg,P3,leaves and stems,1.2480791229621713,0.7864714579426472,1.0,0.7433388953059272,0.8775363167739468,0.25680166482925415,1.0,0.31138896531538124,1,0.5152494559918162,0.824557774715633,0.7250084146751935,0.0010636733917344795,0.0,0.964718222173302,0.32065622588734566,1,6.905628275739335,0.8775363167739468,0.06420041620731354,0.00536574159541985,0.012845670352989922,0.761719;0.593750;0.761719;0.808594;0.875000;0.558594;0.632812;0.710938
0116.jpg,P4,crop seedling,0.5904761904761905,0.0,1.0,0.9523809523809523,1.0,0.0,1.0,1.0,1,0.0,0.0,0.0,1.0,1.0,0.0,0.0,0,1.0,1.0,0.0,0.0,0.0,
0116.jpg,P5,plant body without background,0.5904761904761905,0.0,1.0,0.9523809523809523,1.0,0.0,1.0,1.0,1,0.0,0.0,0.0,1.0,1.0,0.0,0.0,0,1.0,1.0,0.0,0.0,0.0,
0117.jpg,P1,green plant,1.262665175304267,0.8134556546921393,1.0,0.7459923376141682,0.8787558380700037,0.31256720423698425,1.0,0.2361889987107864,1,0.5125109683816079,0.8170404425549589,0.7283180026281209,0.001575293689109295,0.0,0.959221611210434,0.33131498360339506,1,6.80992684718985,0.8787558380700037,0.07814180105924606,0.016764923897194348,0.016935589810844674,0.812500;0.597656;0.855469;0.320312;0.914062;0.757812;0.964844;0.683594;0.761719
0117.jpg,P2,entire plant excluding pot,1.264184577223952,0.8158263254024066,1.0,0.7465281200086988,0.8794103104822519,0.31418415904045105,1.0,0.23530437381262406,1,0.5129947942371904,0.8179365125146374,0.7293035479632063,0.0015708538928074559,0.0,0.9591363239153246,0.33225139853395064,1,6.7906853927578155,0.8794103104822519,0.07854603976011276,0.01695970645461651,0.01699925902433608,0.371094;0.859375;0.570312;0.660156;0.605469;0.882812;0.675781;0.968750;0.812500;0.652344;0.675781
0117.jpg,P3,leaves and stems,1.2638167784353318,0.814928357946554,1.0,0.7469310893947096,0.8789472825477562,0.31377530097961426,1.0,0.2365528678839957,1,0.512900372261605,0.8175970973194044,0.7296320630749015,0.0015725326602937138,0.0,0.958793766444193,0.3318967013888889,1,6.776231815718631,0.8789472825477562,0.07844382524490356,0.01709879529976563,0.01690953923231055,0.312500;0.667969;0.466797;0.750000;0.574219;0.828125;0.691406;0.363281;0.535156;0.562500
0117.jpg,P4,crop seedling,0.5904761904761905,0.0,1.0,0.9523809523809523,1.0,0.0,1.0,1.0,1,0.0,0.0,0.0,1.0,1.0,0.0,0.0,0,1.0,1.0,0.0,0.0,0.0,
0117.jpg,P5,plant body without background,0.5904761904761905,0.0,1.0,0.9523809523809523,1.0,0.0,1.0,1.0,1,0.0,0.0,0.0,1.0,1.0,0.0,0.0,0,1.0,1.0,0.0,0.0,0.0,
0118.jpg,P1,green plant,1.263925827746946,0.8282028319854664,1.0,0.7514364388142267,0.8102341398975521,0.33149755001068115,0.9253851117692805,0.2266749077939448,1,0.5196516356053608,0.8240928644924141,0.7324675324675325,0.0014372178266505743,0.0,0.9980614253685517,0.33714011863425924,1,6.615690917997232,0.8102341398975521,0.08287438750267029,0.021612623485762816,0.017646417236600955,0.832031;0.773438;0.875000;0.968750;0.910156;0.882812;0.343750;0.734375
0118.jpg,P2,entire plant excluding pot,1.2658660214649993,0.8310270647757461,1.0,0.7520485899858478,0.8114818575081764,0.3337620198726654,0.9166472269868496,0.22632876878088135,1,0.5202021150365121,0.8251652640365197,0.7334415584415584,0.0014688333592336547,0.0,0.9981544211201983,0.33825569058641974,1,6.594026325315449,0.8114818575081764,0.08344050496816635,0.021818644524505743,0.01767340502732365,0.796875;0.671875;0.490234;0.875000;0.972656;0.318359;0.910156;0.878906;0.738281;0.875000
0118.jpg,P3,leaves and stems,1.2641182948713627,0.8284665450656352,1.0,0.7517017099422423,0.8102605249639179,0.33097001910209656,0.9140557144024182,0.2273023057389538,1,0.5198385350565842,0.8241929999302298,0.7331168831168832,0.001438918876792437,0.0,0.9984162178300252,0.33724428530092593,1,6.606298396656193,0.8102605249639179,0.08274250477552414,0.021880504311572947,0.017597709741641668,0.707031;0.667969;0.742188;0.867188;0.781250;0.757812;0.644531
0118.jpg,P4,crop seedling,0.5904761904761905,0.0,1.0,0.9523809523809523,1.0,0.0,1.0,1.0,1,0.0,0.0,0.0,1.0,1.0,0.0,0.0,0,1.0,1.0,0.0,0.0,0.0,
0118.jpg,P5,plant body without background,0.5904761904761905,0.0,1.0,0.9523809523809523,1.0,0.0,1.0,1.0,1,0.0,0.0,0.0,1.0,1.0,0.0,0.0,0,1.0,1.0,0.0,0.0,0.0,
0119.jpg,P1,green plant,1.2628172874194505,0.7926974063330208,1.0,0.7555539219735524,0.8663044308007721,0.3472256362438202,0.9592158196134575,0.32031182024620536,1,0.5104610083492176,0.8070749696081543,0.7308072487644152,0.0007895378032267321,0.0,0.9667632554973691,0.32311547550154324,1,6.4706454673133,0.8663044308007721,0.08680640906095505,0.02085036504929574,0.012487831379202395,0.410156;0.761719;0.742188;0.738281;0.972656;0.882812;0.416016;0.640625;0.593750
0119.jpg,P2,entire plant excluding pot,1.2642201842835545,0.7951199650335989,1.0,0.7554612111139432,0.8673808126906518,0.3488732874393463,0.9531189277356217,0.31993168089981255,1,0.5108531290280466,0.8079843761278783,0.7311367380560132,0.0008005994078838208,0.0,0.9669416435557202,0.3240723861882716,1,6.473893968043159,0.8673808126906518,0.08721832185983658,0.020983740242694716,0.012502669284735857,0.746094;0.699219;0.851562;0.734375;0.972656;0.894531;0.660156;0.464844
0119.jpg,P3,leaves and stems,1.2635815553032628,0.7935175418034067,1.0,0.7572184886543781,0.866976945114375,0.34688591957092285,0.9551522056467405,0.3218060337071913,1,0.5106617762746463,0.8073828410102581,0.7311367380560132,0.0007835284575150145,0.0,0.9670822760822809,0.3234394290123457,1,6.412455981550552,0.866976945114375,0.08672147989273071,0.02093907115720667,0.012429847737533622,0.310547;0.625000;0.332031;0.609375;0.699219;0.882812;0.757812;0.550781;0.414062
0119.jpg,P4,crop seedling,1.089521652148636,0.7928390300242225,1.0,0.755395603100335,0.0,0.34758925437927246,0.9606368376726934,0.3200899185001642,1,0.51035687464787,0.8071281338547401,0.7301482701812191,0.000782686000776717,0.0,0.966701449663246,0.3231714168595679,1,6.476193292514455,0.0,0.08689731359481812,0.02081952223324416,0.012496488545289652,0.431641
0119.jpg,P5,plant body without background,1.0894265572489066,0.7924782558798249,1.0,0.7555291777801199,0.0,0.34719762206077576,0.9635281848422188,0.32121456616214594,1,0.5103855461047625,0.8069927025196875,0.7304777594728171,0.0007804186940695271,0.0,0.9668622912598579,0.32302891107253084,1,6.471512402424467,0.0,0.08679940551519394,0.020757047188272,0.012452735402979326,0.441406;0.322266
0120.jpg,P1,green plant,1.2639104062267905,0.7702106774496015,1.0,0.7565876287957798,0.8672642891985362,0.3848782479763031,0.7982897134718756,0.23662060826146164,1,0.5081222375427464,0.8047205463321194,0.7090552468126838,0.0008333410068232672,0.0,0.9909010420226851,0.3142332175925926,1,6.434479284088921,0.8672642891985362,0.09621956199407578,0.025053560959738732,0.01690469832441674,0.449219;0.326172;0.718750;0.738281;0.953125;0.585938;0.902344;0.486328
0120.jpg,P2,entire plant excluding pot,1.2653757397670822,0.7727089315713391,1.0,0.7573902890087116,0.8676983854986878,0.38644883036613464,0.7952432514637671,0.23606175654018913,1,0.5085264524781075,0.8056774833480098,0.7093821510297483,0.0008368517697617306,0.0,0.9910160165187787,0.315220027970679,1,6.4064647913249875,0.8676983854986878,0.09661220759153366,0.02514953753230466,0.016944718444128863,0.832031;0.882812;0.828125;0.972656;0.523438;0.925781
0120.jpg,P3,leaves and stems,1.2648653495133053,0.7713006304696046,1.0,0.7574765034468426,0.8683534982628531,0.3855224549770355,0.7929595308987057,0.23694480254198821,1,0.5083347320820383,0.8051380444486429,0.7093821510297483,0.0008299019098855264,0.0,0.9909659991262421,0.3146637490354938,1,6.403459261101082,0.8683534982628531,0.09638061374425888,0.02522196810893095,0.016881568859444272,0.605469;0.367188;0.714844;0.871094;0.457031;0.804688;0.355469
0120.jpg,P4,crop seedling,1.2636772966652692,0.7701496327551178,1.0,0.7563855964337898,0.8668728693196867,0.38467729091644287,0.7990360707004124,0.23627533374130233,1,0.5080602187802615,0.8046971636316701,0.7087283425956195,0.0008318701423081173,0.0,0.9909467088465791,0.3142091049382716,1,6.441539995335829,0.8668728693196867,0.09616932272911072,0.02503015912969807,0.01692940154463858,0.464844;0.335938
0120.jpg,P5,plant body without background,1.2640706631424594,0.770453024886701,1.0,0.7568639347407744,0.8674474631473716,0.38506343960762024,0.7986429774850666,0.2368539632069044,1,0.5081050906659662,0.8048133756529035,0.7087283425956195,0.0008307858712703813,0.0,0.9909854328161973,0.3143289448302469,1,6.424828931570098,0.8674474631473716,0.09626585990190506,0.02504247900980757,0.016888043357356827,0.408203;0.535156;0.451172
0121.jpg,P1,green plant,1.2746334785164688,0.7725007691631505,1.0,0.7593761930086854,0.8590062494457975,0.4595966935157776,0.9578332325619744,0.2290615839631942,1,0.5045374974897866,0.7992688068926148,0.7051114023591087,0.0008978992524137498,0.0,0.9814273242845591,0.31513780381944445,1,6.3374071825441725,0.8590062494457975,0.1148991733789444,0.02088046156688967,0.017462552780752285,0.746094;0.675781;0.648438;0.343750;0.953125;0.917969
0121.jpg,P2,entire plant excluding pot,1.2757031177883364,0.7744874687451163,1.0,0.7591402494080338,0.8592889881782164,0.46108579635620117,0.9522796816513428,0.22830153993596305,1,0.504902617250823,0.8000140367460487,0.7057667103538663,0.0009025380974115283,0.0,0.9813045795523349,0.31592255015432097,1,6.345592946225287,0.8592889881782164,0.11527144908905029,0.021002233257059643,0.017520687776008743,0.847656;0.878906;0.878906;0.972656;0.933594
0121.jpg,P3,leaves and stems,1.2751469266543358,0.7731689033442726,1.0,0.7599343744693431,0.8594060378220462,0.4598017930984497,0.9508998055358668,0.22990820608590576,1,0.5046847049075134,0.7995194303599933,0.7054390563564875,0.0009013527171312061,0.0,0.9814427995248742,0.31540171682098767,1,6.318062022086921,0.8594060378220462,0.11495044827461243,0.021032710158910242,0.0173982480577722,0.699219;0.585938;0.542969;0.839844;0.785156
0121.jpg,P4,crop seedling,0.3904761904761905,0.0,1.0,0.9523809523809523,0.0,0.0,1.0,1.0,1,0.0,0.0,0.0,1.0,1.0,0.0,0.0,0,1.0,0.0,0.0,0.0,0.0,
0121.jpg,P5,plant body without background,0.3904761904761905,0.0,1.0,0.9523809523809523,0.0,0.0,1.0,1.0,1,0.0,0.0,0.0,1.0,1.0,0.0,0.0,0,1.0,0.0,0.0,0.0,0.0,
0122.jpg,P1,green plant,1.280776929185539,0.7716198942217534,1.0,0.7622121287676437,0.8915097549991384,0.437788724899292,0.686868439744298,0.22860833971763161,1,0.5081508286079738,0.8162779784416794,0.6948326291842704,0.0009184245227773494,0.0,0.9765919025705057,0.3147898582175926,1,6.2394145214355365,0.8915097549991384,0.109447181224823,0.029117657534891896,0.017497174446656886,0.730469;0.957031;0.734375;0.750000;0.894531
0122.jpg,P2,entire plant excluding pot,1.2824015648038234,0.7742091049382716,1.0,0.7626856147113046,0.8916981897711347,0.44036665558815,0.6827419396877525,0.22741468073099796,1,0.5086096518020513,0.8173055515110521,0.6954826129346766,0.0009146867541447221,0.0,0.9764024447118475,0.31581259645061727,1,6.223124724294816,0.8916981897711347,0.1100916638970375,0.02929364498853969,0.017589013986003307,0.824219;0.953125;0.863281;0.730469;0.898438
0122.jpg,P3,leaves and stems,1.2816985914875119,0.7731811122831692,1.0,0.7627129995295465,0.8919348143348294,0.4388428330421448,0.6822642099910026,0.22854591914735625,1,0.508364239649574,0.8168975748403404,0.6948326291842704,0.0009078371382221223,0.0,0.9765256634375279,0.31540653935185187,1,6.2221831964793,0.8919348143348294,0.1097107082605362,0.029314156754996355,0.017501953283274238,0.535156;0.699219;0.531250;0.558594;0.648438
0122.jpg,P4,crop seedling,0.5904761904761905,0.0,1.0,0.9523809523809523,1.0,0.0,1.0,1.0,1,0.0,0.0,0.0,1.0,1.0,0.0,0.0,0,1.0,1.0,0.0,0.0,0.0,
0122.jpg,P5,plant body without background,0.5904761904761905,0.0,1.0,0.9523809523809523,1.0,0.0,1.0,1.0,1,0.0,0.0,0.0,1.0,1.0,0.0,0.0,0,1.0,1.0,0.0,0.0,0.0,
0123.jpg,P1,green plant,1.2822286251371326,0.8013086761603375,1.0,0.7635042438883354,0.8430202462647627,0.454863041639328,0.3885709776464174,0.22597567742339222,1,0.5096893835465798,0.8266951158256166,0.6810998735777497,0.001848787155747856,0.0,0.9830275191034334,0.32651692708333335,1,6.195008292481813,0.8430202462647627,0.113715760409832,0.0514706479653741,0.01770102006378999,0.742188;0.433594;0.363281;0.320312;0.894531;0.953125;0.718750;0.527344
0123.jpg,P2,entire plant excluding pot,1.2838145722518077,0.8036295954446007,1.0,0.764448132611231,0.8440302698816751,0.45623448491096497,0.3870574486582012,0.2250888672482026,1,0.5101460756821133,0.8276123792442733,0.6820480404551201,0.0018601801414355494,0.0,0.9827114970712678,0.3274336902006173,1,6.162664472321021,0.8440302698816751,0.11405862122774124,0.051671916066551145,0.017770758940242264,0.832031;0.419922;0.322266;0.968750;0.898438;0.878906;0.507812
0123.jpg,P3,leaves and stems,1.283035461603159,0.8021956555711829,1.0,0.7653046381405364,0.8434699317498147,0.45560362935066223,0.38708023100590366,0.2259871634575311,1,0.5097206906407198,0.8270456638917156,0.6807838179519595,0.0018394286152684008,0.0,0.9826544963184711,0.32686728395061726,1,6.133384018936667,0.8434699317498147,0.11390090733766556,0.05166887481705302,0.017700120390916386,0.636719;0.408203;0.320312;0.871094;0.792969;0.656250;0.431641
0123.jpg,P4,crop seedling,1.1133973723236554,0.8004955608298171,1.0,0.7638407969822022,0.0,0.45452603697776794,0.38870183604861647,0.22511475819032764,1,0.5096248933656979,0.826373759993515,0.6814159292035398,0.001835453751813832,0.0,0.9828984623687471,0.3261957465277778,1,6.183466605890141,0.0,0.11363150924444199,0.05145332011629222,0.017768715086276674,0.363281
0123.jpg,P5,plant body without background,1.1134299397132823,0.8005117376738553,1.0,0.7644638088279723,0.0,0.454601913690567,0.38899446481201927,0.22544743255910843,1,0.5095144476748036,0.8263801533340185,0.6807838179519595,0.0018176771505268047,0.0,0.982856099217024,0.32620213638117285,1,6.162127976552272,0.0,0.11365047842264175,0.05141461334074498,0.017742495244212945,0.355469;0.347656;0.570312;0.457031
0124.jpg,P1,green plant,1.3145841925052673,0.8554241873730271,1.0,0.7675131664895265,0.8464999394273292,0.4603804647922516,0.31394641642866855,0.2461084458090791,1,0.5286206408888404,0.8401749657179611,0.7600827300930714,0.002706926905002842,0.0,0.9855658954230203,0.3478925540123457,1,6.058184892744667,0.8464999394273292,0.1150951161980629,0.06370513869058346,0.016252997685024743,0.800781;0.957031;0.644531
0124.jpg,P2,entire plant excluding pot,1.316000339921087,0.8576526239451476,1.0,0.7684149072760162,0.8471725423488787,0.4617796838283539,0.3133684666630559,0.24520966306420852,1,0.5289963884414076,0.8410356712394914,0.760427438814202,0.002782712339099597,0.0,0.985917782227591,0.3487727864583333,1,6.0276054129386605,0.8471725423488787,0.11544492095708847,0.06382263095254144,0.016312570842498136,0.812500;0.949219;0.777344
0124.jpg,P3,leaves and stems,1.3155265932278615,0.8564903329621815,1.0,0.7689059086889162,0.8470605191882226,0.46140119433403015,0.3128187276339796,0.24639060168009894,1,0.5287550021931914,0.8405867510058265,0.7600827300930714,0.002765265988543651,0.0,0.985643277209623,0.3483136815200617,1,6.010984925454121,0.8470605191882226,0.11535029858350754,0.06393479108898313,0.016234385454333998,0.597656;0.302734;0.447266;0.730469
0124.jpg,P4,crop seedling,0.3904761904761905,0.0,1.0,0.9523809523809523,0.0,0.0,1.0,1.0,1,0.0,0.0,0.0,1.0,1.0,0.0,0.0,0,1.0,0.0,0.0,0.0,0.0,
0124.jpg,P5,plant body without background,0.3904761904761905,0.0,1.0,0.9523809523809523,0.0,0.0,1.0,1.0,1,0.0,0.0,0.0,1.0,1.0,0.0,0.0,0,1.0,0.0,0.0,0.0,0.0,
0125.jpg,P1,green plant,1.3394365365548735,0.8319525023441163,1.0,0.7665293007447547,0.8348871591218145,0.6046530604362488,0.6101471786237984,0.24662788400324898,1,0.5318321320254864,0.852296778922752,0.767927927927928,0.00022964687787058597,0.0,0.9537012643885732,0.33862123842592595,1,6.091631436095315,0.8348871591218145,0.1511632651090622,0.032778976451403874,0.016218766244401245,0.738281;0.968750;0.875000
0125.jpg,P2,entire plant excluding pot,1.3405535090977945,0.8336852559970307,1.0,0.7672709962856529,0.8352340493402616,0.6054389476776123,0.6073627986274467,0.24507125285729833,1,0.5322276592376831,0.8530088582822845,0.7686486486486487,0.00023486881634999647,0.0,0.9538826272703186,0.33930567611882717,1,6.066409517393068,0.8352340493402616,0.15135973691940308,0.032929247634522804,0.01632178378069151,0.431641;0.859375;0.976562;0.843750
0125.jpg,P3,leaves and stems,1.340113297346401,0.8325623388420065,1.0,0.7675932414037857,0.8352543839849514,0.6052694916725159,0.6070142323391573,0.24617105320779503,1,0.5319774061657491,0.852547392725878,0.7682882882882883,0.0002294836298119515,0.0,0.9536277190874342,0.33886212384259257,1,6.055466516906412,0.8352543839849514,0.15131737291812897,0.032948156623822604,0.016248864144979575,0.593750;0.835938;0.710938
0125.jpg,P4,crop seedling,1.1725870602687385,0.83220675349664,1.0,0.766450678001857,0.0,0.6047039031982422,0.6087148598728185,0.24511367998604083,1,0.5319147933293907,0.8524012640568881,0.7682882882882883,0.00022957878877078534,0.0,0.9535133265421922,0.33872166763117284,1,6.094307923557665,0.0,0.15117597579956055,0.032856106066112285,0.01631895861637669,0.531250
0125.jpg,P5,plant body without background,1.1725888101161712,0.8319497553328645,1.0,0.767230850209097,0.0,0.6045864820480347,0.6103441082196991,0.24572087224688877,1,0.531835392598172,0.8522956500317469,0.767927927927928,0.00022964761374766747,0.0,0.9537378234415783,0.3386201533564815,1,6.0677734668115955,0.0,0.15114662051200867,0.03276840020351407,0.01627863340799551,0.431641
0126.jpg,P1,green plant,1.3448921604136612,0.8414187031176745,1.0,0.766585277123939,0.8487632217376561,0.624322235584259,0.7056756253028665,0.20934215521848912,1,0.5286742729009556,0.8484469507146191,0.7373175816539264,0.00031517702384146914,0.0,0.9909522856028458,0.3423603877314815,1,6.0897262141997395,0.8487632217376561,0.15608055889606476,0.02834163358188299,0.01910747501297684,0.687500;0.960938
0126.jpg,P2,entire plant excluding pot,1.34615852455627,0.8435326808876387,1.0,0.7674309658701798,0.8488966592113377,0.6253554821014404,0.7013834990329059,0.2082293990709923,1,0.5291153669421504,0.8492968171361341,0.7380125086865879,0.00031757184008993186,0.0,0.9911450093294465,0.3431954089506173,1,6.060976021891773,0.8488966592113377,0.1563388705253601,0.02851507061055294,0.019209583362608022,0.871094;0.660156;0.976562
0126.jpg,P3,leaves and stems,1.345584023288648,0.8419201852828566,1.0,0.7681917687184298,0.8488535879432754,0.6251781582832336,0.7034355813032284,0.2096603453364817,1,0.528755283243089,0.8486485577793823,0.7373175816539264,0.00031429087285931136,0.0,0.9910541058445614,0.3425584731867284,1,6.0351657156726555,0.8488535879432754,0.1562945395708084,0.02843188563613282,0.019078476636010696,0.554688;0.828125
0126.jpg,P4,crop seedling,1.3450807751506875,0.8418887472651976,1.0,0.7665640502104097,0.8486099374724584,0.624393880367279,0.7034187886065137,0.20864814848813087,1,0.5287894520876186,0.848635918991999,0.7376650451702571,0.0003150061910155307,0.0,0.9908167416707732,0.34254605516975306,1,6.090448664414041,0.8486099374724584,0.15609847009181976,0.02843256438972918,0.019171030411647978,0.361328
0126.jpg,P5,plant body without background,1.3452636060647696,0.8416665445772776,1.0,0.7677632994375051,0.8486660246070493,0.6245880722999573,0.7051151822063351,0.20882855462431996,1,0.5287268178804115,0.8485465885336012,0.7373175816539264,0.00031508692526560595,0.0,0.99112873273524,0.3424582851080247,1,6.04969528323745,0.8486660246070493,0.15614701807498932,0.028364160217652895,0.019154468636705127,0.355469
0127.jpg,P1,green plant,1.3542093945561264,0.83335439375293,1.0,0.7688367846582023,0.8432121279902859,0.6751757264137268,1.0,0.15083455532471016,1,0.5300935879930975,0.8441691393315571,0.7601875225387666,0.00011410278421457295,0.0,0.9783486600533889,0.3391749855324074,1,6.013323502583578,0.8432121279902859,0.1687939316034317,0.01845941335528657,0.026519122169246775,0.968750
0127.jpg,P2,entire plant excluding pot,1.3545534652487974,0.8341150106461948,1.0,0.7685280788236473,0.843603748975205,0.675504207611084,1.0,0.15064911787916482,1,0.5302032560375712,0.844474006862211,0.7601875225387666,0.00011400180058918687,0.0,0.9783780011899621,0.3394754292052469,1,6.023772652019606,0.843603748975205,0.168876051902771,0.018579807475463866,0.026551765163393703,0.964844
0127.jpg,P3,leaves and stems,1.3548009368643168,0.8340686166783872,1.0,0.7692455327665995,0.8437785905119998,0.6756108403205872,1.0,0.15050007349698663,1,0.5302602208088022,0.844455411410903,0.7605481428056257,0.0001140079549849712,0.0,0.978363634964691,0.33945710358796294,1,5.999501002066005,0.8437785905119998,0.1689027100801468,0.018612065025023147,0.02657806011025031,0.703125
0127.jpg,P4,crop seedling,0.3904761904761905,0.0,1.0,0.9523809523809523,0.0,0.0,1.0,1.0,1,0.0,0.0,0.0,1.0,1.0,0.0,0.0,0,1.0,0.0,0.0,0.0,0.0,
0127.jpg,P5,plant body without background,0.3904761904761905,0.0,1.0,0.9523809523809523,0.0,0.0,1.0,1.0,1,0.0,0.0,0.0,1.0,1.0,0.0,0.0,0,1.0,0.0,0.0,0.0,0.0,
0128.jpg,P1,green plant,1.3492590930799402,0.8085034038521643,1.0,0.7705928057529287,0.8981553779255352,0.652968168258667,1.0,0.14446886485628915,1,0.5232151419220811,0.8416863973784107,0.7329302987197724,0.0002609968248436764,0.0,0.9677574811753158,0.32935884452160497,1,5.954044536476638,0.8981553779255352,0.16324204206466675,0.019398323617027976,0.027687626700597476,0.960938
0128.jpg,P2,entire plant excluding pot,1.349837787917605,0.8096388351695577,1.0,0.7701209396808817,0.8983031431279724,0.6535965204238892,1.0,0.14433736974013983,1,0.5235059002371449,0.84215167945567,0.7336415362731152,0.0003059709294716902,0.0,0.9678912717734122,0.3298073398919753,1,5.969947016747117,0.8983031431279724,0.1633991301059723,0.019511587049643328,0.027712850852149144,0.960938
0128.jpg,P3,leaves and stems,1.3500284321142453,0.8095457420104704,1.0,0.7709546990595203,0.8982117795754669,0.6537896990776062,1.0,0.14435174288202232,1,0.5235280481696326,0.8421135313283679,0.7339971550497866,0.00038607088422297204,0.0,0.9678464556100914,0.3297705680941358,1,5.941861466565801,0.8982117795754669,0.16344742476940155,0.01961320523286911,0.02771009147613252,0.625000
0128.jpg,P4,crop seedling,1.1697286359415497,0.8089090458470073,1.0,0.7699538708596042,0.0,0.6530048251152039,1.0,0.14437880668762051,1,0.5233550875771867,0.8418526231527863,0.7332859174964438,0.0002561135212206517,0.0,0.9679203838071779,0.3295190731095679,1,5.975582118538193,0.0,0.16325120627880096,0.01943499161959971,0.02770489721981455,0.373047
0128.jpg,P5,plant body without background,0.5904761904761905,0.0,1.0,0.9523809523809523,1.0,0.0,1.0,1.0,1,0.0,0.0,0.0,1.0,1.0,0.0,0.0,0,1.0,1.0,0.0,0.0,0.0,
0129.jpg,P1,green plant,1.3418626615802431,0.8342514455383653,1.0,0.7694054901182422,0.8817654458877954,0.6049678921699524,1.0,0.1572281495128828,1,0.523784606837372,0.8461348614670005,0.7160321341250436,0.0008163505897325182,0.0,0.9899652635833379,0.3395293209876543,1,5.994095775072254,0.8817654458877954,0.1512419730424881,0.01994750357930141,0.025440736995204872,0.980469
0129.jpg,P2,entire plant excluding pot,1.3430376229723182,0.8362283779692139,1.0,0.76983843934652,0.8818959595032779,0.6063835024833679,0.9914015770156122,0.15691737662084973,1,0.5241683671118422,0.8469309419536014,0.7167307020607754,0.0009444961488576946,0.0,0.9901435990179954,0.3403102092978395,1,5.979476962695016,0.8818959595032779,0.15159587562084198,0.020173459941636798,0.0254911220550479,0.964844
0129.jpg,P3,leaves and stems,0.3904761904761905,0.0,1.0,0.9523809523809523,0.0,0.0,1.0,1.0,1,0.0,0.0,0.0,1.0,1.0,0.0,0.0,0,1.0,0.0,0.0,0.0,0.0,
0129.jpg,P4,crop seedling,0.3904761904761905,0.0,1.0,0.9523809523809523,0.0,0.0,1.0,1.0,1,0.0,0.0,0.0,1.0,1.0,0.0,0.0,0,1.0,0.0,0.0,0.0,0.0,
0129.jpg,P5,plant body without background,0.5904761904761905,0.0,1.0,0.9523809523809523,1.0,0.0,1.0,1.0,1,0.0,0.0,0.0,1.0,1.0,0.0,0.0,0,1.0,1.0,0.0,0.0,0.0,
0130.jpg,P1,green plant,1.3103423379215813,0.8206265749531176,1.0,0.7622185145968039,0.7844825961893745,0.6375294923782349,1.0,0.2705537875829754,1,0.5093709022980752,0.8380485209577537,0.6792072556264696,0.000452453913022771,0.0,0.9393235012400375,0.3341474971064815,1,6.23919468891351,0.7844825961893745,0.15938237309455872,0.010649264149016815,0.014784490861260817,0.984375
0130.jpg,P2,entire plant excluding pot,1.3117728342188832,0.8229212450187529,1.0,0.762568541869202,0.7855232667476277,0.6387246251106262,1.0,0.2698651194406681,1,0.5098252984696413,0.838965497389581,0.6798790728921733,0.00044871109806118663,0.0,0.939437545921151,0.3350538917824074,1,6.2271506125549845,0.7855232667476277,0.15968115627765656,0.010875576766480597,0.014822219367551242,0.972656
0130.jpg,P3,leaves and stems,1.1546119600058669,0.822772906411158,1.0,0.7626050383442438,0.0,0.6393112540245056,1.0,0.26891700943624486,1,0.5096741202498853,0.8389062195835332,0.6795431642593215,0.0006740841111572977,0.0,0.9394139906231809,0.3349952980324074,1,6.225895443103402,0.0,0.1598278135061264,0.010749356237077505,0.014874477476845229,0.632812
0130.jpg,P4,crop seedling,0.5904761904761905,0.0,1.0,0.9523809523809523,1.0,0.0,1.0,1.0,1,0.0,0.0,0.0,1.0,1.0,0.0,0.0,0,1.0,1.0,0.0,0.0,0.0,
0130.jpg,P5,plant body without background,0.5904761904761905,0.0,1.0,0.9523809523809523,1.0,0.0,1.0,1.0,1,0.0,0.0,0.0,1.0,1.0,0.0,0.0,0,1.0,1.0,0.0,0.0,0.0,
0131.jpg,P1,green plant,1.3206678095855469,0.7702497460540709,1.0,0.7620921272502821,0.8683546528937478,0.6834352016448975,1.0,0.2818070654377382,1,0.5038414640169471,0.8302243013293076,0.6859766866831508,4.220212207616025e-06,0.0,0.8978842101238445,0.314248649691358,1,6.243546265413277,0.8683546528937478,0.17085880041122437,0.003160555287849165,0.014194108276833643,0.964844
0131.jpg,P2,entire plant excluding pot,1.3216120418758737,0.7720218735349273,1.0,0.7620960867928207,0.8686217124667877,0.6841517090797424,1.0,0.2818634009495037,1,0.504233765501018,0.8309598775239031,0.6866831508300953,6.124847357319767e-06,0.0,0.8979667867244197,0.3149486400462963,1,6.243409914578254,0.8686217124667877,0.1710379272699356,0.003245786296419644,0.0141912713269099,0.968750
0131.jpg,P3,leaves and stems,1.3216216806523537,0.7715673957844975,1.0,0.7629619573405116,0.8686327728435196,0.6841070652008057,1.0,0.28183197948994737,1,0.5041678424184868,0.8307712325094778,0.6866831508300953,4.596255354158711e-06,0.0,0.8979632276735864,0.31476912133487656,1,6.213626783850185,0.8686327728435196,0.17102676630020142,0.003200908832892029,0.014192853512362586,0.800781
0131.jpg,P4,crop seedling,1.1473862619006954,0.7709728204602282,1.0,0.7619407714881141,0.0,0.6836323738098145,1.0,0.28178139007398606,1,0.504077068749064,0.8305244356739505,0.6866831508300953,4.9829945727522955e-06,0.0,0.8979204401213596,0.31453426408179014,1,6.248759415956767,0.0,0.1709080934524536,0.0032090485048524783,0.014195401615946809,0.308594
0131.jpg,P5,plant body without background,1.1473329708884525,0.7707338304813252,1.0,0.7623271494814564,0.0,0.6832547783851624,1.0,0.28203952526426773,1,0.5040698192188637,0.8304252355085409,0.6866831508300953,4.217645863447964e-06,0.0,0.898192849352163,0.31443986304012345,1,6.235455491260183,0.0,0.1708136945962906,0.003199276098600892,0.014182409349370612,0.400391
0132.jpg,P1,green plant,1.3446931999372067,0.7627653612869197,1.0,0.7587002253046681,0.8774051543467185,0.6658862829208374,1.0,0.3621294530154278,1,0.531741795165378,0.847928223363305,0.7969478592623993,0.00020333209010283957,0.0,0.9157730194802033,0.3112923177083333,1,6.360872625243627,0.8774051543467185,0.16647157073020935,0.0023478078670541207,0.011045773732824732,0.976562
0132.jpg,P2,entire plant excluding pot,1.345744792715752,0.7647999809540552,1.0,0.7587393219135724,0.8777259011241894,0.6668468117713928,1.0,0.3604607672491819,1,0.53212238956311,0.8488264823901613,0.7973717676981772,0.00021941947324646949,0.0,0.9157202838285553,0.3120959924768518,1,6.359514292153937,0.8777259011241894,0.1667117029428482,0.002451085488994452,0.011096908078306484,0.957031
0132.jpg,P3,leaves and stems,1.3458790381831158,0.7645268059462416,1.0,0.7598365398906104,0.8780022404928073,0.6670017242431641,1.0,0.3620755561774171,1,0.532005576068551,0.8487058790554725,0.7969478592623993,0.0002562067337158014,0.0,0.9158476575201855,0.31198808834876546,1,6.3214506673755,0.8780022404928073,0.16675043106079102,0.002416381155241186,0.01104741795394771,0.683594
0132.jpg,P4,crop seedling,0.3904761904761905,0.0,1.0,0.9523809523809523,0.0,0.0,1.0,1.0,1,0.0,0.0,0.0,1.0,1.0,0.0,0.0,0,1.0,0.0,0.0,0.0,0.0,
0132.jpg,P5,plant body without background,0.3904761904761905,0.0,1.0,0.9523809523809523,0.0,0.0,1.0,1.0,1,0.0,0.0,0.0,1.0,1.0,0.0,0.0,0,1.0,0.0,0.0,0.0,0.0,
0133.jpg,P1,green plant,1.3545121162985998,0.7869421125371151,1.0,0.755653137178774,0.8539092198390975,0.7155051827430725,1.0,0.44235255984042554,1,0.532110185838988,0.8526131095782703,0.7699335548172758,0.0,0.0,0.9510755761948371,0.3208421344521605,1,6.467169943434452,0.8539092198390975,0.17887629568576813,0.0,0.009042560986745418,0.968750
0133.jpg,P2,entire plant excluding pot,1.355596154495163,0.7888106906352554,1.0,0.7562151997787311,0.8542119404164527,0.7167567014694214,1.0,0.43987878787878787,1,0.532397248035191,0.8534242861659278,0.7699335548172758,0.0,0.0,0.9511070801000668,0.3215802228009259,1,6.447498021531446,0.8542119404164527,0.17918917536735535,0.0,0.009093414163681455,0.964844
0133.jpg,P3,leaves and stems,1.3558486944840835,0.7887752847124551,1.0,0.7563687928700156,0.8547150419264644,0.7174225449562073,1.0,0.4408411222676749,1,0.532392361591055,0.8534089159463643,0.7699335548172758,0.0,0.0,0.9511120114271783,0.32156623746141977,1,6.442127423198784,0.8547150419264644,0.17935563623905182,0.0,0.009073563689848414,0.828125
0133.jpg,P4,crop seedling,0.5904761904761905,0.0,1.0,0.9523809523809523,1.0,0.0,1.0,1.0,1,0.0,0.0,0.0,1.0,1.0,0.0,0.0,0,1.0,1.0,0.0,0.0,0.0,
0133.jpg,P5,plant body without background,1.1839470025944892,0.7872912881895608,1.0,0.7560429684689166,0.0,0.7154451012611389,1.0,0.44078427152317884,1,0.5321911310105659,0.8527646917436216,0.7699335548172758,0.0,0.0,0.9513544903318871,0.32098005883487657,1,6.453522926749187,0.0,0.17886127531528473,0.0,0.009074733964933815,0.416016
0134.jpg,P1,green plant,1.3496492932153823,0.8061794323331769,1.0,0.754930786383244,0.8861936658873799,0.660040020942688,1.0,0.4348836652432454,1,0.5281805121060844,0.8559563385033427,0.7421843280552172,0.0005311612131178833,0.0,0.951619629439108,0.3284408757716049,1,6.492494889255865,0.8861936658873799,0.165010005235672,0.0,0.009197862140355772,0.960938
0134.jpg,P2,entire plant excluding pot,1.350645200644475,0.8079088285278948,1.0,0.7554163947910871,0.8864136093539143,0.6609655618667603,1.0,0.4328514686645261,1,0.5285043217365438,0.8566966783488619,0.7425903369874137,0.0005384840246076209,0.0,0.9515576886409008,0.3291239872685185,1,6.475464575442615,0.8864136093539143,0.16524139046669006,0.0,0.009241045230460173,0.960938
0134.jpg,P3,leaves and stems,1.350662211581486,0.8073945269768713,1.0,0.7555839520306957,0.8867983912170888,0.6610745191574097,1.0,0.4323957524368017,1,0.5284919337050729,0.8564765102161933,0.7429963459196103,0.0005813354661185154,0.0,0.9516021350371088,0.3289208381558642,1,6.469593413476171,0.8867983912170888,0.16526862978935242,0.0,0.009250784674589592,0.839844
0134.jpg,P4,crop seedling,0.5904761904761905,0.0,1.0,0.9523809523809523,1.0,0.0,1.0,1.0,1,0.0,0.0,0.0,1.0,1.0,0.0,0.0,0,1.0,1.0,0.0,0.0,0.0,
0134.jpg,P5,plant body without background,1.3498158387648922,0.806388510411783,1.0,0.7550231043103842,0.8863658327859255,0.6597771644592285,1.0,0.43416132244572797,1,0.528304916371428,0.8560458430557926,0.7425903369874137,0.000523320996511805,0.0,0.9517960694311962,0.32852346161265433,1,6.489255607968992,0.8863658327859255,0.16494429111480713,0.0,0.00921316522961351,0.417969
0135.jpg,P1,green plant,1.3457900200952873,0.8494097588490388,1.0,0.7540739310913029,0.8704911395454668,0.6232130527496338,1.0,0.43990252887677966,1,0.5263524436481989,0.8643571745506649,0.7163664239172096,0.0012233696401248494,0.0,0.9524848714240594,0.34551685474537036,1,6.522598349283618,0.8704911395454668,0.15580326318740845,0.0,0.009092923403312449,0.980469
0135.jpg,P2,entire plant excluding pot,1.3473437187453445,0.8520905366072824,1.0,0.7547773285498294,0.870708229178384,0.6248771548271179,1.0,0.4346128434818763,1,0.5268530689128218,0.8654738217865084,0.7171330011498659,0.0012885100663109581,0.0,0.9523984410046124,0.34657576195987655,1,6.497881220712401,0.870708229178384,0.15621928870677948,0.0,0.009203593635094227,0.964844
0135.jpg,P3,leaves and stems,1.3470018790452012,0.8512337743202063,1.0,0.755006325994717,0.8707662046680027,0.6242934465408325,1.0,0.43322235631316947,1,0.5267419287404496,0.8651169472799602,0.7171330011498659,0.0012734036229847788,0.0,0.9524907807238298,0.3462373408564815,1,6.489844272033219,0.8707662046680027,0.15607336163520813,0.0,0.009233133843878695,0.664062
0135.jpg,P4,crop seedling,0.5904761904761905,0.0,1.0,0.9523809523809523,1.0,0.0,1.0,1.0,1,0.0,0.0,0.0,1.0,1.0,0.0,0.0,0,1.0,1.0,0.0,0.0,0.0,
0135.jpg,P5,plant body without background,0.3904761904761905,0.0,1.0,0.9523809523809523,0.0,0.0,1.0,1.0,1,0.0,0.0,0.0,1.0,1.0,0.0,0.0,0,1.0,0.0,0.0,0.0,0.0,
0136.jpg,P1,green plant,1.3000344434690576,0.7996674895491482,1.0,0.751462124402757,0.6962103508690705,0.6233705282211304,1.0,0.31718418118875785,1,0.5258923448606364,0.8662846826590228,0.7362637362637363,0.0,0.0,0.9016523340250584,0.3258686583719136,1,6.614781171965908,0.6962103508690705,0.1558426320552826,0.0,0.012610969390114636,0.968750
0136.jpg,P2,entire plant excluding pot,1.3011589886521506,0.8015153124511643,1.0,0.7513793147797443,0.6972885706434379,0.6239802837371826,1.0,0.3168998332992133,1,0.5263262923298448,0.8671050976854919,0.7370215990905646,0.0,0.0,0.9017562030362114,0.3265985484182099,1,6.6177143908502485,0.6972885706434379,0.15599507093429565,0.0,0.012622284961012411,0.960938
0136.jpg,P3,leaves and stems,1.3008945336521922,0.8007861335755586,1.0,0.7517775377234136,0.6967876085171826,0.6236921548843384,1.0,0.3174280185304639,1,0.5262858467120938,0.866781349502764,0.7374005305039788,0.0,0.0,0.9018027889541017,0.3263105227623457,1,6.603614761576183,0.6967876085171826,0.1559230387210846,0.0,0.012601282074966285,0.761719
0136.jpg,P4,crop seedling,0.5904761904761905,0.0,1.0,0.9523809523809523,1.0,0.0,1.0,1.0,1,0.0,0.0,0.0,1.0,1.0,0.0,0.0,0,1.0,1.0,0.0,0.0,0.0,
0136.jpg,P5,plant body without background,0.5904761904761905,0.0,1.0,0.9523809523809523,1.0,0.0,1.0,1.0,1,0.0,0.0,0.0,1.0,1.0,0.0,0.0,0,1.0,1.0,0.0,0.0,0.0,
0137.jpg,P1,green plant,1.3109521919120648,0.760058029086576,1.0,0.7506659878967835,0.812759343049718,0.641069233417511,1.0,0.5070423173555347,1,0.518041673221947,0.8404773089050821,0.7169117647058824,0.0,0.0,0.9483049745810956,0.31022292148919756,1,6.643008105423841,0.812759343049718,0.16026730835437775,0.0,0.007888887895712314,0.976562
0137.jpg,P2,entire plant excluding pot,1.311822864187278,0.7617300432684793,1.0,0.7504964806875053,0.8129144607522961,0.6418068408966064,1.0,0.5031887989072105,1,0.5184332990663008,0.8412021642449687,0.7176470588235294,0.0,0.0,0.9483607099232649,0.31088336709104936,1,6.6490256978669064,0.8129144607522961,0.1604517102241516,0.0,0.007949302545459905,0.964844
0137.jpg,P3,leaves and stems,1.3116832271639924,0.7612917423620877,1.0,0.750900647734906,0.8132175289310822,0.641490638256073,1.0,0.5044590163934426,1,0.5183031157071627,0.8410121510525488,0.7172794117647059,0.0,0.0,0.948385687211236,0.3107102382330247,1,6.634682045261329,0.8132175289310822,0.16037265956401825,0.0,0.00792928636422722,0.746094
0137.jpg,P4,crop seedling,0.5904761904761905,0.0,1.0,0.9523809523809523,1.0,0.0,1.0,1.0,1,0.0,0.0,0.0,1.0,1.0,0.0,0.0,0,1.0,1.0,0.0,0.0,0.0,
0137.jpg,P5,plant body without background,0.5904761904761905,0.0,1.0,0.9523809523809523,1.0,0.0,1.0,1.0,1,0.0,0.0,0.0,1.0,1.0,0.0,0.0,0,1.0,1.0,0.0,0.0,0.0,
0138.jpg,P1,green plant,1.296873525968751,0.7430296115604,1.0,0.753068241235645,0.7904010365850656,0.654249906539917,1.0,1.0,1,0.5087237667845455,0.8110099967556319,0.7024442082890542,0.0,0.0,0.9843031042804451,0.303496696566358,1,6.55801812486969,0.7904010365850656,0.16356247663497925,0.0,0.003111638832203893,0.960938
0138.jpg,P2,entire plant excluding pot,1.298033227788172,0.7449250493241131,1.0,0.7533687054905613,0.7906807545103737,0.6552703380584717,1.0,1.0,1,0.5091842583114681,0.8117772292799652,0.7035069075451648,0.0,0.0,0.9843098470535055,0.3042453944830247,1,6.54742605345793,0.7906807545103737,0.16381758451461792,0.0,0.00314836382167382,0.968750
0138.jpg,P3,leaves and stems,1.297615193112386,0.7440206721753397,1.0,0.7538139033308822,0.7908307190759405,0.6547717452049255,1.0,1.0,1,0.5089277851549685,0.8114111568210924,0.7027984413744244,0.0,0.0,0.9843016082018974,0.30388816550925923,1,6.531747307426774,0.7908307190759405,0.16369293630123138,0.0,0.003125086785925406,0.851562
0138.jpg,P4,crop seedling,1.1392265660863674,0.7439968647444912,1.0,0.7527923469436191,0.0,0.6547536253929138,1.0,1.0,1,0.5089179986701625,0.8114015200840718,0.7027984413744244,0.0,0.0,0.9842374719334097,0.30387876157407406,1,6.56775149375677,0.0,0.16368840634822845,0.0,0.003141053413381197,0.503906
0138.jpg,P5,plant body without background,1.1388585460851666,0.7432179344428816,1.0,0.7530910268541301,0.0,0.6542676091194153,1.0,1.0,1,0.5087432320018812,0.8110862258164231,0.7024442082890542,0.0,0.0,0.9842309547410341,0.30357108410493827,1,6.557214582074551,0.0,0.16356690227985382,0.0,0.0031255709031986463,0.425781
0139.jpg,P1,green plant,1.2911445803759811,0.7317885362947335,1.0,0.7555538768612596,0.8485368542875753,0.6065496802330017,1.0,1.0,1,0.5026587908406672,0.7984607306307481,0.7075699965433806,0.0,0.0,0.9583493574209685,0.29905647183641976,1,6.470647047811452,0.8485368542875753,0.15163742005825043,0.0,0.003721032987783885,0.968750
0139.jpg,P2,entire plant excluding pot,1.2920768618205587,0.7334681810634474,1.0,0.7556316943511397,0.848754040607762,0.6074441075325012,1.0,1.0,1,0.5030172571095888,0.7991228686567466,0.7082613204286208,0.0,0.0,0.9583721540257572,0.2997199315200617,1,6.467921011669557,0.848754040607762,0.1518610268831253,0.0,0.003759859726298946,0.968750
0139.jpg,P3,leaves and stems,1.2916349384666441,0.7325061166783872,1.0,0.7559313601977941,0.8488328524721978,0.6068820357322693,1.0,1.0,1,0.5028044654505144,0.7987436102417098,0.7079156584860007,0.0,0.0,0.9581938333843593,0.29933991608796295,1,6.457428614638871,0.8488328524721978,0.15172050893306732,0.0,0.0037573831632663336,0.792969
0139.jpg,P4,crop seedling,1.2914587929287475,0.7325757076300984,1.0,0.7550343086365768,0.8486075309596637,0.6069409251213074,1.0,1.0,1,0.5028270984592181,0.7987710439087874,0.7079156584860007,0.0,0.0,0.9583241456366244,0.2993674045138889,1,6.488862520850912,0.8486075309596637,0.15173523128032684,0.0,0.003751399978977662,0.398438
0139.jpg,P5,plant body without background,0.3904761904761905,0.0,1.0,0.9523809523809523,0.0,0.0,1.0,1.0,1,0.0,0.0,0.0,1.0,1.0,0.0,0.0,0,1.0,0.0,0.0,0.0,0.0,
0140.jpg,P1,green plant,1.2847930918461161,0.7617944454211595,1.0,0.7555002880101441,0.8441968972355068,0.5442765951156616,1.0,0.9412544940231774,1,0.5036394466896217,0.801884376079182,0.7188647746243739,0.0,0.0,0.9358425562952076,0.310908805941358,1,6.472524653400876,0.8441968972355068,0.1360691487789154,0.0031545655695939434,0.00424964770463184,0.976562
0140.jpg,P2,entire plant excluding pot,1.2857135957359074,0.7636062519534301,1.0,0.7552510670860629,0.8445529189911213,0.5450841188430786,1.0,0.9341301048066498,1,0.5040147243611688,0.8025792668293854,0.7195325542570952,0.0,0.0,0.9359612120460674,0.31162446952160494,1,6.481260168442697,0.8445529189911213,0.13627102971076965,0.0032560360082917496,0.004282058761855167,0.980469
0140.jpg,P3,leaves and stems,1.2854314516983953,0.7626667741053289,1.0,0.7560825824018067,0.8446768677129963,0.5446903705596924,1.0,0.9362320942883047,1,0.5038081327424305,0.8022189444356647,0.7191986644407345,0.0,0.0,0.9357574259061577,0.31125337577160495,1,6.452136929893395,0.8446768677129963,0.1361725926399231,0.003165017856727842,0.004272444861058389,0.816406
0140.jpg,P4,crop seedling,1.2851167946650763,0.7625892473433349,1.0,0.7549366773503641,0.8443187500022761,0.5446540713310242,1.0,0.9363946676339893,1,0.5038170454596765,0.8021892102290353,0.7191986644407345,0.0,0.0,0.9359506228018195,0.3112227527006173,1,6.492288161432186,0.8443187500022761,0.13616351783275604,0.00320561740384891,0.004271703095134977,0.511719
0140.jpg,P5,plant body without background,0.5904761904761905,0.0,1.0,0.9523809523809523,1.0,0.0,1.0,1.0,1,0.0,0.0,0.0,1.0,1.0,0.0,0.0,0,1.0,1.0,0.0,0.0,0.0,
0141.jpg,P1,green plant,1.2907010971242863,0.7931622616815127,1.0,0.7514110731040295,0.8214358057047053,0.49521857500076294,1.0,0.5846344361475991,1,0.5184555540260841,0.8170658053207924,0.7410214168039538,0.0,0.0,0.9909866713909505,0.32329909336419754,1,6.616589395444123,0.8214358057047053,0.12380464375019073,0.014976662942482991,0.006841882298890352,0.957031
0141.jpg,P2,entire plant excluding pot,1.291851657522378,0.7952319820479761,1.0,0.751750261865212,0.8217956659769552,0.4961438775062561,1.0,0.5755720173419686,1,0.5188673000430981,0.8178675824969713,0.7416803953871499,0.0,0.0,0.9911117499947121,0.3241166329089506,1,6.604580024191572,0.8217956659769552,0.12403596937656403,0.015287054936609886,0.006949608180175744,0.976562
0141.jpg,P3,leaves and stems,1.29144672310116,0.7942647288638849,1.0,0.752485830433177,0.8214888094608171,0.4956968128681183,1.0,0.5781738709156484,1,0.5186594867759604,0.8174928837989459,0.7413509060955519,0.0,0.0,0.9909381434912999,0.32373456790123456,1,6.578573563952394,0.8214888094608171,0.12392420321702957,0.01502317904471351,0.006918334088092287,0.796875
0141.jpg,P4,crop seedling,1.2911953128799962,0.7940562612322237,1.0,0.7514785489084367,0.8214557860260121,0.495706170797348,1.0,0.583428633523499,1,0.5186559594871922,0.8174121267112995,0.7413509060955519,0.0,0.0,0.9911855204103812,0.32365222318672837,1,6.614199472561236,0.8214557860260121,0.123926542699337,0.015086602687054317,0.006856022776672461,0.500000
0141.jpg,P5,plant body without background,0.5904761904761905,0.0,1.0,0.9523809523809523,1.0,0.0,1.0,1.0,1,0.0,0.0,0.0,1.0,1.0,0.0,0.0,0,1.0,1.0,0.0,0.0,0.0,
0142.jpg,P1,green plant,1.269956008542486,0.7387964672214408,1.0,0.7560422842791802,0.7723567064479279,0.5174217224121094,1.0,0.4270830383417921,1,0.5130325724703544,0.8021475013807193,0.7703729281767956,6.391169959583839e-06,0.0,0.9361573726626741,0.3018246045524691,1,6.453546866189157,0.7723567064479279,0.12935543060302734,0.004772606167319232,0.009365860127647643,0.972656
0142.jpg,P2,entire plant excluding pot,1.2710422150684302,0.7407907973902171,1.0,0.7563728532126677,0.7730274657977878,0.5182029604911804,1.0,0.4253856452842979,1,0.5133633996900594,0.8029361045561808,0.7707182320441989,6.374532467884309e-06,0.0,0.9360839368718062,0.3026123649691358,1,6.4419854772030565,0.7730274657977878,0.1295507401227951,0.004995243005145841,0.009403232206687841,0.964844
0142.jpg,P3,leaves and stems,1.2706869885719088,0.7399431918073136,1.0,0.7567407085773192,0.7725900992397423,0.5179301500320435,1.0,0.426160880465729,1,0.5132461586406252,0.8026009421719971,0.7707182320441989,6.381592933343065e-06,0.0,0.9360846159035034,0.3022775607638889,1,6.429131898560363,0.7725900992397423,0.12948253750801086,0.004841634788615717,0.009386126656272647,0.535156
0142.jpg,P4,crop seedling,0.3904761904761905,0.0,1.0,0.9523809523809523,0.0,0.0,1.0,1.0,1,0.0,0.0,0.0,1.0,1.0,0.0,0.0,0,1.0,0.0,0.0,0.0,0.0,
0142.jpg,P5,plant body without background,0.5904761904761905,0.0,1.0,0.9523809523809523,1.0,0.0,1.0,1.0,1,0.0,0.0,0.0,1.0,1.0,0.0,0.0,0,1.0,1.0,0.0,0.0,0.0,
0143.jpg,P1,green plant,1.2649491337593584,0.7079298279027972,1.0,0.7541227522797295,0.8448871469605381,0.47907397150993347,1.0,0.5910508057571657,1,0.5077463940287588,0.7842028104577174,0.7588627588627589,0.0,0.0,0.9668011377326108,0.28963228202160496,1,6.520881301538198,0.8448871469605381,0.11976849287748337,0.0004424878222189661,0.006767607726844733,0.964844
0143.jpg,P2,entire plant excluding pot,1.26576134361762,0.7096042838724801,1.0,0.7539859574013302,0.8451573156259063,0.4796268343925476,1.0,0.5894276621787026,1,0.5080864653591673,0.7848518217152116,0.7595647595647596,0.0,0.0,0.9666667103718665,0.29029369212962963,1,6.525692957109596,0.8451573156259063,0.1199067085981369,0.0004755354653934776,0.006786244108759322,0.964844
0143.jpg,P3,leaves and stems,1.2656445148106907,0.7089227198585717,1.0,0.7549273603758574,0.845105884986363,0.47953757643699646,1.0,0.5926166163700191,1,0.507945806479133,0.7845876507093814,0.7592137592137592,0.0,0.0,0.966816520723729,0.2900244743441358,1,6.492615117357192,0.845105884986363,0.11988439410924911,0.00044854066318337495,0.006749726365253438,0.656250
0143.jpg,P4,crop seedling,1.0962071706541574,0.7085164674167839,1.0,0.753647026293491,0.0,0.4795275926589966,1.0,0.5906154885463367,1,0.5078689533803031,0.7844301891738865,0.7592137592137592,0.0,0.0,0.9665991051096622,0.28986400462962963,1,6.537622125787367,0.0,0.11988189816474915,0.0004604350299969055,0.006772595838698836,0.324219
0143.jpg,P5,plant body without background,0.5904761904761905,0.0,1.0,0.9523809523809523,1.0,0.0,1.0,1.0,1,0.0,0.0,0.0,1.0,1.0,0.0,0.0,0,1.0,1.0,0.0,0.0,0.0,
0144.jpg,P1,green plant,1.2255999452659418,0.7008068277269885,1.0,0.7528489557813531,0.7241731834268146,0.4440588653087616,1.0,1.0,1,0.5012223788171581,0.7733051441343781,0.756414762741652,0.0,0.0,0.9441092107662844,0.2868186969521605,1,6.565753789540379,0.7241731834268146,0.1110147163271904,0.0,0.0,0.964844
0144.jpg,P2,entire plant excluding pot,1.2269273169916124,0.7030798269260821,1.0,0.7532497807625933,0.7248859309980579,0.4449938237667084,1.0,1.0,1,0.5016854445009241,0.7741606770554503,0.7571177504393674,0.0,0.0,0.9444801245243041,0.28771653163580246,1,6.551617419326579,0.7248859309980579,0.1112484559416771,0.0,0.0,0.960938
0144.jpg,P3,leaves and stems,0.3904761904761905,0.0,1.0,0.9523809523809523,0.0,0.0,1.0,1.0,1,0.0,0.0,0.0,1.0,1.0,0.0,0.0,0,1.0,0.0,0.0,0.0,0.0,
0144.jpg,P4,crop seedling,0.3904761904761905,0.0,1.0,0.9523809523809523,0.0,0.0,1.0,1.0,1,0.0,0.0,0.0,1.0,1.0,0.0,0.0,0,1.0,0.0,0.0,0.0,0.0,
0144.jpg,P5,plant body without background,0.5904761904761905,0.0,1.0,0.9523809523809523,1.0,0.0,1.0,1.0,1,0.0,0.0,0.0,1.0,1.0,0.0,0.0,0,1.0,1.0,0.0,0.0,0.0,
0145.jpg,P1,green plant,1.213215809017008,0.7068093525355524,1.0,0.7531376514223403,0.7004125355865775,0.4396742582321167,1.0,0.7228674753258495,1,0.49320904946169053,0.7673689408370888,0.7751436781609196,0.0,0.0,0.8510405809974394,0.28918969425154323,1,6.555570501924765,0.7004125355865775,0.10991856455802917,0.0,0.00553351774223471,0.976562
0145.jpg,P2,entire plant excluding pot,1.2142515418940818,0.7088870087122987,1.0,0.753199757561532,0.7006971871175834,0.44037458300590515,1.0,0.7071768337498163,1,0.4936198346146179,0.768127691211894,0.7758620689655172,0.0,0.0,0.8511997027666189,0.290010368441358,1,6.553380825226989,0.7006971871175834,0.11009364575147629,0.0,0.005656293884501189,0.980469
0145.jpg,P3,leaves and stems,1.0736541490743932,0.7075504351265822,1.0,0.7542582941291509,0.0,0.43996527791023254,1.0,0.7180272129186603,1,0.4932993476412,0.7676395807533554,0.7751436781609196,0.0,0.0,0.850996323085601,0.289482421875,1,6.516115441715541,0.0,0.10999131947755814,0.0,0.005570819501033492,0.609375
0145.jpg,P4,crop seedling,0.5904761904761905,0.0,1.0,0.9523809523809523,1.0,0.0,1.0,1.0,1,0.0,0.0,0.0,1.0,1.0,0.0,0.0,0,1.0,1.0,0.0,0.0,0.0,
0145.jpg,P5,plant body without background,0.5904761904761905,0.0,1.0,0.9523809523809523,1.0,0.0,1.0,1.0,1,0.0,0.0,0.0,1.0,1.0,0.0,0.0,0,1.0,1.0,0.0,0.0,0.0,
0146.jpg,P1,green plant,1.2299093264109662,0.7048238738474761,1.0,0.7540413380903918,0.8262972346348058,0.4111666679382324,1.0,0.34150397944252114,1,0.4906435035087849,0.7625908362422885,0.7807428777497295,0.0,0.0,0.832029928290326,0.28840543016975306,1,6.523744773263969,0.8262972346348058,0.1027916669845581,0.0,0.0117128942583032,0.980469
0146.jpg,P2,entire plant excluding pot,1.2312896443142394,0.7072320870448507,1.0,0.7548427567588676,0.8268654605672081,0.4120545983314514,1.0,0.3373330053761552,1,0.49109066377376376,0.7634569364859821,0.7814641182834475,0.0,0.0,0.832171947126495,0.28935667438271606,1,6.495584439169419,0.8268654605672081,0.10301364958286285,0.0,0.011857719038016032,0.976562
0146.jpg,P3,leaves and stems,1.2305543193152952,0.7057657934833568,1.0,0.7547125187207326,0.8267919538137268,0.411388635635376,1.0,0.3378091812989211,1,0.4908225389846568,0.7629295923071857,0.7811034980165885,0.0,0.0,0.8319855203415587,0.28877748842592593,1,6.500156687344723,0.8267919538137268,0.102847158908844,0.0,0.011841004393721537,0.361328
0146.jpg,P4,crop seedling,0.5904761904761905,0.0,1.0,0.9523809523809523,1.0,0.0,1.0,1.0,1,0.0,0.0,0.0,1.0,1.0,0.0,0.0,0,1.0,1.0,0.0,0.0,0.0,
0146.jpg,P5,plant body without background,0.5904761904761905,0.0,1.0,0.9523809523809523,1.0,0.0,1.0,1.0,1,0.0,0.0,0.0,1.0,1.0,0.0,0.0,0,1.0,1.0,0.0,0.0,0.0,
0147.jpg,P1,green plant,1.236365190022879,0.7519323698038756,1.0,0.7449144942578659,0.7959112502981888,0.36602312326431274,1.0,1.0,1,0.5046089424980302,0.7674674789276055,0.8121827411167513,0.0,0.0,0.8980243147235316,0.30701328607253087,1,6.848719086779682,0.7959112502981888,0.09150578081607819,0.012631892278433343,0.0021515882051026296,0.976562
0147.jpg,P2,entire plant excluding pot,1.2379891098815496,0.7550282514846068,1.0,0.7454135962173667,0.797332940749019,0.3663960099220276,1.0,1.0,1,0.5051549502069457,0.7685328361736208,0.8132704858593184,0.0,0.0,0.8977977009150111,0.30823615933641973,1,6.830742156422766,0.797332940749019,0.0915990024805069,0.012727281261220809,0.002196247096768642,0.957031
0147.jpg,P3,leaves and stems,1.2368450023619153,0.7525794435654007,1.0,0.7453065739541772,0.7963378862073388,0.3663071095943451,1.0,1.0,1,0.504738799697663,0.7676901504608356,0.8125453226976069,0.0,0.0,0.8978908895080133,0.3072688802083333,1,6.834594915608024,0.7963378862073388,0.09157677739858627,0.012644534611205868,0.0021843270707063572,0.433594
0147.jpg,P4,crop seedling,0.5904761904761905,0.0,1.0,0.9523809523809523,1.0,0.0,1.0,1.0,1,0.0,0.0,0.0,1.0,1.0,0.0,0.0,0,1.0,1.0,0.0,0.0,0.0,
0147.jpg,P5,plant body without background,0.5904761904761905,0.0,1.0,0.9523809523809523,1.0,0.0,1.0,1.0,1,0.0,0.0,0.0,1.0,1.0,0.0,0.0,0,1.0,1.0,0.0,0.0,0.0,
0148.jpg,P1,green plant,1.2149545441432026,0.710652421276762,1.0,0.7351948104250322,0.663117621998061,0.43869146704673767,1.0,1.0,1,0.5054232799938841,0.7439197249117082,0.8218390804597702,0.0,0.0,0.9712034179202768,0.290707706404321,1,7.203674068968963,0.663117621998061,0.10967286676168442,0.0029391443262114275,0.001396373493206417,0.972656
0148.jpg,P2,entire plant excluding pot,1.2167491534862367,0.7134845898773245,1.0,0.7359338540082035,0.6644296626201506,0.4405878186225891,1.0,1.0,1,0.5058619684605833,0.7448583811614048,0.8226053639846743,0.0,0.0,0.9709256953685022,0.2918264130015432,1,7.176355444272111,0.6644296626201506,0.11014695465564728,0.0030154615217773003,0.001447206701025604,0.953125
0148.jpg,P3,leaves and stems,1.215911514761265,0.7121211566260353,1.0,0.7354584219246062,0.6637006251776073,0.4399236738681793,1.0,1.0,1,0.5056707392419793,0.7444065029991681,0.8222222222222222,0.0,0.0,0.971284631922704,0.2912878568672839,1,7.1939234140013015,0.6637006251776073,0.10998091846704483,0.002945707429209067,0.0014304292363842258,0.324219
0148.jpg,P4,crop seedling,0.5904761904761905,0.0,1.0,0.9523809523809523,1.0,0.0,1.0,1.0,1,0.0,0.0,0.0,1.0,1.0,0.0,0.0,0,1.0,1.0,0.0,0.0,0.0,
0148.jpg,P5,plant body without background,0.5904761904761905,0.0,1.0,0.9523809523809523,1.0,0.0,1.0,1.0,1,0.0,0.0,0.0,1.0,1.0,0.0,0.0,0,1.0,1.0,0.0,0.0,0.0,
0149.jpg,P1,green plant,1.2380113393612566,0.7036530366072823,1.0,0.7340368807338812,0.8119081972956301,0.468368798494339,1.0,1.0,1,0.4944179567350302,0.7402189527146705,0.7659417618872097,0.0,0.0,0.9747180614519781,0.28794294945987653,1,7.246587364934907,0.8119081972956301,0.11709219962358475,0.0008026582769267358,0.0,0.968750
0149.jpg,P2,entire plant excluding pot,1.239081496726403,0.7058311113064542,1.0,0.7342931623773802,0.811927632378442,0.4696216583251953,1.0,1.0,1,0.4947467838489087,0.740936698558212,0.7663103575377811,0.0,0.0,0.9748307499673394,0.2888032889660494,1,7.237077811329622,0.811927632378442,0.11740541458129883,0.0008353336533845415,0.0,0.972656
0149.jpg,P3,leaves and stems,1.2386060578624463,0.7042463910376621,1.0,0.7349189141061896,0.8120329778875633,0.469148725271225,1.0,1.0,1,0.4945366562019183,0.740414482131689,0.7663103575377811,0.0,0.0,0.9745572309902654,0.28817732445987654,1,7.2138866154017185,0.8120329778875633,0.11728718131780624,0.0008191584339431141,0.0,0.808594
0149.jpg,P4,crop seedling,1.0760386601272596,0.7045632130020316,1.0,0.7338102819005712,0.0,0.46878060698509216,1.0,1.0,1,0.49460783974972045,0.7405188851846033,0.7663103575377811,0.0,0.0,0.9749036557830867,0.2883024691358025,1,7.2550010449566456,0.0,0.11719515174627304,0.0008225665078685366,0.0,0.388672
0149.jpg,P5,plant body without background,0.5904761904761905,0.0,1.0,0.9523809523809523,1.0,0.0,1.0,1.0,1,0.0,0.0,0.0,1.0,1.0,0.0,0.0,0,1.0,1.0,0.0,0.0,0.0,
0150.jpg,P1,green plant,1.2273856126783587,0.7041661172644162,1.0,0.7344019790772275,0.8122693090155516,0.4844225347042084,1.0,1.0,1,0.4803336246660779,0.7404917029182673,0.7147962830593281,0.0,0.0,0.9249819769400528,0.28814561631944446,1,7.233042080210489,0.8122693090155516,0.1211056336760521,5.523024106744993e-05,0.0,0.984375
0150.jpg,P2,entire plant excluding pot,1.2291495619586572,0.706820035357087,1.0,0.7359081079688625,0.812640320503562,0.4864597022533417,1.0,1.0,1,0.48078392874208653,0.7413666316762246,0.7155110793423874,0.0,0.0,0.9251361337377817,0.2891939139660494,1,7.177306219931241,0.812640320503562,0.12161492556333542,6.795375809295907e-05,0.0,0.980469
0150.jpg,P3,leaves and stems,1.228686102599633,0.7055851011876855,1.0,0.7363567072051611,0.8126537567213518,0.4858038127422333,1.0,1.0,1,0.48060622702834654,0.7409595055399745,0.7155110793423874,0.0,0.0,0.9247840580772577,0.2887061149691358,1,7.16074940895143,0.8126537567213518,0.12145095318555832,6.263979113388045e-05,0.0,0.597656
0150.jpg,P4,crop seedling,0.3904761904761905,0.0,1.0,0.9523809523809523,0.0,0.0,1.0,1.0,1,0.0,0.0,0.0,1.0,1.0,0.0,0.0,0,1.0,0.0,0.0,0.0,0.0,
0150.jpg,P5,plant body without background,0.5904761904761905,0.0,1.0,0.9523809523809523,1.0,0.0,1.0,1.0,1,0.0,0.0,0.0,1.0,1.0,0.0,0.0,0,1.0,1.0,0.0,0.0,0.0,
0151.jpg,P1,green plant,1.2245989491414329,0.7072732922136271,1.0,0.7349731732469148,0.8436196474385372,0.4739767909049988,1.0,0.7861049701138132,1,0.4726303683806171,0.7456289423129273,0.6687392055267702,0.0,0.0,0.9128718157627392,0.2893729504243827,1,7.211877559619426,0.8436196474385372,0.1184941977262497,0.0016965429604091369,0.005088378972366598,0.980469
0151.jpg,P2,entire plant excluding pot,1.225745061551468,0.7093643782231599,1.0,0.7352158401781296,0.84397994754745,0.47539153695106506,1.0,0.77646,1,0.4729547209715071,0.7463300594747116,0.6690846286701209,4.1545043551669155e-07,0.0,0.9130409162986689,0.2901989293981482,1,7.20289594842565,0.84397994754745,0.11884788423776627,0.0017477999822187213,0.005151585400406975,0.964844
0151.jpg,P3,leaves and stems,1.2253392113726034,0.7082820557899672,1.0,0.7358049563088914,0.844224340749117,0.4745081663131714,1.0,0.7818737800910865,1,0.47277530754037395,0.7459671691731955,0.6690846286701209,0.0,0.0,0.9125156516913374,0.28977141203703705,1,7.181116175580617,0.844224340749117,0.11862704157829285,0.001696706442325295,0.0051159152562118265,0.330078
0151.jpg,P4,crop seedling,0.5904761904761905,0.0,1.0,0.9523809523809523,1.0,0.0,1.0,1.0,1,0.0,0.0,0.0,1.0,1.0,0.0,0.0,0,1.0,1.0,0.0,0.0,0.0,
0151.jpg,P5,plant body without background,0.5904761904761905,0.0,1.0,0.9523809523809523,1.0,0.0,1.0,1.0,1,0.0,0.0,0.0,1.0,1.0,0.0,0.0,0,1.0,1.0,0.0,0.0,0.0,
0152.jpg,P1,green plant,1.2251732864652864,0.7280223838685732,1.0,0.7339794673010278,0.8258453619808104,0.48790881037712097,1.0,0.3393819181849433,1,0.47002208175977994,0.7510232011015037,0.6280241935483871,0.0005023995656674722,0.0,0.9427032640524421,0.29756884162808644,1,7.248718650868442,0.8258453619808104,0.12197720259428024,0.006322941630489171,0.011786131746182878,0.972656
0152.jpg,P2,entire plant excluding pot,1.2264396983016315,0.730359785220347,1.0,0.734418888196335,0.8265819645362824,0.48900702595710754,1.0,0.33561244408296054,1,0.470366165519617,0.7518020564302959,0.6283602150537635,0.0005060963812695062,0.0,0.9428243597371692,0.29849211516203705,1,7.232415071891947,0.8265819645362824,0.12225175648927689,0.006490393256679725,0.011918509192737901,0.976562
0152.jpg,P3,leaves and stems,1.2261807817059,0.7299755088685731,1.0,0.7348323939897875,0.826135720845018,0.48875540494918823,1.0,0.3356237623762376,1,0.4702409759753867,0.7516740100919634,0.6280241935483871,0.0004990798341842611,0.0,0.9426044155474509,0.2983403260030864,1,7.217090813606608,0.826135720845018,0.12218885123729706,0.006422167388547593,0.011918107262965367,0.433594
0152.jpg,P4,crop seedling,0.5904761904761905,0.0,1.0,0.9523809523809523,1.0,0.0,1.0,1.0,1,0.0,0.0,0.0,1.0,1.0,0.0,0.0,0,1.0,1.0,0.0,0.0,0.0,
0152.jpg,P5,plant body without background,0.5904761904761905,0.0,1.0,0.9523809523809523,1.0,0.0,1.0,1.0,1,0.0,0.0,0.0,1.0,1.0,0.0,0.0,0,1.0,1.0,0.0,0.0,0.0,
0153.jpg,P1,green plant,1.2077625003365036,0.7060932982692607,1.0,0.7425530847475537,0.6866424350519102,0.6343954205513,1.0,0.5376808212262298,1,0.45382565261249874,0.7399847334910592,0.5423834845167345,0.00011642905818907328,0.0,0.9723689739507252,0.28890685281635803,1,6.934101292972766,0.6866424350519102,0.158598855137825,0.0,0.007439357778984263,0.976562
0153.jpg,P2,entire plant excluding pot,1.2090314840530278,0.7081401268752929,1.0,0.7429981273054326,0.6876239430359277,0.6359537839889526,1.0,0.5315816834420971,1,0.45408828781190663,0.7406563236836392,0.5426962777604004,0.00018892932420313648,0.0,0.9722992332302184,0.28971535011574073,1,6.917968249169453,0.6876239430359277,0.15898844599723816,0.0,0.007524713745024479,0.953125
0153.jpg,P3,leaves and stems,0.3904761904761905,0.0,1.0,0.9523809523809523,0.0,0.0,1.0,1.0,1,0.0,0.0,0.0,1.0,1.0,0.0,0.0,0,1.0,0.0,0.0,0.0,0.0,
0153.jpg,P4,crop seedling,0.5904761904761905,0.0,1.0,0.9523809523809523,1.0,0.0,1.0,1.0,1,0.0,0.0,0.0,1.0,1.0,0.0,0.0,0,1.0,1.0,0.0,0.0,0.0,
0153.jpg,P5,plant body without background,0.5904761904761905,0.0,1.0,0.9523809523809523,1.0,0.0,1.0,1.0,1,0.0,0.0,0.0,1.0,1.0,0.0,0.0,0,1.0,1.0,0.0,0.0,0.0,
0154.jpg,P1,green plant,1.243407917872481,0.7038819542115955,1.0,0.7428343155802501,0.8675369712277328,0.6453960537910461,1.0,0.25482669795472124,1,0.4514780589103562,0.7377303006565917,0.5329341317365269,0.00015236092461315393,0.0,0.9739001824535818,0.28803337191358025,1,6.923904268446995,0.8675369712277328,0.16134901344776154,0.0,0.015696942400873312,0.980469
0154.jpg,P2,entire plant excluding pot,1.2442957067768414,0.7058338583177057,1.0,0.7427507891161924,0.867734779834972,0.6464719176292419,1.0,0.25235280484593103,1,0.451737437797219,0.738366652496768,0.5332335329341318,0.0001582160245698215,0.0,0.9737453830257733,0.2888043740354938,1,6.926932011473491,0.867734779834972,0.16161797940731049,0.0,0.015850824414026705,0.964844
0154.jpg,P3,leaves and stems,1.0708769694299711,0.705693760743866,1.0,0.7435889740805982,0.0,0.6465069055557251,1.0,0.25283048745084585,1,0.45171904135393326,0.7383209784553855,0.5332335329341318,0.00015657620041753653,0.0,0.9737163582652991,0.28874903549382713,1,6.896579558254968,0.0,0.16162672638893127,0.0,0.015820876826722337,0.410156
0154.jpg,P4,crop seedling,0.5904761904761905,0.0,1.0,0.9523809523809523,1.0,0.0,1.0,1.0,1,0.0,0.0,0.0,1.0,1.0,0.0,0.0,0,1.0,1.0,0.0,0.0,0.0,
0154.jpg,P5,plant body without background,0.5904761904761905,0.0,1.0,0.9523809523809523,1.0,0.0,1.0,1.0,1,0.0,0.0,0.0,1.0,1.0,0.0,0.0,0,1.0,1.0,0.0,0.0,0.0,
0155.jpg,P1,green plant,1.2404513280726317,0.7220137545905609,1.0,0.7478443521225354,0.744666586121024,0.7085850834846497,1.0,0.1949883730190332,1,0.4558293728088776,0.7405021327706451,0.5584112149532711,0.00014498856224032242,0.0,0.9618310421623509,0.2951954330632716,1,6.743532853107607,0.744666586121024,0.17714627087116241,0.0,0.020514043673822296,0.976562
0155.jpg,P2,entire plant excluding pot,1.241864340202852,0.7243578708587279,1.0,0.7482645387550042,0.7455186519707929,0.7106095552444458,1.0,0.19090601014320968,1,0.4561142168370577,0.741256504739283,0.5587032710280374,0.00014860661954954689,0.0,0.9615243337912688,0.29612135898919756,1,6.7285150693856055,0.7455186519707929,0.17765238881111145,0.0,0.020952719073639263,0.906250
0155.jpg,P3,leaves and stems,0.3904761904761905,0.0,1.0,0.9523809523809523,0.0,0.0,1.0,1.0,1,0.0,0.0,0.0,1.0,1.0,0.0,0.0,0,1.0,0.0,0.0,0.0,0.0,
0155.jpg,P4,crop seedling,0.5904761904761905,0.0,1.0,0.9523809523809523,1.0,0.0,1.0,1.0,1,0.0,0.0,0.0,1.0,1.0,0.0,0.0,0,1.0,1.0,0.0,0.0,0.0,
0155.jpg,P5,plant body without background,0.5904761904761905,0.0,1.0,0.9523809523809523,1.0,0.0,1.0,1.0,1,0.0,0.0,0.0,1.0,1.0,0.0,0.0,0,1.0,1.0,0.0,0.0,0.0,
0156.jpg,P1,green plant,1.2662593503002637,0.7135590644045944,1.0,0.7457499652552121,0.8092418796171684,0.8003367781639099,1.0,0.1713333569254724,1,0.45248181281208666,0.7339497658732812,0.5705967976710334,0.0,0.0,0.9289197117565223,0.29185583043981483,1,6.81864020356415,0.8092418796171684,0.20008419454097748,0.0,0.02334630028722278,0.976562
0156.jpg,P2,entire plant excluding pot,1.2675244633960698,0.7154929603258322,1.0,0.7457298796958044,0.8103894563182382,0.8020292520523071,1.0,0.17075754111335856,1,0.4527961537176334,0.734562094317909,0.5711790393013101,0.0,0.0,0.9288719363212943,0.29261971932870373,1,6.81936253936658,0.8103894563182382,0.20050731301307678,0.0,0.023425026935381864,0.937500
0156.jpg,P3,leaves and stems,0.5904761904761905,0.0,1.0,0.9523809523809523,1.0,0.0,1.0,1.0,1,0.0,0.0,0.0,1.0,1.0,0.0,0.0,0,1.0,1.0,0.0,0.0,0.0,
0156.jpg,P4,crop seedling,0.5904761904761905,0.0,1.0,0.9523809523809523,1.0,0.0,1.0,1.0,1,0.0,0.0,0.0,1.0,1.0,0.0,0.0,0,1.0,1.0,0.0,0.0,0.0,
0156.jpg,P5,plant body without background,0.5904761904761905,0.0,1.0,0.9523809523809523,1.0,0.0,1.0,1.0,1,0.0,0.0,0.0,1.0,1.0,0.0,0.0,0,1.0,1.0,0.0,0.0,0.0,
0157.jpg,P1,green plant,1.231685147754603,0.6120109099077979,1.0,0.7307780644315259,0.7115596900025205,0.8876816630363464,1.0,0.2160889992755873,1,0.44327908227896484,0.7176850862423961,0.564797507788162,0.0,0.0,0.9042575069225708,0.2517443094135802,1,7.368090222519264,0.7115596900025205,0.2219204157590866,0.0,0.018510891407751088,0.980469
0157.jpg,P2,entire plant excluding pot,1.2400019774796869,0.6242006197257383,1.0,0.7330794959231162,0.7253923515639707,0.8922485113143921,1.0,0.21956870534217246,1,0.44501778177424345,0.7218485949448247,0.5654205607476636,0.0,0.0,0.9059507260897536,0.25655924479166664,1,7.282170775783856,0.7253923515639707,0.22306212782859802,0.0,0.01821753238361752,0.976562
0157.jpg,P3,leaves and stems,0.5904761904761905,0.0,1.0,0.9523809523809523,1.0,0.0,1.0,1.0,1,0.0,0.0,0.0,1.0,1.0,0.0,0.0,0,1.0,1.0,0.0,0.0,0.0,
0157.jpg,P4,crop seedling,0.5904761904761905,0.0,1.0,0.9523809523809523,1.0,0.0,1.0,1.0,1,0.0,0.0,0.0,1.0,1.0,0.0,0.0,0,1.0,1.0,0.0,0.0,0.0,
0157.jpg,P5,plant body without background,0.5904761904761905,0.0,1.0,0.9523809523809523,1.0,0.0,1.0,1.0,1,0.0,0.0,0.0,1.0,1.0,0.0,0.0,0,1.0,1.0,0.0,0.0,0.0,
0158.jpg,P1,green plant,1.2332677986868386,0.5860721035513361,1.0,0.7208970206275129,0.7706456880482206,0.8520200848579407,1.0,0.25043258110895794,1,0.4473408192698366,0.7131983439566103,0.5818791946308725,0.0,0.0,0.9298314385146599,0.24149848090277778,1,7.743213562723249,0.7706456880482206,0.21300502121448517,0.0,0.015972362630642233,0.976562
0158.jpg,P2,entire plant excluding pot,1.2377807295576453,0.596037955149242,1.0,0.7193515403535199,0.771658424793868,0.8579214811325073,1.0,0.24996758349705303,1,0.4487868492718179,0.7166735530109076,0.5825503355704698,0.0,0.0,0.9309204531531566,0.2454349922839506,1,7.802818063295101,0.771658424793868,0.21448037028312683,0.0,0.016002074925235886,0.953125
0158.jpg,P3,leaves and stems,0.5904761904761905,0.0,1.0,0.9523809523809523,1.0,0.0,1.0,1.0,1,0.0,0.0,0.0,1.0,1.0,0.0,0.0,0,1.0,1.0,0.0,0.0,0.0,
0158.jpg,P4,crop seedling,0.5904761904761905,0.0,1.0,0.9523809523809523,1.0,0.0,1.0,1.0,1,0.0,0.0,0.0,1.0,1.0,0.0,0.0,0,1.0,1.0,0.0,0.0,0.0,
0158.jpg,P5,plant body without background,0.5904761904761905,0.0,1.0,0.9523809523809523,1.0,0.0,1.0,1.0,1,0.0,0.0,0.0,1.0,1.0,0.0,0.0,0,1.0,1.0,0.0,0.0,0.0,
0159.jpg,P1,green plant,1.2210625371988408,0.5781787193311454,1.0,0.7025814045370274,0.7249532825306134,0.8761820197105408,1.0,0.2500599468825092,1,0.44468345197697545,0.7190021853432473,0.535953978906999,0.0,0.0,0.9656097090357909,0.23838059413580248,1,8.466452244319198,0.7249532825306134,0.2190455049276352,0.0,0.01599616431926782,0.972656
0159.jpg,P2,entire plant excluding pot,1.2277530170505648,0.5923288795124237,1.0,0.6995024646499355,0.7284602459934307,0.8851231336593628,1.0,0.25316160510430674,1,0.44667007228753436,0.7241371327809241,0.5362735698306168,0.0,0.0,0.9669283324469994,0.2439699074074074,1,8.591750580906039,0.7284602459934307,0.2212807834148407,0.0,0.01580018422758828,0.953125
0159.jpg,P3,leaves and stems,1.0780421615315894,0.5794701198429442,1.0,0.7090709093346522,0.0,0.8770249485969543,1.0,0.2504050296979654,1,0.4449289659766792,0.7194708212925314,0.535953978906999,0.0,0.0,0.9664246232103343,0.23889069733796298,1,8.205923747128125,0.0,0.2192562371492386,0.0,0.01597412002795925,0.519531
0159.jpg,P4,crop seedling,0.5904761904761905,0.0,1.0,0.9523809523809523,1.0,0.0,1.0,1.0,1,0.0,0.0,0.0,1.0,1.0,0.0,0.0,0,1.0,1.0,0.0,0.0,0.0,
0159.jpg,P5,plant body without background,0.5904761904761905,0.0,1.0,0.9523809523809523,1.0,0.0,1.0,1.0,1,0.0,0.0,0.0,1.0,1.0,0.0,0.0,0,1.0,1.0,0.0,0.0,0.0,
0160.jpg,P1,green plant,1.1971671859764896,0.5417408359704641,1.0,0.6910580710596717,0.7275784728112729,0.8766382932662964,1.0,0.5464645929847783,1,0.4297640513549487,0.7011722467987845,0.4736389684813754,0.0,0.0,0.990987506487266,0.22398763020833334,1,8.941127869806813,0.7275784728112729,0.2191595733165741,0.0,0.007319778904891317,0.984375
0160.jpg,P2,entire plant excluding pot,1.2031604643487948,0.5533521473081731,1.0,0.6868205860346533,0.7337428528711044,0.8854182362556458,1.0,0.5508891471741973,1,0.43129369985487953,0.7052915370793515,0.47449856733524354,0.0,0.0,0.9903191975676268,0.22857409818672839,1,9.119686285860547,0.7337428528711044,0.22135455906391144,0.0,0.007260988931290664,0.953125
0160.jpg,P3,leaves and stems,1.2041403877076244,0.5477711361150179,1.0,0.7055878500173605,0.7367241951169898,0.8787928819656372,1.0,0.545655332752107,1,0.43036517506462346,0.7033115880025373,0.47421203438395415,0.0,0.0,0.9884795307462366,0.2263695987654321,1,8.345159287405409,0.7367241951169898,0.2196982204914093,0.0,0.007330634853003835,0.402344;0.593750;0.316406
0160.jpg,P4,crop seedling,0.5904761904761905,0.0,1.0,0.9523809523809523,1.0,0.0,1.0,1.0,1,0.0,0.0,0.0,1.0,1.0,0.0,0.0,0,1.0,1.0,0.0,0.0,0.0,
0160.jpg,P5,plant body without background,0.5904761904761905,0.0,1.0,0.9523809523809523,1.0,0.0,1.0,1.0,1,0.0,0.0,0.0,1.0,1.0,0.0,0.0,0,1.0,1.0,0.0,0.0,0.0,
0161.jpg,P1,green plant,1.2063852827252566,0.5401997626582278,1.0,0.6939723007371779,0.791263802069882,0.8829323649406433,1.0,0.716124842979998,1,0.4247116366440704,0.6832888827335141,0.48527713625866054,0.0,0.0,0.9821064316078162,0.22337890625,1,8.819594065577018,0.791263802069882,0.22073309123516083,0.0,0.005585618260853608,0.976562
0161.jpg,P2,entire plant excluding pot,1.2128813041474922,0.5524636417799655,1.0,0.6907230339545138,0.7966929944859531,0.8938126564025879,1.0,0.7225091603053435,1,0.42614283882288806,0.6872637160437647,0.4858545034642032,0.0,0.0,0.9814672758401389,0.22822313850308643,1,8.955165843386451,0.7966929944859531,0.22345316410064697,0.0,0.005536261987750492,0.941406
0161.jpg,P3,leaves and stems,0.3904761904761905,0.0,1.0,0.9523809523809523,0.0,0.0,1.0,1.0,1,0.0,0.0,0.0,1.0,1.0,0.0,0.0,0,1.0,0.0,0.0,0.0,0.0,
0161.jpg,P4,crop seedling,0.5904761904761905,0.0,1.0,0.9523809523809523,1.0,0.0,1.0,1.0,1,0.0,0.0,0.0,1.0,1.0,0.0,0.0,0,1.0,1.0,0.0,0.0,0.0,
0161.jpg,P5,plant body without background,0.5904761904761905,0.0,1.0,0.9523809523809523,1.0,0.0,1.0,1.0,1,0.0,0.0,0.0,1.0,1.0,0.0,0.0,0,1.0,1.0,0.0,0.0,0.0,
0162.jpg,P1,green plant,1.221696881319746,0.5545126069503047,1.0,0.6908931658064043,0.8410298829731961,0.9070425629615784,1.0,0.6573311418685122,1,0.4230012375814494,0.6731230010112049,0.4884779516358464,0.0,0.0,0.9948215593307536,0.22903247974537036,1,8.948035658532218,0.8410298829731961,0.2267606407403946,0.0,0.00608521298508649,0.976562
0162.jpg,P2,entire plant excluding pot,1.2291380145099458,0.5685409829660883,1.0,0.6851124446820186,0.8448811162461647,0.9243152737617493,1.0,0.6535050801914518,1,0.4245680509787415,0.6773115364117609,0.48933143669985774,0.0,0.0,0.9942935462865083,0.23457368827160494,1,9.192288295511265,0.8448811162461647,0.23107881844043732,0.0,0.006120839946382902,0.910156
0162.jpg,P3,leaves and stems,1.0549380019865715,0.5566253638263792,1.0,0.6930683330880733,0.0,0.9095351696014404,1.0,0.645542238022685,1,0.42309222868339297,0.6737538193581218,0.48819345661450925,0.0,0.0,0.9940356971743867,0.22986701871141976,1,8.857183404826626,0.0,0.2273837924003601,0.0,0.006196341252978455,0.365234
0162.jpg,P4,crop seedling,0.5904761904761905,0.0,1.0,0.9523809523809523,1.0,0.0,1.0,1.0,1,0.0,0.0,0.0,1.0,1.0,0.0,0.0,0,1.0,1.0,0.0,0.0,0.0,
0162.jpg,P5,plant body without background,0.5904761904761905,0.0,1.0,0.9523809523809523,1.0,0.0,1.0,1.0,1,0.0,0.0,0.0,1.0,1.0,0.0,0.0,0,1.0,1.0,0.0,0.0,0.0,
0163.jpg,P1,green plant,1.1786088607059284,0.5321238548015315,1.0,0.6789792246067187,0.7423758646360579,0.9099798798561096,1.0,0.7244486314954384,1,0.40591709592584485,0.6541642370134968,0.44174503657262276,0.0,0.0,0.9744550638804886,0.22018892264660495,1,9.455982267475836,0.7423758646360579,0.2274949699640274,0.0,0.0055214404805252046,0.964844
0163.jpg,P2,entire plant excluding pot,1.2055916482000104,0.568309623573996,1.0,0.6858115769478382,0.7597905912621518,0.9456893801689148,1.0,0.7525207970593926,1,0.4136714138094301,0.6641716787583766,0.4644723092998955,0.0,0.0,0.9760631057001713,0.2344823013117284,1,9.162528998137878,0.7597905912621518,0.2364223450422287,0.0,0.005315467712826947,0.960938
0163.jpg,P3,leaves and stems,1.227075920675886,0.7106380757735583,1.0,0.6720628342106164,0.5853434029268106,0.9838843941688538,1.0,0.9410475168309105,1,0.4366901792599181,0.7035336639349881,0.5039184952978056,0.0,0.0,0.9974806772906731,0.29070203993055554,1,9.759122186084522,0.5853434029268106,0.24597109854221344,0.0,0.00425058238660517,0.363281;0.388672;0.486328;0.871094;0.310547;0.353516
0163.jpg,P4,crop seedling,0.5904761904761905,0.0,1.0,0.9523809523809523,1.0,0.0,1.0,1.0,1,0.0,0.0,0.0,1.0,1.0,0.0,0.0,0,1.0,1.0,0.0,0.0,0.0,
0163.jpg,P5,plant body without background,0.5904761904761905,0.0,1.0,0.9523809523809523,1.0,0.0,1.0,1.0,1,0.0,0.0,0.0,1.0,1.0,0.0,0.0,0,1.0,1.0,0.0,0.0,0.0,
0164.jpg,P1,green plant,1.1836944360635664,0.5137188794147522,1.0,0.683365707433413,0.7941352005333906,0.8567553758621216,1.0,1.0,1,0.414099403414831,0.6594127768523514,0.47052186177715094,0.0,0.0,0.9861099639662078,0.21291895736882716,1,9.26690611256462,0.7941352005333906,0.2141888439655304,0.0,0.0022196615582363885,0.972656
0164.jpg,P2,entire plant excluding pot,1.2052522680676248,0.5428997694952336,1.0,0.682834681202136,0.8104693913465334,0.8824341893196106,1.0,1.0,1,0.4215246617949222,0.6680426502868921,0.4944992947813822,0.0,0.0,0.9869986113386117,0.2244454089506173,1,9.289666372524955,0.8104693913465334,0.22060854732990265,0.0,0.0021985990846780257,0.937500
0164.jpg,P3,leaves and stems,1.1492516638381218,0.5148643831067354,1.0,0.6839819425195827,0.6178330565995682,0.8580881357192993,1.0,1.0,1,0.41429816024908467,0.6597515448561152,0.47052186177715094,0.0,0.0,0.9869118442955722,0.2133714313271605,1,9.240538026963176,0.6178330565995682,0.21452203392982483,0.0,0.0022748487389450036,0.648438
0164.jpg,P4,crop seedling,0.5904761904761905,0.0,1.0,0.9523809523809523,1.0,0.0,1.0,1.0,1,0.0,0.0,0.0,1.0,1.0,0.0,0.0,0,1.0,1.0,0.0,0.0,0.0,
0164.jpg,P5,plant body without background,0.5904761904761905,0.0,1.0,0.9523809523809523,1.0,0.0,1.0,1.0,1,0.0,0.0,0.0,1.0,1.0,0.0,0.0,0,1.0,1.0,0.0,0.0,0.0,
0165.jpg,P1,green plant,1.1794279643893284,0.5490799343647446,1.0,0.6891938892332973,0.7533345541567354,0.824771523475647,1.0,0.8440852209015474,1,0.4161519841432437,0.6602617480470663,0.49165487977369166,0.0,0.0,0.9656249396750604,0.2268865740740741,1,9.019409940284381,0.7533345541567354,0.20619288086891174,0.0,0.004738857997925488,0.976562
0165.jpg,P2,entire plant excluding pot,1.2012393867752,0.5812758219057665,1.0,0.6951588542034495,0.7604838595330912,0.8557536602020264,1.0,0.8819041491013978,1,0.42270494760633337,0.6692446896298005,0.5106082036775106,0.0,0.0,0.9655982957395124,0.2396039496527778,1,8.7704024469588,0.7604838595330912,0.2139384150505066,0.0,0.004535640300678635,0.937500
0165.jpg,P3,leaves and stems,1.1802868536858497,0.5498335311181434,1.0,0.6906869737175443,0.7539772520001459,0.8261202573776245,1.0,0.83544978940368,1,0.4161632508431582,0.6604720083048118,0.49165487977369166,0.0,0.0,0.9650016957720955,0.22718424479166666,1,8.956677570379343,0.7539772520001459,0.20653006434440613,0.0,0.0047878400961176674,0.427734;0.412109;0.302734;0.761719;0.337891;0.345703;0.310547
0165.jpg,P4,crop seedling,0.5904761904761905,0.0,1.0,0.9523809523809523,1.0,0.0,1.0,1.0,1,0.0,0.0,0.0,1.0,1.0,0.0,0.0,0,1.0,1.0,0.0,0.0,0.0,
0165.jpg,P5,plant body without background,0.5904761904761905,0.0,1.0,0.9523809523809523,1.0,0.0,1.0,1.0,1,0.0,0.0,0.0,1.0,1.0,0.0,0.0,0,1.0,1.0,0.0,0.0,0.0,
0166.jpg,P1,green plant,1.1911467148998804,0.6024891584622597,1.0,0.697259913679764,0.7688308433916737,0.766220211982727,1.0,0.6855097483752708,1,0.42418668939659565,0.6740530863639664,0.5191428571428571,0.0,0.0,0.9482239488349317,0.2479832175925926,1,8.68370833833071,0.7688308433916737,0.19155505299568176,0.0,0.005835073840277859,0.972656
0166.jpg,P2,entire plant excluding pot,1.2070314262244337,0.627325192412877,1.0,0.6955510480587024,0.7881881822007873,0.7882968783378601,1.0,0.7057486591302914,1,0.42715916602238824,0.6809386386187668,0.5222857142857142,0.0,0.0,0.9481921393439129,0.2577934510030864,1,8.75417994958159,0.7881881822007873,0.19707421958446503,0.0,0.005667740134184998,0.878906
0166.jpg,P3,leaves and stems,1.1912662923526134,0.602758365564932,1.0,0.6977969994545957,0.7689971118861412,0.7666156888008118,1.0,0.6856894368543819,1,0.42403265921131733,0.6741277214516982,0.5185714285714286,0.0,0.0,0.9474509956036586,0.24808955439814814,1,8.661630840534103,0.7689971118861412,0.19165392220020294,0.0,0.005833544728864578,0.316406;0.339844;0.671875;0.353516
0166.jpg,P4,crop seedling,0.5904761904761905,0.0,1.0,0.9523809523809523,1.0,0.0,1.0,1.0,1,0.0,0.0,0.0,1.0,1.0,0.0,0.0,0,1.0,1.0,0.0,0.0,0.0,
0166.jpg,P5,plant body without background,0.5904761904761905,0.0,1.0,0.9523809523809523,1.0,0.0,1.0,1.0,1,0.0,0.0,0.0,1.0,1.0,0.0,0.0,0,1.0,1.0,0.0,0.0,0.0,
0167.jpg,P1,green plant,1.22520010813771,0.7001890554188154,1.0,0.7154778340005684,0.8371859442235698,0.671306848526001,1.0,0.39056276700624387,1,0.4403681717039192,0.7013420232147298,0.5438448566610455,0.0,0.0,0.9700638937977555,0.2865746768904321,1,7.953346769907217,0.8371859442235698,0.16782671213150024,0.0,0.010241631660541909,0.980469
0167.jpg,P2,entire plant excluding pot,1.2380477138733632,0.7233533804110017,1.0,0.7136393610301225,0.8449170247452997,0.6935131549835205,1.0,0.39812660282421686,1,0.44296312963937434,0.7077705781862315,0.5458122540753232,0.0,0.0,0.9699722154063517,0.2957245852623457,1,8.025359995741331,0.8449170247452997,0.17337828874588013,0.0,0.010047055312618994,0.914062
0167.jpg,P3,leaves and stems,1.2259257071271543,0.7015457737537114,1.0,0.7164321415185527,0.8367127903556074,0.672722578048706,1.0,0.3871424507213981,1,0.44044305039183873,0.7017185391891718,0.5438448566610455,0.0,0.0,0.9694948747664038,0.28711058063271605,1,7.916112135348802,0.8367127903556074,0.1681806445121765,0.0,0.010332114167656977,0.412109
0167.jpg,P4,crop seedling,0.5904761904761905,0.0,1.0,0.9523809523809523,1.0,0.0,1.0,1.0,1,0.0,0.0,0.0,1.0,1.0,0.0,0.0,0,1.0,1.0,0.0,0.0,0.0,
0167.jpg,P5,plant body without background,0.5904761904761905,0.0,1.0,0.9523809523809523,1.0,0.0,1.0,1.0,1,0.0,0.0,0.0,1.0,1.0,0.0,0.0,0,1.0,1.0,0.0,0.0,0.0,
0168.jpg,P1,green plant,1.145578272405936,0.7899735920651664,1.0,0.7472689584155265,0.40415804729825394,0.3897947072982788,0.2863770866167058,0.11649421590326765,1,0.47933921139049085,0.7800520237031818,0.6828711256117456,0.005012869109457626,0.0,0.8490806121710033,0.32203956886574076,1,6.764125252047197,0.40415804729825394,0.0974486768245697,0.06983798961111891,0.03433646871636483,0.980469
0168.jpg,P2,entire plant excluding pot,1.150849495052145,0.7927581458040318,1.0,0.7470279315625402,0.42313983688986184,0.3925146758556366,0.28094695520463725,0.1165135249687551,1,0.4797613770297311,0.7810085175446322,0.6838499184339315,0.005461061812190513,0.0,0.8495372911465934,0.3231394675925926,1,6.772760635825869,0.42313983688986184,0.09812866896390915,0.0711878154558832,0.03433077834588441,0.660156
0168.jpg,P3,leaves and stems,0.3904761904761905,0.0,1.0,0.9523809523809523,0.0,0.0,1.0,1.0,1,0.0,0.0,0.0,1.0,1.0,0.0,0.0,0,1.0,0.0,0.0,0.0,0.0,
0168.jpg,P4,crop seedling,0.5904761904761905,0.0,1.0,0.9523809523809523,1.0,0.0,1.0,1.0,1,0.0,0.0,0.0,1.0,1.0,0.0,0.0,0,1.0,1.0,0.0,0.0,0.0,
0168.jpg,P5,plant body without background,0.5904761904761905,0.0,1.0,0.9523809523809523,1.0,0.0,1.0,1.0,1,0.0,0.0,0.0,1.0,1.0,0.0,0.0,0,1.0,1.0,0.0,0.0,0.0,
0169.jpg,P1,green plant,1.1776306284730316,0.814051145686826,1.0,0.7483489600465277,0.7141701201122388,0.1782492995262146,0.09877412773782929,0.11334988922664743,1,0.48666672339867,0.8066717250589811,0.7003929273084479,0.020136654048530732,0.0,0.8430188892706524,0.3315502025462963,1,6.725499823981213,0.7141701201122388,0.04456232488155365,0.20248217279209893,0.0352889625855906,0.984375
0169.jpg,P2,entire plant excluding pot,1.1785986623591598,0.8161165929246756,1.0,0.7483272687550278,0.7148187794659201,0.1784723550081253,0.09836603546030964,0.11346045334348538,1,0.48705166312841014,0.8074263577924891,0.7010478061558612,0.020204028109636726,0.0,0.8432504122587507,0.3323660542052469,1,6.726274499222076,0.7148187794659201,0.044618088752031326,0.20332221285943694,0.03525457445415425,0.835938
0169.jpg,P3,leaves and stems,0.5904761904761905,0.0,1.0,0.9523809523809523,1.0,0.0,1.0,1.0,1,0.0,0.0,0.0,1.0,1.0,0.0,0.0,0,1.0,1.0,0.0,0.0,0.0,
0169.jpg,P4,crop seedling,0.5904761904761905,0.0,1.0,0.9523809523809523,1.0,0.0,1.0,1.0,1,0.0,0.0,0.0,1.0,1.0,0.0,0.0,0,1.0,1.0,0.0,0.0,0.0,
0169.jpg,P5,plant body without background,0.5904761904761905,0.0,1.0,0.9523809523809523,1.0,0.0,1.0,1.0,1,0.0,0.0,0.0,1.0,1.0,0.0,0.0,0,1.0,1.0,0.0,0.0,0.0,
0170.jpg,P1,green plant,1.2465788376656155,0.8986087303680262,1.0,0.7643986486213806,0.7303488070830706,0.2969699203968048,0.07159409800937308,0.1373074175294558,1,0.5085136163717592,0.8570211223152457,0.7287728772877288,0.012511211428967856,0.0,0.8113046907832238,0.3649504484953704,1,6.164358134424608,0.7303488070830706,0.0742424800992012,0.279352635986581,0.029131710959037608,0.972656
0170.jpg,P2,entire plant excluding pot,1.2478394134058033,0.9010511285943115,1.0,0.7641499738885034,0.7309850357295493,0.29785609245300293,0.07144716522754452,0.13734953444433132,1,0.5090309672727297,0.8579649084237333,0.72997299729973,0.01271051156703669,0.0,0.8116126328058266,0.36591519579475307,1,6.1728727127041525,0.7309850357295493,0.07446402311325073,0.279927131276715,0.029122777999813512,0.859375
0170.jpg,P3,leaves and stems,0.5904761904761905,0.0,1.0,0.9523809523809523,1.0,0.0,1.0,1.0,1,0.0,0.0,0.0,1.0,1.0,0.0,0.0,0,1.0,1.0,0.0,0.0,0.0,
0170.jpg,P4,crop seedling,0.5904761904761905,0.0,1.0,0.9523809523809523,1.0,0.0,1.0,1.0,1,0.0,0.0,0.0,1.0,1.0,0.0,0.0,0,1.0,1.0,0.0,0.0,0.0,
0170.jpg,P5,plant body without background,0.5904761904761905,0.0,1.0,0.9523809523809523,1.0,0.0,1.0,1.0,1,0.0,0.0,0.0,1.0,1.0,0.0,0.0,0,1.0,1.0,0.0,0.0,0.0,
0171.jpg,P1,green plant,1.2112322674849683,0.8303445850914204,1.0,0.76370464053255,0.7247864294627057,0.18466615676879883,0.13658259948112692,0.13001690493582385,1,0.5105319051138731,0.8803561252788165,0.7267424009824992,0.024528499760290392,0.0,0.7895217901752465,0.3379861111111111,1,6.188134703559619,0.7247864294627057,0.04616653919219971,0.14643153722347785,0.030765230121224573,0.972656
0171.jpg,P2,entire plant excluding pot,1.2121865805034586,0.8325086195108611,1.0,0.7638802618756041,0.7254921118643487,0.18452239036560059,0.13577994859605388,0.1300757642376137,1,0.5109059037801756,0.8813180759900359,0.7273564630027632,0.024877939086605072,0.0,0.789837955691472,0.3388409047067901,1,6.182113870690575,0.7254921118643487,0.046130597591400146,0.14729715401130483,0.03075130885022569,0.898438
0171.jpg,P3,leaves and stems,0.5904761904761905,0.0,1.0,0.9523809523809523,1.0,0.0,1.0,1.0,1,0.0,0.0,0.0,1.0,1.0,0.0,0.0,0,1.0,1.0,0.0,0.0,0.0,
0171.jpg,P4,crop seedling,0.5904761904761905,0.0,1.0,0.9523809523809523,1.0,0.0,1.0,1.0,1,0.0,0.0,0.0,1.0,1.0,0.0,0.0,0,1.0,1.0,0.0,0.0,0.0,
0171.jpg,P5,plant body without background,0.5904761904761905,0.0,1.0,0.9523809523809523,1.0,0.0,1.0,1.0,1,0.0,0.0,0.0,1.0,1.0,0.0,0.0,0,1.0,1.0,0.0,0.0,0.0,
0172.jpg,P1,green plant,1.2995913874333482,0.7404083523792779,1.0,0.763472325101249,0.8425589729644234,0.21948595345020294,0.253399896972819,0.1221910502283105,1,0.5864062666543175,0.9771963909566201,0.9778067885117493,0.027451285209478083,0.0,0.7661769345022895,0.3024612991898148,1,6.196103437472566,0.8425589729644234,0.054871488362550735,0.07892663035354472,0.03273562173764866,0.960938
0172.jpg,P2,entire plant excluding pot,1.3002819187516015,0.7419588876191592,1.0,0.7635445962909924,0.8423268632882177,0.21929685771465302,0.25143807356655246,0.12219743094291928,1,0.586856477768997,0.9781626778167547,0.9786771105308965,0.02767944339579484,0.0,0.7664149365630997,0.3030737606095679,1,6.193623918173674,0.8423268632882177,0.054824214428663254,0.07954244842997596,0.03273391240007718,0.953125
0172.jpg,P3,leaves and stems,1.1320751773371278,0.7418319146546335,1.0,0.7639343659880476,0.0,0.2201286256313324,0.2528049044211204,0.12234224104361371,1,0.5868961960823251,0.978083548814035,0.9786771105308965,0.027480714363298464,0.0,0.7664928841084113,0.30302360628858027,1,6.180259575222352,0.0,0.0550321564078331,0.0791123892386366,0.03269516698303771,0.640625
0172.jpg,P4,crop seedling,1.1310960886805028,0.7405432611540865,1.0,0.7631387982911095,0.0,0.21903753280639648,0.2527157727229236,0.12207582373475072,1,0.5865521702301845,0.9772804655220099,0.9786771105308965,0.027557242872862295,0.0,0.7660930026377838,0.3025145881558642,1,6.207552341442786,0.0,0.05475938320159912,0.0791402918167989,0.032766520655976045,0.527344
0172.jpg,P5,plant body without background,1.131137763008392,0.7406485632520705,1.0,0.7631328422143061,0.0,0.2192540466785431,0.25300661370327054,0.12218326111300452,1,0.5865306725794082,0.9773460893343615,0.9782419495213229,0.027488103312104856,0.0,0.7662242139217499,0.3025561824845679,1,6.207756885377917,0.0,0.05481351166963577,0.07904931696155683,0.03273770861542557,0.353516
0173.jpg,P1,green plant,1.3059287042201917,0.7071689057860603,1.0,0.7626384547395598,0.8992875013639392,0.23078231513500214,0.3409192675408066,0.12015987382335269,1,0.5859532688152794,0.9734838485393388,0.9824945295404814,0.021221893356746072,0.0,0.7475147451624812,0.2893317177854938,1,6.224746307645842,0.8992875013639392,0.057695578783750534,0.05866491543369893,0.03328898302506883,0.957031
0173.jpg,P2,entire plant excluding pot,1.3067437509619348,0.7088519080129707,1.0,0.7626210509000516,0.8992947474009593,0.23064899444580078,0.3371524886814404,0.12017421498338787,1,0.5864604108099786,0.9745717533814031,0.9833698030634573,0.02141603685455778,0.0,0.747785436314325,0.2899965036651235,1,6.225344784799525,0.8992947474009593,0.057662248611450195,0.059320339227562593,0.03328501043716354,0.953125
0173.jpg,P3,leaves and stems,1.3066049332967524,0.7081483679090482,1.0,0.7626843258426895,0.8996971808101427,0.2309119701385498,0.33876437044921087,0.12017763774802147,1,0.5863165643566663,0.9741169799572178,0.9833698030634573,0.021335457307862283,0.0,0.7476969401257659,0.28971860532407406,1,6.223169039041164,0.8996971808101427,0.05772799253463745,0.05903808589279755,0.03328406245084355,0.734375
0173.jpg,P4,crop seedling,1.3058716366684286,0.707482370292233,1.0,0.7621894657250721,0.8989763782268335,0.23033468425273895,0.33985334918747523,0.12001749628204007,1,0.5860750569690532,0.9736864742689,0.9829321663019693,0.02129986754746216,0.0,0.7474696130482223,0.2894555362654321,1,6.240194727663898,0.8989763782268335,0.05758367106318474,0.0588489124730305,0.03332847396349641,0.455078
0173.jpg,P5,plant body without background,1.3058949388322878,0.7073761525238318,1.0,0.7623075788720143,0.8990993458015497,0.23038087785243988,0.3401025757275226,0.12007963583612624,1,0.5860621478223207,0.9736178143332745,0.9829321663019693,0.021280460168497387,0.0,0.7475226092186947,0.2894135802469136,1,6.236129030218982,0.8990993458015497,0.05759521946310997,0.05880578809853898,0.033311226938253176,0.578125
0174.jpg,P1,green plant,1.3081700871827957,0.6999525072276918,1.0,0.7635711941780897,0.9147787250505653,0.23670758306980133,0.5046275059463132,0.12128833024947361,1,0.5851680852775659,0.9688803574571667,0.9791937581274383,0.014022868541657022,0.0,0.7401194426711577,0.28648124035493827,1,6.1927115015490575,0.9147787250505653,0.05917689576745033,0.039633194315269404,0.03297926512610524,0.968750
0174.jpg,P2,entire plant excluding pot,1.3090390643946952,0.7015485207649632,1.0,0.7637884553251602,0.9149859879542414,0.23652666807174683,0.4954580255903464,0.12133228037549834,1,0.5856691379714729,0.9699121669459465,0.9800606848721283,0.014167183515374658,0.0,0.7403911131802086,0.2871116657021605,1,6.1852609326041685,0.9149859879542414,0.05913166701793671,0.04036668893630226,0.03296731906480968,0.968750
0174.jpg,P3,leaves and stems,1.3088347326940315,0.7008507799070167,1.0,0.7634372118429174,0.9149273979964073,0.2369377762079239,0.49953450773720787,0.12131315809601509,1,0.5856040995031784,0.9694610832795953,0.9804941482444733,0.014086644168274745,0.0,0.7402976692179735,0.2868360580632716,1,6.197308291693726,0.9149273979964073,0.05923444405198097,0.040037274082617494,0.032972515618084404,0.714844
0174.jpg,P4,crop seedling,1.308074333094364,0.7002253770120331,1.0,0.7630005144081446,0.9145019411706488,0.23620185256004333,0.5012037320120184,0.12119786368908773,1,0.5852883960641901,0.9690567655051624,0.9796272214997833,0.014077331722396011,0.0,0.740088277841411,0.2865890239197531,1,6.212302118189126,0.9145019411706488,0.059050463140010834,0.03990393271756488,0.03300388206727234,0.601562
0174.jpg,P5,plant body without background,1.3081260237294674,0.7002168307548053,1.0,0.7630372109719726,0.9145522736462375,0.23635560274124146,0.5015203493892019,0.12122424937846625,1,0.585293640106616,0.9690512404208851,0.9796272214997833,0.014072028593352449,0.0,0.7401441466735095,0.28658564814814813,1,6.211041496290312,0.9145522736462375,0.059088900685310364,0.03987874076168168,0.032996698437058276,0.609375
0175.jpg,P1,green plant,1.3093657298522454,0.6925197052273792,1.0,0.7645792294156512,0.9318827409690738,0.2342355102300644,0.777479958346419,0.12128659283421218,1,0.5847222926838116,0.9675146386689863,0.9767040552200172,0.010330218322860673,0.0,0.7338450470692159,0.2835452835648148,1,6.158178551731649,0.9318827409690738,0.0585588775575161,0.025724135761051568,0.032979737549950296,0.957031
0175.jpg,P2,entire plant excluding pot,1.310246753274636,0.6941413575363338,1.0,0.7646108600291427,0.931776302915661,0.23419925570487976,0.7618212081057497,0.12128849839844605,1,0.5853011980374325,0.9685707935892013,0.9779982743744607,0.010499963727398033,0.0,0.7341172001202858,0.28418583622685184,1,6.157096433652158,0.931776302915661,0.05854981392621994,0.02625287900520586,0.032979219405120844,0.949219
0175.jpg,P3,leaves and stems,1.3100185298694784,0.6935174807587123,1.0,0.7645518264649052,0.9319493703119243,0.23487158119678497,0.772394149093175,0.12126287876837524,1,0.5850404781230133,0.9681644731192371,0.9771354616048318,0.010370229463035013,0.0,0.7340959828132121,0.2839394048996914,1,6.1591161092047315,0.9319493703119243,0.05871789529919624,0.025893515666167186,0.03298618703948483,0.554688
0175.jpg,P4,crop seedling,1.3093616603655072,0.6928053943975621,1.0,0.764253117957925,0.9316423128129314,0.23393066227436066,0.7714139576058624,0.12113807617552036,1,0.5848353628769513,0.9677007032286177,0.9771354616048318,0.010403464166129004,0.0,0.7337677290790408,0.28365813078703705,1,6.169340405754252,0.9316423128129314,0.058482665568590164,0.02592641707193296,0.033020171083155456,0.431641
0175.jpg,P5,plant body without background,0.3904761904761905,0.0,1.0,0.9523809523809523,0.0,0.0,1.0,1.0,1,0.0,0.0,0.0,1.0,1.0,0.0,0.0,0,1.0,0.0,0.0,0.0,0.0,
0176.jpg,P1,green plant,1.3083722725313989,0.688919594370214,1.0,0.764298230076811,0.931236442516269,0.23464186489582062,1.0,0.12148652121432373,1,0.5845530461595759,0.9667556411568785,0.9756201881950385,0.007413111639401498,0.0,0.7280087137138207,0.28212323977623455,1,6.167795780437732,0.931236442516269,0.058660466223955154,0.014370248751839176,0.03292546333550281,0.953125
0176.jpg,P2,entire plant excluding pot,1.3093213627055467,0.6907741321886232,1.0,0.7640359580232806,0.9314309508928095,0.2347245067358017,1.0,0.1213201297945781,1,0.5851282531374437,0.9679675878072901,0.976475620188195,0.007535423394976981,0.0,0.7283461278951007,0.2828557822145062,1,6.17677844867949,0.9314309508928095,0.058681126683950424,0.014922942953874037,0.03297062084233579,0.960938
0176.jpg,P3,leaves and stems,1.3091317776057259,0.6899274422761368,1.0,0.7644443045906714,0.9316846386230692,0.23484128713607788,1.0,0.12153963849485232,1,0.5849522430805348,0.9674142731252227,0.976475620188195,0.007446193368880809,0.0,0.7282549386349617,0.28252133969907406,1,6.16279548411206,0.9316846386230692,0.05871032178401947,0.01469096526546454,0.03291107370020206,0.601562
0176.jpg,P4,crop seedling,1.3084255996816352,0.6891854440146897,1.0,0.7640645606340096,0.9311686404105178,0.23434416949748993,1.0,0.12137420768143933,1,0.5846730367702937,0.9669293747863236,0.9760479041916168,0.007461188236731465,0.0,0.7279748931160885,0.28222825038580246,1,6.175798525983577,0.9311686404105178,0.05858604237437248,0.014534493791741175,0.03295593088853328,0.609375
0176.jpg,P5,plant body without background,1.1223396161439967,0.6892467939326457,1.0,0.7643585732753818,0.0,0.23457059264183044,1.0,0.12141138337871125,1,0.5847044241740251,0.9669694671623494,0.9760479041916168,0.007428938774899994,0.0,0.7280516954518186,0.28225248360339505,1,6.165729932611658,0.0,0.05864264816045761,0.014492666955702732,0.03294583990961572,0.531250
0177.jpg,P1,green plant,1.3155093551228019,0.6914785879629629,1.0,0.7641436319525872,0.9796657031120029,0.22537755966186523,1.0,0.12066575036288199,1,0.5833762585849184,0.963873436933967,0.9753820033955858,0.006731314194565128,0.0,0.7247118930519403,0.28313404224537037,1,6.173089931921257,0.9796657031120029,0.05634438991546631,0.0187572362266317,0.03314942299675485,0.960938
0177.jpg,P2,entire plant excluding pot,1.3163755295682271,0.6930556776449444,1.0,0.7642845079463012,0.9799010915819154,0.22550594806671143,1.0,0.12074511664892458,1,0.5838260845202526,0.9648940494753139,0.9758064516129032,0.006784092753465551,0.0,0.7250323373960996,0.28375699266975307,1,6.168265602742275,0.9799010915819154,0.056376487016677856,0.019207645838662062,0.033127633738019385,0.945312
0177.jpg,P3,leaves and stems,1.3164654797164337,0.692626228219253,1.0,0.7649739484878616,0.9799839763862535,0.22606885433197021,1.0,0.12081549109493175,1,0.5837348782313659,0.9646161315644033,0.9758064516129032,0.006750738780547635,0.0,0.7249929252766656,0.28358736014660496,1,6.144681187554653,0.9799839763862535,0.056517213582992554,0.019052906932994697,0.033108337049732865,0.523438
0177.jpg,P4,crop seedling,1.3153723900749346,0.6915909102008126,1.0,0.7636627512272609,0.9796288197809694,0.2250279188156128,1.0,0.12059635971555464,1,0.5833903100700035,0.9639461261956692,0.9753820033955858,0.006745586566728897,0.0,0.7246408126033259,0.283178409529321,1,6.1895712051668905,0.9796288197809694,0.0562569797039032,0.01886967572734104,0.03316849703784281,0.439453
0177.jpg,P5,plant body without background,1.3156123582208135,0.6916516496718237,1.0,0.7640130129153809,0.9796622918131681,0.2252795398235321,1.0,0.1206716325901572,1,0.5834910593760325,0.9639854337040354,0.9758064516129032,0.006747143670865059,0.0,0.7247513939055708,0.28320240162037036,1,6.177564598909679,0.9796622918131681,0.056319884955883026,0.018859562859675248,0.03314780710380699,0.416016
0178.jpg,P1,green plant,1.2818463257021535,0.7143596655727457,1.0,0.7654549879342626,0.8201954762688545,0.18473964929580688,0.32976030589403926,0.1229539694821091,1,0.5848963698878195,0.9640271501010431,0.9764453961456103,0.008017274960055987,0.0,0.7413187853426124,0.29217206790123457,1,6.128250929521153,0.8201954762688545,0.04618491232395172,0.060650113559836794,0.03253249990096526,0.984375
0178.jpg,P2,entire plant excluding pot,1.2829968760896895,0.7161055438349742,1.0,0.7654033400404361,0.8203501239840068,0.18510812520980835,0.32545681096507095,0.12296655150157561,1,0.5856034494758445,0.9651224063776084,0.9781584582441113,0.008065498832495167,0.0,0.7416173440948999,0.2928616898148148,1,6.130014011884773,0.8203501239840068,0.04627703130245209,0.061452086194461186,0.03252917115390316,0.960938
0178.jpg,P3,leaves and stems,0.3904761904761905,0.0,1.0,0.9523809523809523,0.0,0.0,1.0,1.0,1,0.0,0.0,0.0,1.0,1.0,0.0,0.0,0,1.0,0.0,0.0,0.0,0.0,
0178.jpg,P4,crop seedling,0.3904761904761905,0.0,1.0,0.9523809523809523,0.0,0.0,1.0,1.0,1,0.0,0.0,0.0,1.0,1.0,0.0,0.0,0,1.0,0.0,0.0,0.0,0.0,
0178.jpg,P5,plant body without background,0.3904761904761905,0.0,1.0,0.9523809523809523,0.0,0.0,1.0,1.0,1,0.0,0.0,0.0,1.0,1.0,0.0,0.0,0,1.0,0.0,0.0,0.0,0.0,
0179.jpg,P1,green plant,1.188739707946446,0.8979790543444287,1.0,0.7620432511478366,0.38156352942936567,0.2574314773082733,0.03936510539175019,0.1356615839985649,1,0.528936245500465,0.8684230910698583,0.824300389656394,0.02698065641382329,0.0,0.8470829041201077,0.36470172646604937,1,6.245229479920942,0.38156352942936567,0.06435786932706833,0.5080641802166096,0.029485134126417942,0.976562
0179.jpg,P2,entire plant excluding pot,1.1899126061324088,0.9003213392717612,1.0,0.7624397621195432,0.38198959794843507,0.2568627893924713,0.039324445320437225,0.1356513726586525,1,0.5295899083859668,0.8693577342514938,0.8260715550832448,0.027023836531410092,0.0,0.8472897244238299,0.36562692901234567,1,6.231580504669681,0.38198959794843507,0.06421569734811783,0.5085895004247102,0.02948735365963037,0.949219
0179.jpg,P3,leaves and stems,0.5904761904761905,0.0,1.0,0.9523809523809523,1.0,0.0,1.0,1.0,1,0.0,0.0,0.0,1.0,1.0,0.0,0.0,0,1.0,1.0,0.0,0.0,0.0,
0179.jpg,P4,crop seedling,0.5904761904761905,0.0,1.0,0.9523809523809523,1.0,0.0,1.0,1.0,1,0.0,0.0,0.0,1.0,1.0,0.0,0.0,0,1.0,1.0,0.0,0.0,0.0,
0179.jpg,P5,plant body without background,0.5904761904761905,0.0,1.0,0.9523809523809523,1.0,0.0,1.0,1.0,1,0.0,0.0,0.0,1.0,1.0,0.0,0.0,0,1.0,1.0,0.0,0.0,0.0,
0180.jpg,P1,green plant,1.31614882234158,0.9967795871425222,1.0,0.76353849928056,0.7765042223737191,0.28097349405288696,0.03471923517975316,0.12920203975998312,1,0.5525896617716424,0.8997374848605989,0.8883977900552487,0.03387755235277761,0.0,0.8793320556632129,0.4062720630787037,1,6.1938330795957155,0.7765042223737191,0.07024337351322174,0.5760495557132314,0.030959263549017846,0.976562
0180.jpg,P2,entire plant excluding pot,1.3163295297304134,0.9946152474996093,1.0,0.763474365831273,0.7770658519104858,0.2810382544994354,0.03470374566765068,0.1289436876521407,1,0.5530907857822528,0.9005786483732483,0.8895027624309392,0.03390413737675732,0.0,0.8794900282707396,0.40712697723765434,1,6.196033416556095,0.7770658519104858,0.07025956362485886,0.5763066670536123,0.031021293657980724,0.914062
0180.jpg,P3,leaves and stems,0.5904761904761905,0.0,1.0,0.9523809523809523,1.0,0.0,1.0,1.0,1,0.0,0.0,0.0,1.0,1.0,0.0,0.0,0,1.0,1.0,0.0,0.0,0.0,
0180.jpg,P4,crop seedling,0.5904761904761905,0.0,1.0,0.9523809523809523,1.0,0.0,1.0,1.0,1,0.0,0.0,0.0,1.0,1.0,0.0,0.0,0,1.0,1.0,0.0,0.0,0.0,
0180.jpg,P5,plant body without background,0.5904761904761905,0.0,1.0,0.9523809523809523,1.0,0.0,1.0,1.0,1,0.0,0.0,0.0,1.0,1.0,0.0,0.0,0,1.0,1.0,0.0,0.0,0.0,
0181.jpg,P1,green plant,1.333742596958209,0.9410488333137991,1.0,0.7644982051642196,0.8409445891357995,0.28280726075172424,0.031879089351689406,0.12498013967315778,1,0.5678828192851006,0.9256877754636897,0.9312048650703155,0.04297409084012293,0.0,0.8916744941218931,0.4282857108410494,1,6.160950888961025,0.8409445891357995,0.07070181518793106,0.6273704929071356,0.0320050850515979,0.968750
0181.jpg,P2,entire plant excluding pot,1.3341072473432853,0.9392049783169245,1.0,0.7648836620158002,0.8411099188564832,0.28265780210494995,0.031870009135364606,0.12468163980378415,1,0.5685359750844536,0.9264116802596039,0.9334853667806917,0.04299836949832144,0.0,0.8916403182256428,0.4290140335648148,1,6.147767292206671,0.8411099188564832,0.07066445052623749,0.6275492396331624,0.03208170831162423,0.933594
0181.jpg,P3,leaves and stems,1.165978006187021,0.9399591855172684,1.0,0.7651936161605354,0.0,0.28219011425971985,0.03187052793802177,0.1244871038605274,1,0.5685094229995162,0.926115575516895,0.9338654503990877,0.04296863026207113,0.0,0.8916377957538849,0.428716121720679,1,6.137175712929703,0.0,0.07054752856492996,0.6275390241069668,0.032131842383300295,0.398438
0181.jpg,P4,crop seedling,0.5904761904761905,0.0,1.0,0.9523809523809523,1.0,0.0,1.0,1.0,1,0.0,0.0,0.0,1.0,1.0,0.0,0.0,0,1.0,1.0,0.0,0.0,0.0,
0181.jpg,P5,plant body without background,0.5904761904761905,0.0,1.0,0.9523809523809523,1.0,0.0,1.0,1.0,1,0.0,0.0,0.0,1.0,1.0,0.0,0.0,0,1.0,1.0,0.0,0.0,0.0,
0182.jpg,P1,green plant,1.3438222357154506,0.9077367435341461,1.0,0.766381719449816,0.8764011129570224,0.2746013104915619,0.02991694940527865,0.1284110612330785,1,0.5787980584289414,0.9468437796247282,0.9638273045507585,0.051988890931153324,0.0,0.8951048802049603,0.4414439863040123,1,6.096655873208931,0.8764011129570224,0.06865032762289047,0.6685173588076841,0.031149964509206988,0.964844
0182.jpg,P2,entire plant excluding pot,1.344027898915424,0.906057709212377,1.0,0.7667309211638326,0.8766297466505117,0.2747443914413452,0.0299154791006464,0.12845306944566073,1,0.5791953452218108,0.9475151107470581,0.9646052119797744,0.0519567146457581,0.0,0.8952313269770849,0.4421072048611111,1,6.084770351561788,0.8766297466505117,0.0686860978603363,0.6685502155159484,0.03113977748653264,0.957031
0182.jpg,P3,leaves and stems,1.344115605929185,0.9066931844819504,1.0,0.7670487548305385,0.8769852822674977,0.27443045377731323,0.02991778782221402,0.127839404218953,1,0.579084070857725,0.9472610275991413,0.9646052119797744,0.05200724051633154,0.0,0.8951594519656557,0.4418561921296296,1,6.073961888405035,0.8769852822674977,0.06860761344432831,0.66849862425824,0.03128925720859214,0.640625
0182.jpg,P4,crop seedling,0.5904761904761905,0.0,1.0,0.9523809523809523,1.0,0.0,1.0,1.0,1,0.0,0.0,0.0,1.0,1.0,0.0,0.0,0,1.0,1.0,0.0,0.0,0.0,
0182.jpg,P5,plant body without background,0.5904761904761905,0.0,1.0,0.9523809523809523,1.0,0.0,1.0,1.0,1,0.0,0.0,0.0,1.0,1.0,0.0,0.0,0,1.0,1.0,0.0,0.0,0.0,
0183.jpg,P1,green plant,1.3457142380622258,0.8610222910806377,1.0,0.77116769206736,0.8959235775075147,0.25994983315467834,0.02861215882279919,0.12977131776352718,1,0.5881015593001876,0.9706427186746762,0.9937007874015747,0.06632555288770955,0.0,0.8940813189808033,0.45989619502314816,1,5.934696442460715,0.8959235775075147,0.06498745828866959,0.699003529368895,0.030823452122825078,0.968750
0183.jpg,P2,entire plant excluding pot,1.3458178414835402,0.8597159346186906,1.0,0.7710840253753269,0.8962472534793483,0.26017627120018005,0.02861539337667656,0.1297569039185206,1,0.588373144548831,0.9711707872466011,0.9940944881889764,0.06628447411951735,0.0,0.8941170337436027,0.46041220582561726,1,5.937510494092984,0.8962472534793483,0.06504406780004501,0.6989245171901541,0.030826876098336592,0.960938
0183.jpg,P3,leaves and stems,1.34584824935868,0.8596899906235349,1.0,0.7713142470796486,0.8963903799211985,0.2599920332431793,0.028613028651404845,0.12961995757318626,1,0.5883709191851678,0.9711812745897351,0.9940944881889764,0.06629609146860062,0.0,0.8940929264532487,0.4604224537037037,1,5.929768671749596,0.8963903799211985,0.06499800831079483,0.6989822798439772,0.03085944537315184,0.601562
0183.jpg,P4,crop seedling,0.5904761904761905,0.0,1.0,0.9523809523809523,1.0,0.0,1.0,1.0,1,0.0,0.0,0.0,1.0,1.0,0.0,0.0,0,1.0,1.0,0.0,0.0,0.0,
0183.jpg,P5,plant body without background,0.5904761904761905,0.0,1.0,0.9523809523809523,1.0,0.0,1.0,1.0,1,0.0,0.0,0.0,1.0,1.0,0.0,0.0,0,1.0,1.0,0.0,0.0,0.0,
0184.jpg,P1,green plant,1.351456519392563,0.8397689702492578,1.0,0.7778533038376209,0.9427100786899277,0.27250194549560547,0.028344960702896382,0.12617987200727673,1,0.5848896597380806,0.9784531956087987,0.9925577751664708,0.07794510831716739,0.0,0.8715417424018657,0.4682912567515432,1,5.71178897271234,0.9427100786899277,0.06812548637390137,0.7055927933587268,0.031700777123702596,0.972656
0184.jpg,P2,entire plant excluding pot,1.3516650999707962,0.8383789825558683,1.0,0.7776017454180665,0.9430976047306393,0.2730502486228943,0.02835783051875792,0.12607388555681634,1,0.5852393837053024,0.9790141550489921,0.9929494712103408,0.07786874390710226,0.0,0.8721414779242453,0.4688403018904321,1,5.72010687713578,0.9430976047306393,0.06826256215572357,0.705272569661863,0.031727426995159624,0.957031
0184.jpg,P3,leaves and stems,1.3516391326531982,0.8388673401117364,1.0,0.7777348594785856,0.9431046194795678,0.27284160256385803,0.028346565963766356,0.1261539135585107,1,0.5851294483264486,0.9788170678499781,0.9929494712103408,0.0778992521254009,0.0,0.8718234539871513,0.4686474006558642,1,5.715704724111938,0.9431046194795678,0.06821040064096451,0.7055528357672937,0.03170730013179325,0.511719
0184.jpg,P4,crop seedling,0.5904761904761905,0.0,1.0,0.9523809523809523,1.0,0.0,1.0,1.0,1,0.0,0.0,0.0,1.0,1.0,0.0,0.0,0,1.0,1.0,0.0,0.0,0.0,
0184.jpg,P5,plant body without background,0.5904761904761905,0.0,1.0,0.9523809523809523,1.0,0.0,1.0,1.0,1,0.0,0.0,0.0,1.0,1.0,0.0,0.0,0,1.0,1.0,0.0,0.0,0.0,
0185.jpg,P1,green plant,1.361748354268781,0.8259631021448666,1.0,0.77990919843833,0.9698438469024006,0.31948500871658325,0.02866076713377887,0.12192776355596928,1,0.5827081230283447,0.9810972232357074,0.9938319198149576,0.09139627737072098,0.0,0.8785323254037115,0.47374457465277775,1,5.644010918254948,0.9698438469024006,0.07987125217914581,0.6978180279211192,0.03280630992763067,0.972656
0185.jpg,P2,entire plant excluding pot,1.3621395461833785,0.8246347695929052,1.0,0.7802803617542755,0.9702820320493026,0.3198164701461792,0.028677648475676214,0.12187655200724981,1,0.583136819474846,0.9816300579506727,0.9946029298380878,0.09131626357250877,0.0,0.8793265089300738,0.4742692660108025,1,5.63181258981674,0.9702820320493026,0.0799541175365448,0.6974072513987186,0.03282009487569078,0.976562
0185.jpg,P3,leaves and stems,1.361927474685801,0.8248731491248633,1.0,0.7806779939480774,0.9702783305959073,0.319277822971344,0.028668119875516297,0.12186934595511624,1,0.5829060153577627,0.9815344366472747,0.9938319198149576,0.09140050414467539,0.0,0.8789936820792682,0.47417510609567903,1,5.6187572277465705,0.9702783305959073,0.079819455742836,0.6976390529565487,0.03282203550573888,0.503906
0185.jpg,P4,crop seedling,0.5904761904761905,0.0,1.0,0.9523809523809523,1.0,0.0,1.0,1.0,1,0.0,0.0,0.0,1.0,1.0,0.0,0.0,0,1.0,1.0,0.0,0.0,0.0,
0185.jpg,P5,plant body without background,0.5904761904761905,0.0,1.0,0.9523809523809523,1.0,0.0,1.0,1.0,1,0.0,0.0,0.0,1.0,1.0,0.0,0.0,0,1.0,1.0,0.0,0.0,0.0,
0186.jpg,P1,green plant,1.3624777546215028,0.825587066826848,1.0,0.7797367192357323,0.9919118114769865,0.3162161409854889,0.028716933574914522,0.12046704568092312,1,0.5797874069164917,0.9814579139145692,0.9942352036894696,0.1019421934082809,0.0,0.8789745840477222,0.47389310860339506,1,5.649683420838796,0.9919118114769865,0.07905403524637222,0.6964531901648044,0.033204101398773084,0.972656
0186.jpg,P2,entire plant excluding pot,1.3626741027993372,0.8243786870995469,1.0,0.7797618456114508,0.9918625836050236,0.3167586922645569,0.028731950877103306,0.1203983476132191,1,0.5801217410832216,0.9819428432562363,0.994619523443505,0.10188485896216609,0.0,0.8797568941235784,0.474370418595679,1,5.648856907479211,0.9918625836050236,0.07918967306613922,0.6960891756200983,0.03322304731996854,0.968750
0186.jpg,P3,leaves and stems,0.3904761904761905,0.0,1.0,0.9523809523809523,0.0,0.0,1.0,1.0,1,0.0,0.0,0.0,1.0,1.0,0.0,0.0,0,1.0,0.0,0.0,0.0,0.0,
0186.jpg,P4,crop seedling,1.1643512550240942,0.8245657890881388,1.0,0.780116491936383,0.0,0.31671613454818726,0.028731481856793393,0.12041735856564559,1,0.5800715719095524,0.9818677582129318,0.994619523443505,0.1018979386147196,0.0,0.8795572389961128,0.4742965133101852,1,5.637196760648617,0.0,0.07917903363704681,0.6961005387639314,0.0332178022142829,0.349609
0186.jpg,P5,plant body without background,0.5904761904761905,0.0,1.0,0.9523809523809523,1.0,0.0,1.0,1.0,1,0.0,0.0,0.0,1.0,1.0,0.0,0.0,0,1.0,1.0,0.0,0.0,0.0,
0187.jpg,P1,green plant,1.3521151812961896,0.8369325285200813,1.0,0.7783973261509481,0.9885591375549264,0.2829284071922302,0.028561175460860764,0.12202040208721814,1,0.5747517014125524,0.9795497010118179,0.994579945799458,0.11428698380475297,0.0,0.8717101095593959,0.4694116512345679,1,5.693818989457278,0.9885591375549264,0.07073210179805756,0.7002512913870544,0.032781403204530234,0.960938
0187.jpg,P2,entire plant excluding pot,1.3523994136818642,0.8356685981208002,1.0,0.7787192943792385,0.9886915776794184,0.28347069025039673,0.0285731492396385,0.12184755101562318,1,0.5750893815958935,0.9800597360528633,0.9949670925280681,0.11418659908369935,0.0,0.8723037704744894,0.46991090374228395,1,5.683195657741008,0.9886915776794184,0.07086767256259918,0.6999578461675033,0.032827906401558485,0.972656
0187.jpg,P3,leaves and stems,1.1546244342890783,0.8361087303680264,1.0,0.7790869624708506,0.0,0.2830348014831543,0.028565122383870867,0.12169404599226956,1,0.5749783354246721,0.9798821290668243,0.9949670925280681,0.11427223590654145,0.0,0.8720718436819387,0.46973705150462963,1,5.671075198807856,0.0,0.07075870037078857,0.7001545357037534,0.03286931556416568,0.597656
0187.jpg,P4,crop seedling,0.3904761904761905,0.0,1.0,0.9523809523809523,0.0,0.0,1.0,1.0,1,0.0,0.0,0.0,1.0,1.0,0.0,0.0,0,1.0,0.0,0.0,0.0,0.0,
0187.jpg,P5,plant body without background,0.5904761904761905,0.0,1.0,0.9523809523809523,1.0,0.0,1.0,1.0,1,0.0,0.0,0.0,1.0,1.0,0.0,0.0,0,1.0,1.0,0.0,0.0,0.0,
0188.jpg,P1,green plant,1.3458681199215223,0.829202438857634,1.0,0.7766182338684832,0.9800868548301657,0.2783395051956177,0.02868265769623192,0.12392976242242162,1,0.5730187133711421,0.982279717298554,0.9945945945945946,0.12603660189026578,0.0,0.8800476585670092,0.47246503665123457,1,5.752678893947927,0.9800868548301657,0.06958487629890442,0.6972854542216089,0.03227634687433494,0.960938
0188.jpg,P2,entire plant excluding pot,1.3461286023220551,0.8278316802430068,1.0,0.7769765460968558,0.9802881051057986,0.27860069274902344,0.028697044792582508,0.12389058182679404,1,0.5733891974831181,0.98283241467342,0.994980694980695,0.12590277839729513,0.0,0.8807216077008467,0.4730064863040123,1,5.740802731395258,0.9802881051057986,0.06965017318725586,0.696935874218293,0.03228655432091056,0.968750
0188.jpg,P3,leaves and stems,1.3461072713181017,0.8282217558407565,1.0,0.7776652810669263,0.980310908914524,0.278262197971344,0.028691149075536135,0.12397844142912462,1,0.5732152425593915,0.9826751340577267,0.9945945945945946,0.12601290098206872,0.0,0.8805578890678084,0.4728524064429012,1,5.718005531326771,0.980310908914524,0.069565549492836,0.6970790869109265,0.03226367386048082,0.660156
0188.jpg,P4,crop seedling,1.1500423975321517,0.8282553304227225,1.0,0.7769306463639939,0.0,0.2785519063472748,0.02869621175647654,0.12388293730702107,1,0.5732948209053534,0.9826615966025418,0.994980694980695,0.12595167108329933,0.0,0.8805223832292852,0.47283914448302466,1,5.742323453964965,0.0,0.0696379765868187,0.696956105904332,0.03228854664695862,0.392578
0188.jpg,P5,plant body without background,0.5904761904761905,0.0,1.0,0.9523809523809523,1.0,0.0,1.0,1.0,1,0.0,0.0,0.0,1.0,1.0,0.0,0.0,0,1.0,1.0,0.0,0.0,0.0,
0189.jpg,P1,green plant,1.338936905565758,0.7995881314463198,1.0,0.7752679311948975,0.9571458804655719,0.29823803901672363,0.029075799942367368,0.126034554185105,1,0.5728889091410555,0.9836382568381075,0.9942528735632183,0.13603334197411798,0.0,0.9046000459857403,0.4841626880787037,1,5.797532949898486,0.9571458804655719,0.07455950975418091,0.6878572572257006,0.03173732811499664,0.960938
0189.jpg,P2,entire plant excluding pot,1.3391972604347138,0.7981624326066574,1.0,0.7755041294261327,0.9573866702411653,0.2985185384750366,0.02908640133635784,0.12606443521204047,1,0.5732829062849152,0.9842007978905976,0.9950191570881226,0.13589917697008588,0.0,0.9047893183836977,0.48472583912037037,1,5.789675697536069,0.9573866702411653,0.07462963461875916,0.6876065474280626,0.03172980542269513,0.968750
0189.jpg,P3,leaves and stems,1.339070885764034,0.7984780336771371,1.0,0.7752418473932257,0.9572963761872182,0.2985594570636749,0.029084970299795152,0.1261170342944997,1,0.573155742899783,0.9840762704985455,0.9946360153256705,0.13594981037329243,0.0,0.9047950857865918,0.4846011766975309,1,5.798400934173783,0.9572963761872182,0.07463986426591873,0.6876403789946749,0.03171657201087903,0.519531
0189.jpg,P4,crop seedling,0.3904761904761905,0.0,1.0,0.9523809523809523,0.0,0.0,1.0,1.0,1,0.0,0.0,0.0,1.0,1.0,0.0,0.0,0,1.0,0.0,0.0,0.0,0.0,
0189.jpg,P5,plant body without background,0.5904761904761905,0.0,1.0,0.9523809523809523,1.0,0.0,1.0,1.0,1,0.0,0.0,0.0,1.0,1.0,0.0,0.0,0,1.0,1.0,0.0,0.0,0.0,
0190.jpg,P1,green plant,1.3307028322654908,0.7747878086419754,1.0,0.7673900589328339,0.925064226696808,0.33086341619491577,0.029821844501898304,0.1262868283360689,1,0.5710817301721841,0.9794829892102951,0.9950682852807283,0.14225016182209235,0.0,0.9182544114467746,0.49395881558641974,1,6.062365243319512,0.925064226696808,0.08271585404872894,0.6706493288410414,0.031673928727985606,0.968750
0190.jpg,P2,entire plant excluding pot,1.3309923253333606,0.7730516975308642,1.0,0.7680959510156744,0.9254489373669531,0.3308844268321991,0.029824789050814992,0.12609776712307716,1,0.5714961227842225,0.9801486562840704,0.9958270106221547,0.1421660435119602,0.0,0.9184504422639799,0.49464457947530865,1,6.038413525749549,0.9254489373669531,0.08272110670804977,0.6705831168134777,0.03172141816036931,0.972656
0190.jpg,P3,leaves and stems,1.330766029920944,0.7731994256915145,1.0,0.7674451693519918,0.9253433214408477,0.33085936307907104,0.029830649471529493,0.12605189817019774,1,0.5713965740082589,0.9800920137271598,0.9954476479514416,0.14221377492019102,0.0,0.9184792504855083,0.49458622685185183,1,6.0604936987060745,0.9253433214408477,0.08271484076976776,0.6704513764974541,0.03173296124901762,0.380859
0190.jpg,P4,crop seedling,0.5904761904761905,0.0,1.0,0.9523809523809523,1.0,0.0,1.0,1.0,1,0.0,0.0,0.0,1.0,1.0,0.0,0.0,0,1.0,1.0,0.0,0.0,0.0,
0190.jpg,P5,plant body without background,0.5904761904761905,0.0,1.0,0.9523809523809523,1.0,0.0,1.0,1.0,1,0.0,0.0,0.0,1.0,1.0,0.0,0.0,0,1.0,1.0,0.0,0.0,0.0,
0191.jpg,P1,green plant,1.3214017936651232,0.805185929930458,1.0,0.7654647990263597,0.8207837616121599,0.3848380446434021,0.03295267590633277,0.11697743117789498,1,0.5661472866226472,0.9830680234869604,0.9462686567164179,0.1369531299444978,0.0,0.9283105917660519,0.4819515576774691,1,6.127916039299509,0.8207837616121599,0.09620951116085052,0.6069309835974943,0.03419463019252788,0.968750
0191.jpg,P2,entire plant excluding pot,1.3215188717775317,0.8029346015979061,1.0,0.7657767209135824,0.8213719279327852,0.3845179080963135,0.032949716997936154,0.11682917757568244,1,0.5665986400694141,0.983959358229318,0.9470149253731344,0.13696057929398545,0.0,0.9283835191018427,0.48284083236882713,1,6.11727342160482,0.8213719279327852,0.09612947702407837,0.6069854864384032,0.034238022410187585,0.957031
0191.jpg,P3,leaves and stems,0.3904761904761905,0.0,1.0,0.9523809523809523,0.0,0.0,1.0,1.0,1,0.0,0.0,0.0,1.0,1.0,0.0,0.0,0,1.0,0.0,0.0,0.0,0.0,
0191.jpg,P4,crop seedling,0.5904761904761905,0.0,1.0,0.9523809523809523,1.0,0.0,1.0,1.0,1,0.0,0.0,0.0,1.0,1.0,0.0,0.0,0,1.0,1.0,0.0,0.0,0.0,
0191.jpg,P5,plant body without background,0.5904761904761905,0.0,1.0,0.9523809523809523,1.0,0.0,1.0,1.0,1,0.0,0.0,0.0,1.0,1.0,0.0,0.0,0,1.0,1.0,0.0,0.0,0.0,
0192.jpg,P1,green plant,1.2964810813476728,0.7202046950695422,1.0,0.7677311314119408,0.7805509936294684,0.4543475806713104,0.03803701916341049,0.1295498394231352,1,0.5519142011912205,0.9409780899195066,0.9026485325697924,0.12348705144761761,0.0,0.9714124929111577,0.5155191454475309,1,6.050786768562881,0.7805509936294684,0.1135868951678276,0.5258035576888447,0.03087614788108857,0.980469
0192.jpg,P2,entire plant excluding pot,1.2965811226505015,0.7177445938818566,1.0,0.7679132401651022,0.7810094150822665,0.4542267620563507,0.038018908362863785,0.12943814725010763,1,0.5524023204133864,0.9418093219683492,0.9037222619899785,0.12351055630018987,0.0,0.9715221745632519,0.5164908854166667,1,6.044608887977992,0.7810094150822665,0.11355669051408768,0.5260540310393461,0.030902790908085048,0.968750
0192.jpg,P3,leaves and stems,0.5904761904761905,0.0,1.0,0.9523809523809523,1.0,0.0,1.0,1.0,1,0.0,0.0,0.0,1.0,1.0,0.0,0.0,0,1.0,1.0,0.0,0.0,0.0,
0192.jpg,P4,crop seedling,0.5904761904761905,0.0,1.0,0.9523809523809523,1.0,0.0,1.0,1.0,1,0.0,0.0,0.0,1.0,1.0,0.0,0.0,0,1.0,1.0,0.0,0.0,0.0,
0192.jpg,P5,plant body without background,0.5904761904761905,0.0,1.0,0.9523809523809523,1.0,0.0,1.0,1.0,1,0.0,0.0,0.0,1.0,1.0,0.0,0.0,0,1.0,1.0,0.0,0.0,0.0,
0193.jpg,P1,green plant,1.2930227113192525,0.6453834339349898,1.0,0.7782640148086293,0.7829610394664198,0.5042246580123901,0.04412329379432036,0.10644545946836814,1,0.5508560820747669,0.9324344436454569,0.9012605042016807,0.11821303774470489,0.0,0.9774104736596586,0.545073543595679,1,5.698220166221981,0.7829610394664198,0.12605616450309753,0.45327531741464056,0.03757792976776675,0.960938
0193.jpg,P2,entire plant excluding pot,1.2932280240326741,0.643083880293796,1.0,0.7789062444720414,0.7834629997018986,0.504167914390564,0.044128452748629816,0.10604360145182062,1,0.551303816261014,0.9331550628231858,0.9023109243697479,0.11821798033472655,0.0,0.9774897198676227,0.5459818672839506,1,5.677031275511741,0.7834629997018986,0.126041978597641,0.45322232605631063,0.037720333383974534,0.941406
0193.jpg,P3,leaves and stems,0.5904761904761905,0.0,1.0,0.9523809523809523,1.0,0.0,1.0,1.0,1,0.0,0.0,0.0,1.0,1.0,0.0,0.0,0,1.0,1.0,0.0,0.0,0.0,
0193.jpg,P4,crop seedling,0.5904761904761905,0.0,1.0,0.9523809523809523,1.0,0.0,1.0,1.0,1,0.0,0.0,0.0,1.0,1.0,0.0,0.0,0,1.0,1.0,0.0,0.0,0.0,
0193.jpg,P5,plant body without background,0.5904761904761905,0.0,1.0,0.9523809523809523,1.0,0.0,1.0,1.0,1,0.0,0.0,0.0,1.0,1.0,0.0,0.0,0,1.0,1.0,0.0,0.0,0.0,
0194.jpg,P1,green plant,1.3062885556468133,0.6875396790514142,1.0,0.7735836680142822,0.8289057068061214,0.4829547107219696,0.04867188298160594,0.09881673120388688,1,0.5516918027280557,0.9407285199068536,0.8935953913927482,0.11434899206971025,0.0,0.9589434793087535,0.5284218267746914,1,5.853699899505572,0.8289057068061214,0.1207386776804924,0.4109148603837331,0.04047897508112131,0.949219
0194.jpg,P2,entire plant excluding pot,1.3064328191303711,0.6863575485427411,1.0,0.7735324331582935,0.8296211061529924,0.4829072654247284,0.04864933352481892,0.09881549308465108,1,0.5519491484746201,0.9411179710010271,0.8942731277533039,0.11439142065484868,0.0,0.9590612182512047,0.5288887683256173,1,5.855412317155237,0.8296211061529924,0.1207268163561821,0.4111053235661864,0.04047948226674706,0.964844
0194.jpg,P3,leaves and stems,1.1405246199120938,0.6865464818721676,1.0,0.7738344624005661,0.0,0.4828519821166992,0.04868255530928024,0.09885332116315365,1,0.5518780346342071,0.9410557272036366,0.8939342595730261,0.11433255604628703,0.0,0.9590013020367582,0.5288141396604938,1,5.845320894544553,0.0,0.1207129955291748,0.4108247784640723,0.040463992033187755,0.546875
0194.jpg,P4,crop seedling,0.5904761904761905,0.0,1.0,0.9523809523809523,1.0,0.0,1.0,1.0,1,0.0,0.0,0.0,1.0,1.0,0.0,0.0,0,1.0,1.0,0.0,0.0,0.0,
0194.jpg,P5,plant body without background,0.5904761904761905,0.0,1.0,0.9523809523809523,1.0,0.0,1.0,1.0,1,0.0,0.0,0.0,1.0,1.0,0.0,0.0,0,1.0,1.0,0.0,0.0,0.0,
0195.jpg,P1,green plant,1.3079259056191213,0.7640228819932803,1.0,0.7627499791852772,0.8493854568547101,0.44423937797546387,0.05423643813753747,0.10469691345904142,1,0.5438463664173749,0.9274714993897788,0.8796571051763931,0.11184865020263235,0.0,0.9444765775999133,0.4982109616126543,1,6.2209118922071625,0.8493854568547101,0.11105984449386597,0.36875577908125645,0.03820551979848808,0.937500
0195.jpg,P2,entire plant excluding pot,1.3079145798145295,0.7622437343725582,1.0,0.7629919496963748,0.8499393046662711,0.44389429688453674,0.054170427420130764,0.1045882248872152,1,0.5441007226905814,0.9280744794706437,0.8803165182987142,0.11212897426169412,0.0,0.9445637386059575,0.49891372492283953,1,6.212596355648055,0.8499393046662711,0.11097357422113419,0.36920513557859835,0.038245223153117666,0.968750
0195.jpg,P3,leaves and stems,1.307996257011816,0.7629967206790124,1.0,0.7633962565699298,0.8499139397615234,0.4442746341228485,0.05423536261836913,0.10459725085041541,1,0.5438799467851532,0.9278192810044412,0.8793273986152325,0.11193713892347239,0.0,0.9444540835989867,0.49861629533179014,1,6.198713745156974,0.8499139397615234,0.11106865853071213,0.36876309172543714,0.03824192287539567,0.714844
0195.jpg,P4,crop seedling,0.5904761904761905,0.0,1.0,0.9523809523809523,1.0,0.0,1.0,1.0,1,0.0,0.0,0.0,1.0,1.0,0.0,0.0,0,1.0,1.0,0.0,0.0,0.0,
0195.jpg,P5,plant body without background,0.5904761904761905,0.0,1.0,0.9523809523809523,1.0,0.0,1.0,1.0,1,0.0,0.0,0.0,1.0,1.0,0.0,0.0,0,1.0,1.0,0.0,0.0,0.0,
0196.jpg,P1,green plant,1.307715042918125,0.8565055941358025,1.0,0.7561706330106442,0.8598338938881229,0.3906490206718445,0.06009579267101322,0.1070708169356699,1,0.535083214576842,0.9052898623583763,0.8645119164218087,0.10011879266540814,0.0,0.9265525559510728,0.46168029031635804,1,6.449056769596167,0.8598338938881229,0.09766225516796112,0.332802000124825,0.03735845223263098,0.953125
0196.jpg,P2,entire plant excluding pot,1.3074856881887873,0.8551540645999376,1.0,0.7559997520071795,0.8599154730116735,0.39033302664756775,0.060009235106238935,0.10707561898644025,1,0.5352052249355157,0.9057585106551869,0.8648383937316356,0.10045936278704957,0.0,0.9265664417062074,0.46221414448302467,1,6.455035133146531,0.8599154730116735,0.09758325666189194,0.33328203508330795,0.03735677680748732,0.968750
0196.jpg,P3,leaves and stems,1.307680252659593,0.8554672238826381,1.0,0.7568664604890094,0.8602089666034884,0.39012929797172546,0.0600729603240034,0.10647673021495295,1,0.5351458628702206,0.9056499214156819,0.8645119164218087,0.1002910954838585,0.0,0.926435740639639,0.462090446566358,1,6.424740748953329,0.8602089666034884,0.09753232449293137,0.3329284904910635,0.03756689364826367,0.734375
0196.jpg,P4,crop seedling,1.1358985211708883,0.8564274569268636,1.0,0.7559577148511823,0.0,0.3911474645137787,0.06009735804110097,0.10721737487138927,1,0.5351919939125235,0.9053169567495198,0.8648383937316356,0.10002070703153866,0.0,0.9266636028795884,0.4617111545138889,1,6.456506239819503,0.0,0.09778686612844467,0.3327933315524764,0.03730738609108953,0.343750
0196.jpg,P5,plant body without background,1.135878423690027,0.8563166608063761,1.0,0.7565070739264195,0.0,0.3908419609069824,0.060130277715414314,0.10687297257703335,1,0.5351452845620716,0.9053553757494616,0.8645119164218087,0.09999556133452395,0.0,0.9265742649419165,0.46175491898148147,1,6.437294097193426,0.0,0.0977104902267456,0.3326111363505815,0.03742761058804485,0.359375
0197.jpg,P1,green plant,1.3569344916279338,0.947660278949836,1.0,0.7512563019003571,0.861435931831655,0.32025623321533203,0.06667438397644773,0.1298915458759473,1,0.5808127424484977,0.9856221559696372,0.9689234184239733,0.09574357806584055,0.0,0.9016184596256157,0.4256741898148148,1,6.622072852378815,0.861435931831655,0.08006405830383301,0.29996527612560864,0.030794921817469113,0.960938
0197.jpg,P2,entire plant excluding pot,1.3568082972633126,0.9458316851265823,1.0,0.7509496020001257,0.8618376297989324,0.31979793310165405,0.06658137936876983,0.1295543060185355,1,0.5811249272578539,0.9864461717308814,0.9696633370329264,0.09610787221884337,0.0,0.9016172815177168,0.426396484375,1,6.632945735280715,0.8618376297989324,0.07994948327541351,0.3003842844592831,0.030875083375675027,0.976562
0197.jpg,P3,leaves and stems,1.3569593729897242,0.9461271414478826,1.0,0.7514041231071097,0.8620851214594849,0.31941187381744385,0.06660560067740863,0.12994726009776178,1,0.5811537210233398,0.9863130308100194,0.9700332963374029,0.0960354777719484,0.0,0.9014881023068504,0.4262797791280864,1,6.6168355814958435,0.8620851214594849,0.07985296845436096,0.300275048893653,0.03078171865255739,0.792969
0197.jpg,P4,crop seedling,0.3904761904761905,0.0,1.0,0.9523809523809523,0.0,0.0,1.0,1.0,1,0.0,0.0,0.0,1.0,1.0,0.0,0.0,0,1.0,0.0,0.0,0.0,0.0,
0197.jpg,P5,plant body without background,1.3570939359895167,0.9469927552156588,1.0,0.7516596767240191,0.861843293081658,0.3200616240501404,0.06668439053669917,0.1296262635528078,1,0.5809824661752214,0.9859229609220395,0.9692933777284499,0.09574714703137564,0.0,0.9016076597079936,0.4259378616898148,1,6.607786235343365,0.861843293081658,0.0800154060125351,0.29992026378336883,0.0308579441416242,0.531250
0198.jpg,P1,green plant,1.3635227593666808,0.9980947950851696,1.0,0.749619252324584,0.903158976549773,0.2581118643283844,0.07213332390266695,0.12906156884551226,1,0.5817257817090985,0.9852928665218732,0.9714928732183046,0.08892298677689978,0.0,0.8868145728021806,0.405752555941358,1,6.680211237877906,0.903158976549773,0.0645279660820961,0.27726436157284234,0.030992959684133646,0.957031
0198.jpg,P2,entire plant excluding pot,1.3633872550286141,0.9959759337396469,1.0,0.7497207446799128,0.9035504226916715,0.25742200016975403,0.07202285140712344,0.12900128143827103,1,0.5820534347724172,0.98629388542126,0.9718679669917479,0.08924017677534445,0.0,0.88686393849065,0.4065895061728395,1,6.67659944308842,0.9035504226916715,0.06435550004243851,0.2776896444566744,0.03100744392150909,0.976562
0198.jpg,P3,leaves and stems,1.36352867429207,0.99630710120722,1.0,0.7503492474910047,0.9037920297283091,0.25687339901924133,0.07196993826264421,0.1291870940547583,1,0.5820643188029151,0.9861374311565185,0.9722430607651913,0.08921787863606391,0.0,0.8867783055121834,0.40645869502314813,1,6.654254757868283,0.9037920297283091,0.06421834975481033,0.2778938051469879,0.03096284523827533,0.808594
0198.jpg,P4,crop seedling,1.1829589852754452,0.9978744237380841,1.0,0.7486299810770487,0.0,0.2591623067855835,0.07222317937275054,0.1288989469653456,1,0.5818256429553019,0.9853969771017288,0.9714928732183046,0.08876844960899484,0.0,0.8869851867310055,0.4058396026234568,1,6.715467594853924,0.0,0.06479057669639587,0.2769194069507539,0.03103206111587085,0.621094
0198.jpg,P5,plant body without background,1.3636877798022276,0.9984070386974528,1.0,0.7483215985941045,0.902465853477568,0.25985437631607056,0.07232034650645401,0.12878158103750204,1,0.5818780063851884,0.9851453525008314,0.9718679669917479,0.0885199398059297,0.0,0.8869688089316166,0.40562921971450616,1,6.726477008781564,0.902465853477568,0.06496359407901764,0.2765473475464496,0.03106034238572653,0.589844
0199.jpg,P1,green plant,1.3455765556075,0.9487310028910766,1.0,0.748701787336067,0.8954447928223991,0.2247762680053711,0.07616099662303259,0.12791133913182895,1,0.582045785396517,0.9860218053865897,0.968691059977367,0.08086492482593083,0.0,0.8683324016306383,0.3847487461419753,1,6.712905376066202,0.8954447928223991,0.05619406700134277,0.26260160563539164,0.03127166072335065,0.960938
0199.jpg,P2,entire plant excluding pot,1.3463441344328557,0.9506264406547899,1.0,0.7490571668358188,0.8954577754209966,0.22441436350345612,0.07605680705889908,0.12785021691757134,1,0.5824329851498434,0.9869675745847906,0.969445492267069,0.08114822031168392,0.0,0.8683861153059941,0.385497444058642,1,6.70023181873337,0.8954577754209966,0.05610359087586403,0.2629613413104736,0.03128661097680353,0.968750
0199.jpg,P3,leaves and stems,1.3461298526788548,0.9500053108884201,1.0,0.7495626487817506,0.8953155147507674,0.22436466813087463,0.07607816294462168,0.127846804765096,1,0.5822802241684921,0.9866576486076024,0.969068276122218,0.08103278583354066,0.0,0.8682759320389426,0.38525209780092595,1,6.682226005398755,0.8953155147507674,0.05609116703271866,0.26288752548557554,0.03128744599718035,0.695312
0199.jpg,P4,crop seedling,1.3458752144692332,0.9493179476285357,1.0,0.7487898287018244,0.8954855719952481,0.22472362220287323,0.07616353828888726,0.1277899370691639,1,0.5822118203635368,0.9863146740126991,0.969068276122218,0.08090266044883741,0.0,0.8684019289174415,0.3849805893132716,1,6.7097645205383785,0.8954855719952481,0.05618090555071831,0.2625928423143929,0.031301369198069764,0.384766
0199.jpg,P5,plant body without background,0.3904761904761905,0.0,1.0,0.9523809523809523,0.0,0.0,1.0,1.0,1,0.0,0.0,0.0,1.0,1.0,0.0,0.0,0,1.0,0.0,0.0,0.0,0.0,
0200.jpg,P1,green plant,1.3139414468659243,0.8718797004414751,1.0,0.7490976622098127,0.8445373322213277,0.19452668726444244,0.08210485888141403,0.1264779054257562,1,0.5819331704385128,0.9860958283185378,0.9743981658387466,0.0747834730919454,0.0,0.8384300260363379,0.3543924816743827,1,6.698788434342031,0.8445373322213277,0.04863167181611061,0.2435909430023681,0.03162607719138771,0.972656
0200.jpg,P2,entire plant excluding pot,1.3147857958057607,0.8738255000781372,1.0,0.7489088568322211,0.8449920503969396,0.19431543350219727,0.08198682187263,0.12617942732315338,1,0.5823774276438617,0.9871500516114651,0.9751623996943064,0.07500964068750322,0.0,0.8384856984112475,0.3551610725308642,1,6.705519393370756,0.8449920503969396,0.048578858375549316,0.24394164261020934,0.03170088884423093,0.972656
0200.jpg,P3,leaves and stems,1.3148188370285836,0.8735987190381309,1.0,0.7501454304092483,0.8453126868815816,0.19417476654052734,0.0818837597902516,0.12610979082364526,1,0.5821725164546858,0.9870271829202266,0.9747802827665265,0.07522346401910968,0.0,0.8381959074036462,0.3550714940200617,1,6.661496810143636,0.8453126868815816,0.048543691635131836,0.2442486770420749,0.03171839374147951,0.695312
0200.jpg,P4,crop seedling,1.3141616495589419,0.8723637848687293,1.0,0.7489520492547762,0.844544195447818,0.19446927309036255,0.08209653197262201,0.12641288603296727,1,0.5820957890266047,0.9863581025369821,0.9747802827665265,0.07478734700663944,0.0,0.8384620634267818,0.3545836950231481,1,6.703979273306532,0.844544195447818,0.04861731827259064,0.24361565000906135,0.03164234379521118,0.322266
0200.jpg,P5,plant body without background,0.5904761904761905,0.0,1.0,0.9523809523809523,1.0,0.0,1.0,1.0,1,0.0,0.0,0.0,1.0,1.0,0.0,0.0,0,1.0,1.0,0.0,0.0,0.0,
0201.jpg,P1,green plant,1.3196849778437205,0.8434380616111892,1.0,0.7491224989506989,0.9169974997829787,0.18417729437351227,0.0852206874147618,0.12470737718385455,1,0.5809379069000447,0.9855897249719867,0.9670454545454545,0.06872419886940544,0.0,0.8253058100248913,0.3431580343364197,1,6.697903250822312,0.9169974997829787,0.04604432359337807,0.2346848002136114,0.03207508721880061,0.968750
0201.jpg,P2,entire plant excluding pot,1.320502035471613,0.8451064131114236,1.0,0.7491531566548681,0.9171768023618798,0.18415845930576324,0.08514089605622407,0.12468600660210305,1,0.5813830691848262,0.9865222488668453,0.9678030303030303,0.06882180663422817,0.0,0.8254227861715342,0.34381703317901235,1,6.696810688623875,0.9171768023618798,0.04603961482644081,0.23490473939565656,0.03208058473445835,0.976562
0201.jpg,P3,leaves and stems,1.3205219756031576,0.8451180116033754,1.0,0.7494536348404293,0.9171161070984469,0.1841297447681427,0.08510937882378221,0.12479816202614738,1,0.5813584759410787,0.9865287318357447,0.9678030303030303,0.06886892952295993,0.0,0.8252955320091055,0.3438216145833333,1,6.686107145585225,0.9171161070984469,0.046032436192035675,0.23499172801401505,0.032051754088829695,0.714844
0201.jpg,P4,crop seedling,1.3199433018999271,0.8440149339740584,1.0,0.7488524395778854,0.91704399979072,0.18416614830493927,0.08521833574440903,0.12469184716582574,1,0.5811277975704066,0.9859121673725142,0.9674242424242424,0.06870984277679079,0.0,0.8253512818670019,0.3433858989197531,1,6.70753134125281,0.91704399979072,0.04604153707623482,0.23469127653448868,0.03207908208048649,0.443359
0201.jpg,P5,plant body without background,0.5904761904761905,0.0,1.0,0.9523809523809523,1.0,0.0,1.0,1.0,1,0.0,0.0,0.0,1.0,1.0,0.0,0.0,0,1.0,1.0,0.0,0.0,0.0,
0202.jpg,P1,green plant,1.3257459027857437,0.8211161534028754,1.0,0.74787574495886,0.9634411119341448,0.18328408896923065,0.08662948234551743,0.12369810984109283,1,0.5826024829327215,0.9860167251793235,0.9689774032937571,0.06259256147416103,0.0,0.8185846496933034,0.3343408805941358,1,6.742410266427589,0.9634411119341448,0.04582102224230766,0.23086828477435645,0.032336791606100916,0.968750
0202.jpg,P2,entire plant excluding pot,1.3265879840286718,0.8228318145413346,1.0,0.7478987871256909,0.9634518743607617,0.1833435595035553,0.08653919878667271,0.12358363353346677,1,0.5830827769224032,0.9870018479156969,0.9697433933358867,0.06264588247063997,0.0,0.8187208409264173,0.3350185667438272,1,6.741586354035396,0.9634518743607617,0.045835889875888824,0.2311091422200694,0.03236674538232273,0.972656
0202.jpg,P3,leaves and stems,1.3265527715259315,0.8226486804578841,1.0,0.7486342222493145,0.9633270992447605,0.18336477875709534,0.08654814048685662,0.12353909263726613,1,0.5829578153841207,0.986896693380592,0.9693603983148219,0.06266805078724258,0.0,0.8185951624041837,0.3349462287808642,1,6.715316246041825,0.9633270992447605,0.045841194689273834,0.23108526523498493,0.03237841491797862,0.722656
0202.jpg,P4,crop seedling,1.3260895592923223,0.8217650585052352,1.0,0.7475284651238809,0.9634571458299436,0.18329817056655884,0.08662878279462488,0.12363989931615174,1,0.5828797912871987,0.9863893227487115,0.9697433933358867,0.0625889323719419,0.0,0.8186639723627269,0.3345971981095679,1,6.754834007137893,0.9634571458299436,0.04582454264163971,0.23087014909830816,0.032352015992603275,0.470703
0202.jpg,P5,plant body without background,1.1334029929386713,0.8216408325519612,1.0,0.7482365221428338,0.0,0.18331286311149597,0.08662757065145284,0.12347461982579289,1,0.5827649493774132,0.9863179929223987,0.9693603983148219,0.06261721244480835,0.0,0.8185394389134824,0.3345481288580247,1,6.729515879180945,0.0,0.04582821577787399,0.2308733795672311,0.032395321448598066,0.382812
0203.jpg,P1,green plant,1.3141038928601392,0.7725703601148617,1.0,0.74784571794748,0.9142458464819506,0.20234492421150208,0.09128918875030775,0.119440607687475,1,0.5867025231089804,0.9871933407459232,0.9896949711459192,0.06049752362852783,0.0,0.8118901613020011,0.3151652922453704,1,6.7434840101666085,0.9142458464819506,0.05058623105287552,0.21908399311887386,0.03348944783055935,0.976562
0203.jpg,P2,entire plant excluding pot,1.3152667932112267,0.7745231798913892,1.0,0.7480588462208021,0.9147188021630684,0.20280350744724274,0.09115402409202696,0.11913958695627466,1,0.5872459260667263,0.9883857414372845,0.9905193734542457,0.06064937865029832,0.0,0.8121224293700204,0.31593665605709875,1,6.735864566056702,0.9147188021630684,0.050700876861810684,0.2194088544002015,0.033574063014571616,0.968750
0203.jpg,P3,leaves and stems,1.314946165436717,0.7736896145882168,1.0,0.7483757336548273,0.914184460061087,0.20272716879844666,0.09121020750545723,0.1190181293263165,1,0.5871507700162013,0.9878767626488963,0.9909315746084089,0.060570927818826226,0.0,0.8119749800522192,0.3156073977623457,1,6.724543702568234,0.914184460061087,0.050681792199611664,0.21927370353590495,0.033608325241216395,0.511719
0203.jpg,P4,crop seedling,0.3904761904761905,0.0,1.0,0.9523809523809523,0.0,0.0,1.0,1.0,1,0.0,0.0,0.0,1.0,1.0,0.0,0.0,0,1.0,0.0,0.0,0.0,0.0,
0203.jpg,P5,plant body without background,0.3904761904761905,0.0,1.0,0.9523809523809523,0.0,0.0,1.0,1.0,1,0.0,0.0,0.0,1.0,1.0,0.0,0.0,0,1.0,0.0,0.0,0.0,0.0,
0204.jpg,P1,green plant,1.2379256059355839,0.7284863235466479,1.0,0.747232678649573,0.8492020881893338,0.2716182470321655,0.11335674205652518,0.11285041924649868,1,0.5186177384520398,0.9092589879797909,0.745575959933222,0.05012764837478616,0.0,0.8121171438356903,0.29775209780092593,1,6.765424708331485,0.8492020881893338,0.06790456175804138,0.17643414619332504,0.03544514966544181,0.976562
0204.jpg,P2,entire plant excluding pot,1.2393216817103594,0.7303491023988122,1.0,0.7480164726533063,0.8499184534727423,0.2728123962879181,0.1130192916944371,0.11269287754475005,1,0.5191023967478037,0.9102703387055506,0.7465776293823039,0.05036881335887143,0.0,0.8123444891970761,0.29848789544753085,1,6.737379096823287,0.8499184534727423,0.06820309907197952,0.17696093914720948,0.03549470105962651,0.937500
0204.jpg,P3,leaves and stems,1.2388703342441687,0.7295326296100952,1.0,0.7487514047638476,0.849455213112086,0.27247610688209534,0.11323731684981685,0.11279574011995165,1,0.518827263370544,0.9098270545516252,0.7459098497495826,0.05030037163838304,0.0,0.8121413281406531,0.29816538869598763,1,6.711135194875394,0.849455213112086,0.06811902672052383,0.17662022164058674,0.03546233213901726,0.412109
0204.jpg,P4,crop seedling,0.5904761904761905,0.0,1.0,0.9523809523809523,1.0,0.0,1.0,1.0,1,0.0,0.0,0.0,1.0,1.0,0.0,0.0,0,1.0,1.0,0.0,0.0,0.0,
0204.jpg,P5,plant body without background,0.5904761904761905,0.0,1.0,0.9523809523809523,1.0,0.0,1.0,1.0,1,0.0,0.0,0.0,1.0,1.0,0.0,0.0,0,1.0,1.0,0.0,0.0,0.0,
0205.jpg,P1,green plant,1.2302605976593135,0.6239298865057039,1.0,0.7418946922631122,0.6008751752178796,0.5313112735748291,0.4874406773835031,0.30843442325817444,1,0.5306583921470085,0.9178905380056941,0.7008613938919342,0.013366442294221572,0.0,0.8725158563273386,0.2564523051697531,1,6.9580038900008985,0.6008751752178796,0.13282781839370728,0.04103063393756247,0.01296872105825817,0.984375
0205.jpg,P2,entire plant excluding pot,1.232248743056426,0.626717797702766,1.0,0.7420974383050581,0.602970550647388,0.5333571434020996,0.48002966125498564,0.3076067533028547,1,0.5312201570449636,0.9196849904874765,0.701644479248238,0.014002561495553895,0.0,0.8723517255833011,0.2575535300925926,1,6.950638780912339,0.602970550647388,0.1333392858505249,0.04166409206404488,0.013003615678300126,0.960938
0205.jpg,P3,leaves and stems,1.23154255852353,0.6256400536216595,1.0,0.7422785019890453,0.6028279893832078,0.5321915745735168,0.4840986936931825,0.307507894167688,1,0.5309549346100441,0.918991295314149,0.7012529365700861,0.013721907366223711,0.0,0.8719902487734358,0.25712782118055555,1,6.944064722886401,0.6028279893832078,0.1330478936433792,0.04131388962738211,0.013007796143986955,0.341797;0.664062;0.384766
0205.jpg,P4,crop seedling,0.5904761904761905,0.0,1.0,0.9523809523809523,1.0,0.0,1.0,1.0,1,0.0,0.0,0.0,1.0,1.0,0.0,0.0,0,1.0,1.0,0.0,0.0,0.0,
0205.jpg,P5,plant body without background,0.5904761904761905,0.0,1.0,0.9523809523809523,1.0,0.0,1.0,1.0,1,0.0,0.0,0.0,1.0,1.0,0.0,0.0,0,1.0,1.0,0.0,0.0,0.0,
0206.jpg,P1,green plant,1.26915043411373,0.5162555916940146,1.0,0.7326800010570084,0.7456167902904959,0.7074458599090576,1.0,0.9941706121305506,1,0.528750785523615,0.8949934217702673,0.6864728192161821,0.002461188516783085,0.0,0.9267633700014365,0.2139209587191358,1,7.297046420192709,0.7456167902904959,0.1768614649772644,0.0028573908358347244,0.004023454275547159,0.980469
0206.jpg,P2,entire plant excluding pot,1.2704535682512883,0.5180078796491638,1.0,0.7322921787871878,0.7466665239483556,0.7089972496032715,1.0,0.9868812196812198,1,0.5292608018536926,0.8962714460306895,0.6868942267172355,0.00254706651978246,0.0,0.9268895488978361,0.21461311246141976,1,7.3115029483501015,0.7466665239483556,0.17724931240081787,0.002933002712788757,0.004053172682009362,0.933594
0206.jpg,P3,leaves and stems,1.2706229223747314,0.5175585906977653,1.0,0.7340851905805309,0.7473100170204021,0.7089896202087402,1.0,0.9804933847850056,1,0.5290342386732436,0.8959437589184545,0.6864728192161821,0.0024878908588986375,0.0,0.9263518285054135,0.2144356433256173,1,7.2447942781457755,0.7473100170204021,0.17724740505218506,0.0029522971525597166,0.004079578773371415,0.322266;0.613281
0206.jpg,P4,crop seedling,0.5904761904761905,0.0,1.0,0.9523809523809523,1.0,0.0,1.0,1.0,1,0.0,0.0,0.0,1.0,1.0,0.0,0.0,0,1.0,1.0,0.0,0.0,0.0,
0206.jpg,P5,plant body without background,0.5904761904761905,0.0,1.0,0.9523809523809523,1.0,0.0,1.0,1.0,1,0.0,0.0,0.0,1.0,1.0,0.0,0.0,0,1.0,1.0,0.0,0.0,0.0,
0207.jpg,P1,green plant,1.2694376111909365,0.4487633565791529,1.0,0.7284869410660648,0.8584895912746884,0.7893334627151489,1.0,1.0,1,0.5044229408639256,0.8246033842537405,0.6759628154050464,0.00036182850873860915,0.0,0.9424699815482962,0.18726152584876543,1,7.454164066046373,0.8584895912746884,0.19733336567878723,0.0,0.0018342516394951912,0.980469
0207.jpg,P2,entire plant excluding pot,1.2706017248632802,0.45038104098296605,1.0,0.7283347132056244,0.858525641917751,0.7908954620361328,1.0,1.0,1,0.5049743532347855,0.8257110159615999,0.6768481629039398,0.00036829765636930376,0.0,0.9425331762242721,0.1879005111882716,1,7.459902208936149,0.858525641917751,0.1977238655090332,0.0,0.0018889691643749656,0.937500
0207.jpg,P3,leaves and stems,1.269558233849231,0.4491802918424753,1.0,0.7286377360307699,0.857600959451258,0.7898694276809692,1.0,1.0,1,0.5045005508481364,0.8248888606524076,0.6759628154050464,0.000380808291328635,0.0,0.942303853342839,0.18742621527777778,1,7.448482299241518,0.857600959451258,0.1974673569202423,0.0,0.001821704528788335,0.335938;0.349609;0.361328;0.423828;0.750000
0207.jpg,P4,crop seedling,0.5904761904761905,0.0,1.0,0.9523809523809523,1.0,0.0,1.0,1.0,1,0.0,0.0,0.0,1.0,1.0,0.0,0.0,0,1.0,1.0,0.0,0.0,0.0,
0207.jpg,P5,plant body without background,0.5904761904761905,0.0,1.0,0.9523809523809523,1.0,0.0,1.0,1.0,1,0.0,0.0,0.0,1.0,1.0,0.0,0.0,0,1.0,1.0,0.0,0.0,0.0,
0208.jpg,P1,green plant,1.2510501460887589,0.41719378760353176,1.0,0.729068206252918,0.8487099409437306,0.8221822381019592,1.0,1.0,1,0.4876193115083308,0.7794164865615987,0.6584930896121266,0.00013036361792837726,0.0,0.9633389416696709,0.17479154610339506,1,7.43227564783134,0.8487099409437306,0.2055455595254898,0.0,0.0,0.976562
0208.jpg,P2,entire plant excluding pot,1.252060602913736,0.4187934638224722,1.0,0.7289615993622311,0.8486269429098283,0.8236044049263,1.0,1.0,1,0.48806332070956976,0.7804265782272728,0.6589389210878288,0.00013264313087272308,0.0,0.9634480547347696,0.17542341820987653,1,7.436287477280025,0.8486269429098283,0.205901101231575,0.0,0.0,0.703125
0208.jpg,P3,leaves and stems,1.2514827986377481,0.4174599424714799,1.0,0.7296134414124268,0.8484160919936132,0.8227372169494629,1.0,1.0,1,0.4878374600723515,0.7795845460793371,0.659384752563531,0.0001323532757091068,0.0,0.9633331946586068,0.17489667727623456,1,7.411775694925349,0.8484160919936132,0.20568430423736572,0.0,0.0,0.488281
0208.jpg,P4,crop seedling,0.5904761904761905,0.0,1.0,0.9523809523809523,1.0,0.0,1.0,1.0,1,0.0,0.0,0.0,1.0,1.0,0.0,0.0,0,1.0,1.0,0.0,0.0,0.0,
0208.jpg,P5,plant body without background,0.5904761904761905,0.0,1.0,0.9523809523809523,1.0,0.0,1.0,1.0,1,0.0,0.0,0.0,1.0,1.0,0.0,0.0,0,1.0,1.0,0.0,0.0,0.0,
0209.jpg,P1,green plant,1.1672947712316957,0.4023385612009689,1.0,0.7302490432838551,0.7988631036173345,0.8405977487564087,1.0,1.0,1,0.4128850798599822,0.6457566425895962,0.49572357167293873,0.0006658953794854263,0.0,0.9783978066634019,0.1689237316743827,1,7.387916744213797,0.7988631036173345,0.21014943718910217,0.008161322255536816,0.0,0.976562
0209.jpg,P2,entire plant excluding pot,0.3904761904761905,0.0,1.0,0.9523809523809523,0.0,0.0,1.0,1.0,1,0.0,0.0,0.0,1.0,1.0,0.0,0.0,0,1.0,0.0,0.0,0.0,0.0,
0209.jpg,P3,leaves and stems,1.1672506781011442,0.4023327619549929,1.0,0.7300450339115041,0.7989416153707374,0.8406018614768982,1.0,1.0,1,0.4128664235583176,0.6457546660463789,0.49572357167293873,0.0007130101876951143,0.0,0.9783595059726458,0.16892144097222223,1,7.395570233307546,0.7989416153707374,0.21015046536922455,0.008202115192184438,0.0,0.390625
0209.jpg,P4,crop seedling,0.5904761904761905,0.0,1.0,0.9523809523809523,1.0,0.0,1.0,1.0,1,0.0,0.0,0.0,1.0,1.0,0.0,0.0,0,1.0,1.0,0.0,0.0,0.0,
0209.jpg,P5,plant body without background,0.5904761904761905,0.0,1.0,0.9523809523809523,1.0,0.0,1.0,1.0,1,0.0,0.0,0.0,1.0,1.0,0.0,0.0,0,1.0,1.0,0.0,0.0,0.0,
