图像,提示词编号,提示词文本,总分,面积得分,连通域得分,边界得分,时序得分,前背景对比得分,下方泄漏得分,侧边泄漏得分,语义门控启用,语义门控总修正,目标框得分,垂直覆盖得分,花盆重叠惩罚,侧边干扰惩罚,中心先验得分,面积比例,连通域数量,边界密度,时序IoU,前背景对比,下方区域占比,侧边区域占比,SAM3原始分数
0000.jpg,P1,green plant,0.9517362283483211,0.07657782221831544,1.0,0.7416674306433133,1.0,0.4228746294975281,1.0,1.0,1,0.3035122518764897,0.5277321945662228,0.13028720626631854,0.0,0.0,0.9535428665037443,0.04024823977623457,1,6.96626435739836,1.0,0.10571865737438202,0.0,0.0,0.875000;0.431641
0000.jpg,P2,entire plant excluding pot,1.0237189121457453,0.21714330364119394,1.0,0.7552694285320961,1.0,0.4248294532299042,1.0,1.0,1,0.34427047506510633,0.5659893897679429,0.30548302872062666,0.0,0.0,0.9118724347661357,0.09577160493827161,1,6.480616379337634,1.0,0.10620736330747604,0.0,0.0,0.925781
0000.jpg,P3,leaves and stems,0.9522418409967541,0.07584833811923741,1.0,0.73741937878547,1.0,0.4300121068954468,1.0,1.0,1,0.3035858762367233,0.5275336535354342,0.1300261096605744,0.0,0.0,0.9554439776041791,0.039960093557098765,1,7.121608918035226,1.0,0.1075030267238617,0.0,0.0,0.855469
0000.jpg,P4,crop seedling,0.9505811965320666,0.07787227496483817,1.0,0.739144705372319,1.0,0.4178910553455353,1.0,1.0,1,0.3035995893955282,0.528084501056421,0.1308093994778068,0.0,0.0,0.9522432211977563,0.04075954861111111,1,7.058301107528977,1.0,0.10447276383638382,0.0,0.0,0.373047
0000.jpg,P5,plant body without background,0.9514684901136805,0.07625642190185955,1.0,0.738233832454329,1.0,0.42500820755958557,1.0,1.0,1,0.30356879773052575,0.5276447202124904,0.13054830287206268,0.0,0.0,0.9539445113918282,0.040121286651234565,1,7.091687106113906,1.0,0.10625205188989639,0.0,0.0,0.503906
0001.jpg,P1,green plant,0.9041034717551364,0.07659796696749488,1.0,0.7415911812640767,0.7725088793208713,0.4272480905056,1.0,1.0,1,0.30051424814352784,0.527674272385966,0.12950391644908615,0.0,0.0,0.9251754784760423,0.04025619695216049,1,6.969036991390683,0.7725088793208713,0.1068120226264,0.0,0.0,0.875000;0.392578
0001.jpg,P2,entire plant excluding pot,0.9898637562146251,0.21755291354117834,1.0,0.7565466072642896,0.8448092630406534,0.4227824807167053,1.0,1.0,1,0.3415255033020598,0.5659497733766506,0.3049608355091384,0.0,0.0,0.8855013222858714,0.09593340084876543,1,6.435912616568333,0.8448092630406534,0.10569562017917633,0.0,0.0,0.929688
0001.jpg,P3,leaves and stems,0.9031828385793772,0.07643772464447574,1.0,0.7402996097440333,0.7678071428001627,0.4285581111907959,1.0,1.0,1,0.30056232090348367,0.527630759509387,0.12950391644908615,0.0,0.0,0.9258085011436276,0.0401929012345679,1,7.01608880614596,0.7678071428001627,0.10713952779769897,0.0,0.0,0.832031
0001.jpg,P4,crop seedling,0.3904761904761905,0.0,1.0,0.9523809523809523,0.0,0.0,1.0,1.0,1,0.0,0.0,0.0,1.0,1.0,0.0,0.0,0,1.0,0.0,0.0,0.0,0.0,
0001.jpg,P5,plant body without background,0.904046966264319,0.0764276522698859,1.0,0.7411929344325558,0.7718635123129386,0.428300142288208,1.0,1.0,1,0.30049011800360137,0.5276280244142877,0.12924281984334204,0.0,0.0,0.925566018867991,0.04018892264660494,1,6.983527595701708,0.7718635123129386,0.107075035572052,0.0,0.0,0.394531
0002.jpg,P1,green plant,0.9091787973378528,0.07600369686669783,1.0,0.7407446192832394,0.7916280997072499,0.44141605496406555,1.0,1.0,1,0.29922030317360226,0.5334950534471489,0.12924281984334204,0.0,0.0,0.8923332689529858,0.04002146026234568,1,6.999858627866154,0.7916280997072499,0.11035401374101639,0.0,0.0,0.859375;0.425781
0002.jpg,P2,entire plant excluding pot,0.9944258908951036,0.21664121102906708,1.0,0.755943269834066,0.8367740331523655,0.44623005390167236,1.0,1.0,1,0.34330817731166946,0.5799878876404087,0.30469973890339425,0.0,0.0,0.8546646363491551,0.09557327835648148,1,6.457011786598905,0.8367740331523655,0.11155751347541809,0.0,0.0,0.921875
0002.jpg,P3,leaves and stems,0.9097077187010657,0.07509352047194873,1.0,0.7362208469497202,0.7887277539226012,0.45200902223587036,1.0,1.0,1,0.2992974899850377,0.5331941616085827,0.12924281984334204,0.0,0.0,0.8941582585023222,0.03966194058641975,1,7.165761582089361,0.7887277539226012,0.11300225555896759,0.0,0.0,0.832031
0002.jpg,P4,crop seedling,0.7493311104845717,0.07764305213705258,1.0,0.7425200628438028,0.0,0.4298998713493347,1.0,1.0,1,0.29931851321853364,0.5340370018257333,0.12950391644908615,0.0,0.0,0.8909485761869148,0.040669005594135804,1,6.935299126331108,0.0,0.10747496783733368,0.0,0.0,0.304688
0002.jpg,P5,plant body without background,0.9097212257805386,0.07564566973355213,1.0,0.7399758958631446,0.7916563252004446,0.44523611664772034,1.0,1.0,1,0.2992184242915663,0.5333766945850972,0.1289817232375979,0.0,0.0,0.8931987100401465,0.03988003954475309,1,7.027907411323187,0.7916563252004446,0.11130902916193008,0.0,0.0,0.394531
0003.jpg,P1,green plant,0.891420357088597,0.07422546491639315,1.0,0.7302519964301583,0.6449541444929648,0.5417611598968506,1.0,1.0,1,0.2931818039413237,0.5322158110041579,0.12689295039164492,0.0,0.0,0.8406553901937235,0.03931905864197531,1,7.387805987207337,0.6449541444929648,0.13544028997421265,0.0,0.0,0.875000;0.408203
0003.jpg,P2,entire plant excluding pot,0.9864846457287821,0.21744822189013913,1.0,0.7560259191793466,0.7327182604843698,0.5373043417930603,1.0,1.0,1,0.33778529705939897,0.5785685158923616,0.3049608355091384,0.0,0.0,0.8039336610542749,0.09589204764660494,1,6.454119485360587,0.7327182604843698,0.13432608544826508,0.0,0.0,0.898438
0003.jpg,P3,leaves and stems,0.8930263522257522,0.07346667936396312,1.0,0.7313733624097424,0.6410861212255325,0.552604615688324,1.0,1.0,1,0.2933201964882398,0.5319702371615062,0.12715404699738903,0.0,0.0,0.8424288502218265,0.039019338348765434,1,7.345814091592881,0.6410861212255325,0.138151153922081,0.0,0.0,0.828125
0003.jpg,P4,crop seedling,0.3904761904761905,0.0,1.0,0.9523809523809523,0.0,0.0,1.0,1.0,1,0.0,0.0,0.0,1.0,1.0,0.0,0.0,0,1.0,0.0,0.0,0.0,0.0,
0003.jpg,P5,plant body without background,0.3904761904761905,0.0,1.0,0.9523809523809523,0.0,0.0,1.0,1.0,1,0.0,0.0,0.0,1.0,1.0,0.0,0.0,0,1.0,0.0,0.0,0.0,0.0,
0004.jpg,P1,green plant,0.9219019386827205,0.07129440391076725,1.0,0.7324109665508595,0.7830917137189074,0.5757951140403748,1.0,1.0,1,0.2893834990385388,0.5308776801953228,0.12428198433420365,0.0,0.0,0.8120555379001919,0.038161289544753084,1,7.307073369184974,0.7830917137189074,0.1439487785100937,0.0,0.0,0.898438;0.414062
0004.jpg,P2,entire plant excluding pot,1.0122498865783127,0.21390244081106413,1.0,0.7559552221018018,0.8490051941604335,0.5730953812599182,1.0,1.0,1,0.33385823891166916,0.5764564626904168,0.3023498694516971,0.0,0.0,0.7767550046871781,0.09449146412037036,1,6.4565934796951145,0.8490051941604335,0.14327384531497955,0.0,0.0,0.875000
0004.jpg,P3,leaves and stems,0.9230216047123582,0.07117567197999675,1.0,0.7332454285053945,0.7848757407014764,0.5785186886787415,1.0,1.0,1,0.28945849873923635,0.5308397324262808,0.12428198433420365,0.0,0.0,0.812938352098814,0.038114390432098764,1,7.27599685246842,0.7848757407014764,0.14462967216968536,0.0,0.0,0.808594
0004.jpg,P4,crop seedling,0.5904761904761905,0.0,1.0,0.9523809523809523,1.0,0.0,1.0,1.0,1,0.0,0.0,0.0,1.0,1.0,0.0,0.0,0,1.0,1.0,0.0,0.0,0.0,
0004.jpg,P5,plant body without background,0.5904761904761905,0.0,1.0,0.9523809523809523,1.0,0.0,1.0,1.0,1,0.0,0.0,0.0,1.0,1.0,0.0,0.0,0,1.0,1.0,0.0,0.0,0.0,
0005.jpg,P1,green plant,0.9249713450017599,0.07118421823722454,1.0,0.7307288629931943,0.8004655623315681,0.5933716297149658,1.0,1.0,1,0.2858212903463694,0.530168320610687,0.12245430809399478,0.0,0.0,0.7822060267570985,0.038117766203703704,1,7.3699329708648325,0.8004655623315681,0.14834290742874146,0.0,0.0,0.886719;0.416016
0005.jpg,P2,entire plant excluding pot,1.0168009159160298,0.21341927205422717,1.0,0.7577111879743954,0.8606671427502023,0.6004352569580078,1.0,1.0,1,0.3303543439686632,0.5746342557251909,0.3007832898172324,0.0,0.0,0.7509136229774456,0.09430061246141976,1,6.395281365009807,0.8606671427502023,0.15010881423950195,0.0,0.0,0.929688
0005.jpg,P3,leaves and stems,0.9264714232739114,0.070732792721519,1.0,0.7336098502393477,0.7997129912813256,0.5992170572280884,1.0,1.0,1,0.28581688497985525,0.5300271946564885,0.12219321148825066,0.0,0.0,0.783125887821992,0.037939453125,1,7.262447462332733,0.7997129912813256,0.1498042643070221,0.0,0.0,0.832031
0005.jpg,P4,crop seedling,0.7625575800644577,0.0736666007383967,1.0,0.7429778170198544,0.0,0.5667738914489746,1.0,1.0,1,0.28587391822301256,0.5309443702290076,0.12297650130548303,0.0,0.0,0.7790761840787294,0.03909830729166667,1,6.918704087588587,0.0,0.14169347286224365,0.0,0.0,0.310547
0005.jpg,P5,plant body without background,0.7667388616454796,0.07065343461869034,1.0,0.7333372125898071,0.0,0.6003840565681458,1.0,1.0,1,0.2858639208901509,0.5300023854961832,0.12245430809399478,0.0,0.0,0.7832131050956769,0.03790810667438271,1,7.2725830036215795,0.0,0.15009601414203644,0.0,0.0,0.466797
0006.jpg,P1,green plant,0.9017859723679824,0.0712336644397562,1.0,0.73613555356087,0.6515910360927308,0.6358613967895508,1.0,1.0,1,0.2828216421914009,0.5302339069051893,0.12323759791122715,0.0,0.0,0.7505700715056371,0.03813729745370371,1,7.168909181542782,0.6515910360927308,0.1589653491973877,0.0,0.0,0.890625
0006.jpg,P2,entire plant excluding pot,1.0067715182004777,0.2135773778129395,1.0,0.7576097236192758,0.791715423491668,0.6325669288635254,1.0,1.0,1,0.32767762744299606,0.5748077155405756,0.30156657963446476,0.0,0.0,0.7221294266959093,0.09436306423611111,1,6.3988164043822,0.791715423491668,0.15814173221588135,0.0,0.0,0.925781
0006.jpg,P3,leaves and stems,0.9016072397361107,0.0713441553367713,1.0,0.7362947828162176,0.6491307345919572,0.6364429593086243,1.0,1.0,1,0.2829647133253965,0.5302685062561744,0.12349869451697128,0.0,0.0,0.7514097112268066,0.03818094135802469,1,7.163033701669035,0.6491307345919572,0.15911073982715607,0.0,0.0,0.742188
0006.jpg,P4,crop seedling,0.3904761904761905,0.0,1.0,0.9523809523809523,0.0,0.0,1.0,1.0,1,0.0,0.0,0.0,1.0,1.0,0.0,0.0,0,1.0,0.0,0.0,0.0,0.0,
0006.jpg,P5,plant body without background,0.3904761904761905,0.0,1.0,0.9523809523809523,0.0,0.0,1.0,1.0,1,0.0,0.0,0.0,1.0,1.0,0.0,0.0,0,1.0,0.0,0.0,0.0,0.0,
0007.jpg,P1,green plant,0.8821047224613332,0.0731223872870761,1.0,0.7442998796938958,0.5115536227220459,0.7046552896499634,1.0,0.6558495170310117,1,0.2753784865907369,0.5284349517658352,0.12506527415143603,0.0,0.0,0.6791450412543606,0.03888334297839506,1,6.8708897389924255,0.5115536227220459,0.17616382241249084,0.0,0.006098960045145327,0.898438
0007.jpg,P2,entire plant excluding pot,0.9804350511017277,0.21752300164088134,1.0,0.7676361677732552,0.6366976453825398,0.6843085885047913,1.0,0.7655636276160693,1,0.31920197044143417,0.5701463776590154,0.3033942558746736,0.0,0.0,0.6503977220333752,0.09592158564814815,1,6.054009489958803,0.6366976453825398,0.17107714712619781,0.0,0.0052249086238015515,0.742188
0007.jpg,P3,leaves and stems,0.3904761904761905,0.0,1.0,0.9523809523809523,0.0,0.0,1.0,1.0,1,0.0,0.0,0.0,1.0,1.0,0.0,0.0,0,1.0,0.0,0.0,0.0,0.0,
0007.jpg,P4,crop seedling,0.5904761904761905,0.0,1.0,0.9523809523809523,1.0,0.0,1.0,1.0,1,0.0,0.0,0.0,1.0,1.0,0.0,0.0,0,1.0,1.0,0.0,0.0,0.0,
0007.jpg,P5,plant body without background,0.5904761904761905,0.0,1.0,0.9523809523809523,1.0,0.0,1.0,1.0,1,0.0,0.0,0.0,1.0,1.0,0.0,0.0,0,1.0,1.0,0.0,0.0,0.0,
0008.jpg,P1,green plant,0.881989422626162,0.06989190205500861,1.0,0.7389056182059142,0.5468810954201451,0.7076122164726257,1.0,0.10823386537126994,1,0.2693312561954232,0.5266672525659739,0.1297650130548303,0.0,0.0,0.6164001544746287,0.037607301311728396,1,7.067056342812256,0.5468810954201451,0.17690305411815643,0.0,0.036957009585483924,0.886719
0008.jpg,P2,entire plant excluding pot,0.987581476850843,0.2143883565791529,1.0,0.771714993621823,0.6620574157146266,0.7254148721694946,1.0,0.09111753103608308,1,0.3128663492338235,0.5671397860567022,0.31018276762402086,0.0,0.0,0.5853452594165397,0.09468340084876543,1,5.916303512694157,0.6620574157146266,0.18135371804237366,0.0,0.04389934576273776,0.851562
0008.jpg,P3,leaves and stems,0.7730088035237179,0.06976065596186909,1.0,0.7396046776659121,0.0,0.7092245817184448,1.0,0.10786944853259459,1,0.2692908204544727,0.5266304913740291,0.12924281984334204,0.0,0.0,0.6170644090176103,0.03755545910493827,1,7.04147310576398,0.0,0.1773061454296112,0.0,0.03708186195826645,0.734375
0008.jpg,P4,crop seedling,0.5904761904761905,0.0,1.0,0.9523809523809523,1.0,0.0,1.0,1.0,1,0.0,0.0,0.0,1.0,1.0,0.0,0.0,0,1.0,1.0,0.0,0.0,0.0,
0008.jpg,P5,plant body without background,0.5904761904761905,0.0,1.0,0.9523809523809523,1.0,0.0,1.0,1.0,1,0.0,0.0,0.0,1.0,1.0,0.0,0.0,0,1.0,1.0,0.0,0.0,0.0,
0009.jpg,P1,green plant,0.901206371090191,0.0776641125566494,1.0,0.7564155826705529,0.5466429109063712,0.6804259419441223,1.0,0.10976624644164296,1,0.2889766614746518,0.5490356632518403,0.1861566484517304,0.0,0.0,0.6330598261519622,0.04067732445987654,1,6.440491785467019,0.5466429109063712,0.17010648548603058,0.0,0.03644107482646401,0.925781
0009.jpg,P2,entire plant excluding pot,1.0364060905846004,0.22530589496405684,1.0,0.7797860557635692,0.7456019107103661,0.6864465475082397,1.0,0.14600124466571837,1,0.3489780087953542,0.6193373992672715,0.43897996357012753,0.025338839694024316,0.0,0.607951775173935,0.09899582851080246,1,5.648060582996614,0.7456019107103661,0.17161163687705994,0.0,0.027397026711370325,0.503906
0009.jpg,P3,leaves and stems,0.3904761904761905,0.0,1.0,0.9523809523809523,0.0,0.0,1.0,1.0,1,0.0,0.0,0.0,1.0,1.0,0.0,0.0,0,1.0,0.0,0.0,0.0,0.0,
0009.jpg,P4,crop seedling,0.5904761904761905,0.0,1.0,0.9523809523809523,1.0,0.0,1.0,1.0,1,0.0,0.0,0.0,1.0,1.0,0.0,0.0,0,1.0,1.0,0.0,0.0,0.0,
0009.jpg,P5,plant body without background,0.5904761904761905,0.0,1.0,0.9523809523809523,1.0,0.0,1.0,1.0,1,0.0,0.0,0.0,1.0,1.0,0.0,0.0,0,1.0,1.0,0.0,0.0,0.0,
0010.jpg,P1,green plant,0.9092521120464525,0.08189267854352233,1.0,0.7469788047525683,0.5819685876863915,0.6602869033813477,1.0,0.29728988573846804,1,0.29502671717368656,0.5540419783553913,0.1935604642456009,0.0,0.0,0.6627114118509148,0.042347608024691355,1,6.774521409111286,0.5819685876863915,0.16507172584533691,0.0,0.013454880881884025,0.890625
0010.jpg,P2,entire plant excluding pot,1.0250101917182772,0.2345395154516331,1.0,0.7736864772691086,0.7473168214115197,0.6637121438980103,1.0,0.29372537519406594,1,0.341159200112223,0.6309881930105823,0.4582553350804942,0.08683370078333214,0.0,0.6387748247902991,0.10264310860339507,1,5.850264399856468,0.7473168214115197,0.16592803597450256,0.0006389753841780768,0.013618162875295261,0.667969
0010.jpg,P3,leaves and stems,0.5904761904761905,0.0,1.0,0.9523809523809523,1.0,0.0,1.0,1.0,1,0.0,0.0,0.0,1.0,1.0,0.0,0.0,0,1.0,1.0,0.0,0.0,0.0,
0010.jpg,P4,crop seedling,0.5904761904761905,0.0,1.0,0.9523809523809523,1.0,0.0,1.0,1.0,1,0.0,0.0,0.0,1.0,1.0,0.0,0.0,0,1.0,1.0,0.0,0.0,0.0,
0010.jpg,P5,plant body without background,0.5904761904761905,0.0,1.0,0.9523809523809523,1.0,0.0,1.0,1.0,1,0.0,0.0,0.0,1.0,1.0,0.0,0.0,0,1.0,1.0,0.0,0.0,0.0,
0011.jpg,P1,green plant,0.9592531609788075,0.07857001582278478,1.0,0.7305302871222166,0.8910501793682737,0.619729220867157,1.0,0.45778345662407527,1,0.2952772203427211,0.5520821251144971,0.19473684210526315,0.0,0.0,0.6699584497369975,0.04103515625,1,7.377372783250571,0.8910501793682737,0.15493230521678925,0.0,0.008737755683654463,0.894531
0011.jpg,P2,entire plant excluding pot,1.0531906213533335,0.23360431073214571,1.0,0.7695903529583236,0.9278544157779759,0.6404713988304138,1.0,0.39214099156361953,1,0.3388865256935616,0.6298065431878492,0.45939849624060153,0.09721925877550251,0.0,0.6492828388715688,0.10227370273919753,1,5.98785174881614,0.9278544157779759,0.16011784970760345,0.002617001788284555,0.010200412826137954,0.894531
0011.jpg,P3,leaves and stems,0.7816276194363637,0.0787015671393968,1.0,0.7313871548718655,0.0,0.6212489604949951,1.0,0.4530315719508142,1,0.29536008293511223,0.5521480766482298,0.19473684210526315,0.0,0.0,0.6705562452928444,0.04108711902006173,1,7.34529840560828,0.0,0.15531224012374878,0.0,0.008829406707297392,0.820312
0011.jpg,P4,crop seedling,0.5904761904761905,0.0,1.0,0.9523809523809523,1.0,0.0,1.0,1.0,1,0.0,0.0,0.0,1.0,1.0,0.0,0.0,0,1.0,1.0,0.0,0.0,0.0,
0011.jpg,P5,plant body without background,0.781486704426694,0.07847081819424906,1.0,0.7291119614684951,0.0,0.6231773495674133,1.0,0.46153647777400747,1,0.2953346785806624,0.5520323936795478,0.19473684210526315,0.0,0.0,0.6707070921387335,0.040995973186728395,1,7.430629391565949,0.0,0.15579433739185333,0.0,0.008666703917514859,0.396484
0012.jpg,P1,green plant,0.9536772424956304,0.08203186044694477,1.0,0.7386797684188712,0.8429488630462744,0.6362075209617615,1.0,0.3625814432989691,1,0.29370363992086007,0.5514096190586169,0.19312663429211804,0.0,0.0,0.6594747907776295,0.04240258487654321,1,7.075332038414411,0.8429488630462744,0.15905188024044037,0.0,0.01103200418533767,0.875000
0012.jpg,P2,entire plant excluding pot,1.0620366494283031,0.23263308964291285,1.0,0.7725214773054254,0.9263590406290241,0.6786022186279297,1.0,0.33743940906368536,1,0.3400134841872446,0.6235332638524471,0.4534927157265596,0.08090950720432792,0.0,0.6442100516940572,0.10189007040895062,1,5.889247855943772,0.9263590406290241,0.16965055465698242,0.0,0.011853979981470022,0.890625
0012.jpg,P3,leaves and stems,0.9595719908914933,0.0799221558055947,1.0,0.7381487870024837,0.8523566999446118,0.6594304442405701,1.0,0.35399589322381936,1,0.2936003734928412,0.5503992714739059,0.19275308180799403,0.0,0.0,0.662650737515352,0.041569251543209874,1,7.094808461607221,0.8523566999446118,0.16485761106014252,0.0,0.01129956611522309,0.863281
0012.jpg,P4,crop seedling,0.5904761904761905,0.0,1.0,0.9523809523809523,1.0,0.0,1.0,1.0,1,0.0,0.0,0.0,1.0,1.0,0.0,0.0,0,1.0,1.0,0.0,0.0,0.0,
0012.jpg,P5,plant body without background,0.9582752150403813,0.0799758751367401,1.0,0.7351489947448071,0.8486518433758026,0.6597497463226318,1.0,0.3587810712428497,1,0.29356992312438496,0.5504249979170351,0.19275308180799403,0.0,0.0,0.6622561912798373,0.041590470679012344,1,7.205369446152363,0.8486518433758026,0.16493743658065796,0.0,0.011148860184133021,0.490234
0013.jpg,P1,green plant,0.9529366081776254,0.07706740066807316,1.0,0.7433646244082295,0.8282762437407208,0.648080050945282,1.0,0.4349290113452188,1,0.2935789442251643,0.5492324071848061,0.19637462235649547,0.0,0.0,0.6600016968631295,0.040441623263888886,1,6.90469702660576,0.8282762437407208,0.1620200127363205,0.0,0.009196903162721091,0.894531
0013.jpg,P2,entire plant excluding pot,1.0511464329413571,0.22836148714642912,1.0,0.7674485024766039,0.9144720762207588,0.6696057319641113,1.0,0.4109887501545309,1,0.3351688733797765,0.6219838382664223,0.4550604229607251,0.09729979473530961,0.0,0.6475359227419107,0.1002027874228395,1,6.06038051472999,0.9144720762207588,0.16740143299102783,0.0013295280355952557,0.009732626497674228,0.859375
0013.jpg,P3,leaves and stems,0.953067042041461,0.07704939248320042,1.0,0.7441119478532715,0.8271275952753833,0.6492458581924438,1.0,0.4312182577949213,1,0.29356008328060124,0.5492237477503816,0.19599697885196374,0.0,0.0,0.6605231537461422,0.0404345100308642,1,6.877676212160109,0.8271275952753833,0.16231146454811096,0.0,0.009276045083189218,0.781250
0013.jpg,P4,crop seedling,0.5904761904761905,0.0,1.0,0.9523809523809523,1.0,0.0,1.0,1.0,1,0.0,0.0,0.0,1.0,1.0,0.0,0.0,0,1.0,1.0,0.0,0.0,0.0,
0013.jpg,P5,plant body without background,0.3904761904761905,0.0,1.0,0.9523809523809523,0.0,0.0,1.0,1.0,1,0.0,0.0,0.0,1.0,1.0,0.0,0.0,0,1.0,0.0,0.0,0.0,0.0,
0014.jpg,P1,green plant,0.9667807478806614,0.08208283276683848,1.0,0.7460186599084696,0.8536218321273594,0.6778883337974548,1.0,0.5714510759236704,1,0.29485841616063685,0.5499833375143435,0.1982015736230798,0.0,0.0,0.6668796477846228,0.042422718942901234,1,6.8089808939280925,0.8536218321273594,0.1694720834493637,0.0,0.006999724330791682,0.875000
0014.jpg,P2,entire plant excluding pot,1.0614318830128986,0.2368937040943897,1.0,0.7698754989465708,0.9156596464265232,0.6948896050453186,1.0,0.5854010221465077,1,0.3379681921103382,0.6220318970829428,0.45747470962907455,0.09265536460103646,0.0,0.6570818977838573,0.10357301311728395,1,5.97822638513139,0.9156596464265232,0.17372240126132965,0.00052032649032216,0.006832922814745145,0.753906
0014.jpg,P3,leaves and stems,0.9670387650301546,0.08195463890842314,1.0,0.7466570534741246,0.8522450850840053,0.6796385049819946,1.0,0.5686909385113269,1,0.29493970854044516,0.5499236764403816,0.19857624578493818,0.0,0.0,0.6672269754502274,0.04237208236882716,1,6.786059151175085,0.8522450850840053,0.16990962624549866,0.0,0.007033697442886775,0.792969
0014.jpg,P4,crop seedling,0.5904761904761905,0.0,1.0,0.9523809523809523,1.0,0.0,1.0,1.0,1,0.0,0.0,0.0,1.0,1.0,0.0,0.0,0,1.0,1.0,0.0,0.0,0.0,
0014.jpg,P5,plant body without background,0.5904761904761905,0.0,1.0,0.9523809523809523,1.0,0.0,1.0,1.0,1,0.0,0.0,0.0,1.0,1.0,0.0,0.0,0,1.0,1.0,0.0,0.0,0.0,
0015.jpg,P1,green plant,0.9444982791042162,0.0868586644397562,1.0,0.7545062046462746,0.7509474099260813,0.6287391781806946,1.0,1.0,1,0.300287987665655,0.5533399476466843,0.19947897283215482,0.0,0.0,0.7071279087952766,0.0443091724537037,1,6.507402956846913,0.7509474099260813,0.15718479454517365,0.0,0.0,0.859375
0015.jpg,P2,entire plant excluding pot,1.0462265842279224,0.24218597388263796,1.0,0.7742573840037326,0.7971791751883398,0.6861013770103455,1.0,1.0,1,0.3462818022109113,0.627199022134341,0.45999255675474504,0.08701243132534245,0.0,0.7006721364564058,0.10566345968364198,1,5.831203438550072,0.7971791751883398,0.17152534425258636,0.0001711517945265656,0.0,0.863281
0015.jpg,P3,leaves and stems,0.9434193592380364,0.08623722944991408,1.0,0.7422348393010454,0.744387995931814,0.6430903673171997,1.0,1.0,1,0.3002292728380418,0.5530444515528639,0.1987346483066617,0.0,0.0,0.7089147809934033,0.04406370563271605,1,6.945649733760524,0.744387995931814,0.16077259182929993,0.0,0.0,0.738281
0015.jpg,P4,crop seedling,0.5904761904761905,0.0,1.0,0.9523809523809523,1.0,0.0,1.0,1.0,1,0.0,0.0,0.0,1.0,1.0,0.0,0.0,0,1.0,1.0,0.0,0.0,0.0,
0015.jpg,P5,plant body without background,0.5904761904761905,0.0,1.0,0.9523809523809523,1.0,0.0,1.0,1.0,1,0.0,0.0,0.0,1.0,1.0,0.0,0.0,0,1.0,1.0,0.0,0.0,0.0,
0016.jpg,P1,green plant,0.9665516018750395,0.08828619462025311,1.0,0.7460190484812084,0.8719328879441239,0.6114984750747681,1.0,1.0,1,0.30300428065096885,0.5542786817540679,0.20222222222222222,0.0,0.0,0.7260674203704508,0.044873046875,1,6.808966930157125,0.8719328879441239,0.15287461876869202,0.0,0.0,0.863281
0016.jpg,P2,entire plant excluding pot,1.070328064215678,0.2465085486990155,1.0,0.7739059173958834,0.9013264152141235,0.6819005012512207,1.0,1.0,1,0.3495997877036295,0.6298763969437863,0.46370370370370373,0.08753875296577387,0.0,0.7193800799636982,0.1073708767361111,1,5.842934587317817,0.9013264152141235,0.17047512531280518,0.0003525804057369548,0.0,0.894531
0016.jpg,P3,leaves and stems,0.9664939296023187,0.08817020970073453,1.0,0.7466986788462768,0.8692626358916112,0.6138080954551697,1.0,1.0,1,0.3029060056235603,0.5542232648380251,0.20148148148148148,0.0,0.0,0.7266119626358483,0.044827232831790124,1,6.784565938836227,0.8692626358916112,0.15345202386379242,0.0,0.0,0.875000
0016.jpg,P4,crop seedling,0.5904761904761905,0.0,1.0,0.9523809523809523,1.0,0.0,1.0,1.0,1,0.0,0.0,0.0,1.0,1.0,0.0,0.0,0,1.0,1.0,0.0,0.0,0.0,
0016.jpg,P5,plant body without background,0.7922505808195077,0.08748773001640875,1.0,0.7417127538656351,0.0,0.6181984543800354,1.0,1.0,1,0.3027707931670919,0.5538971800373101,0.20148148148148148,0.0,0.0,0.7264011348736665,0.04455765335648148,1,6.964616552384507,0.0,0.15454961359500885,0.0,0.0,0.578125
0017.jpg,P1,green plant,0.9388411565323693,0.09622658325519617,1.0,0.7637486960883594,0.6821657525153717,0.6036645174026489,1.0,1.0,1,0.30968004668005394,0.5612640571479913,0.21132075471698114,0.0,0.0,0.7519989082920036,0.04800950038580247,1,6.18662408516396,0.6821657525153717,0.15091612935066223,0.0,0.0,0.914062
0017.jpg,P2,entire plant excluding pot,1.0550311030968609,0.25391327013986553,1.0,0.7785548852486142,0.8022636431517707,0.7078705430030823,0.7094784598084455,1.0,1,0.3465106347881944,0.6407464057886465,0.4781132075471698,0.12901751896785985,0.0,0.7489427109403544,0.11029574170524692,1,5.688619234099909,0.8022636431517707,0.17696763575077057,0.028189721229027683,0.0,0.386719
0017.jpg,P3,leaves and stems,0.3904761904761905,0.0,1.0,0.9523809523809523,0.0,0.0,1.0,1.0,1,0.0,0.0,0.0,1.0,1.0,0.0,0.0,0,1.0,0.0,0.0,0.0,0.0,
0017.jpg,P4,crop seedling,0.5904761904761905,0.0,1.0,0.9523809523809523,1.0,0.0,1.0,1.0,1,0.0,0.0,0.0,1.0,1.0,0.0,0.0,0,1.0,1.0,0.0,0.0,0.0,
0017.jpg,P5,plant body without background,0.3904761904761905,0.0,1.0,0.9523809523809523,0.0,0.0,1.0,1.0,1,0.0,0.0,0.0,1.0,1.0,0.0,0.0,0,1.0,0.0,0.0,0.0,0.0,
0018.jpg,P1,green plant,0.9178942214259687,0.09591403441944046,1.0,0.7483307971104939,0.5797307254603268,0.570594072341919,1.0,1.0,1,0.3189802955595326,0.5651710702444854,0.22239442076714452,0.0,0.0,0.8113942523587668,0.04788604359567901,1,6.726148485703608,0.5797307254603268,0.14264851808547974,0.0,0.0,0.894531
0018.jpg,P2,entire plant excluding pot,1.026053921306353,0.2463470854821065,1.0,0.7659377387548784,0.6939387853168852,0.720930278301239,0.2774377357314298,1.0,1,0.3406231437353314,0.6460408491965068,0.4901201084850833,0.1819171550298411,0.0,0.8086237349819133,0.1073070987654321,1,6.111782966213866,0.6939387853168852,0.18023256957530975,0.07208824692600849,0.0,0.917969
0018.jpg,P3,leaves and stems,0.8015086350137808,0.09597874179559296,1.0,0.7441406479618844,0.0,0.5723867416381836,1.0,1.0,1,0.31900740873464856,0.5652058556268802,0.22200697404106937,0.0,0.0,0.8122410393784799,0.04791160300925926,1,6.876639590617309,0.0,0.1430966854095459,0.0,0.0,0.656250
0018.jpg,P4,crop seedling,0.5904761904761905,0.0,1.0,0.9523809523809523,1.0,0.0,1.0,1.0,1,0.0,0.0,0.0,1.0,1.0,0.0,0.0,0,1.0,1.0,0.0,0.0,0.0,
0018.jpg,P5,plant body without background,0.5904761904761905,0.0,1.0,0.9523809523809523,1.0,0.0,1.0,1.0,1,0.0,0.0,0.0,1.0,1.0,0.0,0.0,0,1.0,1.0,0.0,0.0,0.0,
0019.jpg,P1,green plant,0.960460531377616,0.09500416324816374,1.0,0.7498977219937177,0.7630071710697792,0.5860076546669006,1.0,1.0,1,0.3216771891819038,0.5615162326201681,0.23007459756576365,0.0,0.0,0.8373308020300754,0.04752664448302469,1,6.670303713987745,0.7630071710697792,0.14650191366672516,0.0,0.0,0.871094
0019.jpg,P2,entire plant excluding pot,1.0537429264973586,0.24540913375136741,1.0,0.7680627082213858,0.8306783518132959,0.7507153153419495,0.20959014166046386,1.0,1,0.3347698246717591,0.6384136691017963,0.49901845308205733,0.20700019729981115,0.0,0.8360177812130344,0.10693660783179013,1,6.039540503553802,0.8306783518132959,0.18767882883548737,0.09542433552242172,0.0,0.929688
0019.jpg,P3,leaves and stems,0.9607248114765763,0.09482286050554767,1.0,0.7471668672773835,0.7643690723673058,0.5891953706741333,1.0,1.0,1,0.32161397731170227,0.5614235381029083,0.23007459756576365,0.0,0.0,0.8370231141384693,0.04745502989969136,1,6.767782239700227,0.7643690723673058,0.14729884266853333,0.0,0.0,0.792969
0019.jpg,P4,crop seedling,0.8076765647129858,0.09715629395217995,1.0,0.7531650133687281,0.0,0.5766405463218689,1.0,1.0,1,0.3222841939844304,0.5626165508713441,0.2308598351001178,0.0,0.0,0.8381363086143876,0.04837673611111111,1,6.554605757036897,0.0,0.14416013658046722,0.0,0.0,0.326172
0019.jpg,P5,plant body without background,0.8079104580588871,0.09388033042272226,1.0,0.7453538694324475,0.0,0.5938960313796997,1.0,1.0,1,0.32128441181191314,0.5609416514542583,0.2292893600314095,0.0,0.0,0.8368274899726902,0.047082730516975306,1,6.832892160644543,0.0,0.14847400784492493,0.0,0.0,0.345703
0020.jpg,P1,green plant,0.9651521256419033,0.0892647410728239,1.0,0.7536284645686806,0.7342100459913605,0.624937891960144,1.0,1.0,1,0.3247438969233015,0.5630283902350244,0.2291749701076126,0.0,0.0,0.8643246572167271,0.045259572723765434,1,6.538275742340058,0.7342100459913605,0.156234472990036,0.0,0.0,0.890625
0020.jpg,P2,entire plant excluding pot,1.0553037485225318,0.23049927234724166,1.0,0.7701999844725884,0.8240830422020522,0.7875920534133911,0.18687104937514631,1.0,1,0.3328288780354771,0.6407181456472414,0.4930251096054205,0.2215382889923472,0.0,0.8629449402767109,0.1010472125771605,1,5.967281749162126,0.8240830422020522,0.19689801335334778,0.10702567394401319,0.0,0.773438
0020.jpg,P3,leaves and stems,0.964403676212843,0.0894609997655883,1.0,0.7535557359556085,0.7314021420521138,0.6236874461174011,1.0,1.0,1,0.3247824114347006,0.5631363474725414,0.2291749701076126,0.0,0.0,0.8643319519994085,0.04533709490740741,1,6.540837055187896,0.7314021420521138,0.15592186152935028,0.0,0.0,0.441406
0020.jpg,P4,crop seedling,0.3904761904761905,0.0,1.0,0.9523809523809523,0.0,0.0,1.0,1.0,1,0.0,0.0,0.0,1.0,1.0,0.0,0.0,0,1.0,0.0,0.0,0.0,0.0,
0020.jpg,P5,plant body without background,0.3904761904761905,0.0,1.0,0.9523809523809523,0.0,0.0,1.0,1.0,1,0.0,0.0,0.0,1.0,1.0,0.0,0.0,0,1.0,0.0,0.0,0.0,0.0,
0021.jpg,P1,green plant,0.9551239145552746,0.07942586243944372,1.0,0.7472427330946866,0.7191914213528309,0.6086320877075195,1.0,1.0,1,0.3242254936363785,0.5586978995974896,0.2241238793806031,0.0,0.0,0.8833893048874859,0.041373215663580244,1,6.765064569006267,0.7191914213528309,0.15215802192687988,0.0,0.0,0.910156
0021.jpg,P2,entire plant excluding pot,1.040860811548942,0.211634935634474,1.0,0.7680085996625585,0.8179276408391231,0.7827432155609131,0.1630327085630283,1.0,1,0.32479793320952816,0.6327882485835505,0.4861450692746536,0.24249247411830932,0.0,0.8856367597134059,0.09359579957561728,1,6.041375068960738,0.8179276408391231,0.19568580389022827,0.12267476984391766,0.0,0.898438
0021.jpg,P3,leaves and stems,0.954264933467991,0.07963738230582895,1.0,0.7444914638950582,0.7192288219785259,0.6061210036277771,1.0,1.0,1,0.32436919910655304,0.5588164359455574,0.2245313773431133,0.0,0.0,0.8836779860384759,0.04145676601080247,1,6.863974900885037,0.7192288219785259,0.15153025090694427,0.0,0.0,0.718750
0021.jpg,P4,crop seedling,0.8104235653232494,0.08244726959290505,1.0,0.7508664797101495,0.0,0.5892402529716492,1.0,1.0,1,0.32591276486830867,0.5603911049503378,0.22819885900570497,0.0,0.0,0.8870008351466352,0.04256667148919753,1,6.635894050990832,0.0,0.1473100632429123,0.0,0.0,0.640625
0021.jpg,P5,plant body without background,0.5904761904761905,0.0,1.0,0.9523809523809523,1.0,0.0,1.0,1.0,1,0.0,0.0,0.0,1.0,1.0,0.0,0.0,0,1.0,1.0,0.0,0.0,0.0,
0022.jpg,P1,green plant,0.9742557288762449,0.06975974029145182,1.0,0.7426545994478417,0.7991870633694822,0.6693397164344788,1.0,1.0,1,0.31806750496759395,0.5482301157626827,0.2043989381873341,0.0,0.0,0.8939515557693491,0.03755509741512346,1,6.930419625583486,0.7991870633694822,0.1673349291086197,0.0,0.0,0.644531;0.894531
0022.jpg,P2,entire plant excluding pot,1.0396387517658958,0.1953765969292076,1.0,0.7665939654904742,0.8764329408702268,0.8213503360748291,0.15875247003029905,1.0,1,0.3076879838929484,0.611952853872335,0.4372392870686386,0.2504681531393229,0.0,0.8994185930707304,0.08717375578703704,1,6.089430520371767,0.8764329408702268,0.20533758401870728,0.12598229177903725,0.0,0.359375;0.933594
0022.jpg,P3,leaves and stems,0.9748153524324242,0.06916363884982024,1.0,0.7432426822499535,0.8000132231769234,0.6725728511810303,1.0,1.0,1,0.3178168733408787,0.5479277262819348,0.20401971937808117,0.0,0.0,0.8931861965414691,0.03731963734567901,1,6.90911121984511,0.8000132231769234,0.16814321279525757,0.0,0.0,0.458984;0.804688
0022.jpg,P4,crop seedling,0.9732388748904743,0.07377800730582906,1.0,0.7458085870794245,0.8053462972828982,0.6417669057846069,1.0,1.0,1,0.3198989153999226,0.5502684964662391,0.20819112627986347,0.0,0.0,0.8983053890636351,0.03914231288580247,1,6.816532212802357,0.8053462972828982,0.16044172644615173,0.0,0.0,0.644531
0022.jpg,P5,plant body without background,0.8152962705834965,0.06878668786138464,1.0,0.7419676565641348,0.0,0.6767693161964417,1.0,1.0,1,0.3177915384591043,0.5477365071274424,0.2043989381873341,0.0,0.0,0.8929195209077935,0.03717074170524692,1,6.955352868903961,0.0,0.1691923290491104,0.0,0.0,0.589844
0023.jpg,P1,green plant,0.9749368990291082,0.06344497187060483,1.0,0.7508410309299643,0.8040807890803547,0.7135992646217346,1.0,1.0,1,0.30854368772857643,0.5450182792716032,0.1705862868499503,0.0,0.0,0.8708175835052427,0.03506076388888889,1,6.636796839976537,0.8040807890803547,0.17839981615543365,0.0,0.0,0.894531;0.660156
0023.jpg,P2,entire plant excluding pot,1.0321345852784791,0.17919242752773867,1.0,0.7680154209992134,0.8423479063567089,0.8704344034194946,0.2244130354690692,1.0,1,0.30013655361784797,0.603723410842729,0.36667770785028153,0.21656194498753786,0.0,0.8779995590610354,0.0807810088734568,1,6.041143775445736,0.8423479063567089,0.21760860085487366,0.0891213826246586,0.0,0.392578;0.937500
0023.jpg,P3,leaves and stems,0.9746366339283883,0.06292090316846388,1.0,0.7475744037926462,0.8046612162211048,0.7161963582038879,1.0,1.0,1,0.30836605765116776,0.54475248058137,0.17025505134150382,0.0,0.0,0.8705678020621758,0.03485375675154321,1,6.753189914655473,0.8046612162211048,0.17904908955097198,0.0,0.0,0.601562
0023.jpg,P4,crop seedling,0.9747284726994313,0.06730238611501793,1.0,0.7556272697892736,0.8120468858635602,0.687946617603302,1.0,1.0,1,0.3101438408252005,0.5469746938593536,0.17290493540907587,0.0,0.0,0.8757980960079315,0.0365844425154321,1,6.46807599410424,0.8120468858635602,0.1719866544008255,0.0,0.0,0.478516
0023.jpg,P5,plant body without background,0.3904761904761905,0.0,1.0,0.9523809523809523,0.0,0.0,1.0,1.0,1,0.0,0.0,0.0,1.0,1.0,0.0,0.0,0,1.0,0.0,0.0,0.0,0.0,
0024.jpg,P1,green plant,0.9472388887177401,0.0621254907993436,1.0,0.760782190384749,0.6797203244841191,0.7226654291152954,1.0,1.0,1,0.30218020176103866,0.5415086646811011,0.16224951519069167,0.0,0.0,0.8344725638832879,0.03453956886574074,1,6.288733165382637,0.6797203244841191,0.18066635727882385,0.0,0.0,0.953125;0.878906
0024.jpg,P2,entire plant excluding pot,1.0227747784363597,0.17549098247773087,1.0,0.7725892025271316,0.764833388930162,0.8858028650283813,0.3962196994790569,1.0,1,0.30303149064367857,0.5953232281609525,0.3526179702650291,0.17672514033223743,0.0,0.8421466823931115,0.0793189380787037,1,5.886978402727089,0.764833388930162,0.22145071625709534,0.050477046008302134,0.0,0.777344;0.554688
0024.jpg,P3,leaves and stems,0.3904761904761905,0.0,1.0,0.9523809523809523,0.0,0.0,1.0,1.0,1,0.0,0.0,0.0,1.0,1.0,0.0,0.0,0,1.0,0.0,0.0,0.0,0.0,
0024.jpg,P4,crop seedling,0.3904761904761905,0.0,1.0,0.9523809523809523,0.0,0.0,1.0,1.0,1,0.0,0.0,0.0,1.0,1.0,0.0,0.0,0,1.0,0.0,0.0,0.0,0.0,
0024.jpg,P5,plant body without background,0.5904761904761905,0.0,1.0,0.9523809523809523,1.0,0.0,1.0,1.0,1,0.0,0.0,0.0,1.0,1.0,0.0,0.0,0,1.0,1.0,0.0,0.0,0.0,
0025.jpg,P1,green plant,0.917534976828457,0.0632029296569776,1.0,0.7560651702255577,0.5844093025301079,0.7186829447746277,1.0,1.0,1,0.2930629073910028,0.5380728419197592,0.13712737127371274,0.0,0.0,0.8005448588981883,0.03496515721450617,1,6.452746122445209,0.5844093025301079,0.17967073619365692,0.0,0.0,0.941406;0.937500
0025.jpg,P2,entire plant excluding pot,1.0166036122467657,0.18252607829348333,1.0,0.7697039229542839,0.7400879625899056,0.8799166083335876,1.0,1.0,1,0.3021566978125135,0.5893946101096283,0.3021680216802168,0.1319241297477649,0.0,0.8105557929603401,0.08209780092592593,1,5.984017235141323,0.7400879625899056,0.2199791520833969,0.015811687167377436,0.0,0.699219;0.515625
0025.jpg,P3,leaves and stems,0.5904761904761905,0.0,1.0,0.9523809523809523,1.0,0.0,1.0,1.0,1,0.0,0.0,0.0,1.0,1.0,0.0,0.0,0,1.0,1.0,0.0,0.0,0.0,
0025.jpg,P4,crop seedling,0.5904761904761905,0.0,1.0,0.9523809523809523,1.0,0.0,1.0,1.0,1,0.0,0.0,0.0,1.0,1.0,0.0,0.0,0,1.0,1.0,0.0,0.0,0.0,
0025.jpg,P5,plant body without background,0.5904761904761905,0.0,1.0,0.9523809523809523,1.0,0.0,1.0,1.0,1,0.0,0.0,0.0,1.0,1.0,0.0,0.0,0,1.0,1.0,0.0,0.0,0.0,
0026.jpg,P1,green plant,0.9337277667579053,0.06363634698781062,1.0,0.744671060394777,0.7621672733003397,0.6389511227607727,1.0,1.0,1,0.2918426060691651,0.5357941276677486,0.13655352480417754,0.0,0.0,0.7973502692070119,0.03513635706018518,1,6.857495965261867,0.7621672733003397,0.15973778069019318,0.0,0.0,0.921875;0.917969
0026.jpg,P2,entire plant excluding pot,1.0404459345047121,0.19318539762072195,1.0,0.7696003364230665,0.8958072633204759,0.818619966506958,1.0,1.0,1,0.30500334173046767,0.587923966387529,0.29973890339425585,0.12076968744543391,0.0,0.8150785711749671,0.08630823206018519,1,5.987514627339706,0.8958072633204759,0.2046549916267395,0.010739305046272045,0.0,0.937500;0.738281
0026.jpg,P3,leaves and stems,0.7829376454127097,0.0626886281059541,1.0,0.7517197227282009,0.0,0.642466127872467,1.0,1.0,1,0.29156274967138535,0.5354127707051038,0.13655352480417754,0.0,0.0,0.7958864545984705,0.03476200810185185,1,6.605660853774613,0.0,0.16061653196811676,0.0,0.0,0.628906;0.574219
0026.jpg,P4,crop seedling,0.7794268114981466,0.06790337113220823,1.0,0.7497095703397504,0.0,0.6137435436248779,1.0,1.0,1,0.2931555144787793,0.5375111551517334,0.1370757180156658,0.0,0.0,0.8035298093285277,0.03682183159722222,1,6.676997054921522,0.0,0.15343588590621948,0.0,0.0,0.357422;0.648438
0026.jpg,P5,plant body without background,0.5904761904761905,0.0,1.0,0.9523809523809523,1.0,0.0,1.0,1.0,1,0.0,0.0,0.0,1.0,1.0,0.0,0.0,0,1.0,1.0,0.0,0.0,0.0,
0027.jpg,P1,green plant,0.8435173947748081,0.07156574757774659,1.0,0.7835323438885443,0.0,1.0,1.0,0.04984320653240687,1,0.27249777648154994,0.5372254451317152,0.15587467362924282,0.0,0.0,0.5641142943218592,0.03826847029320988,1,5.525430004258962,0.0,0.3495796024799347,0.0,0.0802516587170068,0.894531;0.820312
0027.jpg,P2,entire plant excluding pot,1.0054659757635238,0.21284301013830287,1.0,0.7688291980353572,0.8399189338422924,0.7422260046005249,0.38719680428741565,1.0,1,0.2927025464402283,0.591508985432053,0.3114882506527415,0.16816164474502068,0.0,0.8005500984502247,0.09407298900462963,1,6.013580195845051,0.8399189338422924,0.18555650115013123,0.0516533188769658,0.0,0.953125;0.753906
0027.jpg,P3,leaves and stems,0.8476558539437624,0.07761008800203151,1.0,0.7784193839796253,0.0,1.0,1.0,0.04592672795369424,1,0.27644995954743096,0.5395478867692718,0.17754569190600522,0.0,0.0,0.556499746351049,0.04065598476080247,1,5.693090911676844,0.0,0.33504408597946167,0.0,0.0870952532049096,0.625000;0.515625
0027.jpg,P4,crop seedling,0.9240223352901452,0.07149615662603537,1.0,0.7513316180552276,0.783619716615196,0.555398166179657,1.0,1.0,1,0.291653203794922,0.53719870591577,0.14203655352480418,0.0,0.0,0.7806707708993779,0.03824098186728395,1,6.619404161066298,0.783619716615196,0.13884954154491425,0.0,0.0,0.494141
0027.jpg,P5,plant body without background,0.7681052546970865,0.06959034126426,1.0,0.7519457779034922,0.0,0.5636181831359863,1.0,1.0,1,0.29107439423633874,0.5364664266861128,0.14151436031331593,0.0,0.0,0.7783856003980243,0.037488184799382714,1,6.597662474762753,0.0,0.14090454578399658,0.0,0.0,0.312500
0028.jpg,P1,green plant,0.9893241134386563,0.1217966796569776,1.0,0.7581221266871941,0.599098630542542,1.0,1.0,0.05156160573400016,1,0.2935206260613136,0.5549175527430006,0.2199630314232902,0.0,0.0,0.5970613694507116,0.058109688464506176,1,6.380973851000821,0.599098630542542,0.3821585774421692,0.0,0.07757710302187827,0.902344;0.871094
0028.jpg,P2,entire plant excluding pot,0.9394800727629836,0.23715131270511014,1.0,0.7696110148813763,0.6854257135987077,0.6770103573799133,0.132121593903404,1.0,1,0.2656403930499621,0.5979796092300821,0.32981251650382887,0.26726904828356124,0.0,0.7716199133381259,0.10367476851851852,1,5.987154047012558,0.6854257135987077,0.16925258934497833,0.15137570936831332,0.0,0.933594;0.781250
0028.jpg,P3,leaves and stems,0.3904761904761905,0.0,1.0,0.9523809523809523,0.0,0.0,1.0,1.0,1,0.0,0.0,0.0,1.0,1.0,0.0,0.0,0,1.0,0.0,0.0,0.0,0.0,
0028.jpg,P4,crop seedling,0.3904761904761905,0.0,1.0,0.9523809523809523,0.0,0.0,1.0,1.0,1,0.0,0.0,0.0,1.0,1.0,0.0,0.0,0,1.0,0.0,0.0,0.0,0.0,
0028.jpg,P5,plant body without background,0.3904761904761905,0.0,1.0,0.9523809523809523,0.0,0.0,1.0,1.0,1,0.0,0.0,0.0,1.0,1.0,0.0,0.0,0,1.0,0.0,0.0,0.0,0.0,
0029.jpg,P1,green plant,0.7944053246603447,0.13007403500546955,1.0,0.769027290789364,0.7655172536647671,1.0,1.0,0.09158193919769743,1,0.06148160876842456,0.0,0.0,0.00019249505012728244,0.0,0.6153935728346274,0.06137924382716049,1,6.006879391069597,0.7655172536647671,0.37306514382362366,0.0,0.04367673402683931,0.886719;0.855469
0029.jpg,P2,entire plant excluding pot,0.6692115058085019,0.2495687192334739,1.0,0.7720470551604136,0.7894385373246287,0.6242161393165588,0.09644805466014116,1.0,1,-0.017842584398513203,0.0,0.0,0.32423387441525287,0.0,0.7942757792606265,0.10857964409722222,1,5.905156772917758,0.7894385373246287,0.1560540348291397,0.2073655095530439,0.0,0.957031;0.871094
0029.jpg,P3,leaves and stems,0.6409848403572136,0.1327236799695265,1.0,0.7692076110333671,0.0,1.0,1.0,0.08155699940933255,1,0.06059858215663478,0.0,0.0,0.002516488503915718,0.0,0.6135352870780949,0.062425853587962966,1,6.000782770638017,0.0,0.37072476744651794,0.0,0.04904545322865668,0.632812;0.546875
0029.jpg,P4,crop seedling,0.5277386551161111,0.08358148001640886,1.0,0.7498153041091269,0.0,0.42302176356315613,1.0,1.0,1,0.07645494557837275,0.0,0.0,0.0,0.0,0.7645494557837275,0.04301468460648148,1,6.673235249262439,0.0,0.10575544089078903,0.0,0.0,0.511719
0029.jpg,P5,plant body without background,0.5904761904761905,0.0,1.0,0.9523809523809523,1.0,0.0,1.0,1.0,1,0.0,0.0,0.0,1.0,1.0,0.0,0.0,0,1.0,1.0,0.0,0.0,0.0,
0030.jpg,P1,green plant,1.042811185196289,0.12962657739490546,1.0,0.7241921712583748,0.7689914711930934,1.0,1.0,0.07066230512249443,1,0.3182491412270143,0.5857996926586246,0.27586206896551724,1.1819446140753845e-05,0.0,0.6356762221654484,0.061202498070987654,1,7.616979019874639,0.7689914711930934,0.37069445848464966,0.0,0.05660726738345041,0.613281;0.859375;0.726562
0030.jpg,P2,entire plant excluding pot,0.9886331742666721,0.25607577844194396,1.0,0.7709294255915686,0.8929680188868359,0.5848659873008728,0.08604232483259058,1.0,1,0.28766533222242785,0.6558209280141055,0.4589406327763953,0.3509472601803623,0.0,0.8080287157184848,0.1111499324845679,1,5.942711921591403,0.8929680188868359,0.1462164968252182,0.23244374252919445,0.0,0.628906;0.968750;0.781250
0030.jpg,P3,leaves and stems,1.0448560446188844,0.13033225406313487,1.0,0.7274138084050223,0.7747536635318416,1.0,1.0,0.07353810656860625,1,0.3183560994188846,0.586190461059388,0.2755065766086029,1.1765859397980194e-05,0.0,0.6360178401636976,0.06148124035493827,1,7.494666404330954,0.7747536635318416,0.3691171109676361,0.0,0.05439356799686244,0.644531;0.828125;0.652344
0030.jpg,P4,crop seedling,0.9222554020045733,0.08535086048601348,1.0,0.7481965896065732,0.8324396475524048,0.38395851850509644,1.0,1.0,1,0.3122662787745557,0.5612820178252589,0.21258442943476716,0.0,0.0,0.7755237523745702,0.04371358989197531,1,6.730942479324411,0.8324396475524048,0.09598962962627411,0.0,0.0,0.742188
0030.jpg,P5,plant body without background,0.8907691114917018,0.13050684188935768,1.0,0.7197927809398232,0.0,1.0,1.0,0.06983168621550456,1,0.32070918692586564,0.5862871390547326,0.2915037326697476,0.0013398051406207764,0.0,0.6343995791834087,0.0615502025462963,1,7.785774641816055,0.0,0.3702114224433899,0.0,0.05728058732042889,0.404297;0.652344;0.527344
0031.jpg,P1,green plant,1.0150913641062858,0.106344436142366,1.0,0.6895832461706842,0.6771966613141476,1.0,1.0,0.0979971602203669,1,0.3204664953808461,0.5784177880227895,0.30403458213256485,0.00019473338912599482,0.0,0.6335246480574587,0.05200605227623457,1,9.003024813989812,0.6771966613141476,0.3740939795970917,0.0,0.040817509313587984,0.894531;0.425781;0.369141;0.628906;0.648438
0031.jpg,P2,entire plant excluding pot,0.9891793010574661,0.26917993778324734,1.0,0.774465493163254,0.8125494739430829,0.5844763517379761,0.08533291471174809,1.0,1,0.3010450497319542,0.6754033064401775,0.4729827089337176,0.3513056365982453,0.0,0.8490869584929651,0.11632607542438271,1,5.824262251260933,0.8125494739430829,0.14611908793449402,0.23437614978416446,0.0,0.949219;0.691406;0.792969
0031.jpg,P3,leaves and stems,1.0184009710755046,0.1058377651781528,1.0,0.701899843023526,0.6807839672017372,1.0,1.0,0.10892243346007605,1,0.32069665599482144,0.5781160126382077,0.30439481268011526,0.00020246730851130676,0.0,0.6362572548158141,0.05180591724537037,1,8.494093849412142,0.6807839672017372,0.37410902976989746,0.0,0.03672338078515426,0.550781;0.435547;0.406250
0031.jpg,P4,crop seedling,0.9195550178331661,0.0900455027152679,1.0,0.7584924605046371,0.761199886794158,0.3908314108848572,1.0,1.0,1,0.319441165653382,0.568710073844073,0.21613832853025935,0.0,0.0,0.814877406725098,0.04556797357253087,1,6.368093344914307,0.761199886794158,0.0977078527212143,0.0,0.0,0.451172
0031.jpg,P5,plant body without background,0.3904761904761905,0.0,1.0,0.9523809523809523,0.0,0.0,1.0,1.0,1,0.0,0.0,0.0,1.0,1.0,0.0,0.0,0,1.0,0.0,0.0,0.0,0.0,
0032.jpg,P1,green plant,0.7648804095921546,0.08887863338021562,1.0,0.7584524816827447,0.006479997101119693,0.36130017042160034,1.0,1.0,1,0.3218581530750185,0.5734839140511451,0.2128195894850558,0.0,0.0,0.8283125704980768,0.045107060185185184,1,6.369483234634411,0.006479997101119693,0.09032504260540009,0.0,0.0,0.503906;0.882812;0.328125;0.609375;0.355469;0.306641;0.644531;0.429688;0.500000;0.390625
0032.jpg,P2,entire plant excluding pot,1.0105665939199782,0.2714739974019378,1.0,0.7713226365732604,0.9207364773420188,0.5449484586715698,0.0859451910711208,1.0,1,0.30887027992222077,0.6909830302078014,0.473532589124955,0.3491733093644298,0.0,0.8654234611632741,0.11723222897376544,1,5.9294866397978385,0.9207364773420188,0.13623711466789246,0.23270644640780114,0.0,0.949219;0.777344;0.738281;0.660156
0032.jpg,P3,leaves and stems,0.7647807702577271,0.08905596821769035,1.0,0.758406620612783,0.0067683928070807805,0.36022481322288513,1.0,1.0,1,0.3218896112856392,0.5735980280472954,0.2128195894850558,0.0,0.0,0.8282277536177579,0.04517710744598766,1,6.371077804991015,0.0067683928070807805,0.09005620330572128,0.0,0.0,0.785156;0.500000;0.574219;0.363281;0.664062;0.447266;0.310547
0032.jpg,P4,crop seedling,0.9425052755590466,0.08997408042272237,1.0,0.7581082943159461,0.8968352778168236,0.35617756843566895,1.0,1.0,1,0.32228623136081436,0.574188828220136,0.21353979114151964,0.0,0.0,0.8288297907829322,0.04553976176697531,1,6.381455195720209,0.8968352778168236,0.08904439210891724,0.0,0.0,0.464844
0032.jpg,P5,plant body without background,0.7635765559250992,0.08878462455071101,1.0,0.758047944308307,0.0,0.3616514503955841,1.0,1.0,1,0.32187975207417874,0.5734234198845112,0.21317969031328773,0.0,0.0,0.8280921085820799,0.04506992669753086,1,6.383555486387233,0.0,0.09041286259889603,0.0,0.0,0.316406
0033.jpg,P1,green plant,0.6803124342871252,0.19028058583372387,1.0,0.619161932559033,0.45421387897051047,0.6529815196990967,1.0,1.0,1,0.0969848508746523,0.0,0.0,0.0,0.0,0.9698485087465231,0.08516083140432099,1,12.30172746140709,0.45421387897051047,0.16324537992477417,0.0,0.0,0.644531;0.867188;0.421875;0.515625;0.574219;0.585938;0.640625;0.511719
0033.jpg,P2,entire plant excluding pot,0.6186765625185953,0.3847979786880762,1.0,0.6939167322123655,0.6566280529457417,0.16945263743400574,0.13558283384795464,1.0,1,0.03771748226255747,0.0,0.054404145077720206,0.2294119091759554,0.0,0.9674830890135443,0.16199520158179012,1,8.821901925084614,0.6566280529457417,0.042363159358501434,0.14751129942031163,0.0,0.953125;0.388672;0.753906;0.333984;0.765625;0.839844;0.449219
0033.jpg,P3,leaves and stems,0.6795620289629971,0.19066150472730115,1.0,0.6154952699424913,0.4540883021129041,0.6529374718666077,1.0,1.0,1,0.09692551923313629,0.0,0.0,0.0,0.0,0.9692551923313628,0.08531129436728395,1,12.494157106794177,0.4540883021129041,0.16323436796665192,0.0,0.0,0.511719;0.777344;0.410156;0.515625;0.326172;0.667969;0.671875;0.351562
0033.jpg,P4,crop seedling,0.6732404592795734,0.0879901278520081,1.0,0.7586797961135536,0.8037339061995752,0.3119550943374634,1.0,1.0,1,0.08076867437905329,0.0,0.0,0.0,0.0,0.8076867437905328,0.04475610050154321,1,6.361582452113366,0.8037339061995752,0.07798877358436584,0.0,0.0,0.439453
0033.jpg,P5,plant body without background,0.3904761904761905,0.0,1.0,0.9523809523809523,0.0,0.0,1.0,1.0,1,0.0,0.0,0.0,1.0,1.0,0.0,0.0,0,1.0,0.0,0.0,0.0,0.0,
0034.jpg,P1,green plant,0.5937127097513877,0.07875681258790435,1.0,0.7680459190814812,0.47142656438787267,0.2452065795660019,1.0,1.0,1,0.08102553462673572,0.0,0.0,0.0,0.0,0.8102553462673571,0.04110894097222222,1,6.040109716250207,0.47142656438787267,0.06130164489150047,0.0,0.0,0.550781;0.894531;0.410156;0.593750;0.574219
0034.jpg,P2,entire plant excluding pot,0.6286399619160168,0.24474832493358334,1.0,0.7743875115192218,0.6513224878510739,0.4194241464138031,0.1112052334240343,1.0,1,0.010663467772480367,0.0,0.08452950558213716,0.2972400854420723,0.0,0.8462018240031738,0.10667558834876543,1,5.8268627818690755,0.6513224878510739,0.10485603660345078,0.17984765090810456,0.0,0.550781;0.964844;0.322266;0.871094;0.742188;0.347656;0.306641;0.392578
0034.jpg,P3,leaves and stems,0.5936733216412318,0.07891583401703384,1.0,0.7681314061207399,0.47137958359338294,0.24473948776721954,1.0,1.0,1,0.0810400593415565,0.0,0.0,0.0,0.0,0.810400593415565,0.041171754436728394,1,6.037211654975959,0.47137958359338294,0.061184871941804886,0.0,0.0,0.828125;0.742188;0.726562;0.359375
0034.jpg,P4,crop seedling,0.6764245567575856,0.07989224390529759,1.0,0.7680553365729486,0.8889932584862598,0.239618182182312,1.0,1.0,1,0.08111275252822199,0.0,0.0,0.0,0.0,0.8111275252822199,0.04155743634259259,1,6.03979042609052,0.8889932584862598,0.059904545545578,0.0,0.0,0.392578
0034.jpg,P5,plant body without background,0.5904761904761905,0.0,1.0,0.9523809523809523,1.0,0.0,1.0,1.0,1,0.0,0.0,0.0,1.0,1.0,0.0,0.0,0,1.0,1.0,0.0,0.0,0.0,
0035.jpg,P1,green plant,0.887317524048649,0.071004746835443,1.0,0.7714792714002204,0.8227879730142424,0.19682206213474274,1.0,1.0,1,0.3148987133717193,0.5528512008317495,0.21184995737425405,0.0,0.0,0.8326780075324126,0.038046875,1,5.924222129390946,0.8227879730142424,0.049205515533685684,0.0,0.0,0.894531;0.546875;0.617188;0.324219;0.683594;0.527344;0.640625
0035.jpg,P2,entire plant excluding pot,0.9554898137006781,0.21993945587201125,1.0,0.7760026881584311,0.8798443872637166,0.3461976945400238,0.11972955656216475,1.0,1,0.3110929685338415,0.6345712999503603,0.4961636828644501,0.2888060045125938,0.0,0.8632535198939251,0.09687608506944445,1,5.773106595111098,0.8798443872637166,0.08654942363500595,0.1670431309884273,0.0,0.964844;0.437500;0.414062;0.671875;0.429688;0.785156;0.371094;0.699219
0035.jpg,P3,leaves and stems,0.8875482422525933,0.07082985378574769,1.0,0.7711070867971889,0.823934877130593,0.19804179668426514,1.0,1.0,1,0.3147655193730344,0.5527552374565987,0.21142369991474852,0.0,0.0,0.8324492027857011,0.03797779224537037,1,5.9367347835829944,0.823934877130593,0.049510449171066284,0.0,0.0,0.703125;0.320312;0.585938;0.621094
0035.jpg,P4,crop seedling,0.3904761904761905,0.0,1.0,0.9523809523809523,0.0,0.0,1.0,1.0,1,0.0,0.0,0.0,1.0,1.0,0.0,0.0,0,1.0,0.0,0.0,0.0,0.0,
0035.jpg,P5,plant body without background,0.5904761904761905,0.0,1.0,0.9523809523809523,1.0,0.0,1.0,1.0,1,0.0,0.0,0.0,1.0,1.0,0.0,0.0,0,1.0,1.0,0.0,0.0,0.0,
0036.jpg,P1,green plant,0.8263476381681476,0.06408868817393343,1.0,0.7730382821684945,0.5518861307985994,0.16888394951820374,1.0,1.0,1,0.31476822803630133,0.551877303925267,0.20452604611443212,0.0,0.0,0.8479648336186011,0.03531503182870371,1,5.871939930189281,0.5518861307985994,0.042220987379550934,0.0,0.0,0.384766;0.691406;0.699219;0.605469;0.812500;0.914062;0.714844
0036.jpg,P2,entire plant excluding pot,0.9105283875957413,0.20701293659165498,1.0,0.7813111786647052,0.8154707068550623,0.23357373476028442,0.09877090767533901,1.0,1,0.30305467622139987,0.634809049823762,0.5132365499573015,0.32896641784181885,0.0,0.8717885514331458,0.0917701099537037,1,5.597995454488271,0.8154707068550623,0.058393433690071106,0.20248877397927947,0.0,0.609375;0.578125;0.773438;0.824219;0.960938;0.531250;0.750000;0.777344
0036.jpg,P3,leaves and stems,0.8423584979213625,0.07122664429989056,1.0,0.7729016224183415,0.5941627884073927,0.15985994040966034,1.0,1.0,1,0.3227282988143055,0.556019100507904,0.2421007685738685,0.0,0.0,0.8454347529324273,0.03813452449845679,1,5.876514448788131,0.5941627884073927,0.039964985102415085,0.0,0.0,0.507812;0.523438;0.628906;0.636719;0.808594;0.722656;0.382812;0.523438
0036.jpg,P4,crop seedling,0.5904761904761905,0.0,1.0,0.9523809523809523,1.0,0.0,1.0,1.0,1,0.0,0.0,0.0,1.0,1.0,0.0,0.0,0,1.0,1.0,0.0,0.0,0.0,
0036.jpg,P5,plant body without background,0.5904761904761905,0.0,1.0,0.9523809523809523,1.0,0.0,1.0,1.0,1,0.0,0.0,0.0,1.0,1.0,0.0,0.0,0,1.0,1.0,0.0,0.0,0.0,
0037.jpg,P1,green plant,0.6643252334673595,0.05934948331770595,1.0,0.7740393707931216,0.9181459831428552,0.1469079703092575,1.0,1.0,1,0.08463667195477143,0.0,0.0,0.0,0.0,0.8463667195477143,0.033443045910493824,1,5.838478964586702,0.9181459831428552,0.03672699257731438,0.0,0.0,0.789062;0.621094;0.460938;0.796875;0.714844;0.914062;0.386719;0.796875
0037.jpg,P2,entire plant excluding pot,0.6753124550977468,0.18879750498124703,1.0,0.7796613297704975,0.9091884483602545,0.24410291016101837,0.1024924025480685,1.0,1,0.05096241644314335,0.0,0.34673366834170855,0.32717224115786336,0.0,0.8670202848899484,0.0845750144675926,1,5.652163620693149,0.9091884483602545,0.06102572754025459,0.19513641501983608,0.0,0.617188;0.437500;0.734375;0.742188;0.953125;0.365234;0.535156;0.785156
0037.jpg,P3,leaves and stems,0.6547271897630946,0.059679735114861576,1.0,0.7742092248333939,0.8693270391230011,0.14716146886348724,1.0,1.0,1,0.08465169617614586,0.0,0.0,0.0,0.0,0.8465169617614585,0.03357349537037037,1,5.832810251394127,0.8693270391230011,0.03679036721587181,0.0,0.0,0.617188;0.386719;0.609375;0.718750;0.820312;0.761719;0.558594
0037.jpg,P4,crop seedling,0.5904761904761905,0.0,1.0,0.9523809523809523,1.0,0.0,1.0,1.0,1,0.0,0.0,0.0,1.0,1.0,0.0,0.0,0,1.0,1.0,0.0,0.0,0.0,
0037.jpg,P5,plant body without background,0.5904761904761905,0.0,1.0,0.9523809523809523,1.0,0.0,1.0,1.0,1,0.0,0.0,0.0,1.0,1.0,0.0,0.0,0,1.0,1.0,0.0,0.0,0.0,
0038.jpg,P1,green plant,0.6493416083273261,0.061768379336615054,1.0,0.7833256372639303,0.004525411928521699,1.0,1.0,0.042956187895212286,1,0.07941772262151273,0.0,0.16398891966759002,0.0,0.0,0.4989971708134652,0.034398509837962964,1,5.532165741259004,0.004525411928521699,0.4868086278438568,0.0,0.09311813259029493,0.345703;0.722656;0.812500;0.789062;0.906250;0.773438
0038.jpg,P2,entire plant excluding pot,0.6683511002207106,0.17854474331926862,1.0,0.774976470472938,0.8805421053065238,0.22705517709255219,0.12231963152545167,1.0,1,0.056127400982454084,0.0,0.32465373961218835,0.29694658545787744,0.0,0.867737034896234,0.08052517361111111,1,5.807235138113002,0.8805421053065238,0.056763794273138046,0.16350605173167562,0.0,0.707031;0.644531;0.800781;0.964844;0.769531
0038.jpg,P3,leaves and stems,0.6484195303777368,0.06487524906235353,1.0,0.773310404406726,0.0048688253367998105,1.0,1.0,0.04433352087318555,1,0.07980863461656088,0.0,0.16454293628808864,0.0,0.0,0.5019090608470491,0.03562572337962963,1,5.862835784995996,0.0048688253367998105,0.48075997829437256,0.0,0.09022518223720279,0.636719;0.636719;0.785156;0.855469;0.769531;0.339844
0038.jpg,P4,crop seedling,0.4786843640911066,0.05462218217690262,1.0,0.7634689257294508,0.0,0.1506209820508957,1.0,1.0,1,0.08494194609965679,0.0,0.0,0.0,0.0,0.8494194609965678,0.03157576195987654,1,6.196220076529176,0.0,0.03765524551272392,0.0,0.0,0.476562
0038.jpg,P5,plant body without background,0.4778485798725693,0.05368331477574617,1.0,0.7627434315418818,0.0,0.14795969426631927,1.0,1.0,1,0.08497129175577983,0.0,0.0,0.0,0.0,0.8497129175577982,0.031204909336419753,1,6.221136981239035,0.0,0.03698992356657982,0.0,0.0,0.394531;0.304688
0039.jpg,P1,green plant,0.796767838836621,0.07036408276683848,1.0,0.7870366967983963,0.8086294646228196,1.0,1.0,0.043658229170293515,1,0.06356178999901006,0.0,0.07851491174680462,0.001247300439904682,0.0,0.4980329601655663,0.03779381269290123,1,5.411775691474662,0.8086294646228196,0.4942477345466614,0.0,0.09162075686573497,0.466797;0.753906;0.757812;0.789062;0.906250;0.734375
0039.jpg,P2,entire plant excluding pot,0.660536062115958,0.1745823322003438,1.0,0.7764877991425448,0.8821053769805136,0.22682446241378784,0.13958800899431995,1.0,1,0.04853606796851989,0.0,0.24223980523432745,0.27804668008294064,0.0,0.8834690705122314,0.0789600212191358,1,5.757004839078577,0.8821053769805136,0.05670611560344696,0.14327878264109228,0.0,0.636719;0.769531;0.656250;0.707031;0.960938;0.621094
0039.jpg,P3,leaves and stems,0.6042517672531214,0.11370001660415685,1.0,0.6945842196801665,0.008316795522840977,0.8033209443092346,1.0,1.0,1,0.08026737202984158,0.0,0.0,0.0,0.0,0.8026737202984157,0.05491150655864198,1,8.79420440793969,0.008316795522840977,0.20083023607730865,0.0,0.0,0.632812;0.574219;0.507812;0.439453;0.726562;0.593750
0039.jpg,P4,crop seedling,0.3904761904761905,0.0,1.0,0.9523809523809523,0.0,0.0,1.0,1.0,1,0.0,0.0,0.0,1.0,1.0,0.0,0.0,0,1.0,0.0,0.0,0.0,0.0,
0039.jpg,P5,plant body without background,0.3904761904761905,0.0,1.0,0.9523809523809523,0.0,0.0,1.0,1.0,1,0.0,0.0,0.0,1.0,1.0,0.0,0.0,0,1.0,0.0,0.0,0.0,0.0,
0040.jpg,P1,green plant,0.9953552545151988,0.1476881763752148,1.0,0.6705170447284692,0.5446204380714749,1.0,1.0,0.06084785700866858,1,0.32279012268016705,0.5706307274000564,0.39920220926664624,0.012115106745963836,0.0,0.5484750244594018,0.06833682966820988,1,9.827727955967392,0.5446204380714749,0.5004100203514099,1.4114002325281883e-05,0.06573773008029103,0.667969;0.310547;0.683594;0.378906;0.472656;0.910156;0.707031;0.363281
0040.jpg,P2,entire plant excluding pot,0.8319502253722681,0.16904038961165802,1.0,0.7795586046914943,0.6904104139211732,0.19900202751159668,0.12314114154765474,1.0,1,0.2643479382250837,0.5793479642418337,0.31727523780300704,0.30131020825448473,0.0,0.9485967041224608,0.07677095389660493,1,5.655543893220037,0.6904104139211732,0.04975050687789917,0.1624152557677902,0.0,0.546875;0.474609;0.527344;0.478516;0.371094;0.357422;0.929688;0.382812
0040.jpg,P3,leaves and stems,0.9116488034941654,0.1497707161275198,1.0,0.6752516187130516,0.11686992421389415,1.0,1.0,0.06165808566668458,1,0.32327035168327234,0.5714809433496739,0.39920220926664624,0.0119012753732332,0.0,0.5496600645486015,0.06915943287037037,1,9.618588753800541,0.11686992421389415,0.5006065368652344,1.743265764352307e-05,0.06487389215460676,0.554688;0.326172;0.498047;0.337891;0.400391;0.304688;0.699219;0.589844
0040.jpg,P4,crop seedling,0.5904761904761905,0.0,1.0,0.9523809523809523,1.0,0.0,1.0,1.0,1,0.0,0.0,0.0,1.0,1.0,0.0,0.0,0,1.0,1.0,0.0,0.0,0.0,
0040.jpg,P5,plant body without background,0.5904761904761905,0.0,1.0,0.9523809523809523,1.0,0.0,1.0,1.0,1,0.0,0.0,0.0,1.0,1.0,0.0,0.0,0,1.0,1.0,0.0,0.0,0.0,
0041.jpg,P1,green plant,0.8761518668484972,0.061211956946397916,1.0,0.7714396385127177,0.1911519350676822,1.0,0.09555802743789396,0.04374876543209877,1,0.27139116074313774,0.5557845157491904,0.30835881753312944,0.10692365216655143,0.0,0.534390887249232,0.03417872299382716,1,5.925553992219818,0.1911519350676822,0.4670707583427429,0.20929691137668788,0.09143115149633851,0.550781;0.447266;0.617188;0.339844;0.890625;0.314453;0.691406;0.367188;0.484375
0041.jpg,P2,entire plant excluding pot,0.5625271718084818,0.17618048230192218,1.0,0.7673789413665251,0.4405990633941742,0.20022423565387726,0.06954600761657949,1.0,1,0.045650627265182014,0.0,0.4510703363914373,0.4281449098857553,0.0,0.9290143968044987,0.07959129050925925,1,6.06274282740234,0.4405990633941742,0.050056058913469315,0.28757941232606543,0.0,0.953125;0.703125;0.394531;0.843750;0.683594
0041.jpg,P3,leaves and stems,0.8764026926665656,0.06170061972573837,1.0,0.7700986986692427,0.19097375840983258,1.0,0.09604912067919952,0.04223912882435736,1,0.2718480773056028,0.5560995546558067,0.30988786952089703,0.10656171845678428,0.0,0.5340193219934423,0.034371744791666665,1,5.970697047742962,0.19097375840983258,0.46739450097084045,0.20822678915301324,0.09469892280764522,0.722656;0.474609;0.675781;0.574219;0.308594
0041.jpg,P4,crop seedling,0.5904761904761905,0.0,1.0,0.9523809523809523,1.0,0.0,1.0,1.0,1,0.0,0.0,0.0,1.0,1.0,0.0,0.0,0,1.0,1.0,0.0,0.0,0.0,
0041.jpg,P5,plant body without background,0.5904761904761905,0.0,1.0,0.9523809523809523,1.0,0.0,1.0,1.0,1,0.0,0.0,0.0,1.0,1.0,0.0,0.0,0,1.0,1.0,0.0,0.0,0.0,
0042.jpg,P1,green plant,0.9659945326096216,0.05341380244960148,1.0,0.7682583145896554,0.7337071204198541,1.0,0.06405259433083771,0.03587649083765082,1,0.25491868511779947,0.5520497188694079,0.34753735473159936,0.17624436406492908,0.0,0.5201786888129758,0.031098451967592592,1,6.032910572119828,0.7337071204198541,0.4626326560974121,0.312243402612205,0.11149362456046491,0.644531;0.330078;0.597656;0.929688;0.550781;0.605469;0.380859;0.324219
0042.jpg,P2,entire plant excluding pot,0.6303157510900195,0.18062239949601488,1.0,0.7643085928183336,0.8523518710477784,0.1857588142156601,0.06742868278643062,1.0,1,0.033707415574461996,0.0,0.41228555617044826,0.4356105911384807,0.0,0.9017919280532551,0.08134584780092592,1,6.167440989053153,0.8523518710477784,0.046439703553915024,0.2966096796425157,0.0,0.949219;0.679688;0.804688;0.394531;0.337891
0042.jpg,P3,leaves and stems,0.9656504731786086,0.05344463002031563,1.0,0.7684093798838202,0.7293997026055448,1.0,0.06402997481420826,0.03624595287424939,1,0.2553997306766725,0.5520700994248244,0.3503043718871057,0.17682255739331276,0.0,0.5216717615629878,0.03111062885802469,1,6.0277926370757,0.7293997026055448,0.4622829556465149,0.312353707119716,0.11035714839329727,0.683594;0.433594;0.570312;0.357422;0.376953
0042.jpg,P4,crop seedling,0.5904761904761905,0.0,1.0,0.9523809523809523,1.0,0.0,1.0,1.0,1,0.0,0.0,0.0,1.0,1.0,0.0,0.0,0,1.0,1.0,0.0,0.0,0.0,
0042.jpg,P5,plant body without background,0.5904761904761905,0.0,1.0,0.9523809523809523,1.0,0.0,1.0,1.0,1,0.0,0.0,0.0,1.0,1.0,0.0,0.0,0,1.0,1.0,0.0,0.0,0.0,
0043.jpg,P1,green plant,0.734266977494971,0.04768506309579623,1.0,0.7473845163345018,0.0,0.3004337251186371,1.0,1.0,1,0.315166316585184,0.5361992689737632,0.19132057862809146,0.0,0.0,0.9305886829131044,0.028835599922839506,1,6.7599870787913625,0.0,0.07510843127965927,0.0,0.0,0.462891;0.910156;0.335938;0.605469;0.400391;0.832031;0.306641;0.417969;0.371094
0043.jpg,P2,entire plant excluding pot,0.819685584210178,0.16723682411314267,1.0,0.7597609277672634,0.7457688764205704,0.09732326865196228,0.07266256241325493,1.0,1,0.26566760481959034,0.5954814102903673,0.48623425104993,0.4173112893510446,0.0,0.9492033283428782,0.07605854552469135,1,6.32407020294491,0.7457688764205704,0.02433081716299057,0.2752449037821387,0.0,0.957031;0.753906;0.882812;0.498047
0043.jpg,P3,leaves and stems,0.7332452944024566,0.047426538814658525,1.0,0.7455093681051828,0.0,0.29739198088645935,1.0,1.0,1,0.31517971684119633,0.5360710745177573,0.19132057862809146,0.0,0.0,0.9311713660692482,0.028733482831790124,1,6.827295344165594,0.0,0.07434799522161484,0.0,0.0,0.542969;0.425781;0.476562
0043.jpg,P4,crop seedling,0.7367273761708764,0.04872892737146428,1.0,0.7487224533375206,0.0,0.30867472290992737,1.0,1.0,1,0.31550215544709387,0.5367168900357946,0.19225384974335044,0.0,0.0,0.9304555098076268,0.029247926311728394,1,6.712168054861433,0.0,0.07716868072748184,0.0,0.0,0.460938;0.330078
0043.jpg,P5,plant body without background,0.5904761904761905,0.0,1.0,0.9523809523809523,1.0,0.0,1.0,1.0,1,0.0,0.0,0.0,1.0,1.0,0.0,0.0,0,1.0,1.0,0.0,0.0,0.0,
0044.jpg,P1,green plant,0.6482609086065886,0.04025226109548363,1.0,0.7521253698571543,0.30569304439107864,0.5043507218360901,1.0,1.0,1,0.1277766291706273,0.0,0.19245837414299707,6.982525067264992e-05,0.0,0.9315506940008961,0.02589964313271605,1,6.591311504089346,0.30569304439107864,0.12608768045902252,0.0,0.0,0.945312;0.488281;0.574219;0.878906;0.464844
0044.jpg,P2,entire plant excluding pot,0.5731970401151135,0.14602806590873574,1.0,0.7771494322492084,0.6655127710816444,0.1810627579689026,0.0529688060236644,1.0,1,0.01924643467341522,0.0,0.47992164544564153,0.5398860652613053,0.0,0.9482635807159134,0.06768108603395062,1,5.735076383079184,0.6655127710816444,0.04526568949222565,0.3775807215866784,0.0,0.937500;0.707031;0.890625;0.404297
0044.jpg,P3,leaves and stems,0.3904761904761905,0.0,1.0,0.9523809523809523,0.0,0.0,1.0,1.0,1,0.0,0.0,0.0,1.0,1.0,0.0,0.0,0,1.0,0.0,0.0,0.0,0.0,
0044.jpg,P4,crop seedling,0.3904761904761905,0.0,1.0,0.9523809523809523,0.0,0.0,1.0,1.0,1,0.0,0.0,0.0,1.0,1.0,0.0,0.0,0,1.0,0.0,0.0,0.0,0.0,
0044.jpg,P5,plant body without background,0.5904761904761905,0.0,1.0,0.9523809523809523,1.0,0.0,1.0,1.0,1,0.0,0.0,0.0,1.0,1.0,0.0,0.0,0,1.0,1.0,0.0,0.0,0.0,
0045.jpg,P1,green plant,0.7243691755125719,0.0394370092006564,1.0,0.7432622574930164,0.5640265791440168,0.6335026025772095,1.0,1.0,1,0.12832348582959202,0.0,0.19588146659969866,0.01049252654948598,0.0,0.9621257980649205,0.02557761863425926,1,6.908402516574598,0.5640265791440168,0.15837565064430237,0.0,0.0,0.832031;0.937500
0045.jpg,P2,entire plant excluding pot,0.6073900746403602,0.14268251142756672,1.0,0.7721284270948359,0.7496112978560008,0.31705570220947266,0.04607315950278324,1.0,1,0.011094486922785002,0.0,0.4871923656454043,0.5811381635244807,0.0,0.9774131016395641,0.06635959201388889,1,5.9024267183774075,0.7496112978560008,0.07926392555236816,0.4340922180253737,0.0,0.855469;0.925781
0045.jpg,P3,leaves and stems,0.6118147572626089,0.03912446036490069,1.0,0.7440633307210021,0.0,0.6290746927261353,1.0,1.0,1,0.12936226050020133,0.0,0.19588146659969866,0.007346289200339132,0.0,0.9630748327235732,0.025454161844135802,1,6.879432400760661,0.0,0.1572686731815338,0.0,0.0,0.318359
0045.jpg,P4,crop seedling,0.5904761904761905,0.0,1.0,0.9523809523809523,1.0,0.0,1.0,1.0,1,0.0,0.0,0.0,1.0,1.0,0.0,0.0,0,1.0,1.0,0.0,0.0,0.0,
0045.jpg,P5,plant body without background,0.5904761904761905,0.0,1.0,0.9523809523809523,1.0,0.0,1.0,1.0,1,0.0,0.0,0.0,1.0,1.0,0.0,0.0,0,1.0,1.0,0.0,0.0,0.0,
0046.jpg,P1,green plant,0.6884569992888306,0.04403184335443033,1.0,0.7400864308190258,0.4436116906799849,0.7413769960403442,1.0,1.0,1,0.09463560711007364,0.0,0.012186865267433988,0.01057635175282234,0.0,0.9561487688778222,0.027392578125,1,7.023870682059058,0.4436116906799849,0.18534424901008606,0.0,0.0,0.925781
0046.jpg,P2,entire plant excluding pot,0.5763630274614919,0.15493723384513203,1.0,0.7730956006482819,0.570506344098158,0.4550706446170807,0.038790050313308726,1.0,1,-0.014358937180238673,0.0,0.4184157075152336,0.6141427756225839,0.0,0.9456906815379444,0.07120020736882716,1,5.870021745342924,0.570506344098158,0.11376766115427017,0.5155961345360275,0.0,0.921875
0046.jpg,P3,leaves and stems,0.3904761904761905,0.0,1.0,0.9523809523809523,0.0,0.0,1.0,1.0,1,0.0,0.0,0.0,1.0,1.0,0.0,0.0,0,1.0,0.0,0.0,0.0,0.0,
0046.jpg,P4,crop seedling,0.5904761904761905,0.0,1.0,0.9523809523809523,1.0,0.0,1.0,1.0,1,0.0,0.0,0.0,1.0,1.0,0.0,0.0,0,1.0,1.0,0.0,0.0,0.0,
0046.jpg,P5,plant body without background,0.5904761904761905,0.0,1.0,0.9523809523809523,1.0,0.0,1.0,1.0,1,0.0,0.0,0.0,1.0,1.0,0.0,0.0,0,1.0,1.0,0.0,0.0,0.0,
0047.jpg,P1,green plant,0.9606826583741124,0.05003162115174242,1.0,0.7437882270261306,0.6906208765735887,0.6814015507698059,1.0,1.0,1,0.32751420326985886,0.5467080601497158,0.2204724409448819,0.007757370514700521,0.0,0.9880855400178971,0.029762490354938272,1,6.889374251008903,0.6906208765735887,0.17035038769245148,0.0,0.0,0.925781
0047.jpg,P2,entire plant excluding pot,0.8584956439541354,0.1686857199367089,1.0,0.7706620774241263,0.7933541017653167,0.3975675106048584,0.040966993445095426,1.0,1,0.23244176200793332,0.6202614010563815,0.5480314960629922,0.6043246849074979,0.0,0.9800200781911059,0.076630859375,1,5.951711633259976,0.7933541017653167,0.0993918776512146,0.48819789586961754,0.0,0.894531
0047.jpg,P3,leaves and stems,0.8226739981413549,0.050159509786685375,1.0,0.7442838292930088,0.0,0.6817799210548401,1.0,1.0,1,0.32742934611444807,0.5467873379535201,0.2204724409448819,0.008092008686474092,0.0,0.9879634106657954,0.02981300636574074,1,6.871469206845312,0.0,0.17044498026371002,0.0,0.0,0.554688
0047.jpg,P4,crop seedling,0.5904761904761905,0.0,1.0,0.9523809523809523,1.0,0.0,1.0,1.0,1,0.0,0.0,0.0,1.0,1.0,0.0,0.0,0,1.0,1.0,0.0,0.0,0.0,
0047.jpg,P5,plant body without background,0.5904761904761905,0.0,1.0,0.9523809523809523,1.0,0.0,1.0,1.0,1,0.0,0.0,0.0,1.0,1.0,0.0,0.0,0,1.0,1.0,0.0,0.0,0.0,
0048.jpg,P1,green plant,1.0050445334263367,0.05329842797702755,1.0,0.747591037667894,0.9218463062445231,0.6657804846763611,1.0,1.0,1,0.32734128211317554,0.5486152400043035,0.226246719160105,0.013138431075650806,0.0,0.9854306798554571,0.031052879050925925,1,6.752594657086694,0.9218463062445231,0.16644512116909027,0.0,0.0,0.929688
0048.jpg,P2,entire plant excluding pot,0.8984701248221624,0.17310016701828412,1.0,0.772200335717798,0.9634022122076109,0.40532565116882324,0.040472669881303325,1.0,1,0.23566445159965907,0.6227003244602239,0.5559055118110237,0.6006922331441229,0.0,0.9786401585583333,0.07837456597222223,1,5.900014639865469,0.9634022122076109,0.10133141279220581,0.49416062885535406,0.0,0.910156
0048.jpg,P3,leaves and stems,1.0051912312115834,0.053316436161900294,1.0,0.7474475058313893,0.9227297999223147,0.6645717620849609,1.0,1.0,1,0.3275781304114704,0.5486263762190852,0.226246719160105,0.012285346085768407,0.0,0.9852009311170221,0.031059992283950618,1,6.757731939654959,0.9227297999223147,0.16614294052124023,0.0,0.0,0.486328
0048.jpg,P4,crop seedling,0.5904761904761905,0.0,1.0,0.9523809523809523,1.0,0.0,1.0,1.0,1,0.0,0.0,0.0,1.0,1.0,0.0,0.0,0,1.0,1.0,0.0,0.0,0.0,
0048.jpg,P5,plant body without background,0.5904761904761905,0.0,1.0,0.9523809523809523,1.0,0.0,1.0,1.0,1,0.0,0.0,0.0,1.0,1.0,0.0,0.0,0,1.0,1.0,0.0,0.0,0.0,
0049.jpg,P1,green plant,0.819848375818057,0.052972144085013384,1.0,0.7439605017838629,0.03469229608010869,0.6856815218925476,1.0,1.0,1,0.3163870830497506,0.5381996414390215,0.19341749323715057,0.0,0.0,0.9320205976340594,0.03092399691358025,1,6.883147629536985,0.03469229608010869,0.1714203804731369,0.0,0.0,0.925781
0049.jpg,P2,entire plant excluding pot,0.8349141140861633,0.17271589066651039,1.0,0.7690445295680094,0.4083094618008496,0.4027075171470642,0.09778613413715147,1.0,1,0.28435863424967656,0.5966266435410026,0.4715960324616772,0.3411317009113594,0.0,0.9299153344063157,0.07822277681327161,1,6.006296425038582,0.4083094618008496,0.10067687928676605,0.20452797501891923,0.0,0.949219
0049.jpg,P3,leaves and stems,0.8199100083894179,0.05316168786138464,1.0,0.7440269494614145,0.03456585661942787,0.6859365701675415,1.0,1.0,1,0.3163717955674642,0.5382921262237107,0.19341749323715057,0.0,0.0,0.9315440260647835,0.030998866705246913,1,6.880746745097851,0.03456585661942787,0.17148414254188538,0.0,0.0,0.421875
0049.jpg,P4,crop seedling,0.8152308755101428,0.05422966479137359,1.0,0.7441169609462264,0.0,0.6942387223243713,1.0,1.0,1,0.31671380589774856,0.5388132280942862,0.19386834986474302,0.0,0.0,0.9323287308909466,0.031420717592592594,1,6.877495138086632,0.0,0.17355968058109283,0.0,0.0,0.457031
0049.jpg,P5,plant body without background,0.5904761904761905,0.0,1.0,0.9523809523809523,1.0,0.0,1.0,1.0,1,0.0,0.0,0.0,1.0,1.0,0.0,0.0,0,1.0,1.0,0.0,0.0,0.0,
0050.jpg,P1,green plant,0.900878283046703,0.052835403969370254,1.0,0.7412878225862657,0.5762872932934349,0.5815293192863464,1.0,1.0,1,0.31049031521961956,0.5391228229403785,0.18976169461606354,0.0,0.0,0.8764022215959565,0.030869984567901236,1,6.980073583594511,0.5762872932934349,0.1453823298215866,0.0,0.0,0.914062
0050.jpg,P2,entire plant excluding pot,0.8854801254741859,0.1714711893459916,1.0,0.7671624927992278,0.7069255140725844,0.3238736689090729,0.12428827543663493,1.0,1,0.2915935524488106,0.5985119001234889,0.45763459841129744,0.2950818400795368,0.0,0.8826471171541698,0.07773111979166666,1,6.070096215241003,0.7069255140725844,0.08096841722726822,0.1609162242354587,0.0,0.953125
0050.jpg,P3,leaves and stems,0.9011371416826959,0.05284913902562893,1.0,0.7416849374224991,0.5775010681429068,0.5808583498001099,1.0,1.0,1,0.310558442804467,0.5391296987098917,0.19020300088261252,0.0,0.0,0.8762650809713463,0.030875409915123456,1,6.965627843952083,0.5775010681429068,0.14521458745002747,0.0,0.0,0.511719
0050.jpg,P4,crop seedling,0.9038787012723295,0.05590259464369429,1.0,0.7430305340750435,0.5749150069220396,0.5899146199226379,1.0,1.0,1,0.31112615015964645,0.5406582586701162,0.1910856134157105,0.0,0.0,0.875003492102779,0.032081524884259256,1,6.916794240356303,0.5749150069220396,0.14747865498065948,0.0,0.0,0.492188
0050.jpg,P5,plant body without background,0.5904761904761905,0.0,1.0,0.9523809523809523,1.0,0.0,1.0,1.0,1,0.0,0.0,0.0,1.0,1.0,0.0,0.0,0,1.0,1.0,0.0,0.0,0.0,
0051.jpg,P1,green plant,0.682504001504166,0.04549050632911389,1.0,0.741341032738338,0.7426789074691034,0.45077329874038696,1.0,1.0,1,0.08644725244877745,0.0,0.008705114254624592,0.0,0.0,0.8488033188294501,0.02796875,1,6.978137074275712,0.7426789074691034,0.11269332468509674,0.0,0.0,0.890625
0051.jpg,P2,entire plant excluding pot,0.6454273716916645,0.15295114471011084,1.0,0.7660468331258946,0.8420386729647524,0.1843576282262802,0.135823818050743,1.0,1,0.05634851588625686,0.0,0.31610446137105547,0.2892308271809553,0.0,0.8621896099375346,0.07041570216049382,1,6.108064331248448,0.8420386729647524,0.04608940705657005,0.1472495788075116,0.0,0.957031
0051.jpg,P3,leaves and stems,0.6824684484369141,0.045210005957962096,1.0,0.7421614809873929,0.7446352853541142,0.44816985726356506,1.0,1.0,1,0.08643312252430718,0.0,0.008705114254624592,0.0,0.0,0.8486620195847475,0.02785795235339506,1,6.948313153346934,0.7446352853541142,0.11204246431589127,0.0,0.0,0.679688
0051.jpg,P4,crop seedling,0.6797769325174337,0.047936567237068295,1.0,0.7314107207339394,0.7451491546580874,0.44193193316459656,1.0,1.0,1,0.08649125735869537,0.0,0.009793253536452665,0.0,0.0,0.8472847172213389,0.028934944058641974,1,7.344417347247597,0.7451491546580874,0.11048298329114914,0.0,0.0,0.644531
0051.jpg,P5,plant body without background,0.5904761904761905,0.0,1.0,0.9523809523809523,1.0,0.0,1.0,1.0,1,0.0,0.0,0.0,1.0,1.0,0.0,0.0,0,1.0,1.0,0.0,0.0,0.0,
0052.jpg,P1,green plant,0.6619299387040695,0.045503020491482915,1.0,0.7419860617244236,0.7400772519312983,0.3649349510669708,1.0,1.0,1,0.08342968166123432,0.0,0.0,0.0,0.0,0.8342968166123431,0.027973693094135804,1,6.954684234254626,0.7400772519312983,0.0912337377667427,0.0,0.0,0.910156
0052.jpg,P2,entire plant excluding pot,0.6363313367620127,0.15122480075011713,1.0,0.7687703238623246,0.8480811819264332,0.09840290993452072,0.17872813793955875,1.0,1,0.0630354934673336,0.0,0.29896907216494845,0.25220954356846476,0.0,0.8488392354818229,0.0697337962962963,1,6.015572374749607,0.8480811819264332,0.02460072748363018,0.11190179806362378,0.0,0.949219
0052.jpg,P3,leaves and stems,0.6626362230400622,0.04562724644475702,1.0,0.7424395101607818,0.7431580135015702,0.3649498522281647,1.0,1.0,1,0.08340129857300743,0.0,0.0,0.0,0.0,0.8340129857300742,0.028022762345679013,1,6.938221533588407,0.7431580135015702,0.09123746305704117,0.0,0.0,0.484375
0052.jpg,P4,crop seedling,0.6565234223492871,0.04798235075793089,1.0,0.7329490380576634,0.7322596589207696,0.35294798016548157,1.0,1.0,1,0.0832956167689181,0.0,0.0,0.0,0.0,0.8329561676891809,0.028953028549382715,1,7.287026739267697,0.7322596589207696,0.08823699504137039,0.0,0.0,0.671875
0052.jpg,P5,plant body without background,0.5904761904761905,0.0,1.0,0.9523809523809523,1.0,0.0,1.0,1.0,1,0.0,0.0,0.0,1.0,1.0,0.0,0.0,0,1.0,1.0,0.0,0.0,0.0,
0053.jpg,P1,green plant,0.6724562660369586,0.04958202697687142,1.0,0.749571601110047,0.878665533361666,0.2683475911617279,1.0,1.0,1,0.08322291551489618,0.0,0.0,0.0,0.0,0.8322291551489617,0.029584900655864197,1,6.681907332644183,0.878665533361666,0.06708689779043198,0.0,0.0,0.933594
0053.jpg,P2,entire plant excluding pot,0.6560005669748269,0.15473548112986402,1.0,0.7771820629420259,0.9436455227853492,0.06853637099266052,0.20052416887619826,1.0,1,0.06718067940484698,0.0,0.2955159373311723,0.23679187390447906,0.0,0.8502537285657967,0.0711205150462963,1,5.733995872588618,0.9436455227853492,0.01713409274816513,0.09973860064892134,0.0,0.964844
0053.jpg,P3,leaves and stems,0.6722525570318263,0.049846960950929886,1.0,0.7503564278465304,0.8788769654674339,0.2662160396575928,1.0,1.0,1,0.08319327824732893,0.0,0.0,0.0,0.0,0.8319327824732893,0.029689549575617286,1,6.653999696382394,0.8788769654674339,0.0665540099143982,0.0,0.0,0.443359
0053.jpg,P4,crop seedling,0.6719205437937839,0.05198413570479765,1.0,0.7474929194282143,0.8818537560261183,0.2623690366744995,1.0,1.0,1,0.08318057422705788,0.0,0.0,0.0,0.0,0.8318057422705787,0.03053373360339506,1,6.75610628566055,0.8818537560261183,0.06559225916862488,0.0,0.0,0.652344
0053.jpg,P5,plant body without background,0.5904761904761905,0.0,1.0,0.9523809523809523,1.0,0.0,1.0,1.0,1,0.0,0.0,0.0,1.0,1.0,0.0,0.0,0,1.0,1.0,0.0,0.0,0.0,
0054.jpg,P1,green plant,0.8779110589016798,0.05354077541412716,1.0,0.7393417660513957,0.8763520963079948,0.1735222041606903,1.0,1.0,1,0.30935969051483825,0.5461155907212988,0.1884498480243161,0.0,0.0,0.8429826111800681,0.031148606288580245,1,7.05108911513825,0.8763520963079948,0.04338055104017258,0.0,0.0,0.921875
0054.jpg,P2,entire plant excluding pot,0.9021587478642511,0.15920395276605726,1.0,0.777932968456771,0.9109514088427842,0.13123871386051178,0.19411810037568636,1.0,1,0.30629333907902623,0.6079072586820486,0.4381241858445506,0.23900903493884626,0.0,0.8636615556994398,0.0728855613425926,1,5.709155943956349,0.9109514088427842,0.032809678465127945,0.1030300624274244,0.0,0.921875
0054.jpg,P3,leaves and stems,0.3904761904761905,0.0,1.0,0.9523809523809523,0.0,0.0,1.0,1.0,1,0.0,0.0,0.0,1.0,1.0,0.0,0.0,0,1.0,0.0,0.0,0.0,0.0,
0054.jpg,P4,crop seedling,0.8800505651923172,0.0548785698937333,1.0,0.74079884746629,0.8796275721888512,0.17562153935432434,1.0,1.0,1,0.3098652594116774,0.5468979309305868,0.1897524967433782,0.0,0.0,0.84295534172164,0.03167703510802469,1,6.9978821759844845,0.8796275721888512,0.043905384838581085,0.0,0.0,0.400391
0054.jpg,P5,plant body without background,0.5904761904761905,0.0,1.0,0.9523809523809523,1.0,0.0,1.0,1.0,1,0.0,0.0,0.0,1.0,1.0,0.0,0.0,0,1.0,1.0,0.0,0.0,0.0,
0055.jpg,P1,green plant,0.8254557875642643,0.060032268225504004,1.0,0.747525328685015,0.6162093796658745,0.1353749781847,1.0,1.0,1,0.31362739661204553,0.5501437638550016,0.2025766326077299,0.0,0.0,0.8461328539340354,0.03371274594907407,1,6.754946264071551,0.6162093796658745,0.033843744546175,0.0,0.0,0.945312
0055.jpg,P2,entire plant excluding pot,0.8853304922173736,0.16957300457102664,1.0,0.778009442074688,0.7941613719880952,0.21439510583877563,0.12072261821481917,1.0,1,0.2941027073228565,0.6145007285924197,0.4602398933807197,0.30186808746558413,0.0,0.8674469774665531,0.07698133680555555,1,5.706628889575899,0.7941613719880952,0.05359877645969391,0.1656690377971352,0.0,0.945312
0055.jpg,P3,leaves and stems,0.7019848861363652,0.06042966918659165,1.0,0.7466989711960486,0.0,0.13411495089530945,1.0,1.0,1,0.3137361678807753,0.5503772433850156,0.20302087960906265,0.0,0.0,0.8456037436638856,0.0338697193287037,1,6.784555452064399,0.0,0.03352873772382736,0.0,0.0,0.410156
0055.jpg,P4,crop seedling,0.3904761904761905,0.0,1.0,0.9523809523809523,0.0,0.0,1.0,1.0,1,0.0,0.0,0.0,1.0,1.0,0.0,0.0,0,1.0,0.0,0.0,0.0,0.0,
0055.jpg,P5,plant body without background,0.5904761904761905,0.0,1.0,0.9523809523809523,1.0,0.0,1.0,1.0,1,0.0,0.0,0.0,1.0,1.0,0.0,0.0,0,1.0,1.0,0.0,0.0,0.0,
0056.jpg,P1,green plant,0.8433271798645927,0.06357865975152355,1.0,0.7465665167439106,0.6468092103365315,0.16152727603912354,1.0,1.0,1,0.3196308472903748,0.5540820082053515,0.21367134449977365,0.0,0.0,0.8724130240854251,0.03511357060185185,1,6.789307518408917,0.6468092103365315,0.040381819009780884,0.0,0.0,0.933594
0056.jpg,P2,entire plant excluding pot,0.8959272806553695,0.17559750546960462,1.0,0.7772620065454513,0.7839773502674385,0.3055283725261688,0.09209155264556927,1.0,1,0.28745423369363693,0.6222320308783261,0.4798551380715256,0.35450708847067686,0.0,0.8965122457455126,0.07936101466049383,1,5.731349058073996,0.7839773502674385,0.0763820931315422,0.2171751851874358,0.0,0.917969
0056.jpg,P3,leaves and stems,0.8435492459339159,0.06365252383184872,1.0,0.7471100267788694,0.6479545127393119,0.16072091460227966,1.0,1.0,1,0.31966165034345395,0.5541269456327691,0.21367134449977365,0.0,0.0,0.8725637736202548,0.03514274691358025,1,6.769818745746299,0.6479545127393119,0.040180228650569916,0.0,0.0,0.326172
0056.jpg,P4,crop seedling,0.7147090625584145,0.0650400697374589,1.0,0.7484661961368886,0.0,0.15872199833393097,1.0,1.0,1,0.3202634097167589,0.5549711007775661,0.21548211860570393,0.0,0.0,0.8723674309558406,0.035690827546296294,1,6.72131367218374,0.0,0.03968049958348274,0.0,0.0,0.335938
0056.jpg,P5,plant body without background,0.5904761904761905,0.0,1.0,0.9523809523809523,1.0,0.0,1.0,1.0,1,0.0,0.0,0.0,1.0,1.0,0.0,0.0,0,1.0,1.0,0.0,0.0,0.0,
0057.jpg,P1,green plant,0.885452832557019,0.06295539342084688,1.0,0.7473515358381068,0.7733519085415407,0.23058904707431793,1.0,1.0,1,0.3226032555820566,0.5559918158599465,0.2122704881325571,0.0,0.0,0.8979743216721505,0.03486738040123457,1,6.7611679924779775,0.7733519085415407,0.05764726176857948,0.0,0.0,0.910156
0057.jpg,P2,entire plant excluding pot,0.9319014334609754,0.17549586605328948,1.0,0.7745833674414815,0.8336767547580934,0.39368975162506104,0.09873919438107816,1.0,1,0.29641228548539034,0.6273774895878347,0.47783251231527096,0.3384747970494848,0.0,0.9236275102774486,0.07932086709104938,1,5.8203323756638365,0.8336767547580934,0.09842243790626526,0.202553809815494,0.0,0.882812
0057.jpg,P3,leaves and stems,0.3904761904761905,0.0,1.0,0.9523809523809523,0.0,0.0,1.0,1.0,1,0.0,0.0,0.0,1.0,1.0,0.0,0.0,0,1.0,0.0,0.0,0.0,0.0,
0057.jpg,P4,crop seedling,0.3904761904761905,0.0,1.0,0.9523809523809523,0.0,0.0,1.0,1.0,1,0.0,0.0,0.0,1.0,1.0,0.0,0.0,0,1.0,0.0,0.0,0.0,0.0,
0057.jpg,P5,plant body without background,0.5904761904761905,0.0,1.0,0.9523809523809523,1.0,0.0,1.0,1.0,1,0.0,0.0,0.0,1.0,1.0,0.0,0.0,0,1.0,1.0,0.0,0.0,0.0,
0058.jpg,P1,green plant,0.8632848419674534,0.05939160415689948,1.0,0.7520375402919286,0.5826479861264315,0.33266130089759827,1.0,1.0,1,0.31793715567288183,0.5471715559229938,0.202081526452732,0.0,0.0,0.9005243633834228,0.03345968364197531,1,6.594417071568435,0.5826479861264315,0.08316532522439957,0.0,0.0,0.898438
0058.jpg,P2,entire plant excluding pot,0.9540228863467072,0.17103075187529293,1.0,0.773508360091469,0.7801468214229037,0.5080186128616333,0.1452318598455773,1.0,1,0.3074819770964474,0.609340283537887,0.4588031222896791,0.2694399104602901,0.0,0.9246028898413178,0.07755714699074075,1,5.856216987279827,0.7801468214229037,0.12700465321540833,0.13771083026317835,0.0,0.910156
0058.jpg,P3,leaves and stems,0.7462828221496637,0.05893682118299726,1.0,0.7505690005743423,0.0,0.33276131749153137,1.0,1.0,1,0.3178293942998895,0.5469182999692693,0.202081526452732,0.0,0.0,0.9003331454915346,0.03328004436728395,1,6.646450872199379,0.0,0.08319032937288284,0.0,0.0,0.494141
0058.jpg,P4,crop seedling,0.5904761904761905,0.0,1.0,0.9523809523809523,1.0,0.0,1.0,1.0,1,0.0,0.0,0.0,1.0,1.0,0.0,0.0,0,1.0,1.0,0.0,0.0,0.0,
0058.jpg,P5,plant body without background,0.5904761904761905,0.0,1.0,0.9523809523809523,1.0,0.0,1.0,1.0,1,0.0,0.0,0.0,1.0,1.0,0.0,0.0,0,1.0,1.0,0.0,0.0,0.0,
0059.jpg,P1,green plant,0.9139459803753263,0.057396968764650724,1.0,0.7611005911670276,0.7359523003256566,0.4335622787475586,1.0,1.0,1,0.31634355257434765,0.5464699103844927,0.1943613840239214,0.0,0.0,0.9009403481546938,0.032671802662037036,1,6.277735469017521,0.7359523003256566,0.10839056968688965,0.0,0.0,0.921875
0059.jpg,P2,entire plant excluding pot,0.9974900881036327,0.16726612556649467,1.0,0.7767135534775355,0.8621214733931708,0.6016832590103149,0.19562404080177345,1.0,1,0.31593320581412965,0.6081964064627425,0.448526270824434,0.23362326374580794,0.0,0.9241671392751403,0.07607011959876543,1,5.74951848136953,0.8621214733931708,0.15042081475257874,0.10223692301840381,0.0,0.925781
0059.jpg,P3,leaves and stems,0.9140709231402928,0.057227569737458905,1.0,0.7614155021659651,0.737398143938551,0.4328221082687378,1.0,1.0,1,0.3162982583181502,0.5463747389215272,0.1943613840239214,0.0,0.0,0.9008205057130985,0.0326048900462963,1,6.2668673583698835,0.737398143938551,0.10820552706718445,0.0,0.0,0.351562
0059.jpg,P4,crop seedling,0.5904761904761905,0.0,1.0,0.9523809523809523,1.0,0.0,1.0,1.0,1,0.0,0.0,0.0,1.0,1.0,0.0,0.0,0,1.0,1.0,0.0,0.0,0.0,
0059.jpg,P5,plant body without background,0.5904761904761905,0.0,1.0,0.9523809523809523,1.0,0.0,1.0,1.0,1,0.0,0.0,0.0,1.0,1.0,0.0,0.0,0,1.0,1.0,0.0,0.0,0.0,
0060.jpg,P1,green plant,0.9712732849085377,0.05525094253008278,1.0,0.7594875733414103,0.8888386725466865,0.5159412622451782,1.0,1.0,1,0.3273695947758661,0.5607440095252955,0.2179980750721848,0.0,0.0,0.9186953792901941,0.031824122299382716,1,6.333544750454337,0.8888386725466865,0.12898531556129456,0.0,0.0,0.945312
0060.jpg,P2,entire plant excluding pot,1.0448881271084642,0.16125230748945152,1.0,0.7767570414121447,0.9179866689929794,0.6717609763145447,0.21159774989182173,1.0,1,0.33933672826664024,0.6406640276038423,0.49903753609239654,0.2285714753138226,0.0,0.9384900470281083,0.07369466145833334,1,5.748076855074255,0.9179866689929794,0.16794024407863617,0.09451896350610958,0.0,0.937500
0060.jpg,P3,leaves and stems,0.9712064924042496,0.05511145540318796,1.0,0.760905049865391,0.8881321409248591,0.5153000950813293,1.0,1.0,1,0.3273167441492961,0.5606388428257211,0.2179980750721848,0.0,0.0,0.918534956473005,0.031769024884259256,1,6.284488456921306,0.8881321409248591,0.12882502377033234,0.0,0.0,0.376953
0060.jpg,P4,crop seedling,0.5904761904761905,0.0,1.0,0.9523809523809523,1.0,0.0,1.0,1.0,1,0.0,0.0,0.0,1.0,1.0,0.0,0.0,0,1.0,1.0,0.0,0.0,0.0,
0060.jpg,P5,plant body without background,0.5904761904761905,0.0,1.0,0.9523809523809523,1.0,0.0,1.0,1.0,1,0.0,0.0,0.0,1.0,1.0,0.0,0.0,0,1.0,1.0,0.0,0.0,0.0,
0061.jpg,P1,green plant,0.9410625753386469,0.052841203215346244,1.0,0.762575951549874,0.7155765665309677,0.5786588788032532,1.0,1.0,1,0.31913205531875877,0.5426991259641475,0.19583152409900131,0.0,0.0,0.9393768689348693,0.030872275270061728,1,6.226895772613362,0.7155765665309677,0.1446647197008133,0.0,0.0,0.945312
0061.jpg,P2,entire plant excluding pot,1.00633758914255,0.1537685331692451,1.0,0.7769912233038243,0.8465853214912186,0.7130031585693359,0.1728764419039762,1.0,1,0.3082679418358252,0.5978377884438373,0.4429005644811116,0.25482927527636035,0.0,0.9575139685679018,0.07073857060185185,1,5.740316492840828,0.8465853214912186,0.17825078964233398,0.1156895629024396,0.0,0.812500
0061.jpg,P3,leaves and stems,0.3904761904761905,0.0,1.0,0.9523809523809523,0.0,0.0,1.0,1.0,1,0.0,0.0,0.0,1.0,1.0,0.0,0.0,0,1.0,0.0,0.0,0.0,0.0,
0061.jpg,P4,crop seedling,0.5904761904761905,0.0,1.0,0.9523809523809523,1.0,0.0,1.0,1.0,1,0.0,0.0,0.0,1.0,1.0,0.0,0.0,0,1.0,1.0,0.0,0.0,0.0,
0061.jpg,P5,plant body without background,0.5904761904761905,0.0,1.0,0.9523809523809523,1.0,0.0,1.0,1.0,1,0.0,0.0,0.0,1.0,1.0,0.0,0.0,0,1.0,1.0,0.0,0.0,0.0,
0062.jpg,P1,green plant,0.9563607935468795,0.050090834505391424,1.0,0.765633645816534,0.7270340036111245,0.6261559128761292,1.0,1.0,1,0.32257791418504367,0.5398682933976934,0.1926765475152572,0.0,0.0,0.9894223294310466,0.02978587962962963,1,6.122153995296761,0.7270340036111245,0.1565389782190323,0.0,0.0,0.953125
0062.jpg,P2,entire plant excluding pot,0.9976045824456388,0.14660615916549458,1.0,0.7799860753929552,0.7689480930003615,0.7469040751457214,0.17890042877560744,1.0,1,0.3091157019047322,0.5908965331161031,0.43679163034001744,0.25361817110150053,0.0,0.997648731833431,0.06790943287037036,1,5.6414833943337355,0.7689480930003615,0.18672601878643036,0.11179403055028868,0.0,0.832031
0062.jpg,P3,leaves and stems,0.5904761904761905,0.0,1.0,0.9523809523809523,1.0,0.0,1.0,1.0,1,0.0,0.0,0.0,1.0,1.0,0.0,0.0,0,1.0,1.0,0.0,0.0,0.0,
0062.jpg,P4,crop seedling,0.5904761904761905,0.0,1.0,0.9523809523809523,1.0,0.0,1.0,1.0,1,0.0,0.0,0.0,1.0,1.0,0.0,0.0,0,1.0,1.0,0.0,0.0,0.0,
0062.jpg,P5,plant body without background,0.5904761904761905,0.0,1.0,0.9523809523809523,1.0,0.0,1.0,1.0,1,0.0,0.0,0.0,1.0,1.0,0.0,0.0,0,1.0,1.0,0.0,0.0,0.0,
0063.jpg,P1,green plant,0.9668990110784796,0.046687898011407936,1.0,0.7597976075982746,0.769296147181548,0.6612975597381592,1.0,1.0,1,0.3194831685726018,0.5370905577065729,0.19037294015611447,0.0,0.0,0.9723434414720068,0.028441719714506174,1,6.322799387616046,0.769296147181548,0.1653243899345398,0.0,0.0,0.937500
0063.jpg,P2,entire plant excluding pot,1.0084789873803093,0.14263611745975924,1.0,0.7773634410177832,0.8115765430130443,0.7769944071769714,0.20316829124206176,1.0,1,0.3067648856467978,0.586514971468318,0.43148308759757154,0.24207058105153736,0.0,0.9643886418078487,0.06634126639660494,1,5.727991496248502,0.8115765430130443,0.19424860179424286,0.09844055820783228,0.0,0.789062
0063.jpg,P3,leaves and stems,0.5904761904761905,0.0,1.0,0.9523809523809523,1.0,0.0,1.0,1.0,1,0.0,0.0,0.0,1.0,1.0,0.0,0.0,0,1.0,1.0,0.0,0.0,0.0,
0063.jpg,P4,crop seedling,0.5904761904761905,0.0,1.0,0.9523809523809523,1.0,0.0,1.0,1.0,1,0.0,0.0,0.0,1.0,1.0,0.0,0.0,0,1.0,1.0,0.0,0.0,0.0,
0063.jpg,P5,plant body without background,0.5904761904761905,0.0,1.0,0.9523809523809523,1.0,0.0,1.0,1.0,1,0.0,0.0,0.0,1.0,1.0,0.0,0.0,0,1.0,1.0,0.0,0.0,0.0,
0064.jpg,P1,green plant,0.7490582817044625,0.048092841654945984,1.0,0.762800302380811,0.7272750344427525,0.7310060858726501,1.0,1.0,1,0.09522342883423059,0.0,0.0,0.0,0.0,0.9522342883423058,0.028996672453703704,1,6.219182055351952,0.7272750344427525,0.18275152146816254,0.0,0.0,0.953125
0064.jpg,P2,entire plant excluding pot,0.7512655084032431,0.14473239226832313,1.0,0.7758860790710291,0.8399033684791168,0.8345211148262024,0.28572915865322973,1.0,1,0.032256917474308894,0.0,0.0,0.20896955642230075,0.0,0.9494778440099911,0.06716929494598765,1,5.776980074118696,0.8399033684791168,0.2086302787065506,0.06999635631963154,0.0,0.722656
0064.jpg,P3,leaves and stems,0.5904761904761905,0.0,1.0,0.9523809523809523,1.0,0.0,1.0,1.0,1,0.0,0.0,0.0,1.0,1.0,0.0,0.0,0,1.0,1.0,0.0,0.0,0.0,
0064.jpg,P4,crop seedling,0.5904761904761905,0.0,1.0,0.9523809523809523,1.0,0.0,1.0,1.0,1,0.0,0.0,0.0,1.0,1.0,0.0,0.0,0,1.0,1.0,0.0,0.0,0.0,
0064.jpg,P5,plant body without background,0.5904761904761905,0.0,1.0,0.9523809523809523,1.0,0.0,1.0,1.0,1,0.0,0.0,0.0,1.0,1.0,0.0,0.0,0,1.0,1.0,0.0,0.0,0.0,
0065.jpg,P1,green plant,0.9821146593409757,0.04844171208391934,1.0,0.7613966366527818,0.8183576956147893,0.7115880846977234,1.0,1.0,1,0.3141578335311331,0.5360264127798926,0.1895674300254453,0.0,0.0,0.9242645165359052,0.02913447627314815,1,6.267518185952478,0.8183576956147893,0.17789702117443085,0.0,0.0,0.945312
0065.jpg,P2,entire plant excluding pot,1.0370795848453234,0.1476405615135178,1.0,0.7765950957418217,0.8748358789132556,0.8181132078170776,0.284081315486038,1.0,1,0.31364263604818876,0.5844790628985181,0.4312977099236641,0.20472525707791486,0.0,0.9285895337082242,0.06831802179783951,1,5.75344617763203,0.8748358789132556,0.2045283019542694,0.07040237745232125,0.0,0.859375
0065.jpg,P3,leaves and stems,0.5904761904761905,0.0,1.0,0.9523809523809523,1.0,0.0,1.0,1.0,1,0.0,0.0,0.0,1.0,1.0,0.0,0.0,0,1.0,1.0,0.0,0.0,0.0,
0065.jpg,P4,crop seedling,0.5904761904761905,0.0,1.0,0.9523809523809523,1.0,0.0,1.0,1.0,1,0.0,0.0,0.0,1.0,1.0,0.0,0.0,0,1.0,1.0,0.0,0.0,0.0,
0065.jpg,P5,plant body without background,0.5904761904761905,0.0,1.0,0.9523809523809523,1.0,0.0,1.0,1.0,1,0.0,0.0,0.0,1.0,1.0,0.0,0.0,0,1.0,1.0,0.0,0.0,0.0,
0066.jpg,P1,green plant,0.9691359241567297,0.049909836986247846,1.0,0.7623619397060204,0.7517109215470248,0.7169491052627563,1.0,1.0,1,0.31294956345631975,0.5375014074648895,0.19554985023534446,0.0,0.0,0.8962509780124646,0.029714385609567903,1,6.234258241842894,0.7517109215470248,0.1792372763156891,0.0,0.0,0.937500
0066.jpg,P2,entire plant excluding pot,1.0234286178208791,0.153242938349742,1.0,0.7759091187696856,0.8441073284303129,0.8099482655525208,0.19876732807828215,1.0,1,0.30678708760042683,0.5890144702606472,0.4428754813863928,0.2327268500475204,0.0,0.9073249137390568,0.07053096064814815,1,5.776214657346534,0.8441073284303129,0.2024870663881302,0.1006201582189767,0.0,0.781250
0066.jpg,P3,leaves and stems,0.5904761904761905,0.0,1.0,0.9523809523809523,1.0,0.0,1.0,1.0,1,0.0,0.0,0.0,1.0,1.0,0.0,0.0,0,1.0,1.0,0.0,0.0,0.0,
0066.jpg,P4,crop seedling,0.5904761904761905,0.0,1.0,0.9523809523809523,1.0,0.0,1.0,1.0,1,0.0,0.0,0.0,1.0,1.0,0.0,0.0,0,1.0,1.0,0.0,0.0,0.0,
0066.jpg,P5,plant body without background,0.5904761904761905,0.0,1.0,0.9523809523809523,1.0,0.0,1.0,1.0,1,0.0,0.0,0.0,1.0,1.0,0.0,0.0,0,1.0,1.0,0.0,0.0,0.0,
0067.jpg,P1,green plant,0.9548069540897297,0.050829475308642014,1.0,0.760554529872471,0.7217055313121634,0.6908594369888306,1.0,1.0,1,0.3100171593933083,0.5378763517996414,0.19426885798567214,0.0,0.0,0.8679204182601286,0.03007764274691358,1,6.296602300631329,0.7217055313121634,0.17271485924720764,0.0,0.0,0.945312
0067.jpg,P2,entire plant excluding pot,1.0294176204703602,0.1580090028715424,1.0,0.7756207861502455,0.8421241528465289,0.81815105676651,0.24798802642444262,1.0,1,0.3106366207433949,0.5911893711313442,0.44121365360303416,0.21460074222437553,0.0,0.886821058661909,0.07241355613425926,1,5.785796818660558,0.8421241528465289,0.2045377641916275,0.08064905507078436,0.0,0.863281
0067.jpg,P3,leaves and stems,0.5904761904761905,0.0,1.0,0.9523809523809523,1.0,0.0,1.0,1.0,1,0.0,0.0,0.0,1.0,1.0,0.0,0.0,0,1.0,1.0,0.0,0.0,0.0,
0067.jpg,P4,crop seedling,0.5904761904761905,0.0,1.0,0.9523809523809523,1.0,0.0,1.0,1.0,1,0.0,0.0,0.0,1.0,1.0,0.0,0.0,0,1.0,1.0,0.0,0.0,0.0,
0067.jpg,P5,plant body without background,0.5904761904761905,0.0,1.0,0.9523809523809523,1.0,0.0,1.0,1.0,1,0.0,0.0,0.0,1.0,1.0,0.0,0.0,0,1.0,1.0,0.0,0.0,0.0,
0068.jpg,P1,green plant,0.9822311155668592,0.049728229020159276,1.0,0.7576593933786306,0.8800988359073433,0.6711717844009399,1.0,1.0,1,0.3104994670254445,0.5371585809408345,0.19412997903563942,0.0,0.0,0.8755056746973732,0.029642650462962963,1,6.39708578126907,0.8800988359073433,0.16779294610023499,0.0,0.0,0.949219
0068.jpg,P2,entire plant excluding pot,1.046904830482783,0.15949574640568842,1.0,0.7750856049243098,0.9178937158122377,0.8138333559036255,0.26318562145480623,1.0,1,0.3136431458736108,0.591510267470811,0.44067085953878404,0.2084565101783986,0.0,0.8983075059536545,0.07300081983024691,1,5.803601399555188,0.9178937158122377,0.20345833897590637,0.075991993367443,0.0,0.792969
0068.jpg,P3,leaves and stems,0.5904761904761905,0.0,1.0,0.9523809523809523,1.0,0.0,1.0,1.0,1,0.0,0.0,0.0,1.0,1.0,0.0,0.0,0,1.0,1.0,0.0,0.0,0.0,
0068.jpg,P4,crop seedling,0.5904761904761905,0.0,1.0,0.9523809523809523,1.0,0.0,1.0,1.0,1,0.0,0.0,0.0,1.0,1.0,0.0,0.0,0,1.0,1.0,0.0,0.0,0.0,
0068.jpg,P5,plant body without background,0.5904761904761905,0.0,1.0,0.9523809523809523,1.0,0.0,1.0,1.0,1,0.0,0.0,0.0,1.0,1.0,0.0,0.0,0,1.0,1.0,0.0,0.0,0.0,
0069.jpg,P1,green plant,0.9614188352684434,0.048986841205657106,1.0,0.7554721635772014,0.8082098128993396,0.6721892356872559,1.0,1.0,1,0.30444722459455265,0.52803436642348,0.1954792800334868,0.0,0.0,0.8444892594030701,0.029349802276234568,1,6.47351016257028,0.8082098128993396,0.16804730892181396,0.0,0.0,0.921875
0069.jpg,P2,entire plant excluding pot,1.031994881460971,0.160991036197062,1.0,0.7743263417095495,0.8808947396916984,0.8101599216461182,0.27856745162468055,1.0,1,0.30672047361208543,0.5702931459700087,0.4395144411887819,0.1990098247533982,0.0,0.8770822053462114,0.0735914592978395,1,5.8289030382773905,0.8808947396916984,0.20253998041152954,0.07179589676882422,0.0,0.871094
0069.jpg,P3,leaves and stems,0.5904761904761905,0.0,1.0,0.9523809523809523,1.0,0.0,1.0,1.0,1,0.0,0.0,0.0,1.0,1.0,0.0,0.0,0,1.0,1.0,0.0,0.0,0.0,
0069.jpg,P4,crop seedling,0.5904761904761905,0.0,1.0,0.9523809523809523,1.0,0.0,1.0,1.0,1,0.0,0.0,0.0,1.0,1.0,0.0,0.0,0,1.0,1.0,0.0,0.0,0.0,
0069.jpg,P5,plant body without background,0.5904761904761905,0.0,1.0,0.9523809523809523,1.0,0.0,1.0,1.0,1,0.0,0.0,0.0,1.0,1.0,0.0,0.0,0,1.0,1.0,0.0,0.0,0.0,
0070.jpg,P1,green plant,0.9295807948499575,0.04266505264494447,1.0,0.7504331502523545,0.7303603509970157,0.6258988976478577,1.0,1.0,1,0.299709304541523,0.52546582402196,0.18596928185969283,0.0,0.0,0.8232179539909232,0.026852695794753086,1,6.651274658208303,0.7303603509970157,0.15647472441196442,0.0,0.0,0.921875
0070.jpg,P2,entire plant excluding pot,1.0208744493344837,0.15389092778168467,1.0,0.7683623825033041,0.854554183282357,0.7747573852539062,0.47649326408050646,1.0,1,0.3105614735702333,0.5671309566740155,0.42756330427563305,0.16972246587241435,0.0,0.8602098372643825,0.07078691647376543,1,6.029384643793382,0.854554183282357,0.19368934631347656,0.04197331107837209,0.0,0.859375
0070.jpg,P3,leaves and stems,0.5904761904761905,0.0,1.0,0.9523809523809523,1.0,0.0,1.0,1.0,1,0.0,0.0,0.0,1.0,1.0,0.0,0.0,0,1.0,1.0,0.0,0.0,0.0,
0070.jpg,P4,crop seedling,0.5904761904761905,0.0,1.0,0.9523809523809523,1.0,0.0,1.0,1.0,1,0.0,0.0,0.0,1.0,1.0,0.0,0.0,0,1.0,1.0,0.0,0.0,0.0,
0070.jpg,P5,plant body without background,0.5904761904761905,0.0,1.0,0.9523809523809523,1.0,0.0,1.0,1.0,1,0.0,0.0,0.0,1.0,1.0,0.0,0.0,0,1.0,1.0,0.0,0.0,0.0,
0071.jpg,P1,green plant,0.9396485707579011,0.03817491014220964,1.0,0.7493582844484523,0.8443209406082611,0.5716656446456909,1.0,1.0,1,0.29894461478897827,0.5236305394868886,0.18114143920595532,0.0,0.0,0.8306846691149528,0.02507908950617284,1,6.689502758644392,0.8443209406082611,0.14291641116142273,0.0,0.0,0.910156
0071.jpg,P2,entire plant excluding pot,1.0241499257227857,0.1428934208470074,1.0,0.7705554956915047,0.8981975912294335,0.7235673069953918,1.0,1.0,1,0.3171071627701183,0.5626052074522263,0.41397849462365593,0.1368217251190338,0.0,0.867257286652912,0.0664429012345679,1,5.955301223374944,0.8981975912294335,0.18089182674884796,0.013607232028800372,0.0,0.816406
0071.jpg,P3,leaves and stems,0.5904761904761905,0.0,1.0,0.9523809523809523,1.0,0.0,1.0,1.0,1,0.0,0.0,0.0,1.0,1.0,0.0,0.0,0,1.0,1.0,0.0,0.0,0.0,
0071.jpg,P4,crop seedling,0.5904761904761905,0.0,1.0,0.9523809523809523,1.0,0.0,1.0,1.0,1,0.0,0.0,0.0,1.0,1.0,0.0,0.0,0,1.0,1.0,0.0,0.0,0.0,
0071.jpg,P5,plant body without background,0.5904761904761905,0.0,1.0,0.9523809523809523,1.0,0.0,1.0,1.0,1,0.0,0.0,0.0,1.0,1.0,0.0,0.0,0,1.0,1.0,0.0,0.0,0.0,
0072.jpg,P1,green plant,0.9074698204058413,0.03742528129395217,1.0,0.7485500981345301,0.7100375436217191,0.5680408477783203,1.0,1.0,1,0.294659066240137,0.5234360356753104,0.15831517792302105,0.0,0.0,0.8295972172763456,0.02478298611111111,1,6.718318586614601,0.7100375436217191,0.14201021194458008,0.0,0.0,0.921875
0072.jpg,P2,entire plant excluding pot,0.999755158758693,0.13988819053758395,1.0,0.7693198267100166,0.8741573804805655,0.723866879940033,0.5774958655641504,1.0,1,0.29830870322505315,0.5617091934109123,0.35657225853304286,0.1639310642983568,0.0,0.8670679828479314,0.06525583526234568,1,5.996990205659545,0.8741573804805655,0.18096671998500824,0.03463228257134306,0.0,0.750000
0072.jpg,P3,leaves and stems,0.5904761904761905,0.0,1.0,0.9523809523809523,1.0,0.0,1.0,1.0,1,0.0,0.0,0.0,1.0,1.0,0.0,0.0,0,1.0,1.0,0.0,0.0,0.0,
0072.jpg,P4,crop seedling,0.5904761904761905,0.0,1.0,0.9523809523809523,1.0,0.0,1.0,1.0,1,0.0,0.0,0.0,1.0,1.0,0.0,0.0,0,1.0,1.0,0.0,0.0,0.0,
0072.jpg,P5,plant body without background,0.5904761904761905,0.0,1.0,0.9523809523809523,1.0,0.0,1.0,1.0,1,0.0,0.0,0.0,1.0,1.0,0.0,0.0,0,1.0,1.0,0.0,0.0,0.0,
0073.jpg,P1,green plant,0.9247006209200319,0.038188339974996044,1.0,0.7420634042791202,0.7999051353127271,0.5751320719718933,1.0,1.0,1,0.29364283061228463,0.5239534332179756,0.1631768953068592,0.0,0.0,0.8088728783075855,0.025084394290123456,1,6.951874846097638,0.7999051353127271,0.14378301799297333,0.0,0.0,0.937500
0073.jpg,P2,entire plant excluding pot,0.9949458758692726,0.14472445645804033,1.0,0.7694432881942299,0.881605725876081,0.7136608958244324,0.38640749089648,1.0,1,0.2930590025987159,0.5641378905413527,0.36173285198555954,0.18207225593830945,0.0,0.851205043333346,0.06716616030092593,1,5.992818843006681,0.881605725876081,0.1784152239561081,0.05175883095226556,0.0,0.515625
0073.jpg,P3,leaves and stems,0.5904761904761905,0.0,1.0,0.9523809523809523,1.0,0.0,1.0,1.0,1,0.0,0.0,0.0,1.0,1.0,0.0,0.0,0,1.0,1.0,0.0,0.0,0.0,
0073.jpg,P4,crop seedling,0.5904761904761905,0.0,1.0,0.9523809523809523,1.0,0.0,1.0,1.0,1,0.0,0.0,0.0,1.0,1.0,0.0,0.0,0,1.0,1.0,0.0,0.0,0.0,
0073.jpg,P5,plant body without background,0.5904761904761905,0.0,1.0,0.9523809523809523,1.0,0.0,1.0,1.0,1,0.0,0.0,0.0,1.0,1.0,0.0,0.0,0,1.0,1.0,0.0,0.0,0.0,
0074.jpg,P1,green plant,0.9057933338364739,0.038641902055008615,1.0,0.745708296797761,0.6812918706518939,0.6096845865249634,1.0,1.0,1,0.2907280026305484,0.5301188592934445,0.15987124463519314,0.0,0.0,0.7640957784350806,0.025263551311728395,1,6.820138767242489,0.6812918706518939,0.15242114663124084,0.0,0.0,0.941406
0074.jpg,P2,entire plant excluding pot,0.9746985422285387,0.14655213461087668,1.0,0.7729295092853852,0.7618487400244729,0.7076897621154785,0.4442883067697649,1.0,1,0.296894513021296,0.5809352533496461,0.35550786838340487,0.17082141252479616,0.0,0.8082218179734586,0.0678880931712963,1,5.875580838530891,0.7618487400244729,0.17692244052886963,0.045015814495348,0.0,0.535156
0074.jpg,P3,leaves and stems,0.5904761904761905,0.0,1.0,0.9523809523809523,1.0,0.0,1.0,1.0,1,0.0,0.0,0.0,1.0,1.0,0.0,0.0,0,1.0,1.0,0.0,0.0,0.0,
0074.jpg,P4,crop seedling,0.5904761904761905,0.0,1.0,0.9523809523809523,1.0,0.0,1.0,1.0,1,0.0,0.0,0.0,1.0,1.0,0.0,0.0,0,1.0,1.0,0.0,0.0,0.0,
0074.jpg,P5,plant body without background,0.5904761904761905,0.0,1.0,0.9523809523809523,1.0,0.0,1.0,1.0,1,0.0,0.0,0.0,1.0,1.0,0.0,0.0,0,1.0,1.0,0.0,0.0,0.0,
0075.jpg,P1,green plant,0.9168408421473588,0.04200515949757766,1.0,0.7501770970451107,0.7390940445335781,0.6131167411804199,1.0,1.0,1,0.28796223369602153,0.5321270241343408,0.1608832807570978,0.0,0.0,0.7275878471272466,0.02659203800154321,1,6.660371369345249,0.7390940445335781,0.15327918529510498,0.0,0.0,0.941406
0075.jpg,P2,entire plant excluding pot,0.9802508340493835,0.15105753828723234,1.0,0.7731816886956192,0.8096906559147801,0.6923537254333496,0.39663120323975565,1.0,1,0.2949941123831873,0.5841686811147603,0.3536628110760603,0.168576036770661,0.0,0.7744857903052866,0.06966772762345678,1,5.867141310266419,0.8096906559147801,0.1730884313583374,0.05042467621467089,0.0,0.617188
0075.jpg,P3,leaves and stems,0.5904761904761905,0.0,1.0,0.9523809523809523,1.0,0.0,1.0,1.0,1,0.0,0.0,0.0,1.0,1.0,0.0,0.0,0,1.0,1.0,0.0,0.0,0.0,
0075.jpg,P4,crop seedling,0.5904761904761905,0.0,1.0,0.9523809523809523,1.0,0.0,1.0,1.0,1,0.0,0.0,0.0,1.0,1.0,0.0,0.0,0,1.0,1.0,0.0,0.0,0.0,
0075.jpg,P5,plant body without background,0.5904761904761905,0.0,1.0,0.9523809523809523,1.0,0.0,1.0,1.0,1,0.0,0.0,0.0,1.0,1.0,0.0,0.0,0,1.0,1.0,0.0,0.0,0.0,
0076.jpg,P1,green plant,0.8963456995686164,0.04444023236052508,1.0,0.7561136516795245,0.6414526103419541,0.5789958834648132,1.0,1.0,1,0.29214522399925313,0.5357995439823908,0.19870967741935483,0.0,0.0,0.6884764166993247,0.027553891782407407,1,6.451049991723884,0.6414526103419541,0.1447489708662033,0.0,0.0,0.929688
0076.jpg,P2,entire plant excluding pot,0.9643418156788495,0.1523950275433661,1.0,0.7729419756582742,0.7611055279433331,0.6515425443649292,0.2262640629554066,1.0,1,0.2967448005768689,0.5912025819694472,0.4318279569892473,0.20651147133283182,0.0,0.740483060293474,0.07019603587962962,1,5.875163504953975,0.7611055279433331,0.1628856360912323,0.08839229588103752,0.0,0.498047
0076.jpg,P3,leaves and stems,0.5904761904761905,0.0,1.0,0.9523809523809523,1.0,0.0,1.0,1.0,1,0.0,0.0,0.0,1.0,1.0,0.0,0.0,0,1.0,1.0,0.0,0.0,0.0,
0076.jpg,P4,crop seedling,0.5904761904761905,0.0,1.0,0.9523809523809523,1.0,0.0,1.0,1.0,1,0.0,0.0,0.0,1.0,1.0,0.0,0.0,0,1.0,1.0,0.0,0.0,0.0,
0076.jpg,P5,plant body without background,0.5904761904761905,0.0,1.0,0.9523809523809523,1.0,0.0,1.0,1.0,1,0.0,0.0,0.0,1.0,1.0,0.0,0.0,0,1.0,1.0,0.0,0.0,0.0,
0077.jpg,P1,green plant,0.916560523876459,0.045082727769964026,1.0,0.7379979487463441,0.7984427812178109,0.5534970164299011,1.0,1.0,1,0.289556429043655,0.5360012636841889,0.19939446366782007,0.0,0.0,0.6606498329398122,0.027807677469135803,1,7.10034632748575,0.7984427812178109,0.13837425410747528,0.0,0.0,0.914062
0077.jpg,P2,entire plant excluding pot,0.9715930072434589,0.15358997743788094,1.0,0.76805864198174,0.861656394796719,0.623731255531311,0.20970216267463285,1.0,1,0.29018575329392865,0.5914905167494346,0.42993079584775085,0.2193026005333115,0.0,0.7156730933902484,0.07066804108796296,1,6.039678361532563,0.861656394796719,0.15593281388282776,0.09537336069838898,0.0,0.380859
0077.jpg,P3,leaves and stems,0.5904761904761905,0.0,1.0,0.9523809523809523,1.0,0.0,1.0,1.0,1,0.0,0.0,0.0,1.0,1.0,0.0,0.0,0,1.0,1.0,0.0,0.0,0.0,
0077.jpg,P4,crop seedling,0.5904761904761905,0.0,1.0,0.9523809523809523,1.0,0.0,1.0,1.0,1,0.0,0.0,0.0,1.0,1.0,0.0,0.0,0,1.0,1.0,0.0,0.0,0.0,
0077.jpg,P5,plant body without background,0.5904761904761905,0.0,1.0,0.9523809523809523,1.0,0.0,1.0,1.0,1,0.0,0.0,0.0,1.0,1.0,0.0,0.0,0,1.0,1.0,0.0,0.0,0.0,
0078.jpg,P1,green plant,0.6774852369539835,0.04492401156430692,1.0,0.7222291572905455,0.7439631810818585,0.5235584378242493,1.0,1.0,1,0.07055027940179152,0.0,0.028910686628807435,0.0,0.0,0.6534635580860619,0.027744984567901233,1,7.692041782182161,0.7439631810818585,0.13088960945606232,0.0,0.0,0.906250
0078.jpg,P2,entire plant excluding pot,0.3904761904761905,0.0,1.0,0.9523809523809523,0.0,0.0,1.0,1.0,1,0.0,0.0,0.0,1.0,1.0,0.0,0.0,0,1.0,0.0,0.0,0.0,0.0,
0078.jpg,P3,leaves and stems,0.5904761904761905,0.0,1.0,0.9523809523809523,1.0,0.0,1.0,1.0,1,0.0,0.0,0.0,1.0,1.0,0.0,0.0,0,1.0,1.0,0.0,0.0,0.0,
0078.jpg,P4,crop seedling,0.5904761904761905,0.0,1.0,0.9523809523809523,1.0,0.0,1.0,1.0,1,0.0,0.0,0.0,1.0,1.0,0.0,0.0,0,1.0,1.0,0.0,0.0,0.0,
0078.jpg,P5,plant body without background,0.5904761904761905,0.0,1.0,0.9523809523809523,1.0,0.0,1.0,1.0,1,0.0,0.0,0.0,1.0,1.0,0.0,0.0,0,1.0,1.0,0.0,0.0,0.0,
0079.jpg,P1,green plant,0.8935388153931734,0.04470211409985936,1.0,0.7207709587829302,0.8642755140126251,0.40435460209846497,1.0,1.0,1,0.2867181775943975,0.5341909144375351,0.18958155422715628,0.0,0.0,0.6562667778037208,0.027657335069444445,1,7.748065812434137,0.8642755140126251,0.10108865052461624,0.0,0.0,0.878906
0079.jpg,P2,entire plant excluding pot,0.7757847291291431,0.15215176443584932,1.0,0.7615908981241866,0.0,0.4628283977508545,0.3018648599537938,1.0,1,0.30047051706696504,0.5866598781950256,0.42485055508112723,0.17455201509363868,0.0,0.7103206431219475,0.0700999469521605,1,6.260818044517594,0.0,0.11570709943771362,0.06625481350516049,0.0,0.617188
0079.jpg,P3,leaves and stems,0.7221643250134875,0.04448082708235668,1.0,0.7213217006570279,0.0,0.4115065336227417,1.0,1.0,1,0.2867025127410623,0.5340828573106384,0.19000853970964987,0.0,0.0,0.655719755346019,0.027569926697530864,1,7.726879673497505,0.0,0.10287663340568542,0.0,0.0,0.386719
0079.jpg,P4,crop seedling,0.5904761904761905,0.0,1.0,0.9523809523809523,1.0,0.0,1.0,1.0,1,0.0,0.0,0.0,1.0,1.0,0.0,0.0,0,1.0,1.0,0.0,0.0,0.0,
0079.jpg,P5,plant body without background,0.5904761904761905,0.0,1.0,0.9523809523809523,1.0,0.0,1.0,1.0,1,0.0,0.0,0.0,1.0,1.0,0.0,0.0,0,1.0,1.0,0.0,0.0,0.0,
0080.jpg,P1,green plant,0.8445739600282272,0.04455713295046093,1.0,0.7311327301254184,0.731659582506848,0.2810215651988983,1.0,1.0,1,0.2868997578719019,0.5273478555576023,0.18344709897610922,0.0,0.0,0.6930753061104142,0.0276000675154321,1,7.354814216249362,0.731659582506848,0.07025539129972458,0.0,0.0,0.871094
0080.jpg,P2,entire plant excluding pot,0.9309309239494447,0.1486954138341927,1.0,0.7681879320914773,0.8100610819970009,0.3466399610042572,0.35329553200718844,1.0,1,0.316214046164059,0.5681065845535733,0.420221843003413,0.10813119504378957,0.0,0.7417616834283083,0.06873468846450617,1,6.035295745336396,0.8100610819970009,0.0866599902510643,0.05660982998107393,0.0,0.460938
0080.jpg,P3,leaves and stems,0.3904761904761905,0.0,1.0,0.9523809523809523,0.0,0.0,1.0,1.0,1,0.0,0.0,0.0,1.0,1.0,0.0,0.0,0,1.0,0.0,0.0,0.0,0.0,
0080.jpg,P4,crop seedling,0.5904761904761905,0.0,1.0,0.9523809523809523,1.0,0.0,1.0,1.0,1,0.0,0.0,0.0,1.0,1.0,0.0,0.0,0,1.0,1.0,0.0,0.0,0.0,
0080.jpg,P5,plant body without background,0.5904761904761905,0.0,1.0,0.9523809523809523,1.0,0.0,1.0,1.0,1,0.0,0.0,0.0,1.0,1.0,0.0,0.0,0,1.0,1.0,0.0,0.0,0.0,
0081.jpg,P1,green plant,0.7676401439307541,0.03994795329348333,1.0,0.7256800596909024,0.47315552361368973,0.13452452421188354,1.0,1.0,1,0.29297853176876226,0.5263902375929783,0.18217734855136083,0.0,0.0,0.759500258719749,0.025779441550925927,1,7.560354915248515,0.47315552361368973,0.033631131052970886,0.0,0.0,0.816406
0081.jpg,P2,entire plant excluding pot,0.8766337619663725,0.13696994891779957,1.0,0.7656386735015406,0.6506442667673403,0.22055846452713013,0.23285830030437735,1.0,1,0.3218714912236105,0.5656219345608502,0.4161545215100966,0.10547924851936347,0.0,0.806397748113046,0.06410312982253086,1,6.1219824601241974,0.6506442667673403,0.05513961613178253,0.0858891436287961,0.0,0.332031
0081.jpg,P3,leaves and stems,0.673856437908464,0.04032276771761212,1.0,0.7277883760660856,0.0,0.1354406774044037,1.0,1.0,1,0.2931460736708436,0.5265417971008196,0.18305531167690958,0.0,0.0,0.7590648858371303,0.02592749324845679,1,7.480515844600318,0.0,0.03386016935110092,0.0,0.0,0.332031
0081.jpg,P4,crop seedling,0.5904761904761905,0.0,1.0,0.9523809523809523,1.0,0.0,1.0,1.0,1,0.0,0.0,0.0,1.0,1.0,0.0,0.0,0,1.0,1.0,0.0,0.0,0.0,
0081.jpg,P5,plant body without background,0.5904761904761905,0.0,1.0,0.9523809523809523,1.0,0.0,1.0,1.0,1,0.0,0.0,0.0,1.0,1.0,0.0,0.0,0,1.0,1.0,0.0,0.0,0.0,
0082.jpg,P1,green plant,0.7878210567905806,0.03563728219253004,1.0,0.7097503077266137,0.5873747648842654,0.12109662592411041,1.0,1.0,1,0.2970492606450766,0.5256065104766379,0.17889087656529518,0.0,0.0,0.8088662419650021,0.024076726466049383,1,8.178924027608497,0.5873747648842654,0.030274156481027603,0.0,0.0,0.882812
0082.jpg,P2,entire plant excluding pot,0.8709448426489368,0.1288818321222065,1.0,0.7556004644805131,0.7470262164712226,0.1594746857881546,0.194101623283066,1.0,1,0.31274820287651733,0.564778309079411,0.41323792486583183,0.14736400381632547,0.0,0.8490216936777141,0.06090832368827161,1,6.469014962491199,0.7470262164712226,0.03986867144703865,0.10303880854635213,0.0,0.679688
0082.jpg,P3,leaves and stems,0.7885538633062719,0.036122282290201535,1.0,0.712597423815341,0.5858488517808919,0.12153906375169754,1.0,1.0,1,0.2973323389786455,0.5258102577858655,0.17978533094812166,0.0,0.0,0.8093738918293071,0.02426830150462963,1,8.066337782863922,0.5858488517808919,0.030384765937924385,0.0,0.0,0.333984;0.734375;0.310547
0082.jpg,P4,crop seedling,0.5904761904761905,0.0,1.0,0.9523809523809523,1.0,0.0,1.0,1.0,1,0.0,0.0,0.0,1.0,1.0,0.0,0.0,0,1.0,1.0,0.0,0.0,0.0,
0082.jpg,P5,plant body without background,0.5904761904761905,0.0,1.0,0.9523809523809523,1.0,0.0,1.0,1.0,1,0.0,0.0,0.0,1.0,1.0,0.0,0.0,0,1.0,1.0,0.0,0.0,0.0,
0083.jpg,P1,green plant,0.847545614221956,0.034266828801375215,1.0,0.7092762021596142,0.8611514317492035,0.15273678302764893,1.0,1.0,1,0.29605936507438757,0.5247011058885993,0.17967008470798038,0.0,0.0,0.8007336276594132,0.02353539737654321,1,8.19775982770001,0.8611514317492035,0.03818419575691223,0.0,0.0,0.878906
0083.jpg,P2,entire plant excluding pot,0.9077064474425485,0.12562174021331451,1.0,0.7420512932010737,0.9164478098341801,0.15998801589012146,0.2094567864630763,1.0,1,0.31888467561481065,0.5625735957866957,0.40793580026749887,0.11818805015803299,0.0,0.8401188808872725,0.05962058738425926,1,6.952314729785938,0.9164478098341801,0.039997003972530365,0.09548508949136228,0.0,0.753906
0083.jpg,P3,leaves and stems,0.848642548373039,0.03469414166275986,1.0,0.71321011654325,0.862257625183112,0.1537127047777176,1.0,1.0,1,0.29586763073967115,0.5248782545692339,0.17788675880517166,0.0,0.0,0.801406250555084,0.023704185956790122,1,8.042227018504688,0.862257625183112,0.0384281761944294,0.0,0.0,0.726562;0.308594;0.328125
0083.jpg,P4,crop seedling,0.5904761904761905,0.0,1.0,0.9523809523809523,1.0,0.0,1.0,1.0,1,0.0,0.0,0.0,1.0,1.0,0.0,0.0,0,1.0,1.0,0.0,0.0,0.0,
0083.jpg,P5,plant body without background,0.5904761904761905,0.0,1.0,0.9523809523809523,1.0,0.0,1.0,1.0,1,0.0,0.0,0.0,1.0,1.0,0.0,0.0,0,1.0,1.0,0.0,0.0,0.0,
0084.jpg,P1,green plant,0.5648648279265889,0.0348299661079855,1.0,0.7212072693441004,0.5055999078836263,0.12817762792110443,1.0,1.0,1,0.08690187367522562,0.0,0.05390702274975272,0.0,0.0,0.7719860958027012,0.02375783661265432,1,7.73127899582728,0.5055999078836263,0.03204440698027611,0.0,0.0,0.894531
0084.jpg,P2,entire plant excluding pot,0.3904761904761905,0.0,1.0,0.9523809523809523,0.0,0.0,1.0,1.0,1,0.0,0.0,0.0,1.0,1.0,0.0,0.0,0,1.0,0.0,0.0,0.0,0.0,
0084.jpg,P3,leaves and stems,0.3904761904761905,0.0,1.0,0.9523809523809523,0.0,0.0,1.0,1.0,1,0.0,0.0,0.0,1.0,1.0,0.0,0.0,0,1.0,0.0,0.0,0.0,0.0,
0084.jpg,P4,crop seedling,0.5904761904761905,0.0,1.0,0.9523809523809523,1.0,0.0,1.0,1.0,1,0.0,0.0,0.0,1.0,1.0,0.0,0.0,0,1.0,1.0,0.0,0.0,0.0,
0084.jpg,P5,plant body without background,0.5904761904761905,0.0,1.0,0.9523809523809523,1.0,0.0,1.0,1.0,1,0.0,0.0,0.0,1.0,1.0,0.0,0.0,0,1.0,1.0,0.0,0.0,0.0,
0085.jpg,P1,green plant,0.6082882590030327,0.03729800310595399,1.0,0.7201583665282022,0.7110015442405783,0.14484603703022003,1.0,1.0,1,0.08562746882204186,0.0,0.06765432098765432,0.0,0.0,0.7344969104426409,0.02473271122685185,1,7.771669301597677,0.7110015442405783,0.03621150925755501,0.0,0.0,0.855469
0085.jpg,P2,entire plant excluding pot,0.5904761904761905,0.0,1.0,0.9523809523809523,1.0,0.0,1.0,1.0,1,0.0,0.0,0.0,1.0,1.0,0.0,0.0,0,1.0,1.0,0.0,0.0,0.0,
0085.jpg,P3,leaves and stems,0.5904761904761905,0.0,1.0,0.9523809523809523,1.0,0.0,1.0,1.0,1,0.0,0.0,0.0,1.0,1.0,0.0,0.0,0,1.0,1.0,0.0,0.0,0.0,
0085.jpg,P4,crop seedling,0.5904761904761905,0.0,1.0,0.9523809523809523,1.0,0.0,1.0,1.0,1,0.0,0.0,0.0,1.0,1.0,0.0,0.0,0,1.0,1.0,0.0,0.0,0.0,
0085.jpg,P5,plant body without background,0.5904761904761905,0.0,1.0,0.9523809523809523,1.0,0.0,1.0,1.0,1,0.0,0.0,0.0,1.0,1.0,0.0,0.0,0,1.0,1.0,0.0,0.0,0.0,
0086.jpg,P1,green plant,0.5777849074278081,0.038316228609938996,1.0,0.735145189919327,0.5552622673434856,0.13688890635967255,1.0,1.0,1,0.08466238898132322,0.0,0.0653314258464473,0.0,0.0,0.7290273232896272,0.025134910300925926,1,7.2055102505598265,0.5552622673434856,0.03422222658991814,0.0,0.0,0.320312;0.882812
0086.jpg,P2,entire plant excluding pot,0.5904761904761905,0.0,1.0,0.9523809523809523,1.0,0.0,1.0,1.0,1,0.0,0.0,0.0,1.0,1.0,0.0,0.0,0,1.0,1.0,0.0,0.0,0.0,
0086.jpg,P3,leaves and stems,0.5904761904761905,0.0,1.0,0.9523809523809523,1.0,0.0,1.0,1.0,1,0.0,0.0,0.0,1.0,1.0,0.0,0.0,0,1.0,1.0,0.0,0.0,0.0,
0086.jpg,P4,crop seedling,0.5904761904761905,0.0,1.0,0.9523809523809523,1.0,0.0,1.0,1.0,1,0.0,0.0,0.0,1.0,1.0,0.0,0.0,0,1.0,1.0,0.0,0.0,0.0,
0086.jpg,P5,plant body without background,0.5904761904761905,0.0,1.0,0.9523809523809523,1.0,0.0,1.0,1.0,1,0.0,0.0,0.0,1.0,1.0,0.0,0.0,0,1.0,1.0,0.0,0.0,0.0,
0087.jpg,P1,green plant,0.5588829004351197,0.03551641369745262,1.0,0.7309209290901028,0.4951199659754202,0.12489009648561478,1.0,1.0,1,0.08159341938540154,0.0,0.059474412171507604,0.0,0.0,0.7088802519453017,0.024028983410493827,1,7.362740898522748,0.4951199659754202,0.031222524121403694,0.0,0.0,0.474609;0.867188
0087.jpg,P2,entire plant excluding pot,0.5160746639480218,0.11843159087357402,1.0,0.749594560234634,0.0,0.1278066188097,1.0,1.0,1,0.1169081099644402,0.0,0.28769017980636236,0.0325717683030406,0.0,0.7489540809020716,0.05678047839506173,1,6.6810900998797385,0.0,0.031951654702425,0.0,0.0,0.419922
0087.jpg,P3,leaves and stems,0.4577670195387242,0.03514037837943429,1.0,0.7291143000070822,0.0,0.11717632412910461,1.0,1.0,1,0.08148081903559994,0.0,0.059474412171507604,0.0,0.0,0.7077542484472856,0.023880449459876545,1,7.430541411416197,0.0,0.029294081032276154,0.0,0.0,0.625000
0087.jpg,P4,crop seedling,0.5904761904761905,0.0,1.0,0.9523809523809523,1.0,0.0,1.0,1.0,1,0.0,0.0,0.0,1.0,1.0,0.0,0.0,0,1.0,1.0,0.0,0.0,0.0,
0087.jpg,P5,plant body without background,0.5904761904761905,0.0,1.0,0.9523809523809523,1.0,0.0,1.0,1.0,1,0.0,0.0,0.0,1.0,1.0,0.0,0.0,0,1.0,1.0,0.0,0.0,0.0,
0088.jpg,P1,green plant,0.5836666900106569,0.036136627793405096,1.0,0.7380571458456617,0.6492429793435038,0.09844038635492325,1.0,1.0,1,0.07929126214315813,0.0,0.06458897922312556,0.0,0.0,0.6766524588299552,0.024273967978395063,1,7.098172699194058,0.6492429793435038,0.024610096588730812,0.0,0.0,0.326172;0.886719;0.773438
0088.jpg,P2,entire plant excluding pot,0.3904761904761905,0.0,1.0,0.9523809523809523,0.0,0.0,1.0,1.0,1,0.0,0.0,0.0,1.0,1.0,0.0,0.0,0,1.0,0.0,0.0,0.0,0.0,
0088.jpg,P3,leaves and stems,0.3904761904761905,0.0,1.0,0.9523809523809523,0.0,0.0,1.0,1.0,1,0.0,0.0,0.0,1.0,1.0,0.0,0.0,0,1.0,0.0,0.0,0.0,0.0,
0088.jpg,P4,crop seedling,0.5904761904761905,0.0,1.0,0.9523809523809523,1.0,0.0,1.0,1.0,1,0.0,0.0,0.0,1.0,1.0,0.0,0.0,0,1.0,1.0,0.0,0.0,0.0,
0088.jpg,P5,plant body without background,0.5904761904761905,0.0,1.0,0.9523809523809523,1.0,0.0,1.0,1.0,1,0.0,0.0,0.0,1.0,1.0,0.0,0.0,0,1.0,1.0,0.0,0.0,0.0,
0089.jpg,P1,green plant,0.5669237978813242,0.03584391848335666,1.0,0.7361397863401985,0.5713369293534596,0.10229437798261642,1.0,1.0,1,0.0778007954493979,0.0,0.07789934354485777,0.0,0.0,0.637789136113235,0.024158347800925926,1,7.168752961217109,0.5713369293534596,0.025573594495654106,0.0,0.0008783355541249333,0.304688;0.890625;0.648438
0089.jpg,P2,entire plant excluding pot,0.5904761904761905,0.0,1.0,0.9523809523809523,1.0,0.0,1.0,1.0,1,0.0,0.0,0.0,1.0,1.0,0.0,0.0,0,1.0,1.0,0.0,0.0,0.0,
0089.jpg,P3,leaves and stems,0.5904761904761905,0.0,1.0,0.9523809523809523,1.0,0.0,1.0,1.0,1,0.0,0.0,0.0,1.0,1.0,0.0,0.0,0,1.0,1.0,0.0,0.0,0.0,
0089.jpg,P4,crop seedling,0.5904761904761905,0.0,1.0,0.9523809523809523,1.0,0.0,1.0,1.0,1,0.0,0.0,0.0,1.0,1.0,0.0,0.0,0,1.0,1.0,0.0,0.0,0.0,
0089.jpg,P5,plant body without background,0.5904761904761905,0.0,1.0,0.9523809523809523,1.0,0.0,1.0,1.0,1,0.0,0.0,0.0,1.0,1.0,0.0,0.0,0,1.0,1.0,0.0,0.0,0.0,
0090.jpg,P1,green plant,0.6281792069224206,0.0386904325871229,1.0,0.7484006752625939,0.8056227021552957,0.148993581533432,1.0,0.14390461485675074,1,0.07983772861473165,0.0,0.10184787279759347,0.0,0.0,0.6150511151116482,0.02528272087191358,1,6.723653065896193,0.8056227021552957,0.037248395383358,0.0,0.027796189885791946,0.369141;0.871094;0.765625
0090.jpg,P2,entire plant excluding pot,0.5904761904761905,0.0,1.0,0.9523809523809523,1.0,0.0,1.0,1.0,1,0.0,0.0,0.0,1.0,1.0,0.0,0.0,0,1.0,1.0,0.0,0.0,0.0,
0090.jpg,P3,leaves and stems,0.5904761904761905,0.0,1.0,0.9523809523809523,1.0,0.0,1.0,1.0,1,0.0,0.0,0.0,1.0,1.0,0.0,0.0,0,1.0,1.0,0.0,0.0,0.0,
0090.jpg,P4,crop seedling,0.5904761904761905,0.0,1.0,0.9523809523809523,1.0,0.0,1.0,1.0,1,0.0,0.0,0.0,1.0,1.0,0.0,0.0,0,1.0,1.0,0.0,0.0,0.0,
0090.jpg,P5,plant body without background,0.5904761904761905,0.0,1.0,0.9523809523809523,1.0,0.0,1.0,1.0,1,0.0,0.0,0.0,1.0,1.0,0.0,0.0,0,1.0,1.0,0.0,0.0,0.0,
0091.jpg,P1,green plant,0.8037916955898974,0.04247123573995937,1.0,0.7402093067123906,0.6815769079487969,0.1623300015926361,1.0,0.10085921889191644,1,0.27847420519114074,0.5291683094405498,0.18890612878200155,0.0,0.0,0.5926219370618806,0.02677613811728395,1,7.019384677597726,0.6815769079487969,0.04058250039815903,0.0,0.039659240314824484,0.361328;0.875000;0.730469
0091.jpg,P2,entire plant excluding pot,0.7276832009483886,0.13447932538287222,1.0,0.7692042494514196,0.0,0.07903928309679031,1.0,0.23775522252497727,1,0.33113862936217214,0.5687583939069265,0.37470907680372384,0.0,0.0,0.6462555767007758,0.06311933352623457,1,6.000896399446026,0.0,0.01975982077419758,0.0,0.016824025809064117,0.314453
0091.jpg,P3,leaves and stems,0.6671458829544413,0.04188490144944523,1.0,0.74559997082006,0.0,0.1564842164516449,1.0,0.099884768061699,1,0.2783520652102113,0.5289160161457201,0.18929402637703646,0.0,0.0,0.5915853481134266,0.026544536072530864,1,6.824035384554372,0.0,0.039121054112911224,0.0,0.040046145950193256,0.453125
0091.jpg,P4,crop seedling,0.5904761904761905,0.0,1.0,0.9523809523809523,1.0,0.0,1.0,1.0,1,0.0,0.0,0.0,1.0,1.0,0.0,0.0,0,1.0,1.0,0.0,0.0,0.0,
0091.jpg,P5,plant body without background,0.5904761904761905,0.0,1.0,0.9523809523809523,1.0,0.0,1.0,1.0,1,0.0,0.0,0.0,1.0,1.0,0.0,0.0,0,1.0,1.0,0.0,0.0,0.0,
0092.jpg,P1,green plant,0.8065299842509683,0.05116705246913589,1.0,0.7571588091931226,0.6722825240932313,0.15394142270088196,1.0,0.09886841586111658,1,0.27962002255969404,0.5310300820238714,0.21044605413648493,0.0,0.0,0.5587920410677181,0.030210985725308642,1,6.414537818444314,0.6722825240932313,0.03848535567522049,0.0,0.04045781420852256,0.310547;0.914062;0.734375
0092.jpg,P2,entire plant excluding pot,0.8780841695764989,0.154350289107673,1.0,0.7864747771770381,0.765416362424204,0.02446579560637474,1.0,0.13847094801223242,1,0.33194272471344105,0.5728924961989753,0.3961113229126954,0.00261789888556673,0.0,0.6091568258518454,0.07096836419753086,1,5.429931868619779,0.765416362424204,0.006116448901593685,0.0,0.028886925795053003,0.341797
0092.jpg,P3,leaves and stems,0.3904761904761905,0.0,1.0,0.9523809523809523,0.0,0.0,1.0,1.0,1,0.0,0.0,0.0,1.0,1.0,0.0,0.0,0,1.0,0.0,0.0,0.0,0.0,
0092.jpg,P4,crop seedling,0.5904761904761905,0.0,1.0,0.9523809523809523,1.0,0.0,1.0,1.0,1,0.0,0.0,0.0,1.0,1.0,0.0,0.0,0,1.0,1.0,0.0,0.0,0.0,
0092.jpg,P5,plant body without background,0.5904761904761905,0.0,1.0,0.9523809523809523,1.0,0.0,1.0,1.0,1,0.0,0.0,0.0,1.0,1.0,0.0,0.0,0,1.0,1.0,0.0,0.0,0.0,
0093.jpg,P1,green plant,0.6466433462054122,0.05638362683622433,1.0,0.7595875882608611,0.7378394328980813,0.22243832051753998,1.0,0.0945673909203321,1,0.09139355250287087,0.0,0.20080160320641283,0.0,0.0,0.5524926392571656,0.03227153260030864,1,6.330077411864589,0.7378394328980813,0.055609580129384995,0.0,0.04229787838145797,0.339844;0.863281;0.691406
0093.jpg,P2,entire plant excluding pot,0.3904761904761905,0.0,1.0,0.9523809523809523,0.0,0.0,1.0,1.0,1,0.0,0.0,0.0,1.0,1.0,0.0,0.0,0,1.0,0.0,0.0,0.0,0.0,
0093.jpg,P3,leaves and stems,0.4986477964309346,0.055984089310829765,1.0,0.7596984104396597,0.0,0.2206079512834549,1.0,0.09393898783283372,1,0.09138970622414566,0.0,0.20080160320641283,0.0,0.0,0.5524541764699136,0.03211371527777778,1,6.326236471161513,0.0,0.055151987820863724,0.0,0.04258082924118875,0.349609;0.566406;0.310547;0.398438
0093.jpg,P4,crop seedling,0.5904761904761905,0.0,1.0,0.9523809523809523,1.0,0.0,1.0,1.0,1,0.0,0.0,0.0,1.0,1.0,0.0,0.0,0,1.0,1.0,0.0,0.0,0.0,
0093.jpg,P5,plant body without background,0.5904761904761905,0.0,1.0,0.9523809523809523,1.0,0.0,1.0,1.0,1,0.0,0.0,0.0,1.0,1.0,0.0,0.0,0,1.0,1.0,0.0,0.0,0.0,
0094.jpg,P1,green plant,0.8001024689522527,0.06880011769417094,1.0,0.7556114844691265,0.5591910978537729,0.17942006886005402,1.0,0.1281467012987013,1,0.2874979151768277,0.535365581475153,0.22931785195936139,0.0,0.0,0.5884274830783911,0.037176046489197534,1,6.468628933097139,0.5591910978537729,0.044855017215013504,0.0,0.031214225254821586,0.371094;0.937500
0094.jpg,P2,entire plant excluding pot,0.7429787643018484,0.18143002080403192,1.0,0.7771156537074128,0.0,0.05966183915734291,1.0,0.26107573713624976,1,0.3393372615680908,0.5776877981845194,0.4034833091436865,0.0005078532717413609,0.0,0.6467189253916782,0.08166485821759259,1,5.736194998241644,0.0,0.014915459789335728,0.0,0.015321224575964663,0.421875
0094.jpg,P3,leaves and stems,0.3904761904761905,0.0,1.0,0.9523809523809523,0.0,0.0,1.0,1.0,1,0.0,0.0,0.0,1.0,1.0,0.0,0.0,0,1.0,0.0,0.0,0.0,0.0,
0094.jpg,P4,crop seedling,0.5904761904761905,0.0,1.0,0.9523809523809523,1.0,0.0,1.0,1.0,1,0.0,0.0,0.0,1.0,1.0,0.0,0.0,0,1.0,1.0,0.0,0.0,0.0,
0094.jpg,P5,plant body without background,0.5904761904761905,0.0,1.0,0.9523809523809523,1.0,0.0,1.0,1.0,1,0.0,0.0,0.0,1.0,1.0,0.0,0.0,0,1.0,1.0,0.0,0.0,0.0,
0095.jpg,P1,green plant,0.8213461786733289,0.08952448624785114,1.0,0.7243721084900929,0.5924898114892905,0.23782630264759064,1.0,0.12595263201941587,1,0.29250363689836395,0.541399729233456,0.21469609918355004,0.0,0.0,0.6436843381361532,0.04536217206790123,1,7.610118840285984,0.5924898114892905,0.05945657566189766,0.0,0.031757970721750316,0.949219
0095.jpg,P2,entire plant excluding pot,0.3904761904761905,0.0,1.0,0.9523809523809523,0.0,0.0,1.0,1.0,1,0.0,0.0,0.0,1.0,1.0,0.0,0.0,0,1.0,0.0,0.0,0.0,0.0,
0095.jpg,P3,leaves and stems,0.5904761904761905,0.0,1.0,0.9523809523809523,1.0,0.0,1.0,1.0,1,0.0,0.0,0.0,1.0,1.0,0.0,0.0,0,1.0,1.0,0.0,0.0,0.0,
0095.jpg,P4,crop seedling,0.5904761904761905,0.0,1.0,0.9523809523809523,1.0,0.0,1.0,1.0,1,0.0,0.0,0.0,1.0,1.0,0.0,0.0,0,1.0,1.0,0.0,0.0,0.0,
0095.jpg,P5,plant body without background,0.5904761904761905,0.0,1.0,0.9523809523809523,1.0,0.0,1.0,1.0,1,0.0,0.0,0.0,1.0,1.0,0.0,0.0,0,1.0,1.0,0.0,0.0,0.0,
0096.jpg,P1,green plant,0.8878911808756169,0.09677323849429598,1.0,0.7360936552315418,0.8596583272842265,0.25749126076698303,1.0,0.13585836800543433,1,0.29788788452020737,0.543988473289276,0.24201787994891444,0.0,0.0,0.6392870047815618,0.04822542920524692,1,7.1704556313678625,0.8596583272842265,0.06437281519174576,0.0,0.029442426393934015,0.941406;0.312500
0096.jpg,P2,entire plant excluding pot,0.7748712921486629,0.19920196270901702,1.0,0.7820662771705315,0.0,0.20251207053661346,1.0,0.24901387948544348,1,0.3381152300654305,0.5808931705206705,0.3604725415070243,0.0,0.0,0.6991756291193147,0.08868477527006173,1,5.573280147507179,0.0,0.050628017634153366,0.0,0.01606336164179084,0.394531
0096.jpg,P3,leaves and stems,0.5904761904761905,0.0,1.0,0.9523809523809523,1.0,0.0,1.0,1.0,1,0.0,0.0,0.0,1.0,1.0,0.0,0.0,0,1.0,1.0,0.0,0.0,0.0,
0096.jpg,P4,crop seedling,0.5904761904761905,0.0,1.0,0.9523809523809523,1.0,0.0,1.0,1.0,1,0.0,0.0,0.0,1.0,1.0,0.0,0.0,0,1.0,1.0,0.0,0.0,0.0,
0096.jpg,P5,plant body without background,0.5904761904761905,0.0,1.0,0.9523809523809523,1.0,0.0,1.0,1.0,1,0.0,0.0,0.0,1.0,1.0,0.0,0.0,0,1.0,1.0,0.0,0.0,0.0,
0097.jpg,P1,green plant,0.7946866297981743,0.14405021780746985,1.0,0.7249314598301613,0.21200178710592918,0.2288283109664917,1.0,1.0,1,0.3327242746561639,0.548189667690046,0.28666878778237354,0.0,0.0,0.8925750916382057,0.06689983603395061,1,7.588815092513228,0.21200178710592918,0.057207077741622925,0.0,0.0,0.449219;0.351562;0.855469;0.527344
0097.jpg,P2,entire plant excluding pot,0.8796176541097522,0.24659004336615098,1.0,0.7581115417579811,0.3134152506375563,0.279840886592865,1.0,1.0,1,0.36002610963884146,0.5773651838435293,0.39580019090041363,0.02300066004822393,0.0,0.9360445894599895,0.10740306712962963,1,6.381342188277596,0.3134152506375563,0.06996022164821625,0.0,0.0,0.929688
0097.jpg,P3,leaves and stems,0.5904761904761905,0.0,1.0,0.9523809523809523,1.0,0.0,1.0,1.0,1,0.0,0.0,0.0,1.0,1.0,0.0,0.0,0,1.0,1.0,0.0,0.0,0.0,
0097.jpg,P4,crop seedling,0.5904761904761905,0.0,1.0,0.9523809523809523,1.0,0.0,1.0,1.0,1,0.0,0.0,0.0,1.0,1.0,0.0,0.0,0,1.0,1.0,0.0,0.0,0.0,
0097.jpg,P5,plant body without background,0.5904761904761905,0.0,1.0,0.9523809523809523,1.0,0.0,1.0,1.0,1,0.0,0.0,0.0,1.0,1.0,0.0,0.0,0,1.0,1.0,0.0,0.0,0.0,
0098.jpg,P1,green plant,0.8043145675147808,0.15765830110173462,1.0,0.7099979802543288,0.13982104454533426,0.1842619627714157,1.0,1.0,1,0.36596670978021817,0.6193552548900617,0.3627338678885071,0.0002869162838336019,0.0,0.8398634923391534,0.07227502893518518,1,8.169094217473392,0.13982104454533426,0.04606549069285393,0.0,0.0,0.332031;0.921875
0098.jpg,P2,entire plant excluding pot,0.8323512454500459,0.26601202336302543,1.0,0.749918035554589,0.28387770976454496,0.1268865317106247,0.16886207628617933,1.0,1,0.34701238537148915,0.6900348741178934,0.4944635357006491,0.21397290240928007,0.0,0.8068861372689365,0.11507474922839506,1,6.669581276584906,0.28387770976454496,0.031721632927656174,0.11843985600476073,0.0,0.937500
0098.jpg,P3,leaves and stems,0.5904761904761905,0.0,1.0,0.9523809523809523,1.0,0.0,1.0,1.0,1,0.0,0.0,0.0,1.0,1.0,0.0,0.0,0,1.0,1.0,0.0,0.0,0.0,
0098.jpg,P4,crop seedling,0.5904761904761905,0.0,1.0,0.9523809523809523,1.0,0.0,1.0,1.0,1,0.0,0.0,0.0,1.0,1.0,0.0,0.0,0,1.0,1.0,0.0,0.0,0.0,
0098.jpg,P5,plant body without background,0.5904761904761905,0.0,1.0,0.9523809523809523,1.0,0.0,1.0,1.0,1,0.0,0.0,0.0,1.0,1.0,0.0,0.0,0,1.0,1.0,0.0,0.0,0.0,
0099.jpg,P1,green plant,0.9138200324130452,0.16071145149632748,1.0,0.7127382901302276,0.6856251315850015,0.19974294304847717,1.0,0.7831429489238676,1,0.3620564691610384,0.6143598836663853,0.36699029126213595,0.0,0.0,0.8097225745061908,0.07348102334104939,1,8.060790723542732,0.6856251315850015,0.04993573576211929,0.0,0.005107624355804365,0.416016;0.851562
0099.jpg,P2,entire plant excluding pot,0.9339466285000894,0.2773550432684795,1.0,0.7501055930958337,0.7891197425879108,0.08581224828958511,0.20924406275386936,1.0,1,0.3534681030517275,0.6860660474716203,0.512621359223301,0.1887803928647421,0.0,0.7770725963588885,0.11955524209104938,1,6.662912773995,0.7891197425879108,0.02145306207239628,0.09558216246033083,0.00315941587614041,0.941406
0099.jpg,P3,leaves and stems,0.5904761904761905,0.0,1.0,0.9523809523809523,1.0,0.0,1.0,1.0,1,0.0,0.0,0.0,1.0,1.0,0.0,0.0,0,1.0,1.0,0.0,0.0,0.0,
0099.jpg,P4,crop seedling,0.5904761904761905,0.0,1.0,0.9523809523809523,1.0,0.0,1.0,1.0,1,0.0,0.0,0.0,1.0,1.0,0.0,0.0,0,1.0,1.0,0.0,0.0,0.0,
0099.jpg,P5,plant body without background,0.5904761904761905,0.0,1.0,0.9523809523809523,1.0,0.0,1.0,1.0,1,0.0,0.0,0.0,1.0,1.0,0.0,0.0,0,1.0,1.0,0.0,0.0,0.0,
0100.jpg,P1,green plant,0.8442809901824786,0.16650215121503364,1.0,0.7214032913599582,0.4019986907941081,0.16757190227508545,1.0,1.0,1,0.35278578305364144,0.5959435660028127,0.32948583420776495,0.0,0.0,0.8489808479525932,0.07576834972993828,1,7.72374376376474,0.4019986907941081,0.04189297556877136,0.0,0.0,0.937500
0100.jpg,P2,entire plant excluding pot,0.9178748039659052,0.29084714164322534,1.0,0.7532776154790259,0.6035410296604339,0.07940365374088287,1.0,1.0,1,0.37246091586119157,0.6581382716592197,0.4756908009793634,0.08426566574278148,0.0,0.8176787632701372,0.12488462094907407,1,6.550636297988963,0.6035410296604339,0.01985091343522072,0.01065412422538937,0.0,0.921875
0100.jpg,P3,leaves and stems,0.5904761904761905,0.0,1.0,0.9523809523809523,1.0,0.0,1.0,1.0,1,0.0,0.0,0.0,1.0,1.0,0.0,0.0,0,1.0,1.0,0.0,0.0,0.0,
0100.jpg,P4,crop seedling,0.5904761904761905,0.0,1.0,0.9523809523809523,1.0,0.0,1.0,1.0,1,0.0,0.0,0.0,1.0,1.0,0.0,0.0,0,1.0,1.0,0.0,0.0,0.0,
0100.jpg,P5,plant body without background,0.5904761904761905,0.0,1.0,0.9523809523809523,1.0,0.0,1.0,1.0,1,0.0,0.0,0.0,1.0,1.0,0.0,0.0,0,1.0,1.0,0.0,0.0,0.0,
0101.jpg,P1,green plant,0.7898537698317384,0.17634011417799655,1.0,0.7051641565891291,0.14256314445096369,0.20590797066688538,1.0,1.0,1,0.34385869265474345,0.5552053003639271,0.307452447770502,0.0,0.0,0.9419539692867855,0.07965434510030864,1,8.362190297277401,0.14256314445096369,0.051476992666721344,0.0,0.0,0.890625
0101.jpg,P2,entire plant excluding pot,0.9113993565718885,0.32005000781372084,1.0,0.7459640523341361,0.3785805606263954,0.20992372930049896,1.0,1.0,1,0.3804956865569383,0.594547176745031,0.4536950420954163,0.0,0.0,0.9073906711900253,0.13641975308641976,1,6.810943419350584,0.3785805606263954,0.05248093232512474,0.0,0.0,0.937500
0101.jpg,P3,leaves and stems,0.7614429462168506,0.17637429920690728,1.0,0.7061312535660272,0.0,0.20522835850715637,1.0,1.0,1,0.3438961639608324,0.5552146588231637,0.307452447770502,0.0,0.0,0.9422959277403475,0.0796678481867284,1,8.323346260342076,0.0,0.05130708962678909,0.0,0.0,0.494141
0101.jpg,P4,crop seedling,0.5904761904761905,0.0,1.0,0.9523809523809523,1.0,0.0,1.0,1.0,1,0.0,0.0,0.0,1.0,1.0,0.0,0.0,0,1.0,1.0,0.0,0.0,0.0,
0101.jpg,P5,plant body without background,0.5904761904761905,0.0,1.0,0.9523809523809523,1.0,0.0,1.0,1.0,1,0.0,0.0,0.0,1.0,1.0,0.0,0.0,0,1.0,1.0,0.0,0.0,0.0,
0102.jpg,P1,green plant,0.9329177466365447,0.1786555394397561,1.0,0.6995494799859897,0.8650024699119813,0.19856472313404083,1.0,1.0,1,0.34456330414219105,0.5571464071880866,0.31277395115842205,0.0,0.0,0.9326275041784479,0.0805689380787037,1,8.589828985936137,0.8650024699119813,0.04964118078351021,0.0,0.0,0.414062;0.894531
0102.jpg,P2,entire plant excluding pot,1.021090885637257,0.3218749389553055,1.0,0.7464630779761824,0.9236082145606342,0.20777134597301483,1.0,1.0,1,0.3811473701442295,0.5972718867495991,0.4567939887288666,0.0,0.0,0.8987929181067386,0.13714060088734567,1,6.793019762242208,0.9236082145606342,0.05194283649325371,0.0,0.0,0.945312
0102.jpg,P3,leaves and stems,0.9339392606343421,0.17799656196280667,1.0,0.704125637175607,0.8676548415973696,0.198472261428833,1.0,1.0,1,0.34428940020141874,0.5569617828468851,0.3115216030056356,0.0,0.0,0.9327888766399453,0.08030864197530864,1,8.404021873460138,0.8676548415973696,0.04961806535720825,0.0,0.0,0.621094
0102.jpg,P4,crop seedling,0.7630264977367457,0.18138118504844503,1.0,0.7080592758908908,0.0,0.20153331756591797,1.0,1.0,1,0.3448317420356949,0.557910045616493,0.31277395115842205,0.0,0.0,0.932639148614064,0.0816455680941358,1,8.24622271184245,0.0,0.05038332939147949,0.0,0.0,0.341797
0102.jpg,P5,plant body without background,0.5904761904761905,0.0,1.0,0.9523809523809523,1.0,0.0,1.0,1.0,1,0.0,0.0,0.0,1.0,1.0,0.0,0.0,0,1.0,1.0,0.0,0.0,0.0,
0103.jpg,P1,green plant,0.9231493069273349,0.17805119696436944,1.0,0.7054010811550802,0.8170532292212699,0.1864619255065918,1.0,1.0,1,0.3457558203578727,0.5579999993036076,0.31445745017399557,0.0,0.0,0.938534795702909,0.08033022280092593,1,8.352664227917543,0.8170532292212699,0.04661548137664795,0.0,0.0,0.921875
0103.jpg,P2,entire plant excluding pot,1.0138811532440122,0.3198653476129083,1.0,0.7453121873118103,0.8909816304822623,0.19834206998348236,1.0,1.0,1,0.3829809061659196,0.5984450776198978,0.46061372983233156,0.0,0.0,0.906146576291357,0.13634681230709877,1,6.834392809456049,0.8909816304822623,0.04958551749587059,0.0,0.0,0.957031
0103.jpg,P3,leaves and stems,0.9234575444288609,0.1778714203391154,1.0,0.7063166289793332,0.8181934844428548,0.18600280582904816,1.0,1.0,1,0.3457806765107904,0.5579487274125122,0.31445745017399557,0.0,0.0,0.9389628088509194,0.08025921103395062,1,8.315912693293251,0.8181934844428548,0.04650070145726204,0.0,0.0,0.640625
0103.jpg,P4,crop seedling,0.3904761904761905,0.0,1.0,0.9523809523809523,0.0,0.0,1.0,1.0,1,0.0,0.0,0.0,1.0,1.0,0.0,0.0,0,1.0,0.0,0.0,0.0,0.0,
0103.jpg,P5,plant body without background,0.5904761904761905,0.0,1.0,0.9523809523809523,1.0,0.0,1.0,1.0,1,0.0,0.0,0.0,1.0,1.0,0.0,0.0,0,1.0,1.0,0.0,0.0,0.0,
0104.jpg,P1,green plant,0.935204466490611,0.1841455940381309,1.0,0.7105257730299035,0.8808940076401163,0.17495353519916534,1.0,1.0,1,0.34510068450914777,0.5603548445312508,0.31745029977911016,0.0,0.0,0.9183543496297016,0.08273750964506173,1,8.148169650080055,0.8808940076401163,0.043738383799791336,0.0,0.0,0.914062;0.326172
0104.jpg,P2,entire plant excluding pot,1.0107289917708198,0.3257650121112673,1.0,0.7484810967847434,0.9129328222471746,0.15346650779247284,1.0,1.0,1,0.3825999039836882,0.6011613675804203,0.4632376143893973,0.0,0.0,0.8881065474044962,0.1386771797839506,1,6.720781708334611,0.9129328222471746,0.03836662694811821,0.0,0.0,0.902344
0104.jpg,P3,leaves and stems,0.3904761904761905,0.0,1.0,0.9523809523809523,0.0,0.0,1.0,1.0,1,0.0,0.0,0.0,1.0,1.0,0.0,0.0,0,1.0,0.0,0.0,0.0,0.0,
0104.jpg,P4,crop seedling,0.5904761904761905,0.0,1.0,0.9523809523809523,1.0,0.0,1.0,1.0,1,0.0,0.0,0.0,1.0,1.0,0.0,0.0,0,1.0,1.0,0.0,0.0,0.0,
0104.jpg,P5,plant body without background,0.5904761904761905,0.0,1.0,0.9523809523809523,1.0,0.0,1.0,1.0,1,0.0,0.0,0.0,1.0,1.0,0.0,0.0,0,1.0,1.0,0.0,0.0,0.0,
0105.jpg,P1,green plant,0.9232542321567194,0.186470786451008,1.0,0.7081808483648133,0.7671302158890555,0.17079341411590576,1.0,1.0,1,0.356739179192563,0.5972939866338481,0.3221583652618135,0.0,0.0,0.896977781235897,0.08365596064814815,1,8.241373719975508,0.7671302158890555,0.04269835352897644,0.0,0.0,0.328125;0.890625
0105.jpg,P2,entire plant excluding pot,1.0182830672083736,0.3283298049499922,1.0,0.7490613572014306,0.8558486507688994,0.14371554553508759,1.0,1.0,1,0.4028919955172917,0.6624633014131462,0.4674329501915709,0.0,0.0,0.8689190898820774,0.1396902729552469,1,6.700082453488232,0.8558486507688994,0.035928886383771896,0.0,0.0,0.914062
0105.jpg,P3,leaves and stems,0.7699030236618112,0.18575900531333023,1.0,0.7099781960857352,0.0,0.1713712215423584,1.0,1.0,1,0.3564813390735264,0.596966997983383,0.3212005108556833,0.0,0.0,0.8972679782531935,0.08337480709876544,1,8.169879174127272,0.0,0.0428428053855896,0.0,0.0,0.566406
0105.jpg,P4,crop seedling,0.5904761904761905,0.0,1.0,0.9523809523809523,1.0,0.0,1.0,1.0,1,0.0,0.0,0.0,1.0,1.0,0.0,0.0,0,1.0,1.0,0.0,0.0,0.0,
0105.jpg,P5,plant body without background,0.5904761904761905,0.0,1.0,0.9523809523809523,1.0,0.0,1.0,1.0,1,0.0,0.0,0.0,1.0,1.0,0.0,0.0,0,1.0,1.0,0.0,0.0,0.0,
0106.jpg,P1,green plant,0.9137189421399251,0.18916804627676187,1.0,0.7106897986094843,0.6929459625236076,0.17000998556613922,1.0,1.0,1,0.36115618354472656,0.6001597794729701,0.32920872679908825,0.0,0.0,0.9184268990535114,0.08472137827932098,1,8.141673116923073,0.6929459625236076,0.042502496391534805,0.0,0.0,0.898438
0106.jpg,P2,entire plant excluding pot,1.0151703726056205,0.33175471753398955,1.0,0.7500701044855769,0.8041203565603778,0.1499207764863968,1.0,1.0,1,0.4079971815923522,0.666744774740875,0.47671768153695865,0.00030687222831977625,0.0,0.8891938942488942,0.14104311342592593,1,6.664174295703559,0.8041203565603778,0.0374801941215992,0.0,0.0,0.960938
0106.jpg,P3,leaves and stems,0.9134163361069321,0.18837934882403484,1.0,0.7100095575216406,0.6913805613251288,0.1715393215417862,1.0,1.0,1,0.36115457826441394,0.5997914742471407,0.3295343536307392,0.0,0.0,0.9191137862438163,0.08440984278549382,1,8.168634898116022,0.6913805613251288,0.04288483038544655,0.0,0.0,0.781250
0106.jpg,P4,crop seedling,0.7757284628710814,0.19188087249960928,1.0,0.7098234569729771,0.0,0.16720004379749298,1.0,1.0,1,0.3619475882170655,0.6014266126181599,0.3311624877889938,0.0,0.0,0.918390259986907,0.08579294463734567,1,8.176020112507212,0.0,0.041800010949373245,0.0,0.0,0.406250
0106.jpg,P5,plant body without background,0.7750021286917133,0.18846633751367403,1.0,0.7094796121692171,0.0,0.17121538519859314,1.0,1.0,1,0.36116986171541643,0.5998320961470485,0.3295343536307392,0.0,0.0,0.9191244441041647,0.08444420331790123,1,8.189675442329447,0.0,0.042803846299648285,0.0,0.0,0.367188
0107.jpg,P1,green plant,0.9338340390203831,0.19371434989842162,1.0,0.7078084084316458,0.7497887176454645,0.18450665473937988,1.0,1.0,1,0.36667041287740065,0.6034820395194311,0.3359657782165186,0.0,0.0,0.9497785896662638,0.08651716820987654,1,8.2562339776604,0.7497887176454645,0.04612666368484497,0.0,0.0,0.898438;0.507812
0107.jpg,P2,entire plant excluding pot,1.0186438015342778,0.33876478502500385,1.0,0.7514741358735458,0.8314008062897108,0.1113414391875267,1.0,1.0,1,0.4120475682591204,0.6720117370627983,0.4846989141164857,0.008100030599370407,0.0,0.9202766492598475,0.14381209008487655,1,6.614355764554879,0.8314008062897108,0.027835359796881676,0.0,0.0,0.933594
0107.jpg,P3,leaves and stems,0.934437989036056,0.1932940571769025,1.0,0.7107892739595568,0.7484889784309078,0.18649134039878845,1.0,1.0,1,0.36662525904282484,0.6032834704282026,0.33563672260612043,0.0,0.0,0.9506143432385227,0.08635115258487654,1,8.137734674282637,0.7484889784309078,0.04662283509969711,0.0,0.0,0.326172
0107.jpg,P4,crop seedling,0.3904761904761905,0.0,1.0,0.9523809523809523,0.0,0.0,1.0,1.0,1,0.0,0.0,0.0,1.0,1.0,0.0,0.0,0,1.0,0.0,0.0,0.0,0.0,
0107.jpg,P5,plant body without background,0.3904761904761905,0.0,1.0,0.9523809523809523,0.0,0.0,1.0,1.0,1,0.0,0.0,0.0,1.0,1.0,0.0,0.0,0,1.0,0.0,0.0,0.0,0.0,
0108.jpg,P1,green plant,0.9261982057306044,0.1924488933817784,1.0,0.7132704074853836,0.6984401462652167,0.19227586686611176,1.0,1.0,1,0.3669111429309063,0.59685410347963,0.32867814225397857,0.0,0.0,0.9885014110731969,0.08601731288580247,1,8.039856680034553,0.6984401462652167,0.04806896671652794,0.0,0.0,0.486328;0.855469
0108.jpg,P2,entire plant excluding pot,1.0137266021109697,0.3388310185185186,1.0,0.752811872228195,0.778431656091976,0.12092424184083939,1.0,1.0,1,0.4155268443750637,0.6619595463592728,0.47970120168886005,0.0016478745268437586,0.0,0.9798914920337651,0.1438382523148148,1,6.56706241999532,0.778431656091976,0.030231060460209846,0.0,0.0,0.941406
0108.jpg,P3,leaves and stems,0.9266718466908748,0.19206522747694943,1.0,0.7147811679935919,0.6989535832459138,0.19427576661109924,1.0,1.0,1,0.3666566976253639,0.5966834628455473,0.3280285807080221,0.0,0.0,0.9877234110197837,0.08586576485339506,1,7.980591676947063,0.6989535832459138,0.04856894165277481,0.0,0.0,0.363281
0108.jpg,P4,crop seedling,0.5904761904761905,0.0,1.0,0.9523809523809523,1.0,0.0,1.0,1.0,1,0.0,0.0,0.0,1.0,1.0,0.0,0.0,0,1.0,1.0,0.0,0.0,0.0,
0108.jpg,P5,plant body without background,0.5904761904761905,0.0,1.0,0.9523809523809523,1.0,0.0,1.0,1.0,1,0.0,0.0,0.0,1.0,1.0,0.0,0.0,0,1.0,1.0,0.0,0.0,0.0,
0109.jpg,P1,green plant,0.9183020405930032,0.18375979156899513,1.0,0.7136128465871362,0.6798472053718363,0.2139379233121872,1.0,1.0,1,0.36007048722497226,0.5934999621901951,0.31499840102334503,0.0,0.0,0.956457882742019,0.08258511766975309,1,8.02640128418412,0.6798472053718363,0.0534844808280468,0.0,0.0,0.417969;0.890625
0109.jpg,P2,entire plant excluding pot,1.02134796516552,0.33137288296999534,1.0,0.7527899743337005,0.8040443145160366,0.14651769399642944,1.0,1.0,1,0.4144029920022876,0.6595132881672237,0.47105852254557085,0.0,0.0,0.9878280708555652,0.14089228877314816,1,6.567835228812836,0.8040443145160366,0.03662942349910736,0.0,0.0,0.957031
0109.jpg,P3,leaves and stems,0.9184946287865421,0.1832674661079856,1.0,0.7157188675850651,0.6789145893559404,0.21599751710891724,1.0,1.0,1,0.35971494075496047,0.5932797917375885,0.31371921969939237,0.0,0.0,0.9559755410091383,0.08239064911265433,1,7.943932884545551,0.6789145893559404,0.05399937927722931,0.0,0.0,0.554688
0109.jpg,P4,crop seedling,0.5904761904761905,0.0,1.0,0.9523809523809523,1.0,0.0,1.0,1.0,1,0.0,0.0,0.0,1.0,1.0,0.0,0.0,0,1.0,1.0,0.0,0.0,0.0,
0109.jpg,P5,plant body without background,0.5904761904761905,0.0,1.0,0.9523809523809523,1.0,0.0,1.0,1.0,1,0.0,0.0,0.0,1.0,1.0,0.0,0.0,0,1.0,1.0,0.0,0.0,0.0,
0110.jpg,P1,green plant,0.9209251872389799,0.1761746830559462,1.0,0.7134056222160059,0.693112189669669,0.24951162934303284,1.0,1.0,1,0.35448436238204917,0.5856836724892983,0.3004089336269267,0.0,0.0,0.9542146895794793,0.07958899980709877,1,8.03454216953784,0.693112189669669,0.06237790733575821,0.0,0.0,0.460938;0.894531
0110.jpg,P2,entire plant excluding pot,1.0201842859271633,0.3231028529848414,1.0,0.7500474438227414,0.8143768540284204,0.17283152043819427,1.0,1.0,1,0.40811255167232363,0.6481645600836923,0.4608367411135577,0.0,0.0,0.98304342242591,0.13762562692901234,1,6.664979881894772,0.8143768540284204,0.04320788010954857,0.0,0.0,0.968750
0110.jpg,P3,leaves and stems,0.3904761904761905,0.0,1.0,0.9523809523809523,0.0,0.0,1.0,1.0,1,0.0,0.0,0.0,1.0,1.0,0.0,0.0,0,1.0,0.0,0.0,0.0,0.0,
0110.jpg,P4,crop seedling,0.5904761904761905,0.0,1.0,0.9523809523809523,1.0,0.0,1.0,1.0,1,0.0,0.0,0.0,1.0,1.0,0.0,0.0,0,1.0,1.0,0.0,0.0,0.0,
0110.jpg,P5,plant body without background,0.5904761904761905,0.0,1.0,0.9523809523809523,1.0,0.0,1.0,1.0,1,0.0,0.0,0.0,1.0,1.0,0.0,0.0,0,1.0,1.0,0.0,0.0,0.0,
0111.jpg,P1,green plant,0.6607950759154483,0.17841410767307386,1.0,0.7164767502948081,0.6401767149840816,0.2773940861225128,1.0,1.0,1,0.09830274410055305,0.0,0.0,0.0,0.0,0.9830274410055304,0.08047357253086419,1,7.914374041824271,0.6401767149840816,0.0693485215306282,0.0,0.0,0.365234;0.906250
0111.jpg,P2,entire plant excluding pot,0.7233890383685517,0.3265939990623534,1.0,0.7511121867529833,0.7300837112226725,0.19559097290039062,1.0,1.0,1,0.12271286438087177,0.0,0.14825581395348839,0.0,0.0,0.9602681786924385,0.13900462962962962,1,6.6271808029888355,0.7300837112226725,0.048897743225097656,0.0,0.0,0.941406
0111.jpg,P3,leaves and stems,0.5904761904761905,0.0,1.0,0.9523809523809523,1.0,0.0,1.0,1.0,1,0.0,0.0,0.0,1.0,1.0,0.0,0.0,0,1.0,1.0,0.0,0.0,0.0,
0111.jpg,P4,crop seedling,0.5904761904761905,0.0,1.0,0.9523809523809523,1.0,0.0,1.0,1.0,1,0.0,0.0,0.0,1.0,1.0,0.0,0.0,0,1.0,1.0,0.0,0.0,0.0,
0111.jpg,P5,plant body without background,0.5904761904761905,0.0,1.0,0.9523809523809523,1.0,0.0,1.0,1.0,1,0.0,0.0,0.0,1.0,1.0,0.0,0.0,0,1.0,1.0,0.0,0.0,0.0,
0112.jpg,P1,green plant,0.655625455575868,0.18992316914752294,1.0,0.7215596753298288,0.6179574372786261,0.29890355467796326,1.0,1.0,1,0.08995668828907985,0.0,0.0,0.0,0.0,0.8995668828907984,0.0850196518132716,1,7.717735183660165,0.6179574372786261,0.07472588866949081,0.0,0.0,0.341797;0.921875
0112.jpg,P2,entire plant excluding pot,0.6985366909894497,0.34817757169088914,1.0,0.7516218797600535,0.690233539909736,0.20439068973064423,1.0,1.0,1,0.0996519547711851,0.0,0.06306306306306306,0.0,0.0,0.8830060341983376,0.14753014081790122,1,6.609124266559097,0.690233539909736,0.051097672432661057,0.0,0.0,0.964844
0112.jpg,P3,leaves and stems,0.5904761904761905,0.0,1.0,0.9523809523809523,1.0,0.0,1.0,1.0,1,0.0,0.0,0.0,1.0,1.0,0.0,0.0,0,1.0,1.0,0.0,0.0,0.0,
0112.jpg,P4,crop seedling,0.5904761904761905,0.0,1.0,0.9523809523809523,1.0,0.0,1.0,1.0,1,0.0,0.0,0.0,1.0,1.0,0.0,0.0,0,1.0,1.0,0.0,0.0,0.0,
0112.jpg,P5,plant body without background,0.5904761904761905,0.0,1.0,0.9523809523809523,1.0,0.0,1.0,1.0,1,0.0,0.0,0.0,1.0,1.0,0.0,0.0,0,1.0,1.0,0.0,0.0,0.0,
0113.jpg,P1,green plant,0.6477057994880654,0.22231104225269582,1.0,0.7215749665923082,0.5878802728268404,0.3117561638355255,1.0,0.913625,1,0.07900131038659135,0.0,0.0,0.0,0.0,0.7900131038659134,0.09781286168981482,1,7.717147803022457,0.5878802728268404,0.07793904095888138,0.0,0.0043781639075112875,0.925781
0113.jpg,P2,entire plant excluding pot,0.6787264218453589,0.3985238782426942,1.0,0.7505491055689368,0.6453330948333471,0.20818358659744263,1.0,1.0,1,0.07820848879687481,0.0,0.0,0.0,0.0,0.782084887968748,0.1674169319058642,1,6.647157196782549,0.6453330948333471,0.05204589664936066,0.0,0.0025989775482618393,0.945312
0113.jpg,P3,leaves and stems,0.5904761904761905,0.0,1.0,0.9523809523809523,1.0,0.0,1.0,1.0,1,0.0,0.0,0.0,1.0,1.0,0.0,0.0,0,1.0,1.0,0.0,0.0,0.0,
0113.jpg,P4,crop seedling,0.5904761904761905,0.0,1.0,0.9523809523809523,1.0,0.0,1.0,1.0,1,0.0,0.0,0.0,1.0,1.0,0.0,0.0,0,1.0,1.0,0.0,0.0,0.0,
0113.jpg,P5,plant body without background,0.5904761904761905,0.0,1.0,0.9523809523809523,1.0,0.0,1.0,1.0,1,0.0,0.0,0.0,1.0,1.0,0.0,0.0,0,1.0,1.0,0.0,0.0,0.0,
0114.jpg,P1,green plant,0.6426254538447476,0.237068597144085,1.0,0.7076450942306625,0.6177232861619846,0.2755345106124878,1.0,0.2325575544433924,1,0.07503115621490358,0.0,0.0,0.0,0.0,0.7503115621490358,0.10364209587191359,1,8.262755105712417,0.6177232861619846,0.06888362765312195,0.0,0.01720004327347557,0.511719;0.855469
0114.jpg,P2,entire plant excluding pot,0.6999668415830038,0.43698447755508674,1.0,0.7509081187373449,0.7611756320235369,0.1776021420955658,1.0,0.29545128255144837,1,0.07463276750069707,0.0,0.0,0.0,0.0,0.7463276750069707,0.18260886863425926,1,6.634417049092614,0.7611756320235369,0.04440053552389145,0.0,0.013538611054441643,0.937500
0114.jpg,P3,leaves and stems,0.5904761904761905,0.0,1.0,0.9523809523809523,1.0,0.0,1.0,1.0,1,0.0,0.0,0.0,1.0,1.0,0.0,0.0,0,1.0,1.0,0.0,0.0,0.0,
0114.jpg,P4,crop seedling,0.5904761904761905,0.0,1.0,0.9523809523809523,1.0,0.0,1.0,1.0,1,0.0,0.0,0.0,1.0,1.0,0.0,0.0,0,1.0,1.0,0.0,0.0,0.0,
0114.jpg,P5,plant body without background,0.5904761904761905,0.0,1.0,0.9523809523809523,1.0,0.0,1.0,1.0,1,0.0,0.0,0.0,1.0,1.0,0.0,0.0,0,1.0,1.0,0.0,0.0,0.0,
0115.jpg,P1,green plant,0.7036802984340298,0.25406984978121583,1.0,0.7185482354473055,0.8706233974544754,0.29334378242492676,1.0,0.2757285940206341,1,0.0763632454124451,0.0,0.0,0.0,0.0,0.7636324541244509,0.11035759066358025,1,7.83390037489932,0.8706233974544754,0.07333594560623169,0.0,0.014507019172993936,0.472656;0.835938;0.396484
0115.jpg,P2,entire plant excluding pot,0.7417849861845016,0.45728305936474445,1.0,0.7529388520402319,0.9201466269293629,0.1974014937877655,1.0,0.43396047756278305,1,0.07623097976008063,0.0,0.0,0.0,0.0,0.7623097976008062,0.19062680844907406,1,6.562582002251805,0.9201466269293629,0.049350373446941376,0.0,0.00921742925177167,0.945312
0115.jpg,P3,leaves and stems,0.5904761904761905,0.0,1.0,0.9523809523809523,1.0,0.0,1.0,1.0,1,0.0,0.0,0.0,1.0,1.0,0.0,0.0,0,1.0,1.0,0.0,0.0,0.0,
0115.jpg,P4,crop seedling,0.5904761904761905,0.0,1.0,0.9523809523809523,1.0,0.0,1.0,1.0,1,0.0,0.0,0.0,1.0,1.0,0.0,0.0,0,1.0,1.0,0.0,0.0,0.0,
0115.jpg,P5,plant body without background,0.5904761904761905,0.0,1.0,0.9523809523809523,1.0,0.0,1.0,1.0,1,0.0,0.0,0.0,1.0,1.0,0.0,0.0,0,1.0,1.0,0.0,0.0,0.0,
0116.jpg,P1,green plant,0.6626406154215573,0.2534539088138771,1.0,0.7251104818055337,0.5978027047666313,0.3252072036266327,1.0,1.0,1,0.08232575561902233,0.0,0.0,0.0,0.0,0.8232575561902232,0.11011429398148148,1,7.582003710937626,0.5978027047666313,0.08130180090665817,0.0,0.0,0.328125;0.914062
0116.jpg,P2,entire plant excluding pot,0.7112518920108188,0.4522810570987654,1.0,0.7543264945201281,0.7260834378112045,0.21073707938194275,1.0,1.0,1,0.08256627824841072,0.0,0.0,0.0,0.0,0.8256627824841071,0.18865101755401234,1,6.513718058813758,0.7260834378112045,0.05268426984548569,0.0,0.0,0.960938
0116.jpg,P3,leaves and stems,0.5904761904761905,0.0,1.0,0.9523809523809523,1.0,0.0,1.0,1.0,1,0.0,0.0,0.0,1.0,1.0,0.0,0.0,0,1.0,1.0,0.0,0.0,0.0,
0116.jpg,P4,crop seedling,0.5904761904761905,0.0,1.0,0.9523809523809523,1.0,0.0,1.0,1.0,1,0.0,0.0,0.0,1.0,1.0,0.0,0.0,0,1.0,1.0,0.0,0.0,0.0,
0116.jpg,P5,plant body without background,0.5904761904761905,0.0,1.0,0.9523809523809523,1.0,0.0,1.0,1.0,1,0.0,0.0,0.0,1.0,1.0,0.0,0.0,0,1.0,1.0,0.0,0.0,0.0,
0117.jpg,P1,green plant,0.6760484609805856,0.25120807450382865,1.0,0.7152952253576472,0.6265195207625743,0.3743072748184204,1.0,1.0,1,0.08258244189209152,0.0,0.0,0.0,0.0,0.8258244189209152,0.10922718942901234,1,7.960483015946332,0.6265195207625743,0.0935768187046051,0.0,0.0,0.523438;0.878906;0.308594
0117.jpg,P2,entire plant excluding pot,0.7284311929190059,0.44478324249882795,1.0,0.7659843364138034,0.795546480272536,0.22946184873580933,1.0,1.0,1,0.08127601133481054,0.0,0.0,0.005453900902620599,0.0,0.829121816055967,0.18568938078703703,1,6.110194489924289,0.795546480272536,0.05736546218395233,0.0,0.0,0.964844
0117.jpg,P3,leaves and stems,0.5508024784062365,0.24973262423816212,1.0,0.7158011129197681,0.0,0.37639719247817993,1.0,1.0,1,0.08241629247901451,0.0,0.0,0.0,0.0,0.8241629247901451,0.10864438657407408,1,7.940722134979047,0.0,0.09409929811954498,0.0,0.0,0.371094;0.578125
0117.jpg,P4,crop seedling,0.550363599244201,0.2514217309345209,1.0,0.7198627143685309,0.0,0.3686958849430084,1.0,1.0,1,0.08236753319498888,0.0,0.0,0.0,0.0,0.8236753319498887,0.1093115837191358,1,7.783075301440157,0.0,0.0921739712357521,0.0,0.0,0.378906
0117.jpg,P5,plant body without background,0.5904761904761905,0.0,1.0,0.9523809523809523,1.0,0.0,1.0,1.0,1,0.0,0.0,0.0,1.0,1.0,0.0,0.0,0,1.0,1.0,0.0,0.0,0.0,
0118.jpg,P1,green plant,1.0823011893949757,0.2482297038599781,1.0,0.7221177322866107,0.6350754759092221,0.42685601115226746,1.0,1.0,1,0.4758454047533599,0.7977271881660705,0.6498442367601246,0.0,0.0,0.7966892627841284,0.10805073302469136,1,7.696314750046796,0.6350754759092221,0.10671400278806686,0.0,0.0,0.378906;0.917969
0118.jpg,P2,entire plant excluding pot,1.253664979731289,0.43399328752539457,1.0,0.7692137230953979,0.7960874363482896,0.262315958738327,1.0,1.0,1,0.6013428985898074,0.9999119657483642,1.0,0.030121654856924134,0.0,0.8041020703495714,0.18142734857253087,1,6.000576172143512,0.7960874363482896,0.06557898968458176,0.0,0.0,0.960938
0118.jpg,P3,leaves and stems,1.0828299003886217,0.24819094047898105,1.0,0.7213881342645979,0.6355187218916819,0.42975711822509766,1.0,1.0,1,0.4758589174165501,0.79768499816623,0.6498442367601246,0.0,0.0,0.7969720544154723,0.10803542148919754,1,7.724326267701266,0.6355187218916819,0.10743927955627441,0.0,0.0,0.320312;0.667969
0118.jpg,P4,crop seedling,0.3904761904761905,0.0,1.0,0.9523809523809523,0.0,0.0,1.0,1.0,1,0.0,0.0,0.0,1.0,1.0,0.0,0.0,0,1.0,0.0,0.0,0.0,0.0,
0118.jpg,P5,plant body without background,0.5904761904761905,0.0,1.0,0.9523809523809523,1.0,0.0,1.0,1.0,1,0.0,0.0,0.0,1.0,1.0,0.0,0.0,0,1.0,1.0,0.0,0.0,0.0,
0119.jpg,P1,green plant,0.7188712830932465,0.24326219184638231,1.0,0.7205795638540217,0.777420746150513,0.4370630085468292,1.0,1.0,1,0.08320618101369726,0.0,0.0,0.0,0.0,0.8320618101369726,0.10608856577932099,1,7.755436045160574,0.777420746150513,0.1092657521367073,0.0,0.0,0.949219
0119.jpg,P2,entire plant excluding pot,0.7430656587013563,0.43069382178856064,1.0,0.7706811778190843,0.8558538710603705,0.27684223651885986,1.0,1.0,1,0.07625143726398133,0.0,0.0,0.026752636007124398,0.0,0.8427722806611865,0.18012405960648148,1,5.951068451674261,0.8558538710603705,0.06921055912971497,0.0,0.0,0.964844
0119.jpg,P3,leaves and stems,0.7190100644191844,0.24361899808563836,1.0,0.7207131985245093,0.776499059370608,0.4378550052642822,1.0,1.0,1,0.08327281217017679,0.0,0.0,0.0,0.0,0.8327281217017679,0.10622950424382716,1,7.7502896310838905,0.776499059370608,0.10946375131607056,0.0,0.0,0.318359
0119.jpg,P4,crop seedling,0.5904761904761905,0.0,1.0,0.9523809523809523,1.0,0.0,1.0,1.0,1,0.0,0.0,0.0,1.0,1.0,0.0,0.0,0,1.0,1.0,0.0,0.0,0.0,
0119.jpg,P5,plant body without background,0.5904761904761905,0.0,1.0,0.9523809523809523,1.0,0.0,1.0,1.0,1,0.0,0.0,0.0,1.0,1.0,0.0,0.0,0,1.0,1.0,0.0,0.0,0.0,
0120.jpg,P1,green plant,0.6930628317971728,0.22863283081340824,1.0,0.7277978232352287,0.6155901268821162,0.43663954734802246,1.0,1.0,1,0.09133076614141769,0.0,0.0,0.0,0.0,0.9133076614141769,0.1003099681712963,1,7.480159134160912,0.6155901268821162,0.10915988683700562,0.0,0.0,0.941406
0120.jpg,P2,entire plant excluding pot,0.729365365846653,0.40672218071183,1.0,0.7685957908418205,0.7053547302940802,0.3114717900753021,1.0,1.0,1,0.09093646746204646,0.0,0.0,0.004823088655957012,0.0,0.9238339405883357,0.17065526138117285,1,6.021480000683563,0.7053547302940802,0.07786794751882553,0.0,0.0,0.949219
0120.jpg,P3,leaves and stems,0.3904761904761905,0.0,1.0,0.9523809523809523,0.0,0.0,1.0,1.0,1,0.0,0.0,0.0,1.0,1.0,0.0,0.0,0,1.0,0.0,0.0,0.0,0.0,
0120.jpg,P4,crop seedling,0.5904761904761905,0.0,1.0,0.9523809523809523,1.0,0.0,1.0,1.0,1,0.0,0.0,0.0,1.0,1.0,0.0,0.0,0,1.0,1.0,0.0,0.0,0.0,
0120.jpg,P5,plant body without background,0.5904761904761905,0.0,1.0,0.9523809523809523,1.0,0.0,1.0,1.0,1,0.0,0.0,0.0,1.0,1.0,0.0,0.0,0,1.0,1.0,0.0,0.0,0.0,
0121.jpg,P1,green plant,0.7044698642538605,0.20641256202140956,1.0,0.7348772384168472,0.6622725140688446,0.42515328526496887,1.0,1.0,1,0.0987267442994464,0.0,0.0,0.0,0.0,0.987267442994464,0.09153296199845679,1,7.21542994457984,0.6622725140688446,0.10628832131624222,0.0,0.0,0.945312
0121.jpg,P2,entire plant excluding pot,0.7401504218616016,0.36711882471870605,1.0,0.7689283439374691,0.7420612220549019,0.3250439763069153,1.0,1.0,1,0.09951994845800319,0.0,0.0,0.0,0.0,0.9951994845800318,0.1550119357638889,1,6.010225995293058,0.7420612220549019,0.08126099407672882,0.0,0.0,0.937500
0121.jpg,P3,leaves and stems,0.5904761904761905,0.0,1.0,0.9523809523809523,1.0,0.0,1.0,1.0,1,0.0,0.0,0.0,1.0,1.0,0.0,0.0,0,1.0,1.0,0.0,0.0,0.0,
0121.jpg,P4,crop seedling,0.5714217294064824,0.2084966278910767,1.0,0.7354703073707802,0.0,0.41918471455574036,1.0,1.0,1,0.09879139944296297,0.0,0.0,0.0,0.0,0.9879139944296297,0.09235616801697531,1,7.1934839511028565,0.0,0.10479617863893509,0.0,0.0,0.332031
0121.jpg,P5,plant body without background,0.5904761904761905,0.0,1.0,0.9523809523809523,1.0,0.0,1.0,1.0,1,0.0,0.0,0.0,1.0,1.0,0.0,0.0,0,1.0,1.0,0.0,0.0,0.0,
0122.jpg,P1,green plant,0.9855316807967173,0.1990435517268323,1.0,0.7429722645216503,0.7585711393978195,0.43372076749801636,1.0,1.0,1,0.3586701361678536,0.5918910350648753,0.3013478818998716,0.0,0.0,0.9726565515317034,0.08862220293209877,1,6.918905260718787,0.7585711393978195,0.10843019187450409,0.0,0.0,0.519531;0.337891;0.945312
0122.jpg,P2,entire plant excluding pot,1.0676489530909867,0.3516320909517111,1.0,0.769199133110784,0.8231218371218559,0.34858912229537964,1.0,1.0,1,0.4091405163950407,0.6543866597060959,0.46437740693196405,0.0,0.0,0.9651725225015363,0.14889467592592592,1,6.001069344834397,0.8231218371218559,0.08714728057384491,0.0,0.0,0.375000;0.945312
0122.jpg,P3,leaves and stems,0.5904761904761905,0.0,1.0,0.9523809523809523,1.0,0.0,1.0,1.0,1,0.0,0.0,0.0,1.0,1.0,0.0,0.0,0,1.0,1.0,0.0,0.0,0.0,
0122.jpg,P4,crop seedling,0.9863261468500186,0.20080835384435058,1.0,0.7431417636488296,0.7620681913323714,0.4292377829551697,1.0,1.0,1,0.3592749284938743,0.5926138443352355,0.30359435173299104,0.0,0.0,0.9721309966460354,0.08931929976851852,1,6.912765475324529,0.7620681913323714,0.10730944573879242,0.0,0.0,0.419922
0122.jpg,P5,plant body without background,0.5904761904761905,0.0,1.0,0.9523809523809523,1.0,0.0,1.0,1.0,1,0.0,0.0,0.0,1.0,1.0,0.0,0.0,0,1.0,1.0,0.0,0.0,0.0,
0123.jpg,P1,green plant,0.9801525243659795,0.20966288677918432,1.0,0.7515560749915716,0.6750307196409809,0.45056378841400146,1.0,1.0,1,0.3627898304008318,0.5960361780430355,0.3054945054945055,0.0,0.0,0.991881570967584,0.09281684027777778,1,6.611454109028779,0.6750307196409809,0.11264094710350037,0.0,0.0,0.828125;0.929688;0.355469
0123.jpg,P2,entire plant excluding pot,1.0725664157257269,0.3674951652601969,1.0,0.7686487530142365,0.7853178055640309,0.37274786829948425,1.0,1.0,1,0.413724497298137,0.6605423113799616,0.46813186813186813,0.0,0.0,0.9827095205141421,0.1551605902777778,1,6.019687043751139,0.7853178055640309,0.09318696707487106,0.0,0.0,0.730469;0.945312
0123.jpg,P3,leaves and stems,0.5904761904761905,0.0,1.0,0.9523809523809523,1.0,0.0,1.0,1.0,1,0.0,0.0,0.0,1.0,1.0,0.0,0.0,0,1.0,1.0,0.0,0.0,0.0,
0123.jpg,P4,crop seedling,0.3904761904761905,0.0,1.0,0.9523809523809523,0.0,0.0,1.0,1.0,1,0.0,0.0,0.0,1.0,1.0,0.0,0.0,0,1.0,0.0,0.0,0.0,0.0,
0123.jpg,P5,plant body without background,0.5904761904761905,0.0,1.0,0.9523809523809523,1.0,0.0,1.0,1.0,1,0.0,0.0,0.0,1.0,1.0,0.0,0.0,0,1.0,1.0,0.0,0.0,0.0,
0124.jpg,P1,green plant,0.9951949353526193,0.23226346401781517,1.0,0.7469900568772803,0.7597610565331606,0.4491834342479706,1.0,1.0,1,0.35755533301737397,0.5943270701677085,0.2760570966873148,0.0,0.0,0.9985058105495939,0.10174406828703704,1,6.774118096843303,0.7597610565331606,0.11229585856199265,0.0,0.0,0.400391;0.439453;0.554688;0.808594;0.921875
0124.jpg,P2,entire plant excluding pot,1.0834805655855508,0.40426268997108916,1.0,0.7666235023716557,0.8504325980745643,0.37193748354911804,1.0,1.0,1,0.4048293107922654,0.6573140571708072,0.4209534069485591,0.0,0.0,0.9899777753174225,0.16968376253858025,1,6.0884253328097016,0.8504325980745643,0.09298437088727951,0.0,0.0,0.562500;0.968750
0124.jpg,P3,leaves and stems,0.5904761904761905,0.0,1.0,0.9523809523809523,1.0,0.0,1.0,1.0,1,0.0,0.0,0.0,1.0,1.0,0.0,0.0,0,1.0,1.0,0.0,0.0,0.0,
0124.jpg,P4,crop seedling,0.5904761904761905,0.0,1.0,0.9523809523809523,1.0,0.0,1.0,1.0,1,0.0,0.0,0.0,1.0,1.0,0.0,0.0,0,1.0,1.0,0.0,0.0,0.0,
0124.jpg,P5,plant body without background,0.5904761904761905,0.0,1.0,0.9523809523809523,1.0,0.0,1.0,1.0,1,0.0,0.0,0.0,1.0,1.0,0.0,0.0,0,1.0,1.0,0.0,0.0,0.0,
0125.jpg,P1,green plant,0.9319865364339226,0.30522774554617915,1.0,0.7506135807189349,0.3712577748046514,0.518286943435669,1.0,0.3457444329156357,1,0.34290932753283565,0.6111013308055004,0.297911227154047,0.0,0.0,0.753998408631821,0.13056495949074073,1,6.644868296739414,0.3712577748046514,0.12957173585891724,0.0,0.011569239065596265,0.660156;0.914062
0125.jpg,P2,entire plant excluding pot,1.0116881254443089,0.48198357409360837,1.0,0.7697878339883589,0.42811427571780575,0.431875079870224,1.0,0.40483765680185124,1,0.3893359727103095,0.6705118656309118,0.44177545691906006,0.008438318449202526,0.0,0.7766873302882034,0.2003835117669753,1,5.981184836837065,0.42811427571780575,0.107968769967556,0.0,0.009880503784157139,0.429688;0.898438
0125.jpg,P3,leaves and stems,0.5904761904761905,0.0,1.0,0.9523809523809523,1.0,0.0,1.0,1.0,1,0.0,0.0,0.0,1.0,1.0,0.0,0.0,0,1.0,1.0,0.0,0.0,0.0,
0125.jpg,P4,crop seedling,0.5904761904761905,0.0,1.0,0.9523809523809523,1.0,0.0,1.0,1.0,1,0.0,0.0,0.0,1.0,1.0,0.0,0.0,0,1.0,1.0,0.0,0.0,0.0,
0125.jpg,P5,plant body without background,0.5904761904761905,0.0,1.0,0.9523809523809523,1.0,0.0,1.0,1.0,1,0.0,0.0,0.0,1.0,1.0,0.0,0.0,0,1.0,1.0,0.0,0.0,0.0,
0126.jpg,P1,green plant,0.9818231076504812,0.36725312304656976,1.0,0.7477409418748678,0.2569397173976133,0.6119467616081238,1.0,0.5716950772308034,1,0.38504699886504634,0.6817562726546877,0.34663809268684703,0.0,0.0,0.840374467522732,0.15506498360339507,1,6.747231400560299,0.2569397173976133,0.15298669040203094,0.0,0.006996736825818651,0.365234;0.441406;0.367188;0.330078;0.902344;0.554688;0.373047;0.593750;0.625000
0126.jpg,P2,entire plant excluding pot,1.0268767285622162,0.5105100650492265,1.0,0.7666218815308568,0.4461356639071923,0.492998331785202,0.25153808128497024,0.7527967409948542,1,0.38362354010772065,0.7480829806326708,0.4658451647468524,0.1599866022755625,0.0,0.8593834791452122,0.21165147569444445,1,6.088480490619798,0.4461356639071923,0.1232495829463005,0.0795108235613111,0.005313519283723018,0.546875;0.406250;0.949219;0.378906;0.314453;0.451172;0.500000
0126.jpg,P3,leaves and stems,0.9310102111701086,0.36808913013752154,1.0,0.7478922490989417,0.0,0.6129933595657349,1.0,0.5676142243752065,1,0.3852152634096691,0.6821433366071492,0.346905973747656,0.0,0.0,0.8402202032258882,0.155395206404321,1,6.74182012729232,0.0,0.15324833989143372,0.0,0.0070470397467627685,0.734375;0.382812;0.394531;0.414062;0.466797
0126.jpg,P4,crop seedling,0.5904761904761905,0.0,1.0,0.9523809523809523,1.0,0.0,1.0,1.0,1,0.0,0.0,0.0,1.0,1.0,0.0,0.0,0,1.0,1.0,0.0,0.0,0.0,
0126.jpg,P5,plant body without background,0.5904761904761905,0.0,1.0,0.9523809523809523,1.0,0.0,1.0,1.0,1,0.0,0.0,0.0,1.0,1.0,0.0,0.0,0,1.0,1.0,0.0,0.0,0.0,
0127.jpg,P1,green plant,1.0306189653026907,0.3649785977301141,1.0,0.7573258625363609,0.011111268796044,1.0,1.0,0.4864824044131634,1,0.40393581949018675,0.6881403732618939,0.39106351550960117,0.0,0.0,0.9269525605679565,0.15416654610339506,1,6.408711215827197,0.011111268796044,0.4521687924861908,0.0,0.008222291214879891,0.357422;0.326172;0.394531;0.312500;0.453125;0.753906;0.929688;0.613281;0.656250
0127.jpg,P2,entire plant excluding pot,1.1070233218306482,0.4887345068565401,1.0,0.7700650470921071,0.7640722635014544,0.5046278238296509,0.16138939197930144,0.7579563456345635,1,0.4015233935746977,0.7477964788978996,0.6310930576070901,0.2015860546889612,0.0,0.8667369199784496,0.20305013020833335,1,5.971831958252493,0.7640722635014544,0.12615695595741272,0.12392388220016994,0.005277348785372576,0.314453;0.375000;0.667969;0.906250;0.357422;0.488281;0.605469
0127.jpg,P3,leaves and stems,0.3904761904761905,0.0,1.0,0.9523809523809523,0.0,0.0,1.0,1.0,1,0.0,0.0,0.0,1.0,1.0,0.0,0.0,0,1.0,0.0,0.0,0.0,0.0,
0127.jpg,P4,crop seedling,0.5904761904761905,0.0,1.0,0.9523809523809523,1.0,0.0,1.0,1.0,1,0.0,0.0,0.0,1.0,1.0,0.0,0.0,0,1.0,1.0,0.0,0.0,0.0,
0127.jpg,P5,plant body without background,0.5904761904761905,0.0,1.0,0.9523809523809523,1.0,0.0,1.0,1.0,1,0.0,0.0,0.0,1.0,1.0,0.0,0.0,0,1.0,1.0,0.0,0.0,0.0,
0128.jpg,P1,green plant,0.9636978236344109,0.33898637726597913,1.0,0.7489035823013672,0.0,0.6047915816307068,1.0,0.3481292110252297,1,0.42516151539480035,0.7326850068057129,0.47432582194311046,0.0007682891783494936,0.0,0.835736018165458,0.14389961902006174,1,6.705707480448097,0.0,0.1511978954076767,0.0,0.011489986686897444,0.652344;0.656250;0.433594;0.738281;0.671875;0.925781;0.632812
0128.jpg,P2,entire plant excluding pot,1.1232448727655973,0.458652597085482,1.0,0.7712871449792229,0.8481272583709152,0.47734466195106506,0.13232980175007406,0.45701743767113423,1,0.4121625402882602,0.8091173939675377,0.6176579239009974,0.22333570043806153,0.0,0.8479373622886099,0.19116777584876543,1,5.930679812560294,0.8481272583709152,0.11933616548776627,0.1511375346709367,0.008752401265875473,0.601562;0.566406;0.341797;0.695312;0.687500;0.318359;0.929688;0.621094;0.449219
0128.jpg,P3,leaves and stems,0.9644996191646272,0.3402585486990154,1.0,0.7505157115889455,0.0,0.6049204468727112,1.0,0.34886157431005604,1,0.42536067773249275,0.7334975594179097,0.47395640930919836,0.0007990121304568896,0.0,0.835640818997057,0.1444021267361111,1,6.648342854351761,0.0,0.1512301117181778,0.0,0.011465865817726715,0.406250
0128.jpg,P4,crop seedling,0.5904761904761905,0.0,1.0,0.9523809523809523,1.0,0.0,1.0,1.0,1,0.0,0.0,0.0,1.0,1.0,0.0,0.0,0,1.0,1.0,0.0,0.0,0.0,
0128.jpg,P5,plant body without background,0.5904761904761905,0.0,1.0,0.9523809523809523,1.0,0.0,1.0,1.0,1,0.0,0.0,0.0,1.0,1.0,0.0,0.0,0,1.0,1.0,0.0,0.0,0.0,
0129.jpg,P1,green plant,1.0900119847050722,0.3021169079152993,1.0,0.7550563686319213,0.7960721939034286,0.5716347694396973,1.0,0.27813481980814103,1,0.40503593672700294,0.7003162437945372,0.4381941956288069,0.0,0.0,0.8105029618572974,0.1293361786265432,1,6.488088612824749,0.7960721939034286,0.14290869235992432,0.0,0.014381514701248922,0.761719;0.945312;0.687500;0.589844;0.562500;0.373047;0.523438;0.332031;0.621094
0129.jpg,P2,entire plant excluding pot,1.0921431894698317,0.4184989231715893,1.0,0.7732529551718036,0.8424367506758313,0.4553850293159485,0.17442071360454864,0.3706990439770555,1,0.39422845780279697,0.7715160991918006,0.5825868864206377,0.20916780313424346,0.0,0.8208252447022502,0.17530707465277778,1,5.864757277980712,0.8424367506758313,0.11384625732898712,0.11466528021060927,0.010790424375217923,0.765625;0.312500;0.333984;0.960938;0.742188;0.582031;0.523438;0.302734;0.609375;0.468750;0.703125;0.355469
0129.jpg,P3,leaves and stems,1.091104069522315,0.30348217250742304,1.0,0.7561288779227594,0.7976518780392597,0.5712209939956665,1.0,0.2779433658001677,1,0.40540728502929335,0.7011514814498068,0.43855249014690073,0.0,0.0,0.8106481829541891,0.1298754581404321,1,6.450517344270846,0.7976518780392597,0.14280524849891663,0.0,0.014391421030987553,0.310547
0129.jpg,P4,crop seedling,0.5904761904761905,0.0,1.0,0.9523809523809523,1.0,0.0,1.0,1.0,1,0.0,0.0,0.0,1.0,1.0,0.0,0.0,0,1.0,1.0,0.0,0.0,0.0,
0129.jpg,P5,plant body without background,0.5904761904761905,0.0,1.0,0.9523809523809523,1.0,0.0,1.0,1.0,1,0.0,0.0,0.0,1.0,1.0,0.0,0.0,0,1.0,1.0,0.0,0.0,0.0,
0130.jpg,P1,green plant,0.6655431466363155,0.17366544088920144,1.0,0.7741167884712655,0.0,1.0,1.0,0.07401686015157107,1,0.07598670076422218,0.0,0.09010989010989011,0.0,0.0,0.5976692054444196,0.07859784915123456,1,5.835894916445651,0.0,0.4669593572616577,0.0,0.05404174118989695,0.605469;0.933594;0.589844;0.511719;0.435547;0.390625;0.326172;0.302734;0.539062
0130.jpg,P2,entire plant excluding pot,0.9027011998794106,0.2809459974214721,1.0,0.7702127002541077,0.30053270871745585,0.20676426589488983,1.0,1.0,1,0.3910100654218255,0.6259983198616711,0.44395604395604393,0.0,0.0,0.9199856555815269,0.12097366898148149,1,5.9668530438431135,0.30053270871745585,0.05169106647372246,0.0,0.0,0.562500;0.363281;0.427734;0.324219;0.652344;0.968750;0.443359;0.355469;0.441406;0.464844;0.460938
0130.jpg,P3,leaves and stems,0.3904761904761905,0.0,1.0,0.9523809523809523,0.0,0.0,1.0,1.0,1,0.0,0.0,0.0,1.0,1.0,0.0,0.0,0,1.0,0.0,0.0,0.0,0.0,
0130.jpg,P4,crop seedling,0.5904761904761905,0.0,1.0,0.9523809523809523,1.0,0.0,1.0,1.0,1,0.0,0.0,0.0,1.0,1.0,0.0,0.0,0,1.0,1.0,0.0,0.0,0.0,
0130.jpg,P5,plant body without background,0.5904761904761905,0.0,1.0,0.9523809523809523,1.0,0.0,1.0,1.0,1,0.0,0.0,0.0,1.0,1.0,0.0,0.0,0,1.0,1.0,0.0,0.0,0.0,
0131.jpg,P1,green plant,0.7696339157895282,0.15267735925535242,1.0,0.7475767167403738,0.0,0.246342733502388,1.0,1.0,1,0.3403145538899054,0.5743166074377395,0.2748890298034242,0.0,0.0,0.8982371592208018,0.0703075569058642,1,6.753107142241034,0.0,0.061585683375597,0.0,0.0,0.322266;0.353516;0.707031;0.527344;0.949219;0.683594;0.582031;0.435547;0.542969;0.333984;0.386719
0131.jpg,P2,entire plant excluding pot,0.9962109004738882,0.2559753599195186,1.0,0.7710527009314649,0.8549950517327608,0.1846148818731308,1.0,1.0,1,0.3828833015825132,0.6174459541880837,0.422003804692454,0.0,0.0,0.9081653277204222,0.11111026716820988,1,5.938564219850519,0.8549950517327608,0.0461537204682827,0.0,0.0,0.558594;0.949219;0.437500;0.722656;0.451172;0.451172;0.478516;0.337891;0.310547;0.578125;0.523438
0131.jpg,P3,leaves and stems,0.5904761904761905,0.0,1.0,0.9523809523809523,1.0,0.0,1.0,1.0,1,0.0,0.0,0.0,1.0,1.0,0.0,0.0,0,1.0,1.0,0.0,0.0,0.0,
0131.jpg,P4,crop seedling,0.5904761904761905,0.0,1.0,0.9523809523809523,1.0,0.0,1.0,1.0,1,0.0,0.0,0.0,1.0,1.0,0.0,0.0,0,1.0,1.0,0.0,0.0,0.0,
0131.jpg,P5,plant body without background,0.5904761904761905,0.0,1.0,0.9523809523809523,1.0,0.0,1.0,1.0,1,0.0,0.0,0.0,1.0,1.0,0.0,0.0,0,1.0,1.0,0.0,0.0,0.0,
0132.jpg,P1,green plant,0.9369159351109879,0.17510029643303637,1.0,0.7486886479396575,0.7862003287762809,0.2330762892961502,1.0,1.0,1,0.3483028226219629,0.5818636786847214,0.2991042866282789,0.0,0.0,0.9081176348922017,0.07916461709104938,1,6.713374184367161,0.7862003287762809,0.05826907232403755,0.0,0.0,0.337891;0.433594;0.500000;0.929688;0.507812;0.515625
0132.jpg,P2,entire plant excluding pot,1.0081968457494983,0.2841645789381153,1.0,0.7703695811574136,0.8425205095546252,0.1929086148738861,1.0,1.0,1,0.3902041888446903,0.6264128657367997,0.4401791426743442,0.0,0.0,0.9172744015542849,0.12224500868055556,1,5.9615650581007245,0.8425205095546252,0.04822715371847153,0.0,0.0,0.703125;0.443359;0.957031;0.351562;0.363281
0132.jpg,P3,leaves and stems,0.5904761904761905,0.0,1.0,0.9523809523809523,1.0,0.0,1.0,1.0,1,0.0,0.0,0.0,1.0,1.0,0.0,0.0,0,1.0,1.0,0.0,0.0,0.0,
0132.jpg,P4,crop seedling,0.5904761904761905,0.0,1.0,0.9523809523809523,1.0,0.0,1.0,1.0,1,0.0,0.0,0.0,1.0,1.0,0.0,0.0,0,1.0,1.0,0.0,0.0,0.0,
0132.jpg,P5,plant body without background,0.5904761904761905,0.0,1.0,0.9523809523809523,1.0,0.0,1.0,1.0,1,0.0,0.0,0.0,1.0,1.0,0.0,0.0,0,1.0,1.0,0.0,0.0,0.0,
0133.jpg,P1,green plant,0.9111203742652381,0.2348200158227849,1.0,0.7536924104765863,0.5432405592016781,0.2248111218214035,1.0,1.0,1,0.35980755280074744,0.5746046082339387,0.3436305732484076,0.0,0.0,0.9684243673415556,0.10275390625,1,6.536024141935164,0.5432405592016781,0.056202780455350876,0.0,0.0,0.960938
0133.jpg,P2,entire plant excluding pot,0.9691889139783435,0.3558753076652602,1.0,0.7700851233164628,0.5852567201193754,0.15818506479263306,1.0,1.0,1,0.3953084707995972,0.6093220877546593,0.4745222929936306,0.0,0.0,0.966317273466129,0.15057074652777777,1,5.971154869045684,0.5852567201193754,0.039546266198158264,0.0,0.0,0.949219
0133.jpg,P3,leaves and stems,0.5904761904761905,0.0,1.0,0.9523809523809523,1.0,0.0,1.0,1.0,1,0.0,0.0,0.0,1.0,1.0,0.0,0.0,0,1.0,1.0,0.0,0.0,0.0,
0133.jpg,P4,crop seedling,0.5904761904761905,0.0,1.0,0.9523809523809523,1.0,0.0,1.0,1.0,1,0.0,0.0,0.0,1.0,1.0,0.0,0.0,0,1.0,1.0,0.0,0.0,0.0,
0133.jpg,P5,plant body without background,0.5904761904761905,0.0,1.0,0.9523809523809523,1.0,0.0,1.0,1.0,1,0.0,0.0,0.0,1.0,1.0,0.0,0.0,0,1.0,1.0,0.0,0.0,0.0,
0134.jpg,P1,green plant,0.9861647152388091,0.2596282744374121,1.0,0.7551110562757619,0.8432586641289528,0.24096907675266266,1.0,1.0,1,0.36637130091985126,0.5816300423696505,0.36256,0.0,0.0,0.9753998609047358,0.11255316840277778,1,6.486170257711237,0.8432586641289528,0.060242269188165665,0.0,0.0,0.957031
0134.jpg,P2,entire plant excluding pot,1.0408159949455906,0.38368696524847634,1.0,0.7698071741859658,0.9008979109930768,0.14745686948299408,1.0,1.0,1,0.4004462109634881,0.6171699738591078,0.48736,0.0006231282830838208,0.0,0.968988585977255,0.16155635127314816,1,5.980532100326346,0.9008979109930768,0.03686421737074852,0.0,0.0,0.957031
0134.jpg,P3,leaves and stems,0.5904761904761905,0.0,1.0,0.9523809523809523,1.0,0.0,1.0,1.0,1,0.0,0.0,0.0,1.0,1.0,0.0,0.0,0,1.0,1.0,0.0,0.0,0.0,
0134.jpg,P4,crop seedling,0.5904761904761905,0.0,1.0,0.9523809523809523,1.0,0.0,1.0,1.0,1,0.0,0.0,0.0,1.0,1.0,0.0,0.0,0,1.0,1.0,0.0,0.0,0.0,
0134.jpg,P5,plant body without background,0.5904761904761905,0.0,1.0,0.9523809523809523,1.0,0.0,1.0,1.0,1,0.0,0.0,0.0,1.0,1.0,0.0,0.0,0,1.0,1.0,0.0,0.0,0.0,
0135.jpg,P1,green plant,0.906085855386384,0.26958954768323173,1.0,0.7493716572793765,0.3738705706917524,0.25650665163993835,1.0,0.5823972272453285,1,0.3762181699275242,0.6241080748082947,0.41311244272118436,0.0,0.0,0.8342010405480793,0.11648787133487655,1,6.689026474007298,0.3738705706917524,0.06412666290998459,0.0,0.006868164566853343,0.953125
0135.jpg,P2,entire plant excluding pot,0.9350616270365568,0.3877781806727614,1.0,0.7714033012371766,0.4283577886633119,0.13966277241706848,1.0,0.7995374390784227,1,0.389621218438493,0.6738465119254332,0.5100458230525202,0.07928598502900436,0.0,0.8575248662383905,0.16317238136574075,1,5.92677522629732,0.4283577886633119,0.03491569310426712,0.014989467399921828,0.0050028926783097895,0.894531
0135.jpg,P3,leaves and stems,0.5904761904761905,0.0,1.0,0.9523809523809523,1.0,0.0,1.0,1.0,1,0.0,0.0,0.0,1.0,1.0,0.0,0.0,0,1.0,1.0,0.0,0.0,0.0,
0135.jpg,P4,crop seedling,0.5904761904761905,0.0,1.0,0.9523809523809523,1.0,0.0,1.0,1.0,1,0.0,0.0,0.0,1.0,1.0,0.0,0.0,0,1.0,1.0,0.0,0.0,0.0,
0135.jpg,P5,plant body without background,0.5904761904761905,0.0,1.0,0.9523809523809523,1.0,0.0,1.0,1.0,1,0.0,0.0,0.0,1.0,1.0,0.0,0.0,0,1.0,1.0,0.0,0.0,0.0,
0136.jpg,P1,green plant,0.7722957185847085,0.28007366873730255,1.0,0.7516763374112181,0.7280887582231134,0.29176366329193115,1.0,1.0,1,0.16197523305199546,0.0,0.4295129989015013,9.294924970965853e-05,0.0,0.8469077802463811,0.12062909915123457,1,6.607196481507229,0.7280887582231134,0.07294091582298279,0.0,0.0009574772174392782,0.957031
0136.jpg,P2,entire plant excluding pot,0.7716197142464188,0.39497412925847786,1.0,0.7764769371180322,0.8154189031862134,0.1368289440870285,0.4539437594778137,1.0,1,0.1468799315164685,0.0,0.5195898938117905,0.11309788793407083,0.0,0.8728311701056743,0.16601478105709877,1,5.757365150125252,0.8154189031862134,0.034207236021757126,0.04405832128413144,0.0007073383815313513,0.917969
0136.jpg,P3,leaves and stems,0.5904761904761905,0.0,1.0,0.9523809523809523,1.0,0.0,1.0,1.0,1,0.0,0.0,0.0,1.0,1.0,0.0,0.0,0,1.0,1.0,0.0,0.0,0.0,
0136.jpg,P4,crop seedling,0.5904761904761905,0.0,1.0,0.9523809523809523,1.0,0.0,1.0,1.0,1,0.0,0.0,0.0,1.0,1.0,0.0,0.0,0,1.0,1.0,0.0,0.0,0.0,
0136.jpg,P5,plant body without background,0.5904761904761905,0.0,1.0,0.9523809523809523,1.0,0.0,1.0,1.0,1,0.0,0.0,0.0,1.0,1.0,0.0,0.0,0,1.0,1.0,0.0,0.0,0.0,
0137.jpg,P1,green plant,0.7841849439729618,0.2855976031411157,1.0,0.7508236972088493,0.8101502310212088,0.31432077288627625,1.0,1.0,1,0.15200648312147183,0.0,0.35751713018943976,0.0,0.0,0.8765339968737267,0.12281105324074074,1,6.637411784349678,0.8101502310212088,0.07858019322156906,0.0,0.0,0.964844
0137.jpg,P2,entire plant excluding pot,0.7754878631244639,0.40789210228160644,1.0,0.7768830194075956,0.8449642528192636,0.13407008349895477,0.5716479046257325,1.0,1,0.14272597152297992,0.0,0.46473196291817814,0.1041121216135096,0.0,0.9030785468176074,0.17111738040123456,1,5.743901591839142,0.8449642528192636,0.03351752087473869,0.03498657099616999,0.0,0.945312
0137.jpg,P3,leaves and stems,0.5904761904761905,0.0,1.0,0.9523809523809523,1.0,0.0,1.0,1.0,1,0.0,0.0,0.0,1.0,1.0,0.0,0.0,0,1.0,1.0,0.0,0.0,0.0,
0137.jpg,P4,crop seedling,0.5904761904761905,0.0,1.0,0.9523809523809523,1.0,0.0,1.0,1.0,1,0.0,0.0,0.0,1.0,1.0,0.0,0.0,0,1.0,1.0,0.0,0.0,0.0,
0137.jpg,P5,plant body without background,0.5904761904761905,0.0,1.0,0.9523809523809523,1.0,0.0,1.0,1.0,1,0.0,0.0,0.0,1.0,1.0,0.0,0.0,0,1.0,1.0,0.0,0.0,0.0,
0138.jpg,P1,green plant,0.693109920296642,0.26189211693233316,1.0,0.750433261580264,0.5869402021147627,0.2732623815536499,1.0,1.0,1,0.11860432786044,0.0,0.21041023378914867,0.0,0.0,0.8073048577839325,0.1134473861882716,1,6.651270704451395,0.5869402021147627,0.06831559538841248,0.0,0.0010595359296391626,0.953125
0138.jpg,P2,entire plant excluding pot,0.7352815969377898,0.3942022190967338,1.0,0.7840007216691102,0.7081844006148481,0.11946123838424683,1.0,1.0,1,0.13411188098480195,0.0,0.35730039700044114,0.0458353219873347,0.0,0.8354840612092295,0.16570987654320987,1,5.510180599605444,0.7081844006148481,0.029865309596061707,0.0,0.0007275563419631216,0.957031
0138.jpg,P3,leaves and stems,0.5904761904761905,0.0,1.0,0.9523809523809523,1.0,0.0,1.0,1.0,1,0.0,0.0,0.0,1.0,1.0,0.0,0.0,0,1.0,1.0,0.0,0.0,0.0,
0138.jpg,P4,crop seedling,0.5904761904761905,0.0,1.0,0.9523809523809523,1.0,0.0,1.0,1.0,1,0.0,0.0,0.0,1.0,1.0,0.0,0.0,0,1.0,1.0,0.0,0.0,0.0,
0138.jpg,P5,plant body without background,0.5904761904761905,0.0,1.0,0.9523809523809523,1.0,0.0,1.0,1.0,1,0.0,0.0,0.0,1.0,1.0,0.0,0.0,0,1.0,1.0,0.0,0.0,0.0,
0139.jpg,P1,green plant,0.6372092513097306,0.2003230485232067,1.0,0.7541448698969078,0.4557901048020406,0.2650797963142395,1.0,0.12117526533622915,1,0.10214168740245162,0.0,0.1823949246629659,0.0,0.0,0.6931060096311776,0.08912760416666667,1,6.52010349514678,0.4557901048020406,0.06626994907855988,0.0,0.03301003706409112,0.925781
0139.jpg,P2,entire plant excluding pot,0.6991044829746149,0.32593288502109696,1.0,0.7841740823134713,0.595532964134188,0.12147203087806702,1.0,0.1869841579332196,1,0.13368209050525032,0.0,0.3437747819191118,0.0,0.0,0.718026297598102,0.13874348958333332,1,5.504540957278234,0.595532964134188,0.030368007719516754,0.0,0.02139218661202613,0.957031
0139.jpg,P3,leaves and stems,0.5456109114811849,0.20102536773323942,1.0,0.7506841717861416,0.0,0.26532211899757385,1.0,0.12139821560121143,1,0.102204579777794,0.0,0.1823949246629659,0.0,0.0,0.6937349333846013,0.08940502025462962,1,6.642362729472458,0.0,0.06633052974939346,0.0,0.03294941346699732,0.500000
0139.jpg,P4,crop seedling,0.5457535415266771,0.20164680272308166,1.0,0.7518573005870267,0.0,0.26359114050865173,1.0,0.1215127052863796,1,0.10233449276292508,0.0,0.183187946074544,0.0,0.0,0.6936066246950716,0.08965048707561728,1,6.600792443439235,0.0,0.06589778512716293,0.0,0.03291836841730131,0.451172
0139.jpg,P5,plant body without background,0.5904761904761905,0.0,1.0,0.9523809523809523,1.0,0.0,1.0,1.0,1,0.0,0.0,0.0,1.0,1.0,0.0,0.0,0,1.0,1.0,0.0,0.0,0.0,
0140.jpg,P1,green plant,0.9360248882213951,0.2068291920612595,1.0,0.7517800984842543,0.7475514127585202,0.2989404499530792,1.0,0.799554270696452,1,0.3350046575699723,0.6046506476133918,0.2846299810246679,0.0,0.0,0.721435343208449,0.09169753086419753,1,6.603524142663763,0.7475514127585202,0.0747351124882698,0.0,0.0050027873611578596,0.925781
0140.jpg,P2,entire plant excluding pot,1.003579704137091,0.33799714799187364,1.0,0.782698819071048,0.825303351268411,0.15862928330898285,1.0,1.0,1,0.3826539838090279,0.6637808172584627,0.4234661606578115,0.0,0.0,0.7410678885015984,0.14350887345679011,1,5.55261297536791,0.825303351268411,0.03965732082724571,0.0,0.0031940990657974328,0.921875
0140.jpg,P3,leaves and stems,0.3904761904761905,0.0,1.0,0.9523809523809523,0.0,0.0,1.0,1.0,1,0.0,0.0,0.0,1.0,1.0,0.0,0.0,0,1.0,0.0,0.0,0.0,0.0,
0140.jpg,P4,crop seedling,0.3904761904761905,0.0,1.0,0.9523809523809523,0.0,0.0,1.0,1.0,1,0.0,0.0,0.0,1.0,1.0,0.0,0.0,0,1.0,0.0,0.0,0.0,0.0,
0140.jpg,P5,plant body without background,0.5904761904761905,0.0,1.0,0.9523809523809523,1.0,0.0,1.0,1.0,1,0.0,0.0,0.0,1.0,1.0,0.0,0.0,0,1.0,1.0,0.0,0.0,0.0,
0141.jpg,P1,green plant,0.9479120122867665,0.21716985808329414,1.0,0.7507943355346688,0.7161254081924318,0.34536564350128174,1.0,1.0,1,0.3420209632244312,0.6065610161761944,0.2901292967518133,0.0,0.0,0.7750133414743678,0.09578209394290123,1,6.638453506388337,0.7161254081924318,0.08634141087532043,0.0,0.0,0.925781
0141.jpg,P2,entire plant excluding pot,1.0172363078140472,0.34768372011251747,1.0,0.7817088595785797,0.8030066354054712,0.20760318636894226,1.0,1.0,1,0.3892358275209452,0.6639155511441371,0.4339325134027121,0.0,0.0,0.7875753220800907,0.14733506944444444,1,5.584972915340917,0.8030066354054712,0.051900796592235565,0.0,0.0,0.929688
0141.jpg,P3,leaves and stems,0.5904761904761905,0.0,1.0,0.9523809523809523,1.0,0.0,1.0,1.0,1,0.0,0.0,0.0,1.0,1.0,0.0,0.0,0,1.0,1.0,0.0,0.0,0.0,
0141.jpg,P4,crop seedling,0.8043471171814766,0.21945811845600882,1.0,0.7467827118140026,0.0,0.34327512979507446,1.0,1.0,1,0.3424439251684594,0.6075665960243581,0.2901292967518133,0.0,0.0,0.7757234314460766,0.09668595679012346,1,6.7815519609689385,0.0,0.08581878244876862,0.0,0.0,0.349609
0141.jpg,P5,plant body without background,0.5904761904761905,0.0,1.0,0.9523809523809523,1.0,0.0,1.0,1.0,1,0.0,0.0,0.0,1.0,1.0,0.0,0.0,0,1.0,1.0,0.0,0.0,0.0,
0142.jpg,P1,green plant,0.977804720115389,0.22575884659712453,1.0,0.7439852175434376,0.8069919598607642,0.38177311420440674,1.0,1.0,1,0.3461028924742425,0.6112689662933872,0.302076777847703,0.0,0.0,0.7778493425897041,0.0991747444058642,1,6.882254550752952,0.8069919598607642,0.09544327855110168,0.0,0.0008339462311343979,0.941406
0142.jpg,P2,entire plant excluding pot,1.0442627991095408,0.3567509938076262,1.0,0.7796278045476578,0.8876794342346632,0.2320314198732376,1.0,1.0,1,0.3930448686169038,0.6693207168221411,0.44493392070484583,0.0,0.0,0.7869451200228217,0.15091664255401235,1,5.653266704108966,0.8876794342346632,0.0580078549683094,0.0,0.0005400383299394534,0.968750
0142.jpg,P3,leaves and stems,0.5904761904761905,0.0,1.0,0.9523809523809523,1.0,0.0,1.0,1.0,1,0.0,0.0,0.0,1.0,1.0,0.0,0.0,0,1.0,1.0,0.0,0.0,0.0,
0142.jpg,P4,crop seedling,0.9776295122399747,0.22759354488982653,1.0,0.7403174053877356,0.8073172407830653,0.3798784017562866,1.0,1.0,1,0.34660819367659196,0.6120820489846138,0.30302076777847703,0.0,0.0,0.7783573833185127,0.09989945023148149,1,7.015439397274676,0.8073172407830653,0.09496960043907166,0.0,0.000862895030931468,0.589844
0142.jpg,P5,plant body without background,0.5904761904761905,0.0,1.0,0.9523809523809523,1.0,0.0,1.0,1.0,1,0.0,0.0,0.0,1.0,1.0,0.0,0.0,0,1.0,1.0,0.0,0.0,0.0,
0143.jpg,P1,green plant,0.7290241300118478,0.24089732038209088,1.0,0.7506355150996877,0.7837320131012824,0.433906227350235,1.0,0.24824050092500355,1,0.08718991482518862,0.0,0.06214953271028038,0.0,0.0,0.7600299893733815,0.10515444155092593,1,6.644089704900136,0.7837320131012824,0.10847655683755875,0.0,0.016113406092458895,0.941406
0143.jpg,P2,entire plant excluding pot,0.7840527445067136,0.3736023817198,1.0,0.786141001467221,0.8635661805405846,0.2824489176273346,1.0,0.3692274878169362,1,0.12290104823572552,0.0,0.26869158878504673,0.006684147262414755,0.0,0.7654180643314153,0.157572940779321,1,5.4407287785178875,0.8635661805405846,0.07061222940683365,0.0,0.01083342961178234,0.953125
0143.jpg,P3,leaves and stems,0.5904761904761905,0.0,1.0,0.9523809523809523,1.0,0.0,1.0,1.0,1,0.0,0.0,0.0,1.0,1.0,0.0,0.0,0,1.0,1.0,0.0,0.0,0.0,
0143.jpg,P4,crop seedling,0.3904761904761905,0.0,1.0,0.9523809523809523,0.0,0.0,1.0,1.0,1,0.0,0.0,0.0,1.0,1.0,0.0,0.0,0,1.0,0.0,0.0,0.0,0.0,
0143.jpg,P5,plant body without background,0.5904761904761905,0.0,1.0,0.9523809523809523,1.0,0.0,1.0,1.0,1,0.0,0.0,0.0,1.0,1.0,0.0,0.0,0,1.0,1.0,0.0,0.0,0.0,
0144.jpg,P1,green plant,0.7379779257413156,0.24400144309657756,1.0,0.7381328385101321,0.8582087418279022,0.4621211886405945,1.0,0.28177007823726646,1,0.07748508332627435,0.0,0.011970074812967581,0.0,0.0,0.7533046985994019,0.10638057002314814,1,7.095393886510397,0.8582087418279022,0.11553029716014862,0.0,0.014195971499258242,0.921875
0144.jpg,P2,entire plant excluding pot,0.7909668130950327,0.3752753115721207,1.0,0.7891200475035535,0.9282170911267152,0.29552382230758667,1.0,0.41572822299651574,1,0.11333955859303747,0.0,0.22942643391521197,0.011681933233469517,0.0,0.7554738045834017,0.15823374807098767,1,5.344686227743993,0.9282170911267152,0.07388095557689667,0.0,0.00962167054997737,0.949219
0144.jpg,P3,leaves and stems,0.5904761904761905,0.0,1.0,0.9523809523809523,1.0,0.0,1.0,1.0,1,0.0,0.0,0.0,1.0,1.0,0.0,0.0,0,1.0,1.0,0.0,0.0,0.0,
0144.jpg,P4,crop seedling,0.5718904789582772,0.25236639758165336,1.0,0.7469104034315643,0.0,0.47024670243263245,1.0,0.2887468063159565,1,0.07798577826910713,0.0,0.013466334164588529,0.0,0.0,0.7556183811948118,0.10968472704475309,1,6.776973393479452,0.0,0.11756167560815811,0.0,0.0138529670718611,0.419922
0144.jpg,P5,plant body without background,0.5904761904761905,0.0,1.0,0.9523809523809523,1.0,0.0,1.0,1.0,1,0.0,0.0,0.0,1.0,1.0,0.0,0.0,0,1.0,1.0,0.0,0.0,0.0,
0145.jpg,P1,green plant,0.9607692794292496,0.27264697120643844,1.0,0.7272798387678463,0.4550017183731273,0.4679003357887268,1.0,1.0,1,0.37620350660202184,0.6301514198460336,0.3695583095011122,0.0,0.0,0.8913001394570987,0.11769555362654321,1,7.499731099220204,0.4550017183731273,0.1169750839471817,0.0,0.0,0.968750
0145.jpg,P2,entire plant excluding pot,1.0208761220397469,0.39791923054383493,1.0,0.7751895710997626,0.5977089467334851,0.3028992712497711,1.0,1.0,1,0.406132718114376,0.6848707610402471,0.4972990149348586,0.040411295777857584,0.0,0.8903751779537225,0.16717809606481482,1,5.80014069542495,0.5977089467334851,0.07572481781244278,0.0,0.0,0.917969
0145.jpg,P3,leaves and stems,0.5904761904761905,0.0,1.0,0.9523809523809523,1.0,0.0,1.0,1.0,1,0.0,0.0,0.0,1.0,1.0,0.0,0.0,0,1.0,1.0,0.0,0.0,0.0,
0145.jpg,P4,crop seedling,0.9648927145872387,0.27420116912798875,1.0,0.7270476552465555,0.4736089519557078,0.4667568802833557,1.0,1.0,1,0.3765697832645172,0.6308302986880253,0.3701938353987925,0.0,0.0,0.8914428835192565,0.11830946180555556,1,7.508513170594885,0.4736089519557078,0.11668922007083893,0.0,0.0,0.458984
0145.jpg,P5,plant body without background,0.5904761904761905,0.0,1.0,0.9523809523809523,1.0,0.0,1.0,1.0,1,0.0,0.0,0.0,1.0,1.0,0.0,0.0,0,1.0,1.0,0.0,0.0,0.0,
0146.jpg,P1,green plant,1.027184705436435,0.2838233390959525,1.0,0.7271141172365388,0.7213538241056778,0.4822983145713806,1.0,1.0,1,0.38426678643452483,0.6365721756732594,0.3974151857835218,0.0,0.0,0.8993179150785013,0.12211021894290124,1,7.5059987502536165,0.7213538241056778,0.12057457864284515,0.0,4.6404582798117354e-05,0.957031
0146.jpg,P2,entire plant excluding pot,1.070433801519483,0.39937117860212534,1.0,0.7757428426397399,0.8424991560311111,0.3261241316795349,1.0,1.0,1,0.40168633972898077,0.6876190486464153,0.5082390953150242,0.06753274941264152,0.0,0.8979646036982353,0.16775161554783952,1,5.781739644471501,0.8424991560311111,0.08153103291988373,0.00946026265650615,3.809115861086575e-05,0.835938
0146.jpg,P3,leaves and stems,0.5904761904761905,0.0,1.0,0.9523809523809523,1.0,0.0,1.0,1.0,1,0.0,0.0,0.0,1.0,1.0,0.0,0.0,0,1.0,1.0,0.0,0.0,0.0,
0146.jpg,P4,crop seedling,0.3904761904761905,0.0,1.0,0.9523809523809523,0.0,0.0,1.0,1.0,1,0.0,0.0,0.0,1.0,1.0,0.0,0.0,0,1.0,0.0,0.0,0.0,0.0,
0146.jpg,P5,plant body without background,0.5904761904761905,0.0,1.0,0.9523809523809523,1.0,0.0,1.0,1.0,1,0.0,0.0,0.0,1.0,1.0,0.0,0.0,0,1.0,1.0,0.0,0.0,0.0,
0147.jpg,P1,green plant,1.0607213986174586,0.2855066465463354,1.0,0.7246740541064185,0.8597831083048424,0.48905622959136963,1.0,1.0,1,0.38891739090766536,0.6387449078300202,0.415822164105917,0.0,0.0,0.9050868362809323,0.12277512538580247,1,7.598614696729568,0.8597831083048424,0.12226405739784241,0.0,0.00011980211048111349,0.960938
0147.jpg,P2,entire plant excluding pot,1.0876056495069848,0.3987878965463354,1.0,0.7752406930977743,0.9253433530029584,0.3273726999759674,1.0,1.0,1,0.40225672098237764,0.6893112797525784,0.5178162798300098,0.07568471264235459,0.0,0.904962564922798,0.16752121913580248,1,5.7984393467301825,0.9253433530029584,0.08184317499399185,0.013768380871227387,0.00010075653765991503,0.910156
0147.jpg,P3,leaves and stems,0.5904761904761905,0.0,1.0,0.9523809523809523,1.0,0.0,1.0,1.0,1,0.0,0.0,0.0,1.0,1.0,0.0,0.0,0,1.0,1.0,0.0,0.0,0.0,
0147.jpg,P4,crop seedling,0.8888811852023695,0.2872546613728707,1.0,0.7242729129273244,0.0,0.4863269031047821,1.0,1.0,1,0.38931028972137405,0.6395251849530634,0.41647597254004576,0.0,0.0,0.9051079993059366,0.12346559124228396,1,7.613900289554052,0.0,0.12158172577619553,0.0,0.00012499108950240852,0.478516
0147.jpg,P5,plant body without background,0.5904761904761905,0.0,1.0,0.9523809523809523,1.0,0.0,1.0,1.0,1,0.0,0.0,0.0,1.0,1.0,0.0,0.0,0,1.0,1.0,0.0,0.0,0.0,
0148.jpg,P1,green plant,1.0493264534777453,0.27533263254024076,1.0,0.7345279867692552,0.7533535739510426,0.5217837691307068,1.0,1.0,1,0.3923268609994961,0.6390458054598402,0.4381247845570493,0.0,0.0,0.8979836786828318,0.11875638985339507,1,7.2283702734975614,0.7533535739510426,0.1304459422826767,0.0,0.0001675104795571226,0.968750
0148.jpg,P2,entire plant excluding pot,1.0907282910150673,0.386381783286451,1.0,0.7774537184826729,0.844952392759064,0.3668575584888458,1.0,1.0,1,0.4155992004116606,0.6904044132697355,0.5449844881075491,0.04673786848274297,0.0,0.8988180845271728,0.16262080439814816,1,5.725003977128372,0.844952392759064,0.09171438962221146,0.00020091307951561414,0.00015494772553049208,0.925781
0148.jpg,P3,leaves and stems,0.5904761904761905,0.0,1.0,0.9523809523809523,1.0,0.0,1.0,1.0,1,0.0,0.0,0.0,1.0,1.0,0.0,0.0,0,1.0,1.0,0.0,0.0,0.0,
0148.jpg,P4,crop seedling,1.0507886213726163,0.2775751093920925,1.0,0.7336004424638622,0.7573518838235461,0.521681547164917,1.0,1.0,1,0.3927468248037328,0.6400829182012087,0.4384694932781799,0.0,0.0,0.8979329464323738,0.11964216820987654,1,7.262797079058764,0.7573518838235461,0.13042038679122925,0.0,0.00018944737796767303,0.500000
0148.jpg,P5,plant body without background,0.5904761904761905,0.0,1.0,0.9523809523809523,1.0,0.0,1.0,1.0,1,0.0,0.0,0.0,1.0,1.0,0.0,0.0,0,1.0,1.0,0.0,0.0,0.0,
0149.jpg,P1,green plant,1.048575596915648,0.24539478824816385,1.0,0.7330543719083629,0.793667158854738,0.5125311613082886,1.0,1.0,1,0.3916461008517374,0.6311357514540691,0.44933920704845814,0.0,0.0,0.8986753057409073,0.1069309413580247,1,7.28310581919583,0.793667158854738,0.12813279032707214,0.0,0.0,0.953125
0149.jpg,P2,entire plant excluding pot,1.091939808028514,0.3489812250937645,1.0,0.7767937726907063,0.8443428861185955,0.36938074231147766,1.0,1.0,1,0.4240400827856052,0.6813142554507075,0.5638766519823789,0.020648989200909722,0.0,0.902769927813023,0.14784758391203703,1,5.746859337868743,0.8443428861185955,0.09234518557786942,0.0,0.0,0.960938
0149.jpg,P3,leaves and stems,0.8898456360813716,0.24404325871229882,1.0,0.7336227401664703,0.0,0.514533281326294,1.0,1.0,1,0.3914057800403589,0.6304810544466022,0.44933920704845814,0.0,0.0,0.8985635371532567,0.10639708719135803,1,7.261968454606096,0.0,0.1286333203315735,0.0,0.0,0.337891
0149.jpg,P4,crop seedling,1.0491089533220346,0.24645910249648384,1.0,0.7334951276640687,0.7940075084803903,0.512194037437439,1.0,1.0,1,0.3918777981063581,0.6316513179547549,0.4497063142437592,0.0,0.0,0.8985270025831719,0.10735134548611111,1,7.266711455457332,0.7940075084803903,0.12804850935935974,0.0,0.0,0.683594
0149.jpg,P5,plant body without background,0.5904761904761905,0.0,1.0,0.9523809523809523,1.0,0.0,1.0,1.0,1,0.0,0.0,0.0,1.0,1.0,0.0,0.0,0,1.0,1.0,0.0,0.0,0.0,
0150.jpg,P1,green plant,1.0234291951021766,0.20107878184091266,1.0,0.7331014543782258,0.748362115514467,0.5458714365959167,1.0,1.0,1,0.3777464374362721,0.6067949506883815,0.41915954415954415,0.0,0.0,0.8991948674662067,0.08942611882716049,1,7.281353597862989,0.748362115514467,0.1364678591489792,0.0,0.0,0.941406
0150.jpg,P2,entire plant excluding pot,1.0673959147726222,0.2965184989842161,1.0,0.7785066959141538,0.8036994038627919,0.39799007773399353,1.0,1.0,1,0.41205297947359126,0.6518156852096244,0.5146011396011396,0.0,0.0,0.9128928452201762,0.12712480709876542,1,5.690209352040573,0.8036994038627919,0.09949751943349838,0.0,0.0,0.960938
0150.jpg,P3,leaves and stems,0.3904761904761905,0.0,1.0,0.9523809523809523,0.0,0.0,1.0,1.0,1,0.0,0.0,0.0,1.0,1.0,0.0,0.0,0,1.0,0.0,0.0,0.0,0.0,
0150.jpg,P4,crop seedling,1.0236319029543357,0.20215103189951544,1.0,0.7323810197782127,0.7497868480143435,0.5439973473548889,1.0,1.0,1,0.3779686535449436,0.6073007514878146,0.41951566951566954,0.0,0.0,0.8990057001138795,0.08984965760030864,1,7.3081899447047505,0.7497868480143435,0.13599933683872223,0.0,0.0,0.792969
0150.jpg,P5,plant body without background,0.5904761904761905,0.0,1.0,0.9523809523809523,1.0,0.0,1.0,1.0,1,0.0,0.0,0.0,1.0,1.0,0.0,0.0,0,1.0,1.0,0.0,0.0,0.0,
0151.jpg,P1,green plant,1.0533821066671927,0.20086359929285813,1.0,0.7337269071709424,0.8391319124023854,0.5785170197486877,1.0,1.0,1,0.3829342189442179,0.6056173840366786,0.4349090909090909,0.0,0.0,0.9268449816774406,0.08934112172067901,1,7.258098080544339,0.8391319124023854,0.14462925493717194,0.0,0.0,0.953125
0151.jpg,P2,entire plant excluding pot,1.087018845504252,0.2923949298718549,1.0,0.7764758410353303,0.8513389338714751,0.43678200244903564,1.0,1.0,1,0.41562050405871287,0.6483589940058585,0.5232727272727272,0.0,0.0,0.9450576524757147,0.1254959972993827,1,5.757401509533873,0.8513389338714751,0.10919550061225891,0.0,0.0,0.949219
0151.jpg,P3,leaves and stems,0.5904761904761905,0.0,1.0,0.9523809523809523,1.0,0.0,1.0,1.0,1,0.0,0.0,0.0,1.0,1.0,0.0,0.0,0,1.0,1.0,0.0,0.0,0.0,
0151.jpg,P4,crop seedling,1.0531365282135294,0.20241230319190495,1.0,0.7344241930166862,0.8389687449520514,0.573536217212677,1.0,1.0,1,0.38326823653886555,0.6063405691754948,0.43527272727272726,0.0,0.0,0.9269994641835144,0.08995285976080247,1,7.23221836939895,0.8389687449520514,0.14338405430316925,0.0,0.0,0.718750
0151.jpg,P5,plant body without background,0.5904761904761905,0.0,1.0,0.9523809523809523,1.0,0.0,1.0,1.0,1,0.0,0.0,0.0,1.0,1.0,0.0,0.0,0,1.0,1.0,0.0,0.0,0.0,
0152.jpg,P1,green plant,1.0069815049285686,0.23545152318721674,1.0,0.7349444923007947,0.5841346440274054,0.5215001702308655,1.0,1.0,1,0.39177533897931216,0.6213472648286085,0.4785921625544267,0.0,0.0,0.8815720702950244,0.10300335165895062,1,7.212939493414819,0.5841346440274054,0.13037504255771637,0.0,0.0,0.347656;0.914062
0152.jpg,P2,entire plant excluding pot,1.0613271715290948,0.32368705071104853,1.0,0.7755601209441356,0.7694967868203333,0.38741645216941833,1.0,1.0,1,0.41009508940010764,0.6624072905709302,0.5377358490566038,0.035017263755907635,0.0,0.9196526399686572,0.1378563850308642,1,5.787813813393098,0.7694967868203333,0.09685411304235458,0.0,0.0,0.957031
0152.jpg,P3,leaves and stems,0.5904761904761905,0.0,1.0,0.9523809523809523,1.0,0.0,1.0,1.0,1,0.0,0.0,0.0,1.0,1.0,0.0,0.0,0,1.0,1.0,0.0,0.0,0.0,
0152.jpg,P4,crop seedling,1.0078793026288113,0.2371229269221753,1.0,0.7353621588444249,0.5902410911535876,0.515190839767456,1.0,1.0,1,0.39229589929128256,0.6221250454155118,0.47895500725689405,0.0,0.0,0.8834023208961249,0.10366355613425926,1,7.197483252916811,0.5902410911535876,0.128797709941864,0.0,0.0,0.373047
0152.jpg,P5,plant body without background,0.5904761904761905,0.0,1.0,0.9523809523809523,1.0,0.0,1.0,1.0,1,0.0,0.0,0.0,1.0,1.0,0.0,0.0,0,1.0,1.0,0.0,0.0,0.0,
0153.jpg,P1,green plant,1.0893415273400635,0.24479868680653227,1.0,0.7199668671799039,0.7007895112540067,0.44871917366981506,1.0,1.0,1,0.466486679558012,0.6830523486590054,0.7992957746478874,2.3729483883725527e-05,0.0,0.8355223693590547,0.10669548128858025,1,7.779056108984023,0.7007895112540067,0.11217979341745377,0.0,0.0,0.949219
0153.jpg,P2,entire plant excluding pot,1.1369912237599655,0.33384244608532576,1.0,0.7632116909450487,0.8335754240275146,0.3063111901283264,1.0,1.0,1,0.48960307352272237,0.743395760429211,0.8656103286384976,0.049460018968172224,0.0,0.8844270390802065,0.1418677662037037,1,6.205049316310855,0.8335754240275146,0.0765777975320816,0.0004274637378177084,0.0,0.968750
0153.jpg,P3,leaves and stems,0.5904761904761905,0.0,1.0,0.9523809523809523,1.0,0.0,1.0,1.0,1,0.0,0.0,0.0,1.0,1.0,0.0,0.0,0,1.0,1.0,0.0,0.0,0.0,
0153.jpg,P4,crop seedling,1.0901325848643828,0.2461746342201907,1.0,0.7208367162999728,0.7018571179793809,0.44614899158477783,1.0,1.0,1,0.46712909284751847,0.6839848043642567,0.801056338028169,6.63306662409512e-05,0.0,0.8356416967483049,0.10723898051697531,1,7.745534526403196,0.7018571179793809,0.11153724789619446,0.0,0.0,0.476562
0153.jpg,P5,plant body without background,0.5904761904761905,0.0,1.0,0.9523809523809523,1.0,0.0,1.0,1.0,1,0.0,0.0,0.0,1.0,1.0,0.0,0.0,0,1.0,1.0,0.0,0.0,0.0,
0154.jpg,P1,green plant,0.9712840183769189,0.22494969917174557,1.0,0.7136962945804954,0.3929361302314181,0.306628942489624,0.6512402208013979,0.6361086113266098,1,0.4436418050822624,0.6699170002379,0.7876052948255114,0.0031648502824583144,0.0,0.6835135701514283,0.0988551311728395,1,8.023124334358258,0.3929361302314181,0.076657235622406,0.03071063389694906,0.00628823431844126,0.335938;0.949219
0154.jpg,P2,entire plant excluding pot,0.9807466680522336,0.3098360095327395,1.0,0.770539942364657,0.4450441911772646,0.1849845051765442,0.2748782136330638,0.8415834451044262,1,0.4386657384019926,0.7275501517338105,0.7990373044524669,0.1126891524658123,0.0,0.7400321623345849,0.1323852237654321,1,5.955825130392823,0.4450441911772646,0.04624612629413605,0.07275949496200558,0.004752945204980438,0.847656
0154.jpg,P3,leaves and stems,0.5904761904761905,0.0,1.0,0.9523809523809523,1.0,0.0,1.0,1.0,1,0.0,0.0,0.0,1.0,1.0,0.0,0.0,0,1.0,1.0,0.0,0.0,0.0,
0154.jpg,P4,crop seedling,0.9716128300840309,0.22589039791373644,1.0,0.7165894247966782,0.3927400603612403,0.3043237030506134,0.6431649279099754,0.6307921057673884,1,0.4437041128595772,0.6705556831171372,0.7882069795427196,0.003996228551710395,0.0,0.6833123601640281,0.09922670717592592,1,7.909984864310143,0.3927400603612403,0.07608092576265335,0.031096222962579554,0.006341233448275024,0.570312
0154.jpg,P5,plant body without background,0.5904761904761905,0.0,1.0,0.9523809523809523,1.0,0.0,1.0,1.0,1,0.0,0.0,0.0,1.0,1.0,0.0,0.0,0,1.0,1.0,0.0,0.0,0.0,
0155.jpg,P1,green plant,0.9554157514974402,0.21145363289185803,1.0,0.7155341941619929,0.7581214191273689,0.282625675201416,0.5952021790838641,0.16915111208024422,1,0.361868767220913,0.6282267569198218,0.4340469613259669,0.0022791523306524074,0.0,0.6454469495949704,0.09352418499228395,1,7.951144981160905,0.7581214191273689,0.070656418800354,0.033602027517412696,0.02364749454382792,0.361328;0.945312
0155.jpg,P2,entire plant excluding pot,0.9579639330681573,0.2939518748046569,1.0,0.7687824334513701,0.8277652558786622,0.16997358202934265,0.22472473762796344,0.2226629769570539,1,0.3458693038353508,0.67290504409346,0.4347375690607735,0.12640354105820661,0.0,0.7002083828916262,0.1261109905478395,1,6.015162586652826,0.8277652558786622,0.04249339550733566,0.08899776771843616,0.017964369535809717,0.933594
0155.jpg,P3,leaves and stems,0.5904761904761905,0.0,1.0,0.9523809523809523,1.0,0.0,1.0,1.0,1,0.0,0.0,0.0,1.0,1.0,0.0,0.0,0,1.0,1.0,0.0,0.0,0.0,
0155.jpg,P4,crop seedling,0.9573357426016861,0.21315769553836528,1.0,0.7265965983191951,0.7599778842124432,0.2766779065132141,0.5888901450913887,0.16833135839706992,1,0.36205372568504257,0.6291496202259634,0.4340469613259669,0.002668595051900014,0.0,0.6452348408285133,0.09419728973765432,1,7.5255899164201265,0.7599778842124432,0.06916947662830353,0.03396219170367716,0.023762655028093844,0.320312
0155.jpg,P5,plant body without background,0.5904761904761905,0.0,1.0,0.9523809523809523,1.0,0.0,1.0,1.0,1,0.0,0.0,0.0,1.0,1.0,0.0,0.0,0,1.0,1.0,0.0,0.0,0.0,
0156.jpg,P1,green plant,0.8388706402249635,0.17937952951633063,1.0,0.7478944685198369,0.23801355646114564,0.21554692089557648,0.1370421153728263,1.0,1,0.36270374514638565,0.6075984745292267,0.38704930095658574,0.013402063392893088,0.0,0.8439602390683888,0.08085491415895062,1,6.741740769365682,0.23801355646114564,0.05388673022389412,0.14594053766310838,0.0,0.392578;0.937500
0156.jpg,P2,entire plant excluding pot,0.8541744936496359,0.23274083352867636,1.0,0.7680410183182691,0.4015028022868795,0.16921457648277283,0.09559328166251152,1.0,1,0.33987464752631635,0.6356478517784057,0.38852097130242824,0.13541580422723457,0.0,0.880888658376076,0.10193262924382716,1,6.040275874578597,0.4015028022868795,0.04230364412069321,0.20921972394053012,0.0,0.949219
0156.jpg,P3,leaves and stems,0.5904761904761905,0.0,1.0,0.9523809523809523,1.0,0.0,1.0,1.0,1,0.0,0.0,0.0,1.0,1.0,0.0,0.0,0,1.0,1.0,0.0,0.0,0.0,
0156.jpg,P4,crop seedling,0.839212547266951,0.18038707219878103,1.0,0.7492449795024518,0.23858150571605602,0.21388503909111023,0.1362080882798763,1.0,1,0.36279282796527124,0.6081280894874399,0.387785136129507,0.0142311527367259,0.0,0.8441601796237386,0.08125289351851851,1,6.693538892020766,0.23858150571605602,0.05347125977277756,0.1468341583276949,0.0,0.453125
0156.jpg,P5,plant body without background,0.5904761904761905,0.0,1.0,0.9523809523809523,1.0,0.0,1.0,1.0,1,0.0,0.0,0.0,1.0,1.0,0.0,0.0,0,1.0,1.0,0.0,0.0,0.0,
0157.jpg,P1,green plant,0.8683927149593329,0.11665061191201753,1.0,0.7251849662153109,0.6573634949495539,0.21171188354492188,0.27852630318273003,1.0,1,0.32621052363497205,0.5549046933611977,0.26899128268991285,0.008597688793335124,0.0,0.8615475671236907,0.056076991705246916,1,7.579170738161582,0.6573634949495539,0.05292797088623047,0.07180650362805698,0.0,0.427734;0.941406
0157.jpg,P2,entire plant excluding pot,0.8695121029723498,0.1663928812119081,1.0,0.766631879355777,0.7222149500597226,0.24267829954624176,0.11088171169819315,1.0,1,0.28992850093761996,0.5741421410947627,0.2889165628891656,0.17556739028331703,0.0,0.8964398731939832,0.07572518807870371,1,6.088140264668592,0.7222149500597226,0.06066957488656044,0.18037239589552537,0.0,0.902344
0157.jpg,P3,leaves and stems,0.5904761904761905,0.0,1.0,0.9523809523809523,1.0,0.0,1.0,1.0,1,0.0,0.0,0.0,1.0,1.0,0.0,0.0,0,1.0,1.0,0.0,0.0,0.0,
0157.jpg,P4,crop seedling,0.3904761904761905,0.0,1.0,0.9523809523809523,0.0,0.0,1.0,1.0,1,0.0,0.0,0.0,1.0,1.0,0.0,0.0,0,1.0,0.0,0.0,0.0,0.0,
0157.jpg,P5,plant body without background,0.5904761904761905,0.0,1.0,0.9523809523809523,1.0,0.0,1.0,1.0,1,0.0,0.0,0.0,1.0,1.0,0.0,0.0,0,1.0,1.0,0.0,0.0,0.0,
0158.jpg,P1,green plant,0.877164439213048,0.09083664195577434,1.0,0.727172475147403,0.7178201732291142,0.249887615442276,1.0,1.0,1,0.3200210580581344,0.5343527650946853,0.24775353016688062,0.0026146298393645005,0.0,0.891863437967654,0.04588047357253086,1,7.503791306107751,0.7178201732291142,0.062471903860569,0.0112126889694154,0.0,0.945312;0.406250
0158.jpg,P2,entire plant excluding pot,0.8804361973693422,0.13483613162212849,1.0,0.7655397747444774,0.7873133113485304,0.2948558032512665,0.17244749728859238,1.0,1,0.28392719317606163,0.5473657984390318,0.280808729139923,0.16836476045633172,0.0,0.9231302061411387,0.06326027199074075,1,6.125357113777164,0.7873133113485304,0.07371395081281662,0.11597732825620442,0.0,0.859375
0158.jpg,P3,leaves and stems,0.5904761904761905,0.0,1.0,0.9523809523809523,1.0,0.0,1.0,1.0,1,0.0,0.0,0.0,1.0,1.0,0.0,0.0,0,1.0,1.0,0.0,0.0,0.0,
0158.jpg,P4,crop seedling,0.5904761904761905,0.0,1.0,0.9523809523809523,1.0,0.0,1.0,1.0,1,0.0,0.0,0.0,1.0,1.0,0.0,0.0,0,1.0,1.0,0.0,0.0,0.0,
0158.jpg,P5,plant body without background,0.5904761904761905,0.0,1.0,0.9523809523809523,1.0,0.0,1.0,1.0,1,0.0,0.0,0.0,1.0,1.0,0.0,0.0,0,1.0,1.0,0.0,0.0,0.0,
0159.jpg,P1,green plant,0.8321077961445444,0.07685801736599462,1.0,0.7601587422903239,0.25616444370296876,0.46885180473327637,0.11630435160253626,1.0,1,0.3197011945260318,0.5284459337507575,0.2242292120834631,0.015650345179878896,0.0,0.9907896309220696,0.040358916859567905,1,6.310294004829708,0.25616444370296876,0.11721295118331909,0.17196261123873424,0.0,0.937500
0159.jpg,P2,entire plant excluding pot,0.3904761904761905,0.0,1.0,0.9523809523809523,0.0,0.0,1.0,1.0,1,0.0,0.0,0.0,1.0,1.0,0.0,0.0,0,1.0,0.0,0.0,0.0,0.0,
0159.jpg,P3,leaves and stems,0.5904761904761905,0.0,1.0,0.9523809523809523,1.0,0.0,1.0,1.0,1,0.0,0.0,0.0,1.0,1.0,0.0,0.0,0,1.0,1.0,0.0,0.0,0.0,
0159.jpg,P4,crop seedling,0.5904761904761905,0.0,1.0,0.9523809523809523,1.0,0.0,1.0,1.0,1,0.0,0.0,0.0,1.0,1.0,0.0,0.0,0,1.0,1.0,0.0,0.0,0.0,
0159.jpg,P5,plant body without background,0.5904761904761905,0.0,1.0,0.9523809523809523,1.0,0.0,1.0,1.0,1,0.0,0.0,0.0,1.0,1.0,0.0,0.0,0,1.0,1.0,0.0,0.0,0.0,
0160.jpg,P1,green plant,0.8690487791487045,0.08173274144397558,1.0,0.7637900545835571,0.4164152643237346,0.489159494638443,0.04435473774068102,1.0,1,0.31882926815076235,0.5310401481753677,0.23175007969397513,0.012918990431222271,0.0,0.9512589907383485,0.04228443287037037,1,6.185206104712431,0.4164152643237346,0.12228987365961075,0.4509101173572382,0.0,0.937500
0160.jpg,P2,entire plant excluding pot,0.7644928636152291,0.10943177156586958,1.0,0.777357920186206,0.0,0.5505792498588562,0.03623168304643099,1.0,1,0.27701907529304265,0.5390718011187495,0.2620337902454574,0.17308833589294048,0.0,0.9310436342518008,0.05322554976851852,1,5.728174217623279,0.0,0.13764481246471405,0.5520030624680049,0.0,0.718750
0160.jpg,P3,leaves and stems,0.5904761904761905,0.0,1.0,0.9523809523809523,1.0,0.0,1.0,1.0,1,0.0,0.0,0.0,1.0,1.0,0.0,0.0,0,1.0,1.0,0.0,0.0,0.0,
0160.jpg,P4,crop seedling,0.5904761904761905,0.0,1.0,0.9523809523809523,1.0,0.0,1.0,1.0,1,0.0,0.0,0.0,1.0,1.0,0.0,0.0,0,1.0,1.0,0.0,0.0,0.0,
0160.jpg,P5,plant body without background,0.5904761904761905,0.0,1.0,0.9523809523809523,1.0,0.0,1.0,1.0,1,0.0,0.0,0.0,1.0,1.0,0.0,0.0,0,1.0,1.0,0.0,0.0,0.0,
0161.jpg,P1,green plant,0.9061072176970866,0.08396178846304103,1.0,0.757214461925062,0.582443221905672,0.5131993889808655,0.030636733925484758,1.0,1,0.31874344544215855,0.5324280902454603,0.23563402889245585,0.02648403612018088,0.0,0.9792469949165962,0.04316490644290123,1,6.412596438206049,0.582443221905672,0.12829984724521637,0.6528111008387636,0.0,0.304688;0.957031
0161.jpg,P2,entire plant excluding pot,0.9064363363375993,0.11124418854508511,1.0,0.7749043567806273,0.6534583847973928,0.5839807987213135,0.027939414187271486,1.0,1,0.2817187905687156,0.5405240853703823,0.26741573033707866,0.17203159503991847,0.0,0.9601000774038323,0.05394145447530864,1,5.8096367958116035,0.6534583847973928,0.14599519968032837,0.7158346222273877,0.0,0.839844
0161.jpg,P3,leaves and stems,0.5904761904761905,0.0,1.0,0.9523809523809523,1.0,0.0,1.0,1.0,1,0.0,0.0,0.0,1.0,1.0,0.0,0.0,0,1.0,1.0,0.0,0.0,0.0,
0161.jpg,P4,crop seedling,0.5904761904761905,0.0,1.0,0.9523809523809523,1.0,0.0,1.0,1.0,1,0.0,0.0,0.0,1.0,1.0,0.0,0.0,0,1.0,1.0,0.0,0.0,0.0,
0161.jpg,P5,plant body without background,0.5904761904761905,0.0,1.0,0.9523809523809523,1.0,0.0,1.0,1.0,1,0.0,0.0,0.0,1.0,1.0,0.0,0.0,0,1.0,1.0,0.0,0.0,0.0,
0162.jpg,P1,green plant,0.7779387712167185,0.07695385753633377,1.0,0.7563205489231095,0.09432151005360342,0.40837934613227844,0.3562079413171743,1.0,1,0.3107437186876535,0.5283812120403079,0.2187790517508522,0.002757657423739133,0.0,0.8725736238551409,0.04039677372685185,1,6.443814105642232,0.09432151005360342,0.10209483653306961,0.05614697955931202,0.0,0.960938
0162.jpg,P2,entire plant excluding pot,0.7902424408558544,0.11120908784575712,1.0,0.7730905142926767,0.22911406316541424,0.4671390950679779,0.09697285695703074,1.0,1,0.2741318887814892,0.537887440428313,0.26247288503253796,0.16999666887996118,0.0,0.8962516598971122,0.053927589699074074,1,5.870191950678102,0.22911406316541424,0.11678477376699448,0.20624327907408277,0.0,0.656250
0162.jpg,P3,leaves and stems,0.5904761904761905,0.0,1.0,0.9523809523809523,1.0,0.0,1.0,1.0,1,0.0,0.0,0.0,1.0,1.0,0.0,0.0,0,1.0,1.0,0.0,0.0,0.0,
0162.jpg,P4,crop seedling,0.5904761904761905,0.0,1.0,0.9523809523809523,1.0,0.0,1.0,1.0,1,0.0,0.0,0.0,1.0,1.0,0.0,0.0,0,1.0,1.0,0.0,0.0,0.0,
0162.jpg,P5,plant body without background,0.5904761904761905,0.0,1.0,0.9523809523809523,1.0,0.0,1.0,1.0,1,0.0,0.0,0.0,1.0,1.0,0.0,0.0,0,1.0,1.0,0.0,0.0,0.0,
0163.jpg,P1,green plant,0.8444997847024833,0.06656527142912949,1.0,0.7487591212307803,0.50568925562712,0.35745668411254883,1.0,1.0,1,0.30880571822256747,0.526398072455159,0.20598211532531607,0.0004085957924599128,0.0,0.876121908424429,0.03629328221450617,1,6.710859918640855,0.50568925562712,0.08936417102813721,0.0,0.0,0.960938
0163.jpg,P2,entire plant excluding pot,0.8521670265776202,0.10114892219487415,1.0,0.7720049803531938,0.6108138626225916,0.4188711643218994,0.30710966163880965,1.0,1,0.2715992406791086,0.536334125544722,0.25470243601603454,0.17316580464694198,0.0,0.8998559964965229,0.04995382426697531,1,5.906568621940703,0.6108138626225916,0.10471779108047485,0.06512331749276555,0.0,0.781250
0163.jpg,P3,leaves and stems,0.5904761904761905,0.0,1.0,0.9523809523809523,1.0,0.0,1.0,1.0,1,0.0,0.0,0.0,1.0,1.0,0.0,0.0,0,1.0,1.0,0.0,0.0,0.0,
0163.jpg,P4,crop seedling,0.5904761904761905,0.0,1.0,0.9523809523809523,1.0,0.0,1.0,1.0,1,0.0,0.0,0.0,1.0,1.0,0.0,0.0,0,1.0,1.0,0.0,0.0,0.0,
0163.jpg,P5,plant body without background,0.5904761904761905,0.0,1.0,0.9523809523809523,1.0,0.0,1.0,1.0,1,0.0,0.0,0.0,1.0,1.0,0.0,0.0,0,1.0,1.0,0.0,0.0,0.0,
0164.jpg,P1,green plant,0.8941298494068056,0.05971758282544137,1.0,0.7480767161993163,0.7021369692449101,0.3969254493713379,1.0,1.0,1,0.31275850587860454,0.5254943840171893,0.20615287028227086,0.0009188933078723313,0.0,0.9200362281414122,0.03358844521604938,1,6.7352259025145695,0.7021369692449101,0.09923136234283447,0.0,0.0,0.960938
0164.jpg,P2,entire plant excluding pot,0.8872968050871919,0.09091233737693394,1.0,0.7688251269978005,0.7550888872211652,0.4652951955795288,0.3004805491990847,1.0,1,0.27127249565210615,0.5348470040465824,0.2527751347922613,0.18495321678890964,0.0,0.9406248500986822,0.04591037326388889,1,6.013717941423652,0.7550888872211652,0.1163237988948822,0.06656004873962379,0.0,0.355469
0164.jpg,P3,leaves and stems,0.7535358261627271,0.059467910025003845,1.0,0.7481710773713295,0.0,0.39635953307151794,1.0,1.0,1,0.3127361220691568,0.5254195286491077,0.20583571202029813,0.0006263994988804009,0.0,0.9197677872797952,0.03348982445987654,1,6.731853990225389,0.0,0.09908988326787949,0.0,0.0,0.361328
0164.jpg,P4,crop seedling,0.5904761904761905,0.0,1.0,0.9523809523809523,1.0,0.0,1.0,1.0,1,0.0,0.0,0.0,1.0,1.0,0.0,0.0,0,1.0,1.0,0.0,0.0,0.0,
0164.jpg,P5,plant body without background,0.5904761904761905,0.0,1.0,0.9523809523809523,1.0,0.0,1.0,1.0,1,0.0,0.0,0.0,1.0,1.0,0.0,0.0,0,1.0,1.0,0.0,0.0,0.0,
0165.jpg,P1,green plant,0.9092064219452167,0.059629983688857635,1.0,0.7503733723185033,0.7505084255624114,0.40704047679901123,1.0,1.0,1,0.31569597027145996,0.5278986434861129,0.20855956563398276,0.005616059847148314,0.0,0.9507554119134803,0.03355384355709876,1,6.65339781208388,0.7505084255624114,0.10176011919975281,0.0,0.0,0.957031
0165.jpg,P2,entire plant excluding pot,0.8975566942935899,0.08875288130957959,1.0,0.7680699684925039,0.8058047253441575,0.47476720809936523,0.23849649010848753,1.0,1,0.27007773764446863,0.5374633685515168,0.253273714468221,0.20190033286596526,0.0,0.9694638990694755,0.04505738811728395,1,6.039294361754743,0.8058047253441575,0.11869180202484131,0.08385867645642239,0.0,0.808594
0165.jpg,P3,leaves and stems,0.9087157042233422,0.059522239803094124,1.0,0.7501477365439208,0.7498252485878196,0.40584060549736023,1.0,1.0,1,0.31564853813690336,0.5278632575620121,0.20824017885659535,0.005436112190418628,0.0,0.9504399945313753,0.03351128472222222,1,6.661414846286097,0.7498252485878196,0.10146015137434006,0.0,0.0,0.410156;0.683594;0.337891;0.421875
0165.jpg,P4,crop seedling,0.5904761904761905,0.0,1.0,0.9523809523809523,1.0,0.0,1.0,1.0,1,0.0,0.0,0.0,1.0,1.0,0.0,0.0,0,1.0,1.0,0.0,0.0,0.0,
0165.jpg,P5,plant body without background,0.5904761904761905,0.0,1.0,0.9523809523809523,1.0,0.0,1.0,1.0,1,0.0,0.0,0.0,1.0,1.0,0.0,0.0,0,1.0,1.0,0.0,0.0,0.0,
0166.jpg,P1,green plant,0.9286635026596657,0.06113931375996251,1.0,0.7494248252500569,0.7938444337965181,0.4417100250720978,1.0,1.0,1,0.31943978308393856,0.5309834585123949,0.20672321709079486,0.002979657833605174,0.0,0.9727929087833883,0.034150028935185185,1,6.687133020082032,0.7938444337965181,0.11042750626802444,0.0,0.0,0.941406
0166.jpg,P2,entire plant excluding pot,0.9158840441953642,0.08902147796530713,1.0,0.7678456554284019,0.8289149853970892,0.5073966383934021,0.31923303080659593,1.0,1,0.27724829275852414,0.5409756878722884,0.24819352811812756,0.18554526913754257,0.0,0.9889554768322303,0.0451634837962963,1,6.046901299248036,0.8289149853970892,0.12684915959835052,0.06265015856744723,0.0,0.412109
0166.jpg,P3,leaves and stems,0.9280679617304515,0.060781591850289085,1.0,0.7489825061409748,0.7924829645656565,0.4398980438709259,1.0,1.0,1,0.3196389404448822,0.5308552604520798,0.2064090480678605,0.0019391524450337136,0.0,0.9726771636794952,0.034008728780864195,1,6.7028933733674725,0.7924829645656565,0.10997451096773148,0.0,0.0,0.332031;0.500000
0166.jpg,P4,crop seedling,0.5904761904761905,0.0,1.0,0.9523809523809523,1.0,0.0,1.0,1.0,1,0.0,0.0,0.0,1.0,1.0,0.0,0.0,0,1.0,1.0,0.0,0.0,0.0,
0166.jpg,P5,plant body without background,0.5904761904761905,0.0,1.0,0.9523809523809523,1.0,0.0,1.0,1.0,1,0.0,0.0,0.0,1.0,1.0,0.0,0.0,0,1.0,1.0,0.0,0.0,0.0,
0167.jpg,P1,green plant,0.8879414684721584,0.05942212650414114,1.0,0.7576948654143296,0.6223872912291663,0.4106677770614624,1.0,1.0,1,0.31790705643033856,0.5297080345708435,0.19907834101382488,0.00043583500223320416,0.0,0.9680589344872486,0.0334717399691358,1,6.3958499825169275,0.6223872912291663,0.1026669442653656,0.0,0.0,0.933594
0167.jpg,P2,entire plant excluding pot,0.8711680657524838,0.08606538863494295,1.0,0.771367719727837,0.6505625576116578,0.4688850939273834,0.5383874299203305,1.0,1,0.2757919137721197,0.5390487496490183,0.23809523809523808,0.17001033105976943,0.0,0.9527080785575134,0.04399582851080247,1,5.9279711718512615,0.6505625576116578,0.11722127348184586,0.03714796982344027,0.0,0.824219
0167.jpg,P3,leaves and stems,0.3904761904761905,0.0,1.0,0.9523809523809523,0.0,0.0,1.0,1.0,1,0.0,0.0,0.0,1.0,1.0,0.0,0.0,0,1.0,0.0,0.0,0.0,0.0,
0167.jpg,P4,crop seedling,0.5904761904761905,0.0,1.0,0.9523809523809523,1.0,0.0,1.0,1.0,1,0.0,0.0,0.0,1.0,1.0,0.0,0.0,0,1.0,1.0,0.0,0.0,0.0,
0167.jpg,P5,plant body without background,0.5904761904761905,0.0,1.0,0.9523809523809523,1.0,0.0,1.0,1.0,1,0.0,0.0,0.0,1.0,1.0,0.0,0.0,0,1.0,1.0,0.0,0.0,0.0,
0168.jpg,P1,green plant,0.8851529722464675,0.05774461829973432,1.0,0.7531266033095574,0.6202054138484888,0.4418943524360657,1.0,1.0,1,0.31055877466769827,0.5283791162608127,0.1899144795045709,0.0003490952919906516,0.0,0.9154620625318828,0.03280912422839506,1,6.555960063170689,0.6202054138484888,0.11047358810901642,0.0,0.0,0.917969;0.314453
0168.jpg,P2,entire plant excluding pot,0.8804277295257198,0.08365229186200973,1.0,0.767503292562252,0.6656906922496556,0.4960326850414276,1.0,1.0,1,0.2778519371826508,0.537230878520797,0.22707166027720435,0.1376868629433662,0.0,0.9025428973348494,0.04304265528549383,1,6.058520131205568,0.6656906922496556,0.1240081712603569,0.008464677756832384,0.0,0.632812
0168.jpg,P3,leaves and stems,0.7590046367924432,0.057411314267854396,1.0,0.7453702122869625,0.0,0.4390716850757599,1.0,1.0,1,0.3106339944663279,0.5282652377204102,0.1902093777646712,0.00031729634002361273,0.0,0.9159866216855064,0.03267746913580247,1,6.832303827430303,0.0,0.10976792126893997,0.0,0.0,0.339844;0.558594;0.326172
0168.jpg,P4,crop seedling,0.5904761904761905,0.0,1.0,0.9523809523809523,1.0,0.0,1.0,1.0,1,0.0,0.0,0.0,1.0,1.0,0.0,0.0,0,1.0,1.0,0.0,0.0,0.0,
0168.jpg,P5,plant body without background,0.5904761904761905,0.0,1.0,0.9523809523809523,1.0,0.0,1.0,1.0,1,0.0,0.0,0.0,1.0,1.0,0.0,0.0,0,1.0,1.0,0.0,0.0,0.0,
0169.jpg,P1,green plant,0.9400531709318594,0.05797811425613364,1.0,0.7467641287666507,0.9364556575249505,0.40778064727783203,1.0,1.0,1,0.31025746136674603,0.5286165582322427,0.1883591693477625,3.664386196990073e-05,0.0,0.9134800866145483,0.03290135513117284,1,6.782218413506059,0.9364556575249505,0.10194516181945801,0.0,0.0,0.910156;0.330078
0169.jpg,P2,entire plant excluding pot,0.9331117389726733,0.0847172165572746,1.0,0.7705392368331754,0.9522677122077442,0.4741072952747345,1.0,1.0,1,0.2767854467980876,0.5378030043417112,0.22521205030710734,0.14001586676356859,0.0,0.900209862522799,0.043463300540123456,1,5.955848896413925,0.9522677122077442,0.11852682381868362,0.012266228758786359,0.0,0.800781
0169.jpg,P3,leaves and stems,0.9398575933812325,0.057882274085794716,1.0,0.7472964871346912,0.9373316132343088,0.40616828203201294,1.0,1.0,1,0.310121862083871,0.5285836315262514,0.18748171980111145,3.301746623964077e-05,0.0,0.913807867253548,0.03286349826388889,1,6.7631393219639735,0.9373316132343088,0.10154207050800323,0.0,0.0,0.441406;0.546875
0169.jpg,P4,crop seedling,0.5904761904761905,0.0,1.0,0.9523809523809523,1.0,0.0,1.0,1.0,1,0.0,0.0,0.0,1.0,1.0,0.0,0.0,0,1.0,1.0,0.0,0.0,0.0,
0169.jpg,P5,plant body without background,0.5904761904761905,0.0,1.0,0.9523809523809523,1.0,0.0,1.0,1.0,1,0.0,0.0,0.0,1.0,1.0,0.0,0.0,0,1.0,1.0,0.0,0.0,0.0,
0170.jpg,P1,green plant,0.8820604406141952,0.06668858171198633,1.0,0.7545977579028793,0.580244603722709,0.4110489785671234,1.0,1.0,1,0.31954445623325567,0.528718636345188,0.20229815542788027,0.000912302818186342,0.0,0.9835295638087731,0.03634198977623457,1,6.50418688704096,0.580244603722709,0.10276224464178085,0.0,0.0,0.917969
0170.jpg,P2,entire plant excluding pot,0.8765892127130812,0.09452496239646824,1.0,0.7703483690555131,0.6205939375420945,0.483568012714386,0.5874691404204384,1.0,1,0.28278215637138876,0.5374075398722541,0.24100393105533716,0.15172106409260508,0.0,0.9682512905392069,0.04733736014660494,1,5.962279928652325,0.6205939375420945,0.1208920031785965,0.0340443414367033,0.0,0.839844
0170.jpg,P3,leaves and stems,0.8817661833451138,0.06678167487107356,1.0,0.7543804520798666,0.5801894060288566,0.4090770483016968,1.0,1.0,1,0.3196804670888151,0.5287476946300099,0.20260054429996976,0.0007953867568104991,0.0,0.9838929202136025,0.036378761574074076,1,6.511821647630114,0.5801894060288566,0.1022692620754242,0.0,0.0,0.369141
0170.jpg,P4,crop seedling,0.5904761904761905,0.0,1.0,0.9523809523809523,1.0,0.0,1.0,1.0,1,0.0,0.0,0.0,1.0,1.0,0.0,0.0,0,1.0,1.0,0.0,0.0,0.0,
0170.jpg,P5,plant body without background,0.5904761904761905,0.0,1.0,0.9523809523809523,1.0,0.0,1.0,1.0,1,0.0,0.0,0.0,1.0,1.0,0.0,0.0,0,1.0,1.0,0.0,0.0,0.0,
0171.jpg,P1,green plant,0.8875156276558374,0.08601624765588367,1.0,0.7519303938995068,0.6039818268057023,0.3812384009361267,1.0,1.0,1,0.3228822537963934,0.5396894292747162,0.2233243162007815,0.0043097067096540724,0.0,0.950854886469983,0.04397641782407408,1,6.598206645538175,0.6039818268057023,0.09530960023403168,0.0031664829832382018,0.0,0.964844
0171.jpg,P2,entire plant excluding pot,0.8835740032655526,0.11833208802156592,1.0,0.7693673388169466,0.6459019706537323,0.4696206748485565,0.23265887238302393,1.0,1,0.2829295887973922,0.5512098291395303,0.25939284640817556,0.17871212024630603,0.0,0.9692907231897682,0.05674117476851852,1,5.995384767377738,0.6459019706537323,0.11740516871213913,0.08596276512109198,0.0,0.734375
0171.jpg,P3,leaves and stems,0.3904761904761905,0.0,1.0,0.9523809523809523,0.0,0.0,1.0,1.0,1,0.0,0.0,0.0,1.0,1.0,0.0,0.0,0,1.0,0.0,0.0,0.0,0.0,
0171.jpg,P4,crop seedling,0.5904761904761905,0.0,1.0,0.9523809523809523,1.0,0.0,1.0,1.0,1,0.0,0.0,0.0,1.0,1.0,0.0,0.0,0,1.0,1.0,0.0,0.0,0.0,
0171.jpg,P5,plant body without background,0.5904761904761905,0.0,1.0,0.9523809523809523,1.0,0.0,1.0,1.0,1,0.0,0.0,0.0,1.0,1.0,0.0,0.0,0,1.0,1.0,0.0,0.0,0.0,
0172.jpg,P1,green plant,0.8680934138831822,0.19420179178387242,1.0,0.7281609032824345,0.4607523940177183,0.23542051017284393,1.0,1.0,1,0.34438629403180826,0.580386482825221,0.29501267962806427,0.004545296542710354,0.0,0.895123316727425,0.08670970775462963,1,7.466456808987072,0.4607523940177183,0.05885512754321098,0.014696783253731551,0.0,0.355469;0.306641;0.890625;0.542969
0172.jpg,P2,entire plant excluding pot,0.8703218302272102,0.2518111960853259,1.0,0.7674089158621407,0.517751156822528,0.23472851514816284,0.19265412648397465,1.0,1,0.31598187344357886,0.6014827581581876,0.33079740772048466,0.15364502450575473,0.0,0.9201288205025236,0.1094654224537037,1,6.061724833534317,0.517751156822528,0.05868212878704071,0.10381298529654717,0.0,0.914062
0172.jpg,P3,leaves and stems,0.5904761904761905,0.0,1.0,0.9523809523809523,1.0,0.0,1.0,1.0,1,0.0,0.0,0.0,1.0,1.0,0.0,0.0,0,1.0,1.0,0.0,0.0,0.0,
0172.jpg,P4,crop seedling,0.5904761904761905,0.0,1.0,0.9523809523809523,1.0,0.0,1.0,1.0,1,0.0,0.0,0.0,1.0,1.0,0.0,0.0,0,1.0,1.0,0.0,0.0,0.0,
0172.jpg,P5,plant body without background,0.5904761904761905,0.0,1.0,0.9523809523809523,1.0,0.0,1.0,1.0,1,0.0,0.0,0.0,1.0,1.0,0.0,0.0,0,1.0,1.0,0.0,0.0,0.0,
0173.jpg,P1,green plant,0.9189449791790556,0.3244559086380684,1.0,0.7190099731647892,0.35414791108839466,0.29429125785827637,1.0,1.0,1,0.38056396902914974,0.6345506536177935,0.3888396811337467,4.4504365354660526e-05,0.0,0.8849344896845402,0.13816008391203705,1,7.816025850056214,0.35414791108839466,0.07357281446456909,0.0,0.0,0.431641;0.863281;0.648438
0173.jpg,P2,entire plant excluding pot,0.9624914357395453,0.4165085609079543,1.0,0.7572681186077175,0.4856102743479986,0.2403510957956314,1.0,1.0,1,0.38254382580768503,0.6699615259253833,0.4396220844405078,0.07535028247806978,0.0,0.9153040127793044,0.17452088155864198,1,6.41072495798607,0.4856102743479986,0.06008777394890785,0.014259305058353931,0.0,0.867188
0173.jpg,P3,leaves and stems,0.5904761904761905,0.0,1.0,0.9523809523809523,1.0,0.0,1.0,1.0,1,0.0,0.0,0.0,1.0,1.0,0.0,0.0,0,1.0,1.0,0.0,0.0,0.0,
0173.jpg,P4,crop seedling,0.8482641153220724,0.3253041246679167,1.0,0.7256828476915894,0.0,0.28986233472824097,1.0,1.0,1,0.3800942539045229,0.6348769458948933,0.3855919692943608,0.0,0.0,0.8848076836832532,0.13849512924382715,1,7.560249031130292,0.0,0.07246558368206024,0.0,0.0,0.464844
0173.jpg,P5,plant body without background,0.5904761904761905,0.0,1.0,0.9523809523809523,1.0,0.0,1.0,1.0,1,0.0,0.0,0.0,1.0,1.0,0.0,0.0,0,1.0,1.0,0.0,0.0,0.0,
0174.jpg,P1,green plant,1.0374061550699696,0.3803414107673073,1.0,0.7175704205035257,0.8056926945892845,0.312193900346756,1.0,0.7542860385925085,1,0.39424646982859496,0.6564376089076256,0.442566510172144,0.002999882623102783,0.0,0.857312996668709,0.16023485725308642,1,7.871828922331854,0.8056926945892845,0.078048475086689,0.0,0.005303028022981795,0.419922;0.843750
0174.jpg,P2,entire plant excluding pot,1.0450519811575414,0.4575830940381309,1.0,0.7160664094625027,0.8462697254359477,0.2307046502828598,1.0,0.8550833671125524,1,0.3949272053136533,0.6862250362888095,0.48325508607198747,0.06797596639441558,0.0,0.8815531703793685,0.19074532214506174,1,7.930370333964552,0.8462697254359477,0.05767616257071495,0.013320751043853872,0.004677906451983986,0.910156
0174.jpg,P3,leaves and stems,0.8766662360327632,0.3806029872831692,1.0,0.7178367518423979,0.0,0.3124431073665619,1.0,0.7603825042881647,1,0.3944896667343374,0.6565384830877433,0.4438184663536776,0.0030490808017691437,0.0,0.85728597950496,0.16033817997685185,1,7.86148793394606,0.0,0.07811077684164047,0.0,0.005260510305592337,0.781250;0.394531
0174.jpg,P4,crop seedling,1.0379740314243562,0.38075804080715736,1.0,0.7184567258769605,0.8082477039059855,0.31042176485061646,1.0,0.7376861657887441,1,0.3943971843362123,0.6565982778176147,0.4419405320813771,0.002277481421238604,0.0,0.8572173575177086,0.16039942611882715,1,7.837445568607714,0.8082477039059855,0.07760544121265411,0.0,0.0054223600570347495,0.671875
0174.jpg,P5,plant body without background,0.8759304280354814,0.37632100718862316,1.0,0.7197070497230948,0.0,0.3138328492641449,1.0,0.7629395564574577,1,0.39395824680030883,0.6548871833527705,0.4410015649452269,0.0013428276134601939,0.0,0.8577029922073645,0.15864679783950617,1,7.789084472209826,0.0,0.07845821231603622,0.0,0.005242879289904854,0.468750
0175.jpg,P1,green plant,1.051939218678255,0.42969116268166896,1.0,0.7277534160987531,0.6877731988998722,0.3731040060520172,1.0,1.0,1,0.40827486193179274,0.6697064798828625,0.4678326046221112,0.006089609427826255,0.0,0.9149460796915874,0.17972800925925925,1,7.481835959236613,0.6877731988998722,0.0932760015130043,0.01768388232389907,0.0,0.925781;0.412109
0175.jpg,P2,entire plant excluding pot,1.0466506477186668,0.516900528891233,1.0,0.7486853869537139,0.7219621664079211,0.28521791100502014,0.22074532000422492,1.0,1,0.3920974490670893,0.7022333958167173,0.49843847595252966,0.12527787019008038,0.0,0.9418019591680702,0.21417570891203705,1,6.71349053756336,0.7219621664079211,0.07130447775125504,0.09060214730539798,0.0,0.847656
0175.jpg,P3,leaves and stems,0.3904761904761905,0.0,1.0,0.9523809523809523,0.0,0.0,1.0,1.0,1,0.0,0.0,0.0,1.0,1.0,0.0,0.0,0,1.0,0.0,0.0,0.0,0.0,
0175.jpg,P4,crop seedling,0.3904761904761905,0.0,1.0,0.9523809523809523,0.0,0.0,1.0,1.0,1,0.0,0.0,0.0,1.0,1.0,0.0,0.0,0,1.0,0.0,0.0,0.0,0.0,
0175.jpg,P5,plant body without background,0.3904761904761905,0.0,1.0,0.9523809523809523,0.0,0.0,1.0,1.0,1,0.0,0.0,0.0,1.0,1.0,0.0,0.0,0,1.0,0.0,0.0,0.0,0.0,
0176.jpg,P1,green plant,1.059159805481269,0.4502806224605407,1.0,0.7328892366467761,0.6494383177393134,0.3724116086959839,0.45331888400779685,0.5594445740956826,1,0.41815584837274605,0.6822503800701261,0.4782743637492241,0.00993265917636647,0.0,0.9625862762625159,0.18786084587191357,1,7.289253273123478,0.6494383177393134,0.09310290217399597,0.044119053288007325,0.007149948690566573,0.945312;0.361328
0176.jpg,P2,entire plant excluding pot,1.0474437444373672,0.5374472573839661,1.0,0.7497180166455695,0.6940718820104053,0.27904456853866577,0.15238258957903741,0.6563816304734782,1,0.39538739952164575,0.7156529241012999,0.5096213531967722,0.13525558419243985,0.0,0.9375370776850379,0.22229166666666667,1,6.676696512490293,0.6940718820104053,0.06976114213466644,0.13124858985039398,0.006094015758964212,0.945312
0176.jpg,P3,leaves and stems,0.5904761904761905,0.0,1.0,0.9523809523809523,1.0,0.0,1.0,1.0,1,0.0,0.0,0.0,1.0,1.0,0.0,0.0,0,1.0,1.0,0.0,0.0,0.0,
0176.jpg,P4,crop seedling,0.5904761904761905,0.0,1.0,0.9523809523809523,1.0,0.0,1.0,1.0,1,0.0,0.0,0.0,1.0,1.0,0.0,0.0,0,1.0,1.0,0.0,0.0,0.0,
0176.jpg,P5,plant body without background,0.5904761904761905,0.0,1.0,0.9523809523809523,1.0,0.0,1.0,1.0,1,0.0,0.0,0.0,1.0,1.0,0.0,0.0,0,1.0,1.0,0.0,0.0,0.0,
0177.jpg,P1,green plant,1.0794006560271188,0.4614411187294889,1.0,0.7181384220609338,0.6522423787629318,0.3278806507587433,0.6434107964173323,0.34687504078303427,1,0.4474601419646992,0.694187328736098,0.6605392156862745,0.004264596885546271,0.0,0.8687689714919937,0.19226924189814815,1,7.849784088426071,0.6522423787629318,0.08197016268968582,0.031084340069151558,0.011531530175738262,0.423828;0.917969
0177.jpg,P2,entire plant excluding pot,1.0727093495272015,0.5211846455500859,1.0,0.7546448282347772,0.6913151810512365,0.23011714220046997,0.2759532396276432,0.38573706037593586,1,0.4332569901198876,0.718021443482547,0.6740196078431373,0.08143781468253193,0.0,0.8505729989399105,0.21586793499228396,1,6.5025337108357055,0.6913151810512365,0.05752928555011749,0.07247604712663258,0.010369758083658429,0.933594
0177.jpg,P3,leaves and stems,0.5904761904761905,0.0,1.0,0.9523809523809523,1.0,0.0,1.0,1.0,1,0.0,0.0,0.0,1.0,1.0,0.0,0.0,0,1.0,1.0,0.0,0.0,0.0,
0177.jpg,P4,crop seedling,0.5904761904761905,0.0,1.0,0.9523809523809523,1.0,0.0,1.0,1.0,1,0.0,0.0,0.0,1.0,1.0,0.0,0.0,0,1.0,1.0,0.0,0.0,0.0,
0177.jpg,P5,plant body without background,0.5904761904761905,0.0,1.0,0.9523809523809523,1.0,0.0,1.0,1.0,1,0.0,0.0,0.0,1.0,1.0,0.0,0.0,0,1.0,1.0,0.0,0.0,0.0,
0178.jpg,P1,green plant,1.1215239918008506,0.5243528651937803,1.0,0.7084360089611136,0.7181647248362355,0.3607882261276245,0.26801925824502915,0.1977245278875714,1,0.45917562677709967,0.696213246413875,0.7559021922428331,0.009485944332616089,0.0,0.8228437922831824,0.21711938175154322,1,8.231201896878467,0.7181647248362355,0.09019705653190613,0.07462150343582981,0.02023016589158048,0.345703;0.373047;0.917969
0178.jpg,P2,entire plant excluding pot,1.1172294984971254,0.6305410269182683,1.0,0.7649402250177492,0.7289099887995113,0.2682856023311615,0.1155347056625382,0.17542476936892806,1,0.4386941298837872,0.7341188073590413,0.8039629005059022,0.1406925238437847,0.0,0.7924698237019578,0.259063705632716,1,6.145833812747831,0.7289099887995113,0.06707140058279037,0.1731081572875374,0.02280179711445296,0.960938
0178.jpg,P3,leaves and stems,0.5904761904761905,0.0,1.0,0.9523809523809523,1.0,0.0,1.0,1.0,1,0.0,0.0,0.0,1.0,1.0,0.0,0.0,0,1.0,1.0,0.0,0.0,0.0,
0178.jpg,P4,crop seedling,0.977017022374628,0.5277133756250976,1.0,0.7110690394670548,0.0,0.35380423069000244,0.2651901235290674,0.19803645107522475,1,0.4584996932181971,0.6974128343047707,0.7529510961214165,0.011247954478347135,0.0,0.8224839025317655,0.2184467833719136,1,8.126664064842386,0.0,0.08845105767250061,0.07541758996845827,0.020198301768600106,0.667969
0178.jpg,P5,plant body without background,0.5904761904761905,0.0,1.0,0.9523809523809523,1.0,0.0,1.0,1.0,1,0.0,0.0,0.0,1.0,1.0,0.0,0.0,0,1.0,1.0,0.0,0.0,0.0,
0179.jpg,P1,green plant,1.120612351378824,0.5735145994491326,1.0,0.6994747184640445,0.6202693747386796,0.4423215389251709,0.07679589000880713,0.15128526814974746,1,0.4534963050634184,0.7020400458712195,0.7649606299212598,0.029994245500506386,0.0,0.7908764927281678,0.2365382667824074,1,8.59288473487276,0.6202693747386796,0.11058038473129272,0.26043060374332994,0.02644011574240434,0.304688;0.890625;0.312500
0179.jpg,P2,entire plant excluding pot,1.1298074824787339,0.6458281445343022,1.0,0.7651649912466851,0.716870993028091,0.34275883436203003,0.06305354149849669,0.13933610037386732,1,0.4356828898445122,0.7264379655191447,0.7763779527559055,0.11735519675395875,0.0,0.7688812944293618,0.26510211709104936,1,6.1381535077996086,0.716870993028091,0.08568970859050751,0.317190748127555,0.028707563863687734,0.914062
0179.jpg,P3,leaves and stems,0.5904761904761905,0.0,1.0,0.9523809523809523,1.0,0.0,1.0,1.0,1,0.0,0.0,0.0,1.0,1.0,0.0,0.0,0,1.0,1.0,0.0,0.0,0.0,
0179.jpg,P4,crop seedling,1.1217487388923386,0.5842920402601969,1.0,0.715985375206068,0.6300470680970393,0.4204651713371277,0.07572896483997316,0.15284709573735364,1,0.4515908079122522,0.7056762544765218,0.7614173228346457,0.0375736073496948,0.0,0.7882108294014177,0.24079535590277779,1,7.933531455504651,0.6300470680970393,0.10511629283428192,0.2640997409942556,0.026169944418659028,0.589844
0179.jpg,P5,plant body without background,0.5904761904761905,0.0,1.0,0.9523809523809523,1.0,0.0,1.0,1.0,1,0.0,0.0,0.0,1.0,1.0,0.0,0.0,0,1.0,1.0,0.0,0.0,0.0,
0180.jpg,P1,green plant,1.0297613217426185,0.3951932797116736,1.0,0.735180529730224,0.512097809359044,0.3900644779205322,0.1116654036157029,0.0962256678889471,1,0.4232541023983237,0.6687533760817241,0.728334589299171,0.023763329174260786,0.0,0.652191934481477,0.1661013454861111,1,7.204202493418916,0.512097809359044,0.09751611948013306,0.17910650346843424,0.04156895023702358,0.914062
0180.jpg,P2,entire plant excluding pot,1.0465609582017636,0.4438385758516955,1.0,0.7602393624859437,0.5897314568917866,0.33616745471954346,0.09419290988755094,0.06867974352673085,1,0.42056558821196977,0.6882750595598999,0.7776940467219292,0.07967668713612176,0.0,0.6358739509689412,0.18531623746141976,1,6.30750390850722,0.5897314568917866,0.08404186367988586,0.21233020642292857,0.058241335721400285,0.773438
0180.jpg,P3,leaves and stems,0.5904761904761905,0.0,1.0,0.9523809523809523,1.0,0.0,1.0,1.0,1,0.0,0.0,0.0,1.0,1.0,0.0,0.0,0,1.0,1.0,0.0,0.0,0.0,
0180.jpg,P4,crop seedling,1.0336430207321714,0.4003335482106579,1.0,0.7396592634954081,0.529070923306283,0.3824538588523865,0.11032237138766049,0.09284170231180201,1,0.4233395019592244,0.6708162002927469,0.7305953278070837,0.02666949672726438,0.0,0.650475218696672,0.1681317515432099,1,7.03947748249105,0.529070923306283,0.09561346471309662,0.1812868935686873,0.043084087219408096,0.388672
0180.jpg,P5,plant body without background,0.5904761904761905,0.0,1.0,0.9523809523809523,1.0,0.0,1.0,1.0,1,0.0,0.0,0.0,1.0,1.0,0.0,0.0,0,1.0,1.0,0.0,0.0,0.0,
0181.jpg,P1,green plant,1.0192438808432538,0.4122165084388185,1.0,0.7079766553592249,0.5405125040825407,0.27666401863098145,0.399326972630406,0.1361559613421034,1,0.4317699435409407,0.6713015188944039,0.7012018234562785,0.009289256106102334,0.0,0.7338486053759997,0.17282552083333333,1,8.249519032307736,0.5405125040825407,0.06916600465774536,0.050084270211596366,0.029378074676801414,0.925781
0181.jpg,P2,entire plant excluding pot,1.066362194759982,0.49626436992108136,1.0,0.7616425069485827,0.6757905953562235,0.3088727295398712,0.1624095572546653,0.12319136358721118,1,0.4178481544068302,0.7042076711433007,0.7459593866556155,0.11287656194315589,0.0,0.709657484916109,0.20602442611882715,1,6.259038613965081,0.6757905953562235,0.0772181823849678,0.12314546223803273,0.03246980862557195,0.945312
0181.jpg,P3,leaves and stems,0.5904761904761905,0.0,1.0,0.9523809523809523,1.0,0.0,1.0,1.0,1,0.0,0.0,0.0,1.0,1.0,0.0,0.0,0,1.0,1.0,0.0,0.0,0.0,
0181.jpg,P4,crop seedling,1.0220078482621329,0.41659066602203465,1.0,0.710154651910204,0.5472562610333923,0.27594444155693054,0.3860119444370384,0.13676695635745323,1,0.43201864415762053,0.6730140752028634,0.7028595109821799,0.011198944616542859,0.0,0.7330868924478884,0.1745533130787037,1,8.162879657555088,0.5472562610333923,0.06898611038923264,0.05181186822902097,0.029246830568822674,0.500000
0181.jpg,P5,plant body without background,0.5904761904761905,0.0,1.0,0.9523809523809523,1.0,0.0,1.0,1.0,1,0.0,0.0,0.0,1.0,1.0,0.0,0.0,0,1.0,1.0,0.0,0.0,0.0,
0182.jpg,P1,green plant,1.0852267634366848,0.40022733044225656,1.0,0.693113994485425,0.8896074822813046,0.2826598286628723,0.5314897834705703,0.1489215979491562,1,0.4321050362623131,0.6694356964088535,0.698992443324937,0.008244847956253173,0.0,0.7445735710760167,0.16808979552469136,1,8.855282333244773,0.8896074822813046,0.07066495716571808,0.03763007422156298,0.026859770880014688,0.867188;0.458984
0182.jpg,P2,entire plant excluding pot,1.117706538156178,0.47457549519456166,1.0,0.7460593874331095,0.9140100978212132,0.35377466678619385,0.22037743465536383,0.14499490947722546,1,0.4200226087091624,0.699038368288612,0.7363560033585222,0.0989162224705243,0.0,0.7248996594477153,0.19745732060185187,1,6.807517386534016,0.9140100978212132,0.08844366669654846,0.09075339329218031,0.027587175400997685,0.949219
0182.jpg,P3,leaves and stems,0.9071786089182962,0.3999028778910767,1.0,0.6938884583123556,0.0,0.28250980377197266,0.5232061441394074,0.14889552717362262,1,0.4319183809232152,0.6693065114794725,0.698992443324937,0.008804564649235075,0.0,0.7448383150168165,0.16796163676697531,1,8.823076332243808,0.0,0.07062745094299316,0.03822585079327936,0.026864473875939335,0.687500;0.361328
0182.jpg,P4,crop seedling,1.0863113547202499,0.40184379395217995,1.0,0.6972160941206705,0.8899007364288346,0.2832077741622925,0.5377211688087141,0.1484604980507598,1,0.4318776749874542,0.6700793120118651,0.6968933669185559,0.008493747767059663,0.0,0.744572340680793,0.1687282986111111,1,8.685511089964175,0.8899007364288346,0.07080194354057312,0.03719399785637728,0.026943193997856378,0.808594
0182.jpg,P5,plant body without background,0.9058435604157559,0.39544783608767,1.0,0.6953123512090774,0.0,0.28155258297920227,0.5707433705260108,0.14733160552542282,1,0.4313810063605659,0.66753267965516,0.6956339210747271,0.006692563536192145,0.0,0.7453823174866671,0.16620189525462964,1,8.764051099080916,0.0,0.07038814574480057,0.035042018940259476,0.027149639656304292,0.316406
0183.jpg,P1,green plant,1.057327052274947,0.36009044381934663,1.0,0.7023785391826678,0.8081129031050668,0.2833367884159088,1.0,0.13929442912300055,1,0.4265433173703489,0.6620064668948205,0.6892361111111112,0.005157978433583801,0.0,0.7232594748723694,0.15223572530864196,1,8.47467410276127,0.8081129031050668,0.0708341971039772,0.008630684626008946,0.02871615200395342,0.914062
0183.jpg,P2,entire plant excluding pot,1.0985359308978881,0.4288627861775277,1.0,0.7535978166195639,0.8648526910440522,0.36077001690864563,0.4044637129654798,0.14121540250065245,1,0.4169192687479302,0.6909150417530668,0.7291666666666666,0.08895096981093022,0.0,0.7053429507763589,0.17940080054012345,1,6.539355023233203,0.8648526910440522,0.09019250422716141,0.0494481936422983,0.028325522068894143,0.953125
0183.jpg,P3,leaves and stems,1.0569025708205944,0.35933287916080625,1.0,0.7023925160867815,0.8077721523989391,0.2827240824699402,1.0,0.1391319036184483,1,0.4264582447973009,0.6616880232604985,0.6896701388888888,0.005466497172720362,0.0,0.7236676080794249,0.15193648726851852,1,8.474107485406313,0.8077721523989391,0.07068102061748505,0.008808765439739982,0.0287496964820484,0.714844
0183.jpg,P4,crop seedling,1.059672150871993,0.364049497480075,1.0,0.705598992000987,0.8098190637589682,0.28526246547698975,1.0,0.14024185790847876,1,0.4267261471285891,0.6636706620522704,0.69140625,0.007563054853312952,0.0,0.7225720686628835,0.15379955150462962,1,8.34471169421969,0.8098190637589682,0.07131561636924744,0.009543966919474003,0.028522154937582065,0.855469
0183.jpg,P5,plant body without background,0.3904761904761905,0.0,1.0,0.9523809523809523,0.0,0.0,1.0,1.0,1,0.0,0.0,0.0,1.0,1.0,0.0,0.0,0,1.0,0.0,0.0,0.0,0.0,
0184.jpg,P1,green plant,1.0550056313037373,0.3220693663072355,1.0,0.7047466272132752,0.8587431395729638,0.29183483123779297,1.0,0.14155480240042287,1,0.41952683843748384,0.6529728837561135,0.6690582959641256,0.003366030070220079,0.0,0.7156564487036754,0.13721739969135802,1,8.378993566928369,0.8587431395729638,0.07295870780944824,0.0,0.02825760717524092,0.902344
0184.jpg,P2,entire plant excluding pot,1.1061830109357036,0.4007159932215971,1.0,0.7764512307757154,0.9152020646107337,0.38407081365585327,0.706826180529181,0.13294014000666698,1,0.4108949904829237,0.6876052738962672,0.7152466367713004,0.09351951024677516,0.0,0.6954460307442869,0.16828281732253086,1,5.75821791153445,0.9152020646107337,0.09601770341396332,0.028295499729546748,0.030088730159298756,0.953125
0184.jpg,P3,leaves and stems,1.0549574382060594,0.32121321446710416,1.0,0.7053292521657857,0.8585680769385937,0.29095643758773804,1.0,0.14130698861161242,1,0.419744041974215,0.652595873505198,0.6708520179372197,0.00342014795685135,0.0,0.7160816740575155,0.13687921971450617,1,8.355551593228203,0.8585680769385937,0.07273910939693451,0.0,0.02830716328542073,0.546875
0184.jpg,P4,crop seedling,1.0572373875598449,0.3256575734489764,1.0,0.7047245723946087,0.8592390629479335,0.29395437240600586,1.0,0.142397077489861,1,0.42052227132033987,0.6545529666472942,0.672645739910314,0.0038447088944005177,0.0,0.7150591247825056,0.13863474151234567,1,8.379881706183864,0.8592390629479335,0.07348859310150146,0.0,0.028090464147937373,0.828125
0184.jpg,P5,plant body without background,0.5904761904761905,0.0,1.0,0.9523809523809523,1.0,0.0,1.0,1.0,1,0.0,0.0,0.0,1.0,1.0,0.0,0.0,0,1.0,1.0,0.0,0.0,0.0,
0185.jpg,P1,green plant,1.0566907498157228,0.31375141623691194,1.0,0.7051788207968083,0.9019309205213054,0.2847995460033417,1.0,0.1506845264335854,1,0.41555860910404935,0.6510762210844462,0.6447774349933891,0.0026150345130544683,0.0,0.724065037795995,0.13393180941358024,1,8.36160050496304,0.9019309205213054,0.07119988650083542,0.0,0.026545525905495082,0.302734;0.886719
0185.jpg,P2,entire plant excluding pot,1.1065834353619626,0.3909995092006563,1.0,0.7758058569070293,0.9375619139891389,0.38438737392425537,1.0,0.14355322843761512,1,0.4088325045577465,0.6854951411207408,0.6857646540326134,0.08316232529870503,0.0,0.7042026502922831,0.16444480613425927,1,5.779645541393161,0.9375619139891389,0.09609684348106384,0.015204868725214832,0.027864228784922847,0.960938
0185.jpg,P3,leaves and stems,1.0560372762577144,0.31226162046804196,1.0,0.706116714744169,0.9009450724855245,0.2843905985355377,1.0,0.15080488137442052,1,0.4152944750110598,0.6504124226724488,0.6443367122080211,0.0026717829879304125,0.0,0.724710537746381,0.13334334008487655,1,8.323929433176126,0.9009450724855245,0.07109764963388443,0.0,0.02652434034989055,0.609375
0185.jpg,P4,crop seedling,1.0592339560697304,0.31664188252070635,1.0,0.7088502350408122,0.90302338369512,0.2882906496524811,1.0,0.15107763880929104,1,0.41587272588790647,0.652364106960622,0.6447774349933891,0.002943712433748619,0.0,0.7236846388300333,0.13507354359567902,1,8.214704617892236,0.90302338369512,0.07207266241312027,0.0,0.026476452978255086,0.835938
0185.jpg,P5,plant body without background,0.875017715026388,0.31192709554227216,1.0,0.7032506082044074,0.0,0.284111350774765,1.0,0.15106224151485115,1,0.4151599041220991,0.650263370621732,0.6438959894226531,0.002583927878092907,0.0,0.7244162467184321,0.13321120273919754,1,8.439363957416987,0.0,0.07102783769369125,0.0,0.026479151639006722,0.349609
0186.jpg,P1,green plant,1.047541108912508,0.30844724273323954,1.0,0.709431772549863,0.875612082454473,0.2753354012966156,1.0,0.15291651517270313,1,0.41377580910566986,0.6497789283366207,0.6381578947368421,0.002762673455838377,0.0,0.7231356517197257,0.13183666087962964,1,8.191576376845008,0.875612082454473,0.0688338503241539,4.572448619394864e-06,0.026158064061834137,0.322266;0.335938;0.878906
0186.jpg,P2,entire plant excluding pot,1.091520955534799,0.3808541862009689,1.0,0.7750825123417319,0.9267738104346123,0.3588688373565674,0.8209580801381906,0.15673187680348624,1,0.40320508626802304,0.6822720797720798,0.6723684210526316,0.09055918096205698,0.0,0.7055129684693856,0.1604374035493827,1,5.803704356036426,0.9267738104346123,0.08971720933914185,0.024361779832453117,0.025521292040771547,0.957031
0186.jpg,P3,leaves and stems,1.044957066907855,0.30545696837396474,1.0,0.7093723397015137,0.8743217529524451,0.27382323145866394,1.0,0.15142473888287283,1,0.41236220841053733,0.6484370206004821,0.6320175438596491,0.0025228174722180955,0.0,0.7240293854729716,0.13065550250771604,1,8.193938332040831,0.8743217529524451,0.06845580786466599,0.0,0.02641576290314097,0.652344
0186.jpg,P4,crop seedling,1.0472877125690516,0.3091590238709174,1.0,0.7085465335555405,0.8782290918921942,0.27568191289901733,1.0,0.15252808128610204,1,0.4129644001255175,0.6500983453868069,0.6333333333333333,0.0030186943690582004,0.0,0.7233558755085256,0.13211781442901235,1,8.226798174621608,0.8782290918921942,0.06892047822475433,0.0,0.026224679195282513,0.804688
0186.jpg,P5,plant body without background,0.3904761904761905,0.0,1.0,0.9523809523809523,0.0,0.0,1.0,1.0,1,0.0,0.0,0.0,1.0,1.0,0.0,0.0,0,1.0,0.0,0.0,0.0,0.0,
0187.jpg,P1,green plant,1.016673276110085,0.28769570929051413,1.0,0.7067195167221905,0.8275104914645274,0.2661842405796051,1.0,0.1355608724388632,1,0.3990512844987174,0.6427507155506322,0.5819070904645477,0.002167685013817407,0.0,0.6999556327652275,0.12363980516975309,1,8.299770314482409,0.8275104914645274,0.06654606014490128,0.00018332198947263725,0.029507039369372358,0.875000
0187.jpg,P2,entire plant excluding pot,1.059979478788456,0.3600751826457259,1.0,0.7756041125463373,0.8894064008777547,0.3415723145008087,0.6234250870219962,0.13106227942702928,1,0.3866478766743306,0.6757597253220987,0.6181744091279544,0.09778450786993112,0.0,0.6819593152954364,0.15222969714506174,1,5.7863511506395335,0.8894064008777547,0.08539307862520218,0.0320808392481234,0.030519841540121048,0.945312
0187.jpg,P3,leaves and stems,1.0157698467405871,0.28757697735974375,1.0,0.7060149528475219,0.8229202504049804,0.265378475189209,1.0,0.1356573923975254,1,0.3993917155802961,0.6426965672779065,0.5839445802770986,0.002229963253405181,0.0,0.7000688155917265,0.12359290605709876,1,8.328011920052637,0.8229202504049804,0.06634461879730225,0.0002029012933981967,0.029486045170900442,0.324219;0.656250
0187.jpg,P4,crop seedling,1.0178658071317486,0.289915599605407,1.0,0.707254422606878,0.8275023073125711,0.2668170630931854,1.0,0.13596063847293074,1,0.3995679286081404,0.6437631072923664,0.5835370823145885,0.002513577287176205,0.0,0.6996823942533905,0.1245166618441358,1,8.278366823471739,0.8275023073125711,0.06670426577329636,0.00029725278396113057,0.029420279611266944,0.824219
0187.jpg,P5,plant body without background,0.8505103184617097,0.2865575309618691,1.0,0.7049379741232037,0.0,0.2658502757549286,1.0,0.1351751554438418,1,0.39904116229370934,0.6422316438051453,0.582722086389568,0.0021198114287783484,0.0,0.7000605484041975,0.12319022472993828,1,8.371290431439506,0.0,0.06646256893873215,0.00020454320804001608,0.02959123654688003,0.312500
0188.jpg,P1,green plant,1.028726486815149,0.28920656547898105,1.0,0.7090460175530924,0.9009818416164374,0.2624189257621765,1.0,0.14492711226750116,1,0.39639581673301166,0.6426649392204951,0.5606361829025845,0.0017137844164010914,0.0,0.7106271040829353,0.12423659336419753,1,8.206913944767244,0.9009818416164374,0.06560473144054413,0.0,0.027600080740013275,0.914062
0188.jpg,P2,entire plant excluding pot,1.0640695226122432,0.35794533325519606,1.0,0.7635806539832682,0.9358947650825107,0.33132898807525635,0.940686968573248,0.1475920190414622,1,0.3863195745329969,0.6738442535048486,0.5964214711729622,0.08740073076175701,0.0,0.6933844022369384,0.15138840663580247,1,6.192387006753898,0.9358947650825107,0.08283224701881409,0.02126105778879265,0.027101736435195065,0.941406
0188.jpg,P3,leaves and stems,1.0278208826753286,0.28808853189951555,1.0,0.7089016633960151,0.8989911516382102,0.2618081867694855,1.0,0.14488059543546508,1,0.39626297593468324,0.6421578087978476,0.5606361829025845,0.0017491149731448522,0.0,0.7111796442491485,0.12379497010030864,1,8.212657739000623,0.8989911516382102,0.06545204669237137,0.0,0.027608942301605467,0.574219
0188.jpg,P4,crop seedling,1.0305255083436224,0.2922380450070323,1.0,0.709096597031527,0.9026245172753036,0.2634856700897217,1.0,0.14551557746774363,1,0.3970365424629056,0.6440399922802096,0.5622266401590458,0.0020107650903498655,0.0,0.7102497946330899,0.1254340277777778,1,8.204901960784314,0.9026245172753036,0.06587141752243042,0.0,0.027488465974625145,0.773438
0188.jpg,P5,plant body without background,0.3904761904761905,0.0,1.0,0.9523809523809523,0.0,0.0,1.0,1.0,1,0.0,0.0,0.0,1.0,1.0,0.0,0.0,0,1.0,0.0,0.0,0.0,0.0,
0189.jpg,P1,green plant,0.9688853567669458,0.3121468564424128,1.0,0.7108308453779129,0.726763892515345,0.26992982625961304,1.0,0.18729123787744037,1,0.36495107264788906,0.6222930492876737,0.4013471793432501,0.0008673811330584365,0.0,0.7516622745533578,0.13329800829475308,1,8.136089099182255,0.726763892515345,0.06748245656490326,0.0,0.02135711229917504,0.341797;0.355469;0.351562;0.878906;0.302734
0189.jpg,P2,entire plant excluding pot,1.01684799375935,0.38387681424832,1.0,0.7765084659867547,0.8054574471414118,0.3359634578227997,1.0,0.2246654656667644,1,0.35648675671949265,0.6482872090965401,0.4235195060342408,0.06741506823259127,0.0,0.7357724291931764,0.16163134162808643,1,5.756319314026833,0.8054574471414118,0.08399086445569992,0.004917072879642856,0.017804249478791768,0.960938
0189.jpg,P3,leaves and stems,0.9658308099794644,0.30820459007266743,1.0,0.7112391214143021,0.721214837986141,0.2691279351711273,1.0,0.18456397263744614,1,0.3638735130506168,0.6208644146535705,0.39713724389559363,0.0004932685769613375,0.0,0.7523424459374872,0.1317408130787037,1,8.119938003733415,0.721214837986141,0.06728198379278183,0.0,0.021672702114282735,0.550781
0189.jpg,P4,crop seedling,0.9762304293829618,0.31633024935536813,1.0,0.7307107222932582,0.7360709304802517,0.274115651845932,1.0,0.18882135627530364,1,0.36478491858799983,0.6238090655694186,0.3976985686219478,0.0007254320206765994,0.0,0.7508363289295573,0.13495044849537038,1,7.370612459650404,0.7360709304802517,0.068528912961483,0.0,0.021184044426457542,0.792969
0189.jpg,P5,plant body without background,0.5904761904761905,0.0,1.0,0.9523809523809523,1.0,0.0,1.0,1.0,1,0.0,0.0,0.0,1.0,1.0,0.0,0.0,0,1.0,1.0,0.0,0.0,0.0,
0190.jpg,P1,green plant,0.9706402594648295,0.332855048152055,1.0,0.7038470491569144,0.6833952422350431,0.27460089325904846,1.0,0.3120316426244765,1,0.3717006129042172,0.6235545313916804,0.39922265408106605,6.902587447687334e-05,0.0,0.8161715694488022,0.14147774402006172,1,8.415264401486803,0.6833952422350431,0.06865022331476212,0.0,0.01281921271303217,0.882812;0.412109
0190.jpg,P2,entire plant excluding pot,1.0208286242861762,0.4061614851929989,1.0,0.7624190489318535,0.7548019582458358,0.3322620689868927,1.0,0.37311672715275485,1,0.3696997120146599,0.6488422563482273,0.42282065519156026,0.045630235575243025,0.0,0.8018627503087246,0.17043378665123457,1,6.232293156919326,0.7548019582458358,0.08306551724672318,0.0,0.01072050569944668,0.960938
0190.jpg,P3,leaves and stems,0.9695955382185433,0.33048895579387405,1.0,0.7054990589971123,0.6814931900639635,0.27474531531333923,1.0,0.30947660449990044,1,0.3711502341848855,0.622738326223476,0.39755691282620764,0.00011323464190831254,0.0,0.8166554609052402,0.14054313753858025,1,8.348726684952053,0.6814931900639635,0.06868632882833481,0.0,0.012925048103276856,0.468750
0190.jpg,P4,crop seedling,0.9746642689356949,0.3364276888967026,1.0,0.7091968088094788,0.6923120419048094,0.276242196559906,1.0,0.31295959862688144,1,0.3718285217015155,0.6247869464450643,0.39811215991116045,0.00042187755763269314,0.0,0.8161946492902395,0.14288893711419753,1,8.200916517903952,0.6923120419048094,0.0690605491399765,0.0,0.012781202486040071,0.679688
0190.jpg,P5,plant body without background,0.5904761904761905,0.0,1.0,0.9523809523809523,1.0,0.0,1.0,1.0,1,0.0,0.0,0.0,1.0,1.0,0.0,0.0,0,1.0,1.0,0.0,0.0,0.0,
0191.jpg,P1,green plant,0.9813035468921479,0.35030894719878103,1.0,0.6985830872809377,0.6820978908444668,0.274567574262619,1.0,0.40669431592861865,1,0.38019204697478703,0.6275258661585488,0.4036902432205759,0.00024377222898013011,0.0,0.8796688170828539,0.14837203414351852,1,8.629379044724754,0.6820978908444668,0.06864189356565475,0.0,0.00983539686525165,0.312500;0.445312;0.910156
0191.jpg,P2,entire plant excluding pot,1.028530811552463,0.4252751894827317,1.0,0.7644179865392814,0.7669889734161133,0.3047824501991272,1.0,0.48418104296490655,1,0.37623789162501214,0.6529771133485192,0.4268940452893486,0.05265439608526365,0.0,0.8665129262652674,0.17798369984567902,1,6.163696239730292,0.7669889734161133,0.0761956125497818,6.0964540313818355e-06,0.008261372596303652,0.968750
0191.jpg,P3,leaves and stems,0.9800766142934036,0.34881304696046256,1.0,0.6965814505633405,0.6795766709718742,0.2752460539340973,1.0,0.4052755827409489,1,0.3800331698074488,0.6270180038784472,0.4036902432205759,0.0003198026360874432,0.0,0.8800856546111487,0.1477811535493827,1,8.711645973095557,0.6795766709718742,0.06881151348352432,0.0,0.009869827273943591,0.400391;0.667969;0.314453
0191.jpg,P4,crop seedling,0.9822400982687689,0.35077624433505217,1.0,0.7044115476650109,0.6824125079601489,0.2742389738559723,1.0,0.40555846293096354,1,0.3798722435055321,0.6276845148324594,0.40117416829745595,0.00010712650991569469,0.0,0.8800345097360394,0.14855661651234567,1,8.39249309057491,0.6824125079601489,0.06855974346399307,0.0,0.009862942992465436,0.726562
0191.jpg,P5,plant body without background,0.5904761904761905,0.0,1.0,0.9523809523809523,1.0,0.0,1.0,1.0,1,0.0,0.0,0.0,1.0,1.0,0.0,0.0,0,1.0,1.0,0.0,0.0,0.0,
0192.jpg,P1,green plant,0.9832975155350816,0.3705522835599312,1.0,0.7140797473409625,0.5677319636864111,0.28944897651672363,1.0,1.0,1,0.39493492131427604,0.6320256384103013,0.41109530583214793,0.0008157411833644312,0.0,0.9997351517589325,0.15636815200617285,1,8.008076233046136,0.5677319636864111,0.07236224412918091,0.0,0.0,0.914062;0.402344
0192.jpg,P2,entire plant excluding pot,1.012479214315535,0.44158022737927793,1.0,0.7613427685969548,0.6455699251544865,0.2858765125274658,1.0,1.0,1,0.3856053275838979,0.6557140702004479,0.4361308677098151,0.06959196908127671,0.0,0.984794375503575,0.18442418981481482,1,6.269376718264653,0.6455699251544865,0.07146912813186646,0.01347856556369665,0.0,0.964844
0192.jpg,P3,leaves and stems,0.9773877993786135,0.3671609455578996,1.0,0.6931892112011799,0.5565495465066916,0.2964225113391876,1.0,1.0,1,0.39472335645762185,0.6308945979406126,0.41251778093883357,0.0008056808275181997,0.0,0.9989875085767284,0.15502857349537036,1,8.85215129840722,0.5565495465066916,0.0741056278347969,0.0,0.0,0.318359;0.730469;0.417969;0.339844
0192.jpg,P4,crop seedling,0.9855232909653133,0.3727877402719175,1.0,0.7196528979059589,0.572296744439761,0.2876758277416229,1.0,1.0,1,0.39504064889346124,0.6327711825017422,0.41024182076813653,0.0008793962143794699,0.0,0.999910261439007,0.15725115740740742,1,7.791175521137848,0.572296744439761,0.07191895693540573,0.0,0.0,0.765625
0192.jpg,P5,plant body without background,0.5904761904761905,0.0,1.0,0.9523809523809523,1.0,0.0,1.0,1.0,1,0.0,0.0,0.0,1.0,1.0,0.0,0.0,0,1.0,1.0,0.0,0.0,0.0,
0193.jpg,P1,green plant,0.9927671491178407,0.39761705930614155,1.0,0.7101081564265739,0.5978519255774171,0.32476821541786194,1.0,1.0,1,0.3866980777722419,0.6364840636998913,0.4236170822585268,0.0008227173922456721,0.0,0.879243958884189,0.16705873842592592,1,8.164723667792465,0.5978519255774171,0.08119205385446548,0.0007252903326376319,0.0,0.359375;0.886719;0.558594
0193.jpg,P2,entire plant excluding pot,1.0142297770443105,0.4692664381153304,1.0,0.7538936622753127,0.6647398477358556,0.29848942160606384,0.5854137538611608,1.0,1,0.37695190309779786,0.6596058973559372,0.4476927486385784,0.08048958402760807,0.0,0.8965201947655814,0.19536024305555555,1,6.52894035431783,0.6647398477358556,0.07462235540151596,0.03416387105374242,0.0,0.953125
0193.jpg,P3,leaves and stems,0.9885893667558838,0.39456482458196596,1.0,0.6971762862492978,0.5881305556533482,0.3320865035057068,1.0,1.0,1,0.38619773275781993,0.6354990828843626,0.4233304671825738,0.0008294248836188223,0.0,0.8782239712051544,0.16585310570987655,1,8.687148995839996,0.5881305556533482,0.0830216258764267,0.0007654552168717088,0.0,0.648438;0.460938;0.345703
0193.jpg,P4,crop seedling,0.9950841760594991,0.4002108483747461,1.0,0.7163426136477473,0.6045960553082202,0.32166603207588196,1.0,1.0,1,0.38652106617817994,0.6373211003969276,0.4216107767268558,0.0011562600867912349,0.0,0.8791561925445864,0.1680832851080247,1,7.919601066529257,0.6045960553082202,0.08041650801897049,0.0006089732094824804,0.0,0.687500
0193.jpg,P5,plant body without background,0.5904761904761905,0.0,1.0,0.9523809523809523,1.0,0.0,1.0,1.0,1,0.0,0.0,0.0,1.0,1.0,0.0,0.0,0,1.0,1.0,0.0,0.0,0.0,
0194.jpg,P1,green plant,1.0203652273188004,0.4059002139006094,1.0,0.7200595867894456,0.7108308813055527,0.3539772033691406,1.0,0.1719507074395253,1,0.3822116502458508,0.6397392136052834,0.4354094579008074,0.0021956554052619285,0.0,0.8058791968343488,0.17033058449074073,1,7.77547909496586,0.7108308813055527,0.08849430084228516,0.0043863560755667864,0.023262480623447223,0.423828;0.906250
0194.jpg,P2,entire plant excluding pot,1.033273945431487,0.4784210057235505,1.0,0.7552579658712776,0.7647723747217914,0.31729570031166077,0.4326279228268847,0.19845947570947572,1,0.37012453610583096,0.6632401567131775,0.4590542099192618,0.08987638671852514,0.0,0.8232363948630925,0.19897629726080246,1,6.48101827953272,0.7647723747217914,0.07932392507791519,0.04622910113918598,0.02015524824753437,0.953125
0194.jpg,P3,leaves and stems,1.0163148915972766,0.40243928494686665,1.0,0.7068990460064347,0.7012173942873805,0.363141804933548,1.0,0.17045135003648748,1,0.38157538556243065,0.6386176718736245,0.435121107266436,0.0024902761495050486,0.0,0.8048448394355511,0.16896351755401234,1,8.292583096537307,0.7012173942873805,0.090785451233387,0.0046965609215020715,0.023467106591668205,0.628906;0.359375
0194.jpg,P4,crop seedling,1.0297914369301626,0.41484020940771993,1.0,0.747822969289693,0.7292862212184992,0.3447994589805603,1.0,0.17434322674242883,1,0.382441665150868,0.6426362907126375,0.43367935409457903,0.003978974814157328,0.0,0.806503721086679,0.17386188271604938,1,6.74429754276826,0.7292862212184992,0.08619986474514008,0.0044699323199822475,0.022943248640852103,0.699219
0194.jpg,P5,plant body without background,0.5904761904761905,0.0,1.0,0.9523809523809523,1.0,0.0,1.0,1.0,1,0.0,0.0,0.0,1.0,1.0,0.0,0.0,0,1.0,1.0,0.0,0.0,0.0,
0195.jpg,P1,green plant,1.0409124500790907,0.3991352408579465,1.0,0.7097071728636926,0.8361202896225148,0.3642185926437378,1.0,0.20341941854086673,1,0.3790761908815124,0.6369892134586184,0.44213564213564216,0.003230199924350616,0.0,0.7751461056388553,0.16765842013888888,1,8.180636697385092,0.8361202896225148,0.09105464816093445,0.005603231925765806,0.01966380608445405,0.353516;0.890625
0195.jpg,P2,entire plant excluding pot,1.0496429055985597,0.47386493495077353,1.0,0.750322962102157,0.8710824925133376,0.31508761644363403,0.425181853633173,0.23611665343246951,1,0.3675713043965792,0.6611077694660239,0.4675324675324675,0.09011031745158249,0.0,0.7906083616310144,0.19717664930555556,1,6.655188512379537,0.8710824925133376,0.07877190411090851,0.04703869609932851,0.01694077881357072,0.957031
0195.jpg,P3,leaves and stems,1.0409242035677209,0.3986606183583372,1.0,0.7098483340456453,0.8353469044673458,0.3655856251716614,1.0,0.20462119761361128,1,0.37903590715912283,0.6368360319224411,0.4427128427128427,0.003500181056259903,0.0,0.7750503861483473,0.1674709442515432,1,8.175032666504704,0.8353469044673458,0.09139640629291534,0.005934901815673929,0.019548316824697945,0.353516;0.769531
0195.jpg,P4,crop seedling,1.0495925574744736,0.4053230363142678,1.0,0.7357325126534646,0.8535671196992171,0.3563615679740906,1.0,0.20512470468505797,1,0.37939571014626555,0.6389862869524597,0.44126984126984126,0.004003121414077124,0.0,0.7752287470855639,0.1701025993441358,1,7.183792555080607,0.8535671196992171,0.08909039199352264,0.005247009176418723,0.019500332766555224,0.839844
0195.jpg,P5,plant body without background,0.8729900831308028,0.39578816025941554,1.0,0.7077163762244124,0.0,0.3689819276332855,1.0,0.20237037037037037,1,0.3784927903073801,0.6359089634742321,0.4404040404040404,0.0028304074917008537,0.0,0.7750104806618182,0.16633632330246914,1,8.259908449056608,0.0,0.09224548190832138,0.004727251641708827,0.019765739385065886,0.531250
0196.jpg,P1,green plant,1.0526101511180586,0.399359274886701,1.0,0.750279748970686,0.87488484092041,0.35246703028678894,1.0,0.18032725269740468,1,0.37721197210514157,0.6374334198218786,0.4447986090988119,0.003916312097516099,0.0,0.7522141915895273,0.1677469135802469,1,6.656723745293863,0.87488484092041,0.08811675757169724,0.00515323137074517,0.02218189397424103,0.384766;0.886719
0196.jpg,P2,entire plant excluding pot,1.047480524982388,0.45933538199328017,1.0,0.7347526155606551,0.9007851235770593,0.3115468919277191,0.5124936255365846,0.2036630539344578,1,0.36619652237064526,0.656842867816344,0.4656621269197334,0.08046180422820919,0.0,0.7662087705783565,0.1914374758873457,1,7.220046007919198,0.9007851235770593,0.07788672298192978,0.03902487563442346,0.019640282921846334,0.949219
0196.jpg,P3,leaves and stems,1.0523181983350716,0.3994429061181435,1.0,0.7502266211000804,0.873776542087626,0.35242709517478943,1.0,0.18114337780670356,1,0.37714356543894373,0.6374604845334063,0.4447986090988119,0.004169918239997011,0.0,0.7521962168646448,0.16777994791666667,1,6.658611461525295,0.873776542087626,0.08810677379369736,0.005406593975140015,0.022081955456678983,0.445312;0.757812
0196.jpg,P4,crop seedling,1.0553664207244045,0.40062595229723386,1.0,0.7534308354242066,0.8872464003970306,0.3509596884250641,1.0,0.17967747127176747,1,0.3769138454156973,0.637843341547572,0.4433497536945813,0.004460734785132317,0.0,0.7520394064456221,0.1682472511574074,1,6.545236881284974,0.8872464003970306,0.08773992210626602,0.005265458506209199,0.022262112059390472,0.808594
0196.jpg,P5,plant body without background,1.0423208649003113,0.38740092446085317,1.0,0.7061669139234955,0.8673292015472667,0.3739575743675232,1.0,0.17530057691061127,1,0.3753499420404836,0.6335634624023745,0.4421906693711968,0.0037103020971304876,0.0,0.751215003419763,0.16302336516203703,1,8.321915974339682,0.8673292015472667,0.0934893935918808,0.004475732168992169,0.022817951147072767,0.539062
0197.jpg,P1,green plant,1.0525386590877401,0.3834723931473667,1.0,0.7354917036259592,0.9064038755430697,0.36951327323913574,1.0,0.1686522902565717,1,0.37356240997663387,0.6339985888882352,0.44240303295421407,0.005187745928873823,0.0,0.7358668171265517,0.16147159529320987,1,7.1926928630199445,0.9064038755430697,0.09237831830978394,0.006959553800091092,0.02371743659048316,0.427734;0.878906
0197.jpg,P2,entire plant excluding pot,1.0464739150834916,0.43498190635255507,1.0,0.752733025774062,0.9097316506418659,0.30846527218818665,0.7198596625217786,0.18596337628707071,1,0.3652915440921577,0.6508831054383831,0.45815106445027703,0.06610037995583759,0.0,0.7484537957442503,0.18181785300925926,1,6.5698452375373,0.9097316506418659,0.07711631804704666,0.027783193087854013,0.021509611622802655,0.945312
0197.jpg,P3,leaves and stems,1.0521553674154838,0.3831137555672761,1.0,0.733401442658007,0.9059558129938536,0.3709419369697571,1.0,0.16921282245827013,1,0.3734727777777051,0.6338810295913259,0.44240303295421407,0.00532905872725846,0.0,0.735805891071601,0.16132993344907406,1,7.270194516546945,0.9059558129938536,0.09273548424243927,0.007172669424235971,0.023638870517548677,0.455078;0.742188
0197.jpg,P4,crop seedling,1.0532639413759457,0.38585832503125483,1.0,0.7390334852105177,0.910248239768929,0.3657166361808777,1.0,0.16838035122804826,1,0.3730926041376299,0.6347806833766952,0.4409448818897638,0.00684345277022879,0.0,0.7360232204669772,0.16241403838734567,1,7.06237322156369,0.910248239768929,0.09142915904521942,0.00698894758994512,0.023755740921234596,0.820312
0197.jpg,P5,plant body without background,1.049588720403502,0.38091767268323173,1.0,0.7340631528963496,0.8954042581448198,0.37300220131874084,1.0,0.16797374897456935,1,0.3729112633948736,0.6331611664923787,0.43919510061242345,0.004447984131516071,0.0,0.7358413225175966,0.16046248070987654,1,7.245612208005788,0.8954042581448198,0.09325055032968521,0.005795903647046448,0.023813244774369993,0.500000
0198.jpg,P1,green plant,1.041979438201583,0.3757679422566025,1.0,0.7360628013251418,0.8465668006332968,0.39620131254196167,0.9656939187947824,0.11609912974334054,1,0.3710596668501825,0.6309941422530744,0.44660194174757284,0.0054707975538556605,0.0,0.714646068132001,0.15842833719135802,1,7.171594548717558,0.8465668006332968,0.09905032813549042,0.020710495956069244,0.03445331596233985,0.451172;0.882812;0.335938
0198.jpg,P2,entire plant excluding pot,1.0341186746494908,0.4512304779067041,1.0,0.776114106040623,0.8491614423745417,0.33274951577186584,0.23903867352562927,0.1361444890129055,1,0.35226756623074373,0.6556402022349196,0.4698440717858194,0.11662743666356029,0.0,0.7320979352614252,0.18823603877314815,1,5.769406643091178,0.8491614423745417,0.08318737894296646,0.08366846964558494,0.029380550244827244,0.933594
0198.jpg,P3,leaves and stems,1.0414428741576978,0.37417437050711044,1.0,0.736457309923582,0.845606666262262,0.3977818489074707,0.9630602258930872,0.11561741972527714,1,0.37063883503761264,0.6304736818075698,0.4454251250367755,0.005516305572767482,0.0,0.7145141557017387,0.15779887635030865,1,7.15703915285366,0.845606666262262,0.09944546222686768,0.020767133209611207,0.03459686273491096,0.326172;0.609375
0198.jpg,P4,crop seedling,1.041678983500328,0.37650688828332546,1.0,0.7395396159843114,0.8481585482370231,0.3923284411430359,0.9501219688221709,0.11569969679659006,1,0.3703722847707889,0.631235481984652,0.44307149161518095,0.005953714767081229,0.0,0.7147311201555251,0.1587202208719136,1,7.043852104366885,0.8481585482370231,0.09808211028575897,0.021049929015738073,0.03457226000369164,0.730469
0198.jpg,P5,plant body without background,0.3904761904761905,0.0,1.0,0.9523809523809523,0.0,0.0,1.0,1.0,1,0.0,0.0,0.0,1.0,1.0,0.0,0.0,0,1.0,0.0,0.0,0.0,0.0,
0199.jpg,P1,green plant,1.0289738587548445,0.3638599537037036,1.0,0.7486545777255641,0.8073922980374417,0.3885997533798218,0.4139315337542812,0.10331853172352322,1,0.3672725421855381,0.6319515606155657,0.44613548194568786,0.013521780254012771,0.0,0.6984164329607014,0.15372468171296297,1,6.714589872355582,0.8073922980374417,0.09714993834495544,0.04831716931204482,0.03871522304153393,0.333984;0.921875
0199.jpg,P2,entire plant excluding pot,1.0216524940880367,0.40489908091107985,1.0,0.771338967163131,0.8470140670288391,0.3199501037597656,0.23254252388101565,0.11365641253074224,1,0.3530120503154735,0.6458660136772607,0.4527006863622799,0.08491035891905697,0.0,0.7094592965893899,0.16993513695987655,1,5.928937667387662,0.8470140670288391,0.0799875259399414,0.08600577505657994,0.035193790749976944,0.921875
0199.jpg,P3,leaves and stems,1.0270265213827692,0.360877920378184,1.0,0.7388659952216283,0.8024221528395807,0.39825525879859924,0.4162734615321347,0.10249986835976264,1,0.36694225593517077,0.6309404922629986,0.44643390032826025,0.013471283917286555,0.0,0.6979636675922039,0.15254677854938273,1,7.068507861159387,0.8024221528395807,0.09956381469964981,0.048045340018525486,0.03902444036279602,0.531250
0199.jpg,P4,crop seedling,1.0298066108606507,0.36636950109392097,1.0,0.7522940568457938,0.8096273918823914,0.3851053714752197,0.3972806216429578,0.10376195674145948,1,0.36712734660118573,0.6328024310346861,0.4485228290062668,0.01645943662937669,0.0,0.6985021750673059,0.15471595293209878,1,6.585348931049214,0.8096273918823914,0.09627634286880493,0.050342249056321474,0.03854977417172923,0.808594
0199.jpg,P5,plant body without background,0.5904761904761905,0.0,1.0,0.9523809523809523,1.0,0.0,1.0,1.0,1,0.0,0.0,0.0,1.0,1.0,0.0,0.0,0,1.0,1.0,0.0,0.0,0.0,
0200.jpg,P1,green plant,1.0392072003521216,0.36445666559228007,1.0,0.7343229121460946,0.8699802308694461,0.38840892910957336,0.2837135779429244,0.1011572401774398,1,0.3677734528086427,0.6318662924457772,0.46017433122933576,0.019372612095921015,0.0,0.6960065446011658,0.15396038290895062,1,7.2359743502337714,0.8699802308694461,0.09710223227739334,0.07049363003706317,0.039542399466252785,0.324219;0.890625
0200.jpg,P2,entire plant excluding pot,1.0256587029366235,0.41224519944522575,1.0,0.7591092732624009,0.888288259567507,0.3127134144306183,0.15945032394405362,0.11287571355458448,1,0.3511874735954732,0.6480338946646675,0.46498346859032164,0.09975390247339175,0.0,0.7060475685859923,0.1728368537808642,1,6.346668002152848,0.888288259567507,0.07817835360765457,0.12543091481593607,0.03543720676517078,0.929688
0200.jpg,P3,leaves and stems,1.037782187074275,0.36268484333489603,1.0,0.7351223227562121,0.8644902783627691,0.39244526624679565,0.2888968683241671,0.10069141963207193,1,0.36683364493414045,0.6312668574945375,0.45626690712353474,0.019413878496291705,0.0,0.6958636507770362,0.15326051311728395,1,7.206356521746623,0.8644902783627691,0.09811131656169891,0.06922885705205459,0.039725331260757515,0.597656
0200.jpg,P4,crop seedling,1.0392112568913505,0.3650701647718393,1.0,0.7350252585971109,0.8709315392372122,0.3884660303592682,0.2780053035407655,0.10096256389004006,1,0.3673126582982644,0.6320738487338033,0.458370904718966,0.01996608338109129,0.0,0.6956987340634673,0.15420271508487654,1,7.209949271910111,0.8709315392372122,0.09711650758981705,0.07194107358842988,0.03961864522731875,0.835938
0200.jpg,P5,plant body without background,0.5904761904761905,0.0,1.0,0.9523809523809523,1.0,0.0,1.0,1.0,1,0.0,0.0,0.0,1.0,1.0,0.0,0.0,0,1.0,1.0,0.0,0.0,0.0,
0201.jpg,P1,green plant,1.0534963339330095,0.39089878545475853,1.0,0.7360542741577186,0.8693054195805433,0.41088753938674927,0.21506497807778444,0.10997326559003207,1,0.37206713021705545,0.6393712863717868,0.46403851941017155,0.02307425488086674,0.0,0.7168252295735926,0.16440502025462964,1,7.1719093308525315,0.8693054195805433,0.10272188484668732,0.09299515048315503,0.03637247633358046,0.917969
0201.jpg,P2,entire plant excluding pot,1.0415839429868226,0.44829850123066106,1.0,0.764909547017794,0.8794109333163772,0.32431215047836304,0.12489528332260143,0.12425769253868792,1,0.3581977165781835,0.6585918036285321,0.4896178152272043,0.11125675791503378,0.0,0.7293640594181063,0.18707790798611112,1,6.146882435936888,0.8794109333163772,0.08107803761959076,0.16013414972878115,0.03219116594133269,0.929688
0201.jpg,P3,leaves and stems,1.0528217344249082,0.3901561767463666,1.0,0.7346528386899658,0.8643329324795005,0.4150180518627167,0.21365352921787445,0.10973722716004596,1,0.3719897344691985,0.6391226209681046,0.46433945230213663,0.023194104060510957,0.0,0.7167394693413058,0.1641116898148148,1,7.22374289829743,0.8643329324795005,0.10375451296567917,0.09360949979723893,0.03645071142690904,0.375000
0201.jpg,P4,crop seedling,1.053474128311688,0.3924081155258634,1.0,0.7356879396655238,0.867086353638576,0.4110322594642639,0.20832898231940755,0.10999505716409813,1,0.3722311946528425,0.6398766913948892,0.4658441167619621,0.024165087177568673,0.0,0.716719378007487,0.16500120563271606,1,7.185439534448375,0.867086353638576,0.10275806486606598,0.09600200498909094,0.036365270432402494,0.589844
0201.jpg,P5,plant body without background,0.5904761904761905,0.0,1.0,0.9523809523809523,1.0,0.0,1.0,1.0,1,0.0,0.0,0.0,1.0,1.0,0.0,0.0,0,1.0,1.0,0.0,0.0,0.0,
0202.jpg,P1,green plant,1.050019016288962,0.42170346440850126,1.0,0.7390071169591053,0.7761872672771497,0.41636189818382263,0.1360172742047829,0.18149964370914273,1,0.3793670669232462,0.6475203991020044,0.47494685696932887,0.029539126266757525,0.0,0.7610623086309269,0.17657286844135803,1,7.063338824525488,0.7761872672771497,0.10409047454595566,0.14704014704697502,0.02203861075567779,0.308594;0.937500
0202.jpg,P2,entire plant excluding pot,1.04032882419548,0.49866800476636974,1.0,0.7762588706902641,0.7878367349617973,0.34210076928138733,0.0834136588138974,0.2100739109153206,1,0.3593559482555163,0.672919356060423,0.5007591861524445,0.1471261542332955,0.0,0.7783536639691688,0.20697386188271605,1,5.764600902036223,0.7878367349617973,0.08552519232034683,0.23976888538868216,0.019040917468387465,0.929688
0202.jpg,P3,leaves and stems,0.3904761904761905,0.0,1.0,0.9523809523809523,0.0,0.0,1.0,1.0,1,0.0,0.0,0.0,1.0,1.0,0.0,0.0,0,1.0,0.0,0.0,0.0,0.0,
0202.jpg,P4,crop seedling,1.0482086629720833,0.4275460521175183,1.0,0.7453533848146903,0.7726351246372128,0.4056108891963959,0.12922766051030585,0.182677665599606,1,0.37797957281891986,0.6494485030451592,0.4740358335863954,0.0360037150167014,0.0,0.7614726121257336,0.17888069058641975,1,6.832909606994537,0.7726351246372128,0.10140272229909897,0.15476562773807245,0.021896491762530095,0.593750
0202.jpg,P5,plant body without background,0.5904761904761905,0.0,1.0,0.9523809523809523,1.0,0.0,1.0,1.0,1,0.0,0.0,0.0,1.0,1.0,0.0,0.0,0,1.0,1.0,0.0,0.0,0.0,
0203.jpg,P1,green plant,1.0450843345674345,0.44341950402406627,1.0,0.7434888714394925,0.69580637959344,0.3868878483772278,0.11076471457988482,0.42540554016620497,1,0.39116381388058935,0.6565922843951812,0.46970163026760997,0.027882144722259482,0.0,0.8517486431078403,0.18515070408950618,1,6.900200888383661,0.69580637959344,0.09672196209430695,0.18056291731403112,0.009402792447031154,0.941406;0.515625
0203.jpg,P2,entire plant excluding pot,1.041964511530234,0.5139242948116893,1.0,0.7639047466679538,0.7349255015867893,0.32901906967163086,0.07448539874403691,0.46902714541713675,1,0.37360978898262137,0.6801460698927286,0.497385419870809,0.13625454800680134,0.0,0.8690565334546121,0.2130000964506173,1,6.181274677552689,0.7349255015867893,0.08225476741790771,0.2685090009214879,0.00852829103620972,0.957031
0203.jpg,P3,leaves and stems,0.9050729044539534,0.44225629737068284,1.0,0.7401627673094408,0.0,0.389457106590271,0.11195175246280219,0.4203616656376484,1,0.3906976701998746,0.6562036878232739,0.46816364195632115,0.027897327702863694,0.0,0.8512612222045,0.18469123746141974,1,7.021083582333959,0.0,0.09736427664756775,0.1786483870062269,0.009515615544848467,0.425781
0203.jpg,P4,crop seedling,1.0471786690269647,0.4451638561689326,1.0,0.7459210065268977,0.7053987943799366,0.384603351354599,0.10953678338574144,0.41742035068715727,1,0.3909612673408915,0.6571750263024103,0.4687788372808367,0.028454765026478677,0.0,0.8510624693244087,0.1858397231867284,1,6.812490632382803,0.7053987943799366,0.09615083783864975,0.18258706693594062,0.009582666473772065,0.384766
0203.jpg,P5,plant body without background,0.5904761904761905,0.0,1.0,0.9523809523809523,1.0,0.0,1.0,1.0,1,0.0,0.0,0.0,1.0,1.0,0.0,0.0,0,1.0,1.0,0.0,0.0,0.0,
0204.jpg,P1,green plant,1.0178682957580505,0.3937071466244726,1.0,0.7417438762184919,0.6573299182604782,0.310241162776947,0.13873396998635742,1.0,1,0.39726387498197246,0.6500356717256984,0.45063843039551543,0.02797845637007026,0.0,0.9703000931780632,0.16551432291666668,1,6.963485161431514,0.6573299182604782,0.07756029069423676,0.14416079927624592,0.0,0.949219;0.345703
0204.jpg,P2,entire plant excluding pot,1.0160274833801175,0.45808335530942323,1.0,0.7674445658055585,0.6869653439672925,0.2749089300632477,0.08547703666523644,1.0,1,0.37854704435101305,0.6730862294024199,0.47710993459981316,0.1386014394885074,0.0,0.9866750767875199,0.1909429253472222,1,6.060514193630037,0.6869653439672925,0.06872723251581192,0.23398097056556025,0.0,0.945312
0204.jpg,P3,leaves and stems,1.0134254125398838,0.38661192178465376,1.0,0.7188329577435237,0.6434473680308168,0.31888043880462646,0.14023889313195234,1.0,1,0.3998708752671598,0.6474951541534392,0.45001557147306137,0.015747675600698282,0.0,0.9696907112851453,0.16271170910493826,1,7.822875654980617,0.6434473680308168,0.07972010970115662,0.1426137896081494,0.0,0.488281
0204.jpg,P4,crop seedling,1.0185971904585258,0.3957106334974214,1.0,0.7458769966928864,0.6588942427836012,0.308383047580719,0.13627464249549262,1.0,1,0.3968242063476002,0.6507530406211777,0.4503270009342884,0.030107162068310562,0.0,0.970339305825093,0.16630570023148147,1,6.814072680451582,0.6588942427836012,0.07709576189517975,0.14676244702429886,0.0,0.546875
0204.jpg,P5,plant body without background,0.5904761904761905,0.0,1.0,0.9523809523809523,1.0,0.0,1.0,1.0,1,0.0,0.0,0.0,1.0,1.0,0.0,0.0,0,1.0,1.0,0.0,0.0,0.0,
0205.jpg,P1,green plant,0.9285756850721121,0.3047738782426941,1.0,0.7099822588656785,0.4295925190704523,0.2695504426956177,1.0,1.0,1,0.3857958652972235,0.6205832348794715,0.40104326480515495,0.0014008697413060544,0.0,0.9682420634687235,0.1303856819058642,1,8.169717975704799,0.4295925190704523,0.06738761067390442,0.0,0.0,0.933594
0205.jpg,P2,entire plant excluding pot,0.9513487794033477,0.36450092299578063,1.0,0.7498278857973145,0.4976568610103975,0.27404212951660156,1.0,1.0,1,0.374143219539329,0.6424017479518698,0.425897514575023,0.07525482439862381,0.0,0.952175024522576,0.15397786458333335,1,6.672787687448302,0.4976568610103975,0.06851053237915039,0.01485803591422804,0.0,0.937500
0205.jpg,P3,leaves and stems,0.925187184198909,0.30282441592436316,1.0,0.7030231783329528,0.4220563361117432,0.27065160870552063,1.0,1.0,1,0.385476076383993,0.6198710889956012,0.40042957962565207,0.0013971001335709582,0.0,0.9686300094298652,0.12961564429012346,1,8.44856416743627,0.4220563361117432,0.06766290217638016,0.0,0.0,0.609375
0205.jpg,P4,crop seedling,0.9287018252128423,0.305848264865604,1.0,0.7070620771179051,0.43169437319723586,0.2691844701766968,1.0,1.0,1,0.38594398814135394,0.6209757123354327,0.4016569499846579,0.0017972499311054192,0.0,0.9684341280604574,0.13081006462191358,1,8.286059523264361,0.43169437319723586,0.0672961175441742,0.0,0.0,0.753906
0205.jpg,P5,plant body without background,0.5904761904761905,0.0,1.0,0.9523809523809523,1.0,0.0,1.0,1.0,1,0.0,0.0,0.0,1.0,1.0,0.0,0.0,0,1.0,1.0,0.0,0.0,0.0,
0206.jpg,P1,green plant,0.9314296059101982,0.22005025199249872,1.0,0.7215806754787583,0.6183192805573844,0.2505360543727875,1.0,1.0,1,0.36933235342991233,0.6027123274929357,0.3641392775789131,0.0,0.0,0.9283796884318052,0.09691984953703704,1,7.716928514930495,0.6183192805573844,0.06263401359319687,0.0,0.0,0.333984;0.914062;0.486328
0206.jpg,P2,entire plant excluding pot,0.9830525134352083,0.2876828899046725,1.0,0.7558796192036497,0.7235938252041436,0.2837303578853607,1.0,1.0,1,0.37287517499564304,0.6310238523932887,0.41750732183534006,0.047395550944146915,0.0,0.9108417401087486,0.12363474151234567,1,6.459239661827136,0.7235938252041436,0.07093258947134018,0.0,0.0,0.937500
0206.jpg,P3,leaves and stems,0.3904761904761905,0.0,1.0,0.9523809523809523,0.0,0.0,1.0,1.0,1,0.0,0.0,0.0,1.0,1.0,0.0,0.0,0,1.0,0.0,0.0,0.0,0.0,
0206.jpg,P4,crop seedling,0.3904761904761905,0.0,1.0,0.9523809523809523,0.0,0.0,1.0,1.0,1,0.0,0.0,0.0,1.0,1.0,0.0,0.0,0,1.0,0.0,0.0,0.0,0.0,
0206.jpg,P5,plant body without background,0.5904761904761905,0.0,1.0,0.9523809523809523,1.0,0.0,1.0,1.0,1,0.0,0.0,0.0,1.0,1.0,0.0,0.0,0,1.0,1.0,0.0,0.0,0.0,
0207.jpg,P1,green plant,0.8160408491588704,0.15743487751992502,1.0,0.7235799038127766,0.20098123999280768,0.2336418330669403,1.0,1.0,1,0.3529132782803806,0.5749798820901387,0.29916897506925205,0.0,0.0,0.9781990403636668,0.07218677662037037,1,7.640347520175072,0.20098123999280768,0.05841045826673508,0.0,0.0,0.476562;0.941406
0207.jpg,P2,entire plant excluding pot,0.8968063918972639,0.23282507520706353,1.0,0.754459697835507,0.3405926421586784,0.2783571779727936,1.0,1.0,1,0.3755594732624553,0.6059112467694255,0.37488457987072943,0.0,0.0,0.9601131251642507,0.10196590470679012,1,6.509036940447083,0.3405926421586784,0.0695892944931984,0.0,0.0,0.937500
0207.jpg,P3,leaves and stems,0.5904761904761905,0.0,1.0,0.9523809523809523,1.0,0.0,1.0,1.0,1,0.0,0.0,0.0,1.0,1.0,0.0,0.0,0,1.0,1.0,0.0,0.0,0.0,
0207.jpg,P4,crop seedling,0.5904761904761905,0.0,1.0,0.9523809523809523,1.0,0.0,1.0,1.0,1,0.0,0.0,0.0,1.0,1.0,0.0,0.0,0,1.0,1.0,0.0,0.0,0.0,
0207.jpg,P5,plant body without background,0.5904761904761905,0.0,1.0,0.9523809523809523,1.0,0.0,1.0,1.0,1,0.0,0.0,0.0,1.0,1.0,0.0,0.0,0,1.0,1.0,0.0,0.0,0.0,
0208.jpg,P1,green plant,0.871488836687448,0.14127543121972186,1.0,0.7227860783322262,0.5397651370123782,0.24729444086551666,1.0,1.0,1,0.34126461920147944,0.55173452844682,0.2899968444304197,0.0,0.0,0.9595810224761689,0.06580379533179012,1,7.670704513496549,0.5397651370123782,0.061823610216379166,0.0,0.0,0.941406;0.443359
0208.jpg,P2,entire plant excluding pot,0.9519181163989439,0.21928200451242386,1.0,0.7523628087183454,0.6551484700798874,0.2932747006416321,1.0,1.0,1,0.367904519608486,0.575959197245289,0.37835279267907856,0.0,0.0,0.982152978904007,0.09661639178240741,1,6.582919527973636,0.6551484700798874,0.07331867516040802,0.0,0.0,0.957031
0208.jpg,P3,leaves and stems,0.5904761904761905,0.0,1.0,0.9523809523809523,1.0,0.0,1.0,1.0,1,0.0,0.0,0.0,1.0,1.0,0.0,0.0,0,1.0,1.0,0.0,0.0,0.0,
0208.jpg,P4,crop seedling,0.5904761904761905,0.0,1.0,0.9523809523809523,1.0,0.0,1.0,1.0,1,0.0,0.0,0.0,1.0,1.0,0.0,0.0,0,1.0,1.0,0.0,0.0,0.0,
0208.jpg,P5,plant body without background,0.5904761904761905,0.0,1.0,0.9523809523809523,1.0,0.0,1.0,1.0,1,0.0,0.0,0.0,1.0,1.0,0.0,0.0,0,1.0,1.0,0.0,0.0,0.0,
0209.jpg,P1,green plant,0.8834609380573741,0.1301668229410845,1.0,0.7238415807330733,0.6163418545767027,0.26364976167678833,1.0,1.0,1,0.33666093407184444,0.5491292095278694,0.3136427566807314,0.0,0.0,0.8801001453455851,0.0614158950617284,1,7.630355221849686,0.6163418545767027,0.06591244041919708,0.0,0.0,0.957031
0209.jpg,P2,entire plant excluding pot,0.9534378962124486,0.2033783354821066,1.0,0.7517486231825286,0.6679359219687656,0.32185760140419006,1.0,1.0,1,0.3644537998049304,0.5722623963953191,0.4092827004219409,0.0,0.0,0.904910749906194,0.0903344425154321,1,6.6046380175995285,0.6679359219687656,0.08046440035104752,0.0,0.0,0.968750
0209.jpg,P3,leaves and stems,0.5904761904761905,0.0,1.0,0.9523809523809523,1.0,0.0,1.0,1.0,1,0.0,0.0,0.0,1.0,1.0,0.0,0.0,0,1.0,1.0,0.0,0.0,0.0,
0209.jpg,P4,crop seedling,0.5904761904761905,0.0,1.0,0.9523809523809523,1.0,0.0,1.0,1.0,1,0.0,0.0,0.0,1.0,1.0,0.0,0.0,0,1.0,1.0,0.0,0.0,0.0,
0209.jpg,P5,plant body without background,0.5904761904761905,0.0,1.0,0.9523809523809523,1.0,0.0,1.0,1.0,1,0.0,0.0,0.0,1.0,1.0,0.0,0.0,0,1.0,1.0,0.0,0.0,0.0,
