method,sample,frame_id,frame,mask_path,gt_path,precision,recall,f1,miou,iou_fg,hd95_px,boundary_f1,area_ratio,component_count,temporal_iou,outside_nonblack_ratio,leakage_energy
SEEM_existing,KongQueZhuYu,0000,KongQueZhuYu_0000,/data/fj/F2DMAS/00-论文优化重构/计算机与电子农业特刊实验工作区/06-实验一四样本代表集/E1_Representative4_PottedPlant_VFM/method_masks/SEEM_existing/mask_KongQueZhuYu_0000.png,/data/fj/F2DMAS/00-论文优化重构/计算机与电子农业特刊实验工作区/06-实验一四样本代表集/E1_Representative4_PottedPlant_VFM/gt_masks/mask_KongQueZhuYu_0000.png,0.8334322268372524,0.3201554870443683,0.4626053091424211,0.5557760799708908,0.3009021117956208,306.968994140625,0.10646174871057623,0.09041823398919753,31,,0.01969699860440174,0.01506076388888889
SEEM_existing,KongQueZhuYu,0025,KongQueZhuYu_0025,/data/fj/F2DMAS/00-论文优化重构/计算机与电子农业特刊实验工作区/06-实验一四样本代表集/E1_Representative4_PottedPlant_VFM/method_masks/SEEM_existing/mask_KongQueZhuYu_0025.png,/data/fj/F2DMAS/00-论文优化重构/计算机与电子农业特刊实验工作区/06-实验一四样本代表集/E1_Representative4_PottedPlant_VFM/gt_masks/mask_KongQueZhuYu_0025.png,0.994789940624137,0.39765337237594756,0.5681833809701848,0.5757491910401797,0.3968269214218091,440.6227111816406,0.05961461600791442,0.1396990740740741,24,0.12875020993842595,0.0011188565978715963,0.0007278404706790124
SEEM_existing,KongQueZhuYu,0050,KongQueZhuYu_0050,/data/fj/F2DMAS/00-论文优化重构/计算机与电子农业特刊实验工作区/06-实验一四样本代表集/E1_Representative4_PottedPlant_VFM/method_masks/SEEM_existing/mask_KongQueZhuYu_0050.png,/data/fj/F2DMAS/00-论文优化重构/计算机与电子农业特刊实验工作区/06-实验一四样本代表集/E1_Representative4_PottedPlant_VFM/gt_masks/mask_KongQueZhuYu_0050.png,0.9934395979512772,0.34781115520648936,0.5152345650174791,0.5892703466563528,0.34701411608732974,387.1718444824219,0.08282549256317738,0.08271677276234568,18,0.1545089410318703,0.0007105242677740384,0.0005426552854938271
SEEM_existing,KongQueZhuYu,0075,KongQueZhuYu_0075,/data/fj/F2DMAS/00-论文优化重构/计算机与电子农业特刊实验工作区/06-实验一四样本代表集/E1_Representative4_PottedPlant_VFM/method_masks/SEEM_existing/mask_KongQueZhuYu_0075.png,/data/fj/F2DMAS/00-论文优化重构/计算机与电子农业特刊实验工作区/06-实验一四样本代表集/E1_Representative4_PottedPlant_VFM/gt_masks/mask_KongQueZhuYu_0075.png,0.9735587017817505,0.4389077959836823,0.6050444449277479,0.6300464785756338,0.4337374353811648,428.7955322265625,0.08038260535650908,0.12058015046296296,20,0.15956294599540224,0.004352405796624396,0.0031882957175925924
SEEM_existing,KongQueZhuYu,0100,KongQueZhuYu_0100,/data/fj/F2DMAS/00-论文优化重构/计算机与电子农业特刊实验工作区/06-实验一四样本代表集/E1_Representative4_PottedPlant_VFM/method_masks/SEEM_existing/mask_KongQueZhuYu_0100.png,/data/fj/F2DMAS/00-论文优化重构/计算机与电子农业特刊实验工作区/06-实验一四样本代表集/E1_Representative4_PottedPlant_VFM/gt_masks/mask_KongQueZhuYu_0100.png,0.9784098290081871,0.42054161883463936,0.58824350767755,0.6083890110368149,0.416674908793827,392.81195068359375,0.076698043415691,0.12770447530864198,29,0.13861628098561257,0.003922609886335394,0.0027571614583333333
SEEM_existing,DouBanLv1,0000,DouBanLv1_0000,/data/fj/F2DMAS/00-论文优化重构/计算机与电子农业特刊实验工作区/06-实验一四样本代表集/E1_Representative4_PottedPlant_VFM/method_masks/SEEM_existing/mask_DouBanLv1_0000.png,/data/fj/F2DMAS/00-论文优化重构/计算机与电子农业特刊实验工作区/06-实验一四样本代表集/E1_Representative4_PottedPlant_VFM/gt_masks/mask_DouBanLv1_0000.png,0.9655317253229809,0.4543995111987013,0.6179695646506778,0.647363537756791,0.44714613285233457,327.5644226074219,0.13876045329810044,0.1136646412037037,4,,0.005165366105813707,0.0039178240740740744
SEEM_existing,DouBanLv1,0025,DouBanLv1_0025,/data/fj/F2DMAS/00-论文优化重构/计算机与电子农业特刊实验工作区/06-实验一四样本代表集/E1_Representative4_PottedPlant_VFM/method_masks/SEEM_existing/mask_DouBanLv1_0025.png,/data/fj/F2DMAS/00-论文优化重构/计算机与电子农业特刊实验工作区/06-实验一四样本代表集/E1_Representative4_PottedPlant_VFM/gt_masks/mask_DouBanLv1_0025.png,0.886801501636636,0.5146411632510988,0.6513067823743743,0.6906216556383369,0.4829169257045719,208.60462951660156,0.16315377454870703,0.0977906780478395,3,0.14335192966856455,0.013313118925473532,0.011069757908950617
SEEM_existing,DouBanLv1,0050,DouBanLv1_0050,/data/fj/F2DMAS/00-论文优化重构/计算机与电子农业特刊实验工作区/06-实验一四样本代表集/E1_Representative4_PottedPlant_VFM/method_masks/SEEM_existing/mask_DouBanLv1_0050.png,/data/fj/F2DMAS/00-论文优化重构/计算机与电子农业特刊实验工作区/06-实验一四样本代表集/E1_Representative4_PottedPlant_VFM/gt_masks/mask_DouBanLv1_0050.png,0.7284507079651892,0.12141019754493304,0.20813133956953517,0.5070656041405458,0.11615323386454858,135.1464385986328,0.22006495225122688,0.018162012924382714,3,0.06555003196346526,0.00553503762572635,0.0049318817515432095
SEEM_existing,DouBanLv1,0075,DouBanLv1_0075,/data/fj/F2DMAS/00-论文优化重构/计算机与电子农业特刊实验工作区/06-实验一四样本代表集/E1_Representative4_PottedPlant_VFM/method_masks/SEEM_existing/mask_DouBanLv1_0075.png,/data/fj/F2DMAS/00-论文优化重构/计算机与电子农业特刊实验工作区/06-实验一四样本代表集/E1_Representative4_PottedPlant_VFM/gt_masks/mask_DouBanLv1_0075.png,0.9806766509026158,0.4741214066879126,0.6392087077735267,0.687147939436574,0.4697330967834741,299.903564453125,0.15094955728075413,0.07948808834876543,6,0.05761215312054404,0.0018382018749659125,0.0015359760802469136
SEEM_existing,DouBanLv1,0100,DouBanLv1_0100,/data/fj/F2DMAS/00-论文优化重构/计算机与电子农业特刊实验工作区/06-实验一四样本代表集/E1_Representative4_PottedPlant_VFM/method_masks/SEEM_existing/mask_DouBanLv1_0100.png,/data/fj/F2DMAS/00-论文优化重构/计算机与电子农业特刊实验工作区/06-实验一四样本代表集/E1_Representative4_PottedPlant_VFM/gt_masks/mask_DouBanLv1_0100.png,0.8338563835184765,0.4949319847828134,0.6211706916823977,0.690106405268825,0.4505058660526499,223.47036743164062,0.14670414297867265,0.0653468605324074,2,0.17468421021752778,0.012200147888791315,0.010856963734567902
SEEM_existing,ChangShouHua2,0000,ChangShouHua2_0000,/data/fj/F2DMAS/00-论文优化重构/计算机与电子农业特刊实验工作区/06-实验一四样本代表集/E1_Representative4_PottedPlant_VFM/method_masks/SEEM_existing/mask_ChangShouHua2_0000.png,/data/fj/F2DMAS/00-论文优化重构/计算机与电子农业特刊实验工作区/06-实验一四样本代表集/E1_Representative4_PottedPlant_VFM/gt_masks/mask_ChangShouHua2_0000.png,0.8617232692976606,0.13271179379463605,0.2300016261845276,0.4002599517629195,0.12994454095950822,319.13836669921875,0.18469590644452882,0.05441779996141975,7,,0.011636372721148971,0.007524715470679013
SEEM_existing,ChangShouHua2,0025,ChangShouHua2_0025,/data/fj/F2DMAS/00-论文优化重构/计算机与电子农业特刊实验工作区/06-实验一四样本代表集/E1_Representative4_PottedPlant_VFM/method_masks/SEEM_existing/mask_ChangShouHua2_0025.png,/data/fj/F2DMAS/00-论文优化重构/计算机与电子农业特刊实验工作区/06-实验一四样本代表集/E1_Representative4_PottedPlant_VFM/gt_masks/mask_ChangShouHua2_0025.png,0.9481246911094433,0.15636830188679246,0.2684610022260749,0.47144608312856606,0.15504184576334096,319.9245300292969,0.15309271378823394,0.039518952546296296,15,0.054831259273700056,0.002696094753365362,0.0020500578703703705
SEEM_existing,ChangShouHua2,0050,ChangShouHua2_0050,/data/fj/F2DMAS/00-论文优化重构/计算机与电子农业特刊实验工作区/06-实验一四样本代表集/E1_Representative4_PottedPlant_VFM/method_masks/SEEM_existing/mask_ChangShouHua2_0050.png,/data/fj/F2DMAS/00-论文优化重构/计算机与电子农业特刊实验工作区/06-实验一四样本代表集/E1_Representative4_PottedPlant_VFM/gt_masks/mask_ChangShouHua2_0050.png,0.5337208591621335,0.10164942213247331,0.17077417219872273,0.44756847731076915,0.09335871471046998,165.7996826171875,0.22243561445181093,0.037478419174382716,5,0.09065090980506008,0.02175680316628521,0.017475405092592593
SEEM_existing,ChangShouHua2,0075,ChangShouHua2_0075,/data/fj/F2DMAS/00-论文优化重构/计算机与电子农业特刊实验工作区/06-实验一四样本代表集/E1_Representative4_PottedPlant_VFM/method_masks/SEEM_existing/mask_ChangShouHua2_0075.png,/data/fj/F2DMAS/00-论文优化重构/计算机与电子农业特刊实验工作区/06-实验一四样本代表集/E1_Representative4_PottedPlant_VFM/gt_masks/mask_ChangShouHua2_0075.png,0.9817388099741488,0.18678273511852592,0.31385276697561476,0.49321407148069696,0.1861360389108297,313.154541015625,0.15377467523806188,0.04449194637345679,8,0.02589270221129109,0.0010604682488976733,0.000812475887345679
SEEM_existing,ChangShouHua2,0100,ChangShouHua2_0100,/data/fj/F2DMAS/00-论文优化重构/计算机与电子农业特刊实验工作区/06-实验一四样本代表集/E1_Representative4_PottedPlant_VFM/method_masks/SEEM_existing/mask_ChangShouHua2_0100.png,/data/fj/F2DMAS/00-论文优化重构/计算机与电子农业特刊实验工作区/06-实验一四样本代表集/E1_Representative4_PottedPlant_VFM/gt_masks/mask_ChangShouHua2_0100.png,0.7740542385968606,0.1792800126221524,0.2911307413709927,0.43390016599911607,0.17036454948259838,392.5728454589844,0.1831059255597042,0.07557183159722222,14,0.03136162390285581,0.0253448118815035,0.0170751350308642
SEEM_existing,CaoMei1,0000,CaoMei1_0000,/data/fj/F2DMAS/00-论文优化重构/计算机与电子农业特刊实验工作区/06-实验一四样本代表集/E1_Representative4_PottedPlant_VFM/method_masks/SEEM_existing/mask_CaoMei1_0000.png,/data/fj/F2DMAS/00-论文优化重构/计算机与电子农业特刊实验工作区/06-实验一四样本代表集/E1_Representative4_PottedPlant_VFM/gt_masks/mask_CaoMei1_0000.png,0.9817772321968354,0.7828948228526604,0.8711287857504585,0.8665197661127402,0.7716812819339832,279.3736267089844,0.1723671641211155,0.11766034915123456,1,,0.0025152180308207553,0.002144097222222222
SEEM_existing,CaoMei1,0025,CaoMei1_0025,/data/fj/F2DMAS/00-论文优化重构/计算机与电子农业特刊实验工作区/06-实验一四样本代表集/E1_Representative4_PottedPlant_VFM/method_masks/SEEM_existing/mask_CaoMei1_0025.png,/data/fj/F2DMAS/00-论文优化重构/计算机与电子农业特刊实验工作区/06-实验一四样本代表集/E1_Representative4_PottedPlant_VFM/gt_masks/mask_CaoMei1_0025.png,0.9914062781263896,0.8609662405613504,0.9215936076962353,0.915379638522583,0.8545884133044359,312.49383544921875,0.2878835768588556,0.1239061294367284,1,0.4136625778038672,0.0012420249957530395,0.0010648148148148149
SEEM_existing,CaoMei1,0050,CaoMei1_0050,/data/fj/F2DMAS/00-论文优化重构/计算机与电子农业特刊实验工作区/06-实验一四样本代表集/E1_Representative4_PottedPlant_VFM/method_masks/SEEM_existing/mask_CaoMei1_0050.png,/data/fj/F2DMAS/00-论文优化重构/计算机与电子农业特刊实验工作区/06-实验一四样本代表集/E1_Representative4_PottedPlant_VFM/gt_masks/mask_CaoMei1_0050.png,0.9816249167734532,0.8405017382074762,0.9055983529580623,0.9058053352007408,0.8274826298058008,219.0776824951172,0.18181093524001776,0.07206862461419752,2,0.5343321874168172,0.0014459733971962808,0.001324266975308642
SEEM_existing,CaoMei1,0075,CaoMei1_0075,/data/fj/F2DMAS/00-论文优化重构/计算机与电子农业特刊实验工作区/06-实验一四样本代表集/E1_Representative4_PottedPlant_VFM/method_masks/SEEM_existing/mask_CaoMei1_0075.png,/data/fj/F2DMAS/00-论文优化重构/计算机与电子农业特刊实验工作区/06-实验一四样本代表集/E1_Representative4_PottedPlant_VFM/gt_masks/mask_CaoMei1_0075.png,0.9876355118319882,0.8755714716579861,0.9282334021061545,0.9255275915005499,0.8660779351868666,317.3792419433594,0.28224333355201664,0.0896583236882716,1,0.08031569622292019,0.0012333082558419175,0.0011085792824074073
SEEM_existing,CaoMei1,0100,CaoMei1_0100,/data/fj/F2DMAS/00-论文优化重构/计算机与电子农业特刊实验工作区/06-实验一四样本代表集/E1_Representative4_PottedPlant_VFM/method_masks/SEEM_existing/mask_CaoMei1_0100.png,/data/fj/F2DMAS/00-论文优化重构/计算机与电子农业特刊实验工作区/06-实验一四样本代表集/E1_Representative4_PottedPlant_VFM/gt_masks/mask_CaoMei1_0100.png,0.9929265081964421,0.7636549756576368,0.863328317434963,0.862484862059171,0.7595230273413325,340.9547119140625,0.12141643191535187,0.09909601658950618,2,0.08314590261812632,0.0008046293729578931,0.0007009548611111111
CLIPSeg_potted,KongQueZhuYu,0000,KongQueZhuYu_0000,/data/fj/F2DMAS/00-论文优化重构/计算机与电子农业特刊实验工作区/06-实验一四样本代表集/E1_Representative4_PottedPlant_VFM/method_masks/CLIPSeg_potted/mask_KongQueZhuYu_0000.png,/data/fj/F2DMAS/00-论文优化重构/计算机与电子农业特刊实验工作区/06-实验一四样本代表集/E1_Representative4_PottedPlant_VFM/gt_masks/mask_KongQueZhuYu_0000.png,0.9098372853929947,0.8893576196898352,0.899480895767569,0.8790747593469916,0.8173241993785484,139.08929443359375,0.06254522572462987,0.23007957175925925,1,,0.027130518474766097,0.0207445987654321
CLIPSeg_potted,KongQueZhuYu,0025,KongQueZhuYu_0025,/data/fj/F2DMAS/00-论文优化重构/计算机与电子农业特刊实验工作区/06-实验一四样本代表集/E1_Representative4_PottedPlant_VFM/method_masks/CLIPSeg_potted/mask_KongQueZhuYu_0025.png,/data/fj/F2DMAS/00-论文优化重构/计算机与电子农业特刊实验工作区/06-实验一四样本代表集/E1_Representative4_PottedPlant_VFM/gt_masks/mask_KongQueZhuYu_0025.png,0.9039472171518054,0.952095981906453,0.9273970710837313,0.8932730321546647,0.8646229150434543,158.53005981445312,0.05072398835543902,0.3680932918595679,1,0.42933341553381726,0.054350817606729225,0.0353563850308642
CLIPSeg_potted,KongQueZhuYu,0050,KongQueZhuYu_0050,/data/fj/F2DMAS/00-论文优化重构/计算机与电子农业特刊实验工作区/06-实验一四样本代表集/E1_Representative4_PottedPlant_VFM/method_masks/CLIPSeg_potted/mask_KongQueZhuYu_0050.png,/data/fj/F2DMAS/00-论文优化重构/计算机与电子农业特刊实验工作区/06-实验一四样本代表集/E1_Representative4_PottedPlant_VFM/gt_masks/mask_KongQueZhuYu_0050.png,0.9017602767602768,0.9587725506865798,0.9293929006818153,0.9118006429741059,0.8680989517757715,162.73060607910156,0.08043342451823872,0.2511979166666667,1,0.6597623117412701,0.03231156860111016,0.024677613811728394
CLIPSeg_potted,KongQueZhuYu,0075,KongQueZhuYu_0075,/data/fj/F2DMAS/00-论文优化重构/计算机与电子农业特刊实验工作区/06-实验一四样本代表集/E1_Representative4_PottedPlant_VFM/method_masks/CLIPSeg_potted/mask_KongQueZhuYu_0075.png,/data/fj/F2DMAS/00-论文优化重构/计算机与电子农业特刊实验工作区/06-实验一四样本代表集/E1_Representative4_PottedPlant_VFM/gt_masks/mask_KongQueZhuYu_0075.png,0.9275805961469754,0.9397408100250174,0.9336211087234322,0.9138830628114898,0.8755059916891167,475.62237548828125,0.04006782630860633,0.2709699315200617,1,0.33465954859581015,0.026788403459541307,0.01962348090277778
CLIPSeg_potted,KongQueZhuYu,0100,KongQueZhuYu_0100,/data/fj/F2DMAS/00-论文优化重构/计算机与电子农业特刊实验工作区/06-实验一四样本代表集/E1_Representative4_PottedPlant_VFM/method_masks/CLIPSeg_potted/mask_KongQueZhuYu_0100.png,/data/fj/F2DMAS/00-论文优化重构/计算机与电子农业特刊实验工作区/06-实验一四样本代表集/E1_Representative4_PottedPlant_VFM/gt_masks/mask_KongQueZhuYu_0100.png,0.9334548153098373,0.9749001056261014,0.9537274099897919,0.9359901883164998,0.9115477353568888,150.7081756591797,0.11894215603333046,0.310302131558642,1,0.37547276230123444,0.02937746470997575,0.020649112654320987
CLIPSeg_potted,DouBanLv1,0000,DouBanLv1_0000,/data/fj/F2DMAS/00-论文优化重构/计算机与电子农业特刊实验工作区/06-实验一四样本代表集/E1_Representative4_PottedPlant_VFM/method_masks/CLIPSeg_potted/mask_DouBanLv1_0000.png,/data/fj/F2DMAS/00-论文优化重构/计算机与电子农业特刊实验工作区/06-实验一四样本代表集/E1_Representative4_PottedPlant_VFM/gt_masks/mask_DouBanLv1_0000.png,0.9601938570515797,0.8949501514525265,0.9264247237442373,0.9095672068218725,0.8629341083331087,318.4726257324219,0.13142967780064332,0.2251095920138889,1,,0.011814090055652942,0.008960744598765433
CLIPSeg_potted,DouBanLv1,0025,DouBanLv1_0025,/data/fj/F2DMAS/00-论文优化重构/计算机与电子农业特刊实验工作区/06-实验一四样本代表集/E1_Representative4_PottedPlant_VFM/method_masks/CLIPSeg_potted/mask_DouBanLv1_0025.png,/data/fj/F2DMAS/00-论文优化重构/计算机与电子农业特刊实验工作区/06-实验一四样本代表集/E1_Representative4_PottedPlant_VFM/gt_masks/mask_DouBanLv1_0025.png,0.8319654362314602,0.9445841611998262,0.8847052453432414,0.8719543360274076,0.7932479209189115,362.8335266113281,0.041482422199251835,0.19131751543209877,1,0.5425347671915612,0.038662954956485904,0.03214795524691358
CLIPSeg_potted,DouBanLv1,0050,DouBanLv1_0050,/data/fj/F2DMAS/00-论文优化重构/计算机与电子农业特刊实验工作区/06-实验一四样本代表集/E1_Representative4_PottedPlant_VFM/method_masks/CLIPSeg_potted/mask_DouBanLv1_0050.png,/data/fj/F2DMAS/00-论文优化重构/计算机与电子农业特刊实验工作区/06-实验一四样本代表集/E1_Representative4_PottedPlant_VFM/gt_masks/mask_DouBanLv1_0050.png,0.8886013632273376,0.9581620742494565,0.9220716720860457,0.9178524279657274,0.8554109287307367,104.55351257324219,0.07125411776123185,0.11750084394290124,1,0.4681512891144882,0.014690236389553964,0.013089433834876544
CLIPSeg_potted,DouBanLv1,0075,DouBanLv1_0075,/data/fj/F2DMAS/00-论文优化重构/计算机与电子农业特刊实验工作区/06-实验一四样本代表集/E1_Representative4_PottedPlant_VFM/method_masks/CLIPSeg_potted/mask_DouBanLv1_0075.png,/data/fj/F2DMAS/00-论文优化重构/计算机与电子农业特刊实验工作区/06-实验一四样本代表集/E1_Representative4_PottedPlant_VFM/gt_masks/mask_DouBanLv1_0075.png,0.9036963595972225,0.9497746594960527,0.9261627437197931,0.91648664875703,0.8624796153264778,285.9116516113281,0.10104792119390328,0.17279706790123456,1,0.339574880484859,0.019915344599365777,0.016640986689814816
CLIPSeg_potted,DouBanLv1,0100,DouBanLv1_0100,/data/fj/F2DMAS/00-论文优化重构/计算机与电子农业特刊实验工作区/06-实验一四样本代表集/E1_Representative4_PottedPlant_VFM/method_masks/CLIPSeg_potted/mask_DouBanLv1_0100.png,/data/fj/F2DMAS/00-论文优化重构/计算机与电子农业特刊实验工作区/06-实验一四样本代表集/E1_Representative4_PottedPlant_VFM/gt_masks/mask_DouBanLv1_0100.png,0.88851688251743,0.9064267864534625,0.8973824821941897,0.8942561398226895,0.8138656131456765,173.221435546875,0.07795483665926439,0.11231493537808641,1,0.4172727708590538,0.014070298928822354,0.012521219135802468
CLIPSeg_potted,ChangShouHua2,0000,ChangShouHua2_0000,/data/fj/F2DMAS/00-论文优化重构/计算机与电子农业特刊实验工作区/06-实验一四样本代表集/E1_Representative4_PottedPlant_VFM/method_masks/CLIPSeg_potted/mask_ChangShouHua2_0000.png,/data/fj/F2DMAS/00-论文优化重构/计算机与电子农业特刊实验工作区/06-实验一四样本代表集/E1_Representative4_PottedPlant_VFM/gt_masks/mask_ChangShouHua2_0000.png,0.9443576321881765,0.9266841977939714,0.9354374453758357,0.9057509341484393,0.8787059448151311,255.2206268310547,0.08939286838541577,0.346732494212963,1,,0.02983511301057701,0.019293016975308643
CLIPSeg_potted,ChangShouHua2,0025,ChangShouHua2_0025,/data/fj/F2DMAS/00-论文优化重构/计算机与电子农业特刊实验工作区/06-实验一四样本代表集/E1_Representative4_PottedPlant_VFM/method_masks/CLIPSeg_potted/mask_ChangShouHua2_0025.png,/data/fj/F2DMAS/00-论文优化重构/计算机与电子农业特刊实验工作区/06-实验一四样本代表集/E1_Representative4_PottedPlant_VFM/gt_masks/mask_ChangShouHua2_0025.png,0.925345232287985,0.9334379874213836,0.929373992769229,0.9121384628003979,0.868065960001385,145.5595245361328,0.11205471575556354,0.24171513310185186,1,0.5521151170648328,0.023731785821877627,0.01804518711419753
CLIPSeg_potted,ChangShouHua2,0050,ChangShouHua2_0050,/data/fj/F2DMAS/00-论文优化重构/计算机与电子农业特刊实验工作区/06-实验一四样本代表集/E1_Representative4_PottedPlant_VFM/method_masks/CLIPSeg_potted/mask_ChangShouHua2_0050.png,/data/fj/F2DMAS/00-论文优化重构/计算机与电子农业特刊实验工作区/06-实验一四样本代表集/E1_Representative4_PottedPlant_VFM/gt_masks/mask_ChangShouHua2_0050.png,0.8931418088182106,0.9622223393096958,0.9263960408887945,0.9128839105113485,0.8628843374010295,148.52162170410156,0.10061367962112006,0.21200472608024692,1,0.5824096071448094,0.028204680981875035,0.022654441550925927
CLIPSeg_potted,ChangShouHua2,0075,ChangShouHua2_0075,/data/fj/F2DMAS/00-论文优化重构/计算机与电子农业特刊实验工作区/06-实验一四样本代表集/E1_Representative4_PottedPlant_VFM/method_masks/CLIPSeg_potted/mask_ChangShouHua2_0075.png,/data/fj/F2DMAS/00-论文优化重构/计算机与电子农业特刊实验工作区/06-实验一四样本代表集/E1_Representative4_PottedPlant_VFM/gt_masks/mask_ChangShouHua2_0075.png,0.933407819382179,0.9316143035377334,0.9325101990843724,0.9166177445915463,0.8735542000349998,387.7342224121094,0.10484367452936377,0.23340241608796297,1,0.48739709283225,0.02028690394886337,0.015542775848765433
CLIPSeg_potted,ChangShouHua2,0100,ChangShouHua2_0100,/data/fj/F2DMAS/00-论文优化重构/计算机与电子农业特刊实验工作区/06-实验一四样本代表集/E1_Representative4_PottedPlant_VFM/method_masks/CLIPSeg_potted/mask_ChangShouHua2_0100.png,/data/fj/F2DMAS/00-论文优化重构/计算机与电子农业特刊实验工作区/06-实验一四样本代表集/E1_Representative4_PottedPlant_VFM/gt_masks/mask_ChangShouHua2_0100.png,0.906061877227409,0.9465457758097336,0.9258614916178877,0.8951967089800886,0.8619572656532328,260.7153625488281,0.1162850081597472,0.34086564429012345,1,0.4315228354388989,0.04752805407685368,0.03202027874228395
CLIPSeg_potted,CaoMei1,0000,CaoMei1_0000,/data/fj/F2DMAS/00-论文优化重构/计算机与电子农业特刊实验工作区/06-实验一四样本代表集/E1_Representative4_PottedPlant_VFM/method_masks/CLIPSeg_potted/mask_CaoMei1_0000.png,/data/fj/F2DMAS/00-论文优化重构/计算机与电子农业特刊实验工作区/06-实验一四样本代表集/E1_Representative4_PottedPlant_VFM/gt_masks/mask_CaoMei1_0000.png,0.924436060979799,0.8641668845600732,0.8932860507514915,0.8861173714031702,0.8071517047002608,481.0622863769531,0.12207630060811167,0.13793053144290124,1,,0.01222661288497658,0.010422574266975309
CLIPSeg_potted,CaoMei1,0025,CaoMei1_0025,/data/fj/F2DMAS/00-论文优化重构/计算机与电子农业特刊实验工作区/06-实验一四样本代表集/E1_Representative4_PottedPlant_VFM/method_masks/CLIPSeg_potted/mask_CaoMei1_0025.png,/data/fj/F2DMAS/00-论文优化重构/计算机与电子农业特刊实验工作区/06-实验一四样本代表集/E1_Representative4_PottedPlant_VFM/gt_masks/mask_CaoMei1_0025.png,0.8700515881579323,0.9028140188874393,0.8861300798241042,0.8787707802009136,0.7955417987085706,767.4594116210938,0.07863050197633673,0.14805109471450617,2,0.5020697385043551,0.02244082662163576,0.01923900462962963
CLIPSeg_potted,CaoMei1,0050,CaoMei1_0050,/data/fj/F2DMAS/00-论文优化重构/计算机与电子农业特刊实验工作区/06-实验一四样本代表集/E1_Representative4_PottedPlant_VFM/method_masks/CLIPSeg_potted/mask_CaoMei1_0050.png,/data/fj/F2DMAS/00-论文优化重构/计算机与电子农业特刊实验工作区/06-实验一四样本代表集/E1_Representative4_PottedPlant_VFM/gt_masks/mask_CaoMei1_0050.png,0.9237372679002034,0.89659276957256,0.909962631319185,0.9093232163753682,0.8347994825355757,218.0687255859375,0.0848273952422276,0.08169584297839506,1,0.5043976647890771,0.006802946763193026,0.006230348186728395
CLIPSeg_potted,CaoMei1,0075,CaoMei1_0075,/data/fj/F2DMAS/00-论文优化重构/计算机与电子农业特刊实验工作区/06-实验一四样本代表集/E1_Representative4_PottedPlant_VFM/method_masks/CLIPSeg_potted/mask_CaoMei1_0075.png,/data/fj/F2DMAS/00-论文优化重构/计算机与电子农业特刊实验工作区/06-实验一四样本代表集/E1_Representative4_PottedPlant_VFM/gt_masks/mask_CaoMei1_0075.png,0.9005922347095822,0.8768589593046613,0.8885671486729726,0.8875361593600324,0.7994789317339704,659.9759521484375,0.0806283979625088,0.09846848476080247,1,0.06470500641592432,0.010889863762023414,0.009788532021604937
CLIPSeg_potted,CaoMei1,0100,CaoMei1_0100,/data/fj/F2DMAS/00-论文优化重构/计算机与电子农业特刊实验工作区/06-实验一四样本代表集/E1_Representative4_PottedPlant_VFM/method_masks/CLIPSeg_potted/mask_CaoMei1_0100.png,/data/fj/F2DMAS/00-论文优化重构/计算机与电子农业特刊实验工作区/06-实验一四样本代表集/E1_Representative4_PottedPlant_VFM/gt_masks/mask_CaoMei1_0100.png,0.9447602187839865,0.8908696722132134,0.9170238843418984,0.9116482476139292,0.8467627965965273,551.4595947265625,0.08257955589164222,0.12149787808641975,1,0.098807114073669,0.00770418093116959,0.006711516203703704
GroundedSAM1_potted,KongQueZhuYu,0000,KongQueZhuYu_0000,/data/fj/F2DMAS/00-论文优化重构/计算机与电子农业特刊实验工作区/06-实验一四样本代表集/E1_Representative4_PottedPlant_VFM/method_masks/GroundedSAM1_potted/mask_KongQueZhuYu_0000.png,/data/fj/F2DMAS/00-论文优化重构/计算机与电子农业特刊实验工作区/06-实验一四样本代表集/E1_Representative4_PottedPlant_VFM/gt_masks/mask_KongQueZhuYu_0000.png,0.8197540001016529,0.6774191896090646,0.7418207783094868,0.7287784524515972,0.5895986561539004,425.4755859375,0.31876184403974345,0.19450882523148147,2,,0.04585197008616885,0.035059437692901235
GroundedSAM1_potted,KongQueZhuYu,0025,KongQueZhuYu_0025,/data/fj/F2DMAS/00-论文优化重构/计算机与电子农业特刊实验工作区/06-实验一四样本代表集/E1_Representative4_PottedPlant_VFM/method_masks/GroundedSAM1_potted/mask_KongQueZhuYu_0025.png,/data/fj/F2DMAS/00-论文优化重构/计算机与电子农业特刊实验工作区/06-实验一四样本代表集/E1_Representative4_PottedPlant_VFM/gt_masks/mask_KongQueZhuYu_0025.png,0.9968022006180662,0.9823383687864234,0.989517432864814,0.9840880556317049,0.9792523543183825,14.64799976348877,0.49485638946820676,0.3444073109567901,1,0.3080181765350168,0.0016930188871222514,0.001101345486111111
GroundedSAM1_potted,KongQueZhuYu,0050,KongQueZhuYu_0050,/data/fj/F2DMAS/00-论文优化重构/计算机与电子农业特刊实验工作区/06-实验一四样本代表集/E1_Representative4_PottedPlant_VFM/method_masks/GroundedSAM1_potted/mask_KongQueZhuYu_0050.png,/data/fj/F2DMAS/00-论文优化重构/计算机与电子农业特刊实验工作区/06-实验一四样本代表集/E1_Representative4_PottedPlant_VFM/gt_masks/mask_KongQueZhuYu_0050.png,0.9943074553835418,0.9627237846115692,0.9782607624768767,0.9721805796490335,0.9574466033509232,183.32627868652344,0.4346379571610979,0.22875602816358026,1,0.602761145723764,0.0017050372397750253,0.0013022038966049383
GroundedSAM1_potted,KongQueZhuYu,0075,KongQueZhuYu_0075,/data/fj/F2DMAS/00-论文优化重构/计算机与电子农业特刊实验工作区/06-实验一四样本代表集/E1_Representative4_PottedPlant_VFM/method_masks/GroundedSAM1_potted/mask_KongQueZhuYu_0075.png,/data/fj/F2DMAS/00-论文优化重构/计算机与电子农业特刊实验工作区/06-实验一四样本代表集/E1_Representative4_PottedPlant_VFM/gt_masks/mask_KongQueZhuYu_0075.png,0.9942157733482282,0.8573084811467466,0.9207004580275359,0.9009015975780418,0.8530536910493987,280.29150390625,0.30816382469819104,0.23063283661265432,2,0.24482677284714036,0.0018211143936339173,0.001334032600308642
GroundedSAM1_potted,KongQueZhuYu,0100,KongQueZhuYu_0100,/data/fj/F2DMAS/00-论文优化重构/计算机与电子农业特刊实验工作区/06-实验一四样本代表集/E1_Representative4_PottedPlant_VFM/method_masks/GroundedSAM1_potted/mask_KongQueZhuYu_0100.png,/data/fj/F2DMAS/00-论文优化重构/计算机与电子农业特刊实验工作区/06-实验一四样本代表集/E1_Representative4_PottedPlant_VFM/gt_masks/mask_KongQueZhuYu_0100.png,0.9149564413746883,0.9705829481409523,0.9419491581325388,0.9201607689362428,0.8902683319735345,300.24212646484375,0.3991414638609675,0.3151738522376543,2,0.3483704637602685,0.03813331178976773,0.02680350597993827
GroundedSAM1_potted,DouBanLv1,0000,DouBanLv1_0000,/data/fj/F2DMAS/00-论文优化重构/计算机与电子农业特刊实验工作区/06-实验一四样本代表集/E1_Representative4_PottedPlant_VFM/method_masks/GroundedSAM1_potted/mask_DouBanLv1_0000.png,/data/fj/F2DMAS/00-论文优化重构/计算机与电子农业特刊实验工作区/06-实验一四样本代表集/E1_Representative4_PottedPlant_VFM/gt_masks/mask_DouBanLv1_0000.png,0.9985228865417319,0.9435008196606745,0.9702324012762346,0.962038141848556,0.9421857926766045,319.3424072265625,0.39364798212956786,0.22821192611882715,1,,0.00044443511914866833,0.00033709490740740743
GroundedSAM1_potted,DouBanLv1,0025,DouBanLv1_0025,/data/fj/F2DMAS/00-论文优化重构/计算机与电子农业特刊实验工作区/06-实验一四样本代表集/E1_Representative4_PottedPlant_VFM/method_masks/GroundedSAM1_potted/mask_DouBanLv1_0025.png,/data/fj/F2DMAS/00-论文优化重构/计算机与电子农业特刊实验工作区/06-实验一四样本代表集/E1_Representative4_PottedPlant_VFM/gt_masks/mask_DouBanLv1_0025.png,0.9884584817616336,0.9557234223553646,0.9718153646476547,0.9670206912689356,0.9451759258342025,44.793701171875,0.41459256970191105,0.1629270351080247,1,0.4283601606114506,0.002261506212146015,0.0018804253472222221
GroundedSAM1_potted,DouBanLv1,0050,DouBanLv1_0050,/data/fj/F2DMAS/00-论文优化重构/计算机与电子农业特刊实验工作区/06-实验一四样本代表集/E1_Representative4_PottedPlant_VFM/method_masks/GroundedSAM1_potted/mask_DouBanLv1_0050.png,/data/fj/F2DMAS/00-论文优化重构/计算机与电子农业特刊实验工作区/06-实验一四样本代表集/E1_Representative4_PottedPlant_VFM/gt_masks/mask_DouBanLv1_0050.png,0.9958859189388021,0.9660262545016015,0.9807288595353225,0.9787813439017887,0.962186429695455,17.190000534057617,0.4547640352589592,0.10570324556327161,1,0.39721813922221777,0.0004880553625539625,0.0004348717206790123
GroundedSAM1_potted,DouBanLv1,0075,DouBanLv1_0075,/data/fj/F2DMAS/00-论文优化重构/计算机与电子农业特刊实验工作区/06-实验一四样本代表集/E1_Representative4_PottedPlant_VFM/method_masks/GroundedSAM1_potted/mask_DouBanLv1_0075.png,/data/fj/F2DMAS/00-论文优化重构/计算机与电子农业特刊实验工作区/06-实验一四样本代表集/E1_Representative4_PottedPlant_VFM/gt_masks/mask_DouBanLv1_0075.png,0.9888806812722206,0.965953271727063,0.977282523619988,0.9733983675517499,0.9555742873184837,26.879024505615234,0.4638655854445822,0.16060185185185186,1,0.3147237036331603,0.0021371621799054236,0.0017857831790123457
GroundedSAM1_potted,DouBanLv1,0100,DouBanLv1_0100,/data/fj/F2DMAS/00-论文优化重构/计算机与电子农业特刊实验工作区/06-实验一四样本代表集/E1_Representative4_PottedPlant_VFM/method_masks/GroundedSAM1_potted/mask_DouBanLv1_0100.png,/data/fj/F2DMAS/00-论文优化重构/计算机与电子农业特刊实验工作区/06-实验一四样本代表集/E1_Representative4_PottedPlant_VFM/gt_masks/mask_DouBanLv1_0100.png,0.9894594695550497,0.9572449182963234,0.9730856466986711,0.9705327369928604,0.9475820876107058,32.89411163330078,0.48944636141775405,0.1065112606095679,1,0.40274934802387446,0.0012615797221652459,0.0011226851851851851
GroundedSAM1_potted,ChangShouHua2,0000,ChangShouHua2_0000,/data/fj/F2DMAS/00-论文优化重构/计算机与电子农业特刊实验工作区/06-实验一四样本代表集/E1_Representative4_PottedPlant_VFM/method_masks/GroundedSAM1_potted/mask_ChangShouHua2_0000.png,/data/fj/F2DMAS/00-论文优化重构/计算机与电子农业特刊实验工作区/06-实验一四样本代表集/E1_Representative4_PottedPlant_VFM/gt_masks/mask_ChangShouHua2_0000.png,0.9864593533861254,0.8730412684374538,0.926291408601553,0.8958534785802017,0.8627028003893579,416.32855224609375,0.1439511763823965,0.312719425154321,2,,0.006548198015032032,0.004234423225308642
GroundedSAM1_potted,ChangShouHua2,0025,ChangShouHua2_0025,/data/fj/F2DMAS/00-论文优化重构/计算机与电子农业特刊实验工作区/06-实验一四样本代表集/E1_Representative4_PottedPlant_VFM/method_masks/GroundedSAM1_potted/mask_ChangShouHua2_0025.png,/data/fj/F2DMAS/00-论文优化重构/计算机与电子农业特刊实验工作区/06-实验一四样本代表集/E1_Representative4_PottedPlant_VFM/gt_masks/mask_ChangShouHua2_0025.png,0.9894786925104043,0.9595215094339623,0.9742698719509189,0.9670302672195333,0.9498306087625226,42.02000045776367,0.37626078680094105,0.23236484857253087,1,0.4870168996722157,0.0032152087396343687,0.0024447820216049383
GroundedSAM1_potted,ChangShouHua2,0050,ChangShouHua2_0050,/data/fj/F2DMAS/00-论文优化重构/计算机与电子农业特刊实验工作区/06-实验一四样本代表集/E1_Representative4_PottedPlant_VFM/method_masks/GroundedSAM1_potted/mask_ChangShouHua2_0050.png,/data/fj/F2DMAS/00-论文优化重构/计算机与电子农业特刊实验工作区/06-实验一四样本代表集/E1_Representative4_PottedPlant_VFM/gt_masks/mask_ChangShouHua2_0050.png,0.9903248724083135,0.9667566878731142,0.9783988700298738,0.9736686479039487,0.9577112253766636,29.65765380859375,0.4145688634639559,0.19210117669753085,1,0.522096986104512,0.002313953125337727,0.0018586033950617285
GroundedSAM1_potted,ChangShouHua2,0075,ChangShouHua2_0075,/data/fj/F2DMAS/00-论文优化重构/计算机与电子农业特刊实验工作区/06-实验一四样本代表集/E1_Representative4_PottedPlant_VFM/method_masks/GroundedSAM1_potted/mask_ChangShouHua2_0075.png,/data/fj/F2DMAS/00-论文优化重构/计算机与电子农业特刊实验工作区/06-实验一四样本代表集/E1_Representative4_PottedPlant_VFM/gt_masks/mask_ChangShouHua2_0075.png,0.9902105541980526,0.9597975933926565,0.9747669085850211,0.9678962469189144,0.950775893547967,78.22088623046875,0.41475273074786917,0.226669319058642,1,0.43329501254847524,0.002896263261754218,0.002218967013888889
GroundedSAM1_potted,ChangShouHua2,0100,ChangShouHua2_0100,/data/fj/F2DMAS/00-论文优化重构/计算机与电子农业特刊实验工作区/06-实验一四样本代表集/E1_Representative4_PottedPlant_VFM/method_masks/GroundedSAM1_potted/mask_ChangShouHua2_0100.png,/data/fj/F2DMAS/00-论文优化重构/计算机与电子农业特刊实验工作区/06-实验一四样本代表集/E1_Representative4_PottedPlant_VFM/gt_masks/mask_ChangShouHua2_0100.png,0.9900187840816238,0.8313715912151889,0.9037859242236729,0.872602921764638,0.8244611560781331,220.36114501953125,0.3161377610826218,0.2740004099151235,2,0.4187422362582625,0.004059378884966429,0.0027348572530864197
GroundedSAM1_potted,CaoMei1,0000,CaoMei1_0000,/data/fj/F2DMAS/00-论文优化重构/计算机与电子农业特刊实验工作区/06-实验一四样本代表集/E1_Representative4_PottedPlant_VFM/method_masks/GroundedSAM1_potted/mask_CaoMei1_0000.png,/data/fj/F2DMAS/00-论文优化重构/计算机与电子农业特刊实验工作区/06-实验一四样本代表集/E1_Representative4_PottedPlant_VFM/gt_masks/mask_CaoMei1_0000.png,0.994632206946434,0.864072100928226,0.9247667174019789,0.9181430020868044,0.8600614697933466,463.7083435058594,0.36721965232298615,0.12818202642746915,1,,0.0008071496458554909,0.0006880545910493827
GroundedSAM1_potted,CaoMei1,0025,CaoMei1_0025,/data/fj/F2DMAS/00-论文优化重构/计算机与电子农业特刊实验工作区/06-实验一四样本代表集/E1_Representative4_PottedPlant_VFM/method_masks/GroundedSAM1_potted/mask_CaoMei1_0025.png,/data/fj/F2DMAS/00-论文优化重构/计算机与电子农业特刊实验工作区/06-实验一四样本代表集/E1_Representative4_PottedPlant_VFM/gt_masks/mask_CaoMei1_0025.png,0.9952508057830501,0.9048783538048658,0.9479154679729699,0.9423483736359816,0.90098793311469,784.5144653320312,0.4445148348143424,0.12972270447530865,1,0.445494075553168,0.0007186082119902663,0.0006160783179012346
GroundedSAM1_potted,CaoMei1,0050,CaoMei1_0050,/data/fj/F2DMAS/00-论文优化重构/计算机与电子农业特刊实验工作区/06-实验一四样本代表集/E1_Representative4_PottedPlant_VFM/method_masks/GroundedSAM1_potted/mask_CaoMei1_0050.png,/data/fj/F2DMAS/00-论文优化重构/计算机与电子农业特刊实验工作区/06-实验一四样本代表集/E1_Representative4_PottedPlant_VFM/gt_masks/mask_CaoMei1_0050.png,0.9939140633136657,0.943199934682933,0.9678931447167665,0.9660313684437662,0.9377838542222982,42.020015716552734,0.4452781583548305,0.07987449363425926,1,0.5869035589524234,0.0005307870299977607,0.0004861111111111111
GroundedSAM1_potted,CaoMei1,0075,CaoMei1_0075,/data/fj/F2DMAS/00-论文优化重构/计算机与电子农业特刊实验工作区/06-实验一四样本代表集/E1_Representative4_PottedPlant_VFM/method_masks/GroundedSAM1_potted/mask_CaoMei1_0075.png,/data/fj/F2DMAS/00-论文优化重构/计算机与电子农业特刊实验工作区/06-实验一四样本代表集/E1_Representative4_PottedPlant_VFM/gt_masks/mask_CaoMei1_0075.png,0.9942389181261884,0.9132531355688729,0.9520268330601395,0.9490952035375921,0.908445810535503,640.9378051757812,0.5105073847914087,0.09289580922067901,1,0.0834727658599616,0.0005953948175837164,0.000535180362654321
GroundedSAM1_potted,CaoMei1,0100,CaoMei1_0100,/data/fj/F2DMAS/00-论文优化重构/计算机与电子农业特刊实验工作区/06-实验一四样本代表集/E1_Representative4_PottedPlant_VFM/method_masks/GroundedSAM1_potted/mask_CaoMei1_0100.png,/data/fj/F2DMAS/00-论文优化重构/计算机与电子农业特刊实验工作区/06-实验一四样本代表集/E1_Representative4_PottedPlant_VFM/gt_masks/mask_CaoMei1_0100.png,0.9957917113398239,0.9046909694183565,0.9480578568718028,0.9433934629694805,0.9012452472457562,564.3197021484375,0.4633107074306739,0.11705982349537038,1,0.07712109769546546,0.0005654825624193243,0.0004926215277777778
GroundedSAM2_potted,KongQueZhuYu,0000,KongQueZhuYu_0000,/data/fj/F2DMAS/00-论文优化重构/计算机与电子农业特刊实验工作区/06-实验一四样本代表集/E1_Representative4_PottedPlant_VFM/method_masks/GroundedSAM2_potted/mask_KongQueZhuYu_0000.png,/data/fj/F2DMAS/00-论文优化重构/计算机与电子农业特刊实验工作区/06-实验一四样本代表集/E1_Representative4_PottedPlant_VFM/gt_masks/mask_KongQueZhuYu_0000.png,0.8264820810539243,0.6635653943493808,0.7361173614804511,0.7248586574716196,0.5824254080605961,610.1002197265625,0.3155298266448704,0.18897991415895063,2,,0.042885752204756704,0.032791401427469134
GroundedSAM2_potted,KongQueZhuYu,0025,KongQueZhuYu_0025,/data/fj/F2DMAS/00-论文优化重构/计算机与电子农业特刊实验工作区/06-实验一四样本代表集/E1_Representative4_PottedPlant_VFM/method_masks/GroundedSAM2_potted/mask_KongQueZhuYu_0025.png,/data/fj/F2DMAS/00-论文优化重构/计算机与电子农业特刊实验工作区/06-实验一四样本代表集/E1_Representative4_PottedPlant_VFM/gt_masks/mask_KongQueZhuYu_0025.png,0.9952818982358658,0.8743742481577169,0.9309186217515033,0.9027281092162804,0.8707649770091881,370.41241455078125,0.1794159174427297,0.3070234133873457,2,0.32520887730982645,0.0022267785362642422,0.0014485677083333334
GroundedSAM2_potted,KongQueZhuYu,0050,KongQueZhuYu_0050,/data/fj/F2DMAS/00-论文优化重构/计算机与电子农业特刊实验工作区/06-实验一四样本代表集/E1_Representative4_PottedPlant_VFM/method_masks/GroundedSAM2_potted/mask_KongQueZhuYu_0050.png,/data/fj/F2DMAS/00-论文优化重构/计算机与电子农业特刊实验工作区/06-实验一四样本代表集/E1_Representative4_PottedPlant_VFM/gt_masks/mask_KongQueZhuYu_0050.png,0.9943515168686252,0.9312894555686475,0.9617878888569463,0.9519865613300058,0.9263886238025429,333.2623596191406,0.27794789784157703,0.22127700617283952,1,0.5253726636075216,0.0016365263461482907,0.0012498794367283952
GroundedSAM2_potted,KongQueZhuYu,0075,KongQueZhuYu_0075,/data/fj/F2DMAS/00-论文优化重构/计算机与电子农业特刊实验工作区/06-实验一四样本代表集/E1_Representative4_PottedPlant_VFM/method_masks/GroundedSAM2_potted/mask_KongQueZhuYu_0075.png,/data/fj/F2DMAS/00-论文优化重构/计算机与电子农业特刊实验工作区/06-实验一四样本代表集/E1_Representative4_PottedPlant_VFM/gt_masks/mask_KongQueZhuYu_0075.png,0.9894013593465499,0.9626153395388672,0.9758245674961845,0.9678050333355787,0.9527904463696937,232.02113342285156,0.2761168531490457,0.2602225597993827,1,0.31340304166879057,0.003765007941145006,0.0027580054012345677
GroundedSAM2_potted,KongQueZhuYu,0100,KongQueZhuYu_0100,/data/fj/F2DMAS/00-论文优化重构/计算机与电子农业特刊实验工作区/06-实验一四样本代表集/E1_Representative4_PottedPlant_VFM/method_masks/GroundedSAM2_potted/mask_KongQueZhuYu_0100.png,/data/fj/F2DMAS/00-论文优化重构/计算机与电子农业特刊实验工作区/06-实验一四样本代表集/E1_Representative4_PottedPlant_VFM/gt_masks/mask_KongQueZhuYu_0100.png,0.8812706942090002,0.9737590353330062,0.9252092162124805,0.8975057619386062,0.8608272699846573,652.7653198242188,0.27946324741714806,0.32829185956790125,3,0.3533223027949329,0.05545375534708382,0.038977864583333334
GroundedSAM2_potted,DouBanLv1,0000,DouBanLv1_0000,/data/fj/F2DMAS/00-论文优化重构/计算机与电子农业特刊实验工作区/06-实验一四样本代表集/E1_Representative4_PottedPlant_VFM/method_masks/GroundedSAM2_potted/mask_DouBanLv1_0000.png,/data/fj/F2DMAS/00-论文优化重构/计算机与电子农业特刊实验工作区/06-实验一四样本代表集/E1_Representative4_PottedPlant_VFM/gt_masks/mask_DouBanLv1_0000.png,0.9986553002604553,0.893075215098529,0.9429189727059466,0.9293527758645906,0.8920025507596687,361.4498291015625,0.2631782789482124,0.2159864486882716,1,,0.0003829199578072754,0.0002904369212962963
GroundedSAM2_potted,DouBanLv1,0025,DouBanLv1_0025,/data/fj/F2DMAS/00-论文优化重构/计算机与电子农业特刊实验工作区/06-实验一四样本代表集/E1_Representative4_PottedPlant_VFM/method_masks/GroundedSAM2_potted/mask_DouBanLv1_0025.png,/data/fj/F2DMAS/00-论文优化重构/计算机与电子农业特刊实验工作区/06-实验一四样本代表集/E1_Representative4_PottedPlant_VFM/gt_masks/mask_DouBanLv1_0025.png,0.9926300328059895,0.9360857255902506,0.9635290223112021,0.9577235927122141,0.9296247005967814,295.0267028808594,0.28655382267342133,0.1589086612654321,1,0.4011253052188767,0.0014084933862144253,0.0011711516203703704
GroundedSAM2_potted,DouBanLv1,0050,DouBanLv1_0050,/data/fj/F2DMAS/00-论文优化重构/计算机与电子农业特刊实验工作区/06-实验一四样本代表集/E1_Representative4_PottedPlant_VFM/method_masks/GroundedSAM2_potted/mask_DouBanLv1_0050.png,/data/fj/F2DMAS/00-论文优化重构/计算机与电子农业特刊实验工作区/06-实验一四样本代表集/E1_Representative4_PottedPlant_VFM/gt_masks/mask_DouBanLv1_0050.png,0.9936717651745607,0.7202706216220701,0.8351652721866012,0.8416804086875662,0.7169817762510862,254.03042602539062,0.15530357509982398,0.07898811246141975,2,0.2824258849449682,0.0005609862858743356,0.0004998553240740741
GroundedSAM2_potted,DouBanLv1,0075,DouBanLv1_0075,/data/fj/F2DMAS/00-论文优化重构/计算机与电子农业特刊实验工作区/06-实验一四样本代表集/E1_Representative4_PottedPlant_VFM/method_masks/GroundedSAM2_potted/mask_DouBanLv1_0075.png,/data/fj/F2DMAS/00-论文优化重构/计算机与电子农业特刊实验工作区/06-实验一四样本代表集/E1_Representative4_PottedPlant_VFM/gt_masks/mask_DouBanLv1_0075.png,0.9901394936110696,0.9556857229595062,0.9726075802945923,0.9680876144582106,0.9466758384040596,111.73515319824219,0.39901937228577267,0.15869273244598767,1,0.23075520805695104,0.0018726861958542054,0.0015647907021604937
GroundedSAM2_potted,DouBanLv1,0100,DouBanLv1_0100,/data/fj/F2DMAS/00-论文优化重构/计算机与电子农业特刊实验工作区/06-实验一四样本代表集/E1_Representative4_PottedPlant_VFM/method_masks/GroundedSAM2_potted/mask_DouBanLv1_0100.png,/data/fj/F2DMAS/00-论文优化重构/计算机与电子农业特刊实验工作区/06-实验一四样本代表集/E1_Representative4_PottedPlant_VFM/gt_masks/mask_DouBanLv1_0100.png,0.991256480046706,0.9408034359128231,0.9653712026168101,0.9623854536887572,0.9330604416370896,231.68380737304688,0.4066370528536658,0.1044920669367284,1,0.3957009321893022,0.001026659271323908,0.0009136284722222223
GroundedSAM2_potted,ChangShouHua2,0000,ChangShouHua2_0000,/data/fj/F2DMAS/00-论文优化重构/计算机与电子农业特刊实验工作区/06-实验一四样本代表集/E1_Representative4_PottedPlant_VFM/method_masks/GroundedSAM2_potted/mask_ChangShouHua2_0000.png,/data/fj/F2DMAS/00-论文优化重构/计算机与电子农业特刊实验工作区/06-实验一四样本代表集/E1_Representative4_PottedPlant_VFM/gt_masks/mask_ChangShouHua2_0000.png,0.9888126650555933,0.7220739685279074,0.8346501412450268,0.7902525499769599,0.7162228020834391,310.7889404296875,0.2237476258974106,0.2580280671296296,4,,0.004463968597286941,0.002886646412037037
GroundedSAM2_potted,ChangShouHua2,0025,ChangShouHua2_0025,/data/fj/F2DMAS/00-论文优化重构/计算机与电子农业特刊实验工作区/06-实验一四样本代表集/E1_Representative4_PottedPlant_VFM/method_masks/GroundedSAM2_potted/mask_ChangShouHua2_0025.png,/data/fj/F2DMAS/00-论文优化重构/计算机与电子农业特刊实验工作区/06-实验一四样本代表集/E1_Representative4_PottedPlant_VFM/gt_masks/mask_ChangShouHua2_0025.png,0.992626098589172,0.9527582389937107,0.9722836515133856,0.9645978000518616,0.9460622602191183,268.21728515625,0.35233106127835734,0.229995418595679,1,0.41559027895563083,0.002230414308138705,0.0016959635416666666
GroundedSAM2_potted,ChangShouHua2,0050,ChangShouHua2_0050,/data/fj/F2DMAS/00-论文优化重构/计算机与电子农业特刊实验工作区/06-实验一四样本代表集/E1_Representative4_PottedPlant_VFM/method_masks/GroundedSAM2_potted/mask_ChangShouHua2_0050.png,/data/fj/F2DMAS/00-论文优化重构/计算机与电子农业特刊实验工作区/06-实验一四样本代表集/E1_Representative4_PottedPlant_VFM/gt_masks/mask_ChangShouHua2_0050.png,0.9893964316233131,0.9633153372609373,0.9761817103796808,0.9710286518705205,0.9534716465572184,118.12089538574219,0.4007755337062325,0.19159698109567902,1,0.5180014516459512,0.002529347698175015,0.0020316116898148147
GroundedSAM2_potted,ChangShouHua2,0075,ChangShouHua2_0075,/data/fj/F2DMAS/00-论文优化重构/计算机与电子农业特刊实验工作区/06-实验一四样本代表集/E1_Representative4_PottedPlant_VFM/method_masks/GroundedSAM2_potted/mask_ChangShouHua2_0075.png,/data/fj/F2DMAS/00-论文优化重构/计算机与电子农业特刊实验工作区/06-实验一四样本代表集/E1_Representative4_PottedPlant_VFM/gt_masks/mask_ChangShouHua2_0075.png,0.9899863026525084,0.9103126321107823,0.9484792318041092,0.9363128224140189,0.9020071314724754,381.8460693359375,0.2889424556981609,0.2150314670138889,2,0.4014824535195805,0.002810500508282007,0.0021532600308641976
GroundedSAM2_potted,ChangShouHua2,0100,ChangShouHua2_0100,/data/fj/F2DMAS/00-论文优化重构/计算机与电子农业特刊实验工作区/06-实验一四样本代表集/E1_Representative4_PottedPlant_VFM/method_masks/GroundedSAM2_potted/mask_ChangShouHua2_0100.png,/data/fj/F2DMAS/00-论文优化重构/计算机与电子农业特刊实验工作区/06-实验一四样本代表集/E1_Representative4_PottedPlant_VFM/gt_masks/mask_ChangShouHua2_0100.png,0.9927706227486817,0.8310955740067907,0.9047673256274675,0.8738849443459502,0.826095994758206,342.3556213378906,0.2325996359330381,0.2731501977237654,3,0.3941189918429124,0.0029310777092604982,0.001974705825617284
GroundedSAM2_potted,CaoMei1,0000,CaoMei1_0000,/data/fj/F2DMAS/00-论文优化重构/计算机与电子农业特刊实验工作区/06-实验一四样本代表集/E1_Representative4_PottedPlant_VFM/method_masks/GroundedSAM2_potted/mask_CaoMei1_0000.png,/data/fj/F2DMAS/00-论文优化重构/计算机与电子农业特刊实验工作区/06-实验一四样本代表集/E1_Representative4_PottedPlant_VFM/gt_masks/mask_CaoMei1_0000.png,0.997095507587125,0.8274921558373644,0.9044111474484574,0.8980518125493052,0.8255023272116662,342.4120178222656,0.22292653671270798,0.12245225694444445,1,,0.00041722296395193593,0.0003556616512345679
GroundedSAM2_potted,CaoMei1,0025,CaoMei1_0025,/data/fj/F2DMAS/00-论文优化重构/计算机与电子农业特刊实验工作区/06-实验一四样本代表集/E1_Representative4_PottedPlant_VFM/method_masks/GroundedSAM2_potted/mask_CaoMei1_0025.png,/data/fj/F2DMAS/00-论文优化重构/计算机与电子农业特刊实验工作区/06-实验一四样本代表集/E1_Representative4_PottedPlant_VFM/gt_masks/mask_CaoMei1_0025.png,0.9976040957352904,0.8690452852381886,0.9288976759855453,0.9227830997898252,0.8672352352892566,711.1024169921875,0.38917959492848053,0.1242918113425926,1,0.40657448007587527,0.00034735074043365125,0.0002977912808641975
GroundedSAM2_potted,CaoMei1,0050,CaoMei1_0050,/data/fj/F2DMAS/00-论文优化重构/计算机与电子农业特刊实验工作区/06-实验一四样本代表集/E1_Representative4_PottedPlant_VFM/method_masks/GroundedSAM2_potted/mask_CaoMei1_0050.png,/data/fj/F2DMAS/00-论文优化重构/计算机与电子农业特刊实验工作区/06-实验一四样本代表集/E1_Representative4_PottedPlant_VFM/gt_masks/mask_CaoMei1_0050.png,0.9941434484080786,0.9210408331936751,0.9561969767943314,0.9541854059866264,0.9160703270026114,144.91275024414062,0.33140853693902106,0.07797996238425926,1,0.5781659774768504,0.0004986659894919439,0.00045669367283950616
GroundedSAM2_potted,CaoMei1,0075,CaoMei1_0075,/data/fj/F2DMAS/00-论文优化重构/计算机与电子农业特刊实验工作区/06-实验一四样本代表集/E1_Representative4_PottedPlant_VFM/method_masks/GroundedSAM2_potted/mask_CaoMei1_0075.png,/data/fj/F2DMAS/00-论文优化重构/计算机与电子农业特刊实验工作区/06-实验一四样本代表集/E1_Representative4_PottedPlant_VFM/gt_masks/mask_CaoMei1_0075.png,0.9961955467984426,0.906500978132976,0.94923412719961,0.946288917879917,0.9033735789970145,624.55224609375,0.40939779356234557,0.09202787422839506,1,0.08390522046863999,0.00038950812125774104,0.00035011574074074074
GroundedSAM2_potted,CaoMei1,0100,CaoMei1_0100,/data/fj/F2DMAS/00-论文优化重构/计算机与电子农业特刊实验工作区/06-实验一四样本代表集/E1_Representative4_PottedPlant_VFM/method_masks/GroundedSAM2_potted/mask_CaoMei1_0100.png,/data/fj/F2DMAS/00-论文优化重构/计算机与电子农业特刊实验工作区/06-实验一四样本代表集/E1_Representative4_PottedPlant_VFM/gt_masks/mask_CaoMei1_0100.png,0.9957768648980688,0.8979669939450535,0.9443460411365189,0.9395692630706982,0.8945602232697573,490.86712646484375,0.3457072896727364,0.1161915268132716,1,0.07605075159159473,0.0005632682400995227,0.0004906925154320987
SAM2_oracle_box,KongQueZhuYu,0000,KongQueZhuYu_0000,/data/fj/F2DMAS/00-论文优化重构/计算机与电子农业特刊实验工作区/06-实验一四样本代表集/E1_Representative4_PottedPlant_VFM/method_masks/SAM2_oracle_box/mask_KongQueZhuYu_0000.png,/data/fj/F2DMAS/00-论文优化重构/计算机与电子农业特刊实验工作区/06-实验一四样本代表集/E1_Representative4_PottedPlant_VFM/gt_masks/mask_KongQueZhuYu_0000.png,0.9936470115123441,0.6758344059904207,0.804490341430817,0.790491011895135,0.672926676639026,298.9161071777344,0.36532753443257976,0.16009343653549382,1,,0.0013301623457151223,0.0010170717592592592
SAM2_oracle_box,KongQueZhuYu,0025,KongQueZhuYu_0025,/data/fj/F2DMAS/00-论文优化重构/计算机与电子农业特刊实验工作区/06-实验一四样本代表集/E1_Representative4_PottedPlant_VFM/method_masks/SAM2_oracle_box/mask_KongQueZhuYu_0025.png,/data/fj/F2DMAS/00-论文优化重构/计算机与电子农业特刊实验工作区/06-实验一四样本代表集/E1_Representative4_PottedPlant_VFM/gt_masks/mask_KongQueZhuYu_0025.png,0.9864051215452486,0.94513806644535,0.965330762579464,0.948778847115257,0.9329848879880346,351.58660888671875,0.2936397347032313,0.33485761477623455,3,0.26192688652493823,0.006997996733316814,0.004552348572530864
SAM2_oracle_box,KongQueZhuYu,0050,KongQueZhuYu_0050,/data/fj/F2DMAS/00-论文优化重构/计算机与电子农业特刊实验工作区/06-实验一四样本代表集/E1_Representative4_PottedPlant_VFM/method_masks/SAM2_oracle_box/mask_KongQueZhuYu_0050.png,/data/fj/F2DMAS/00-论文优化重构/计算机与电子农业特刊实验工作区/06-实验一四样本代表集/E1_Representative4_PottedPlant_VFM/gt_masks/mask_KongQueZhuYu_0050.png,0.9930264191667926,0.8113833094939328,0.8930622015616035,0.8749947523993672,0.8067862555795672,337.5585632324219,0.13933374441048932,0.1930442226080247,2,0.5099236146337409,0.0017626558484703206,0.0013462094907407407
SAM2_oracle_box,KongQueZhuYu,0075,KongQueZhuYu_0075,/data/fj/F2DMAS/00-论文优化重构/计算机与电子农业特刊实验工作区/06-实验一四样本代表集/E1_Representative4_PottedPlant_VFM/method_masks/SAM2_oracle_box/mask_KongQueZhuYu_0075.png,/data/fj/F2DMAS/00-论文优化重构/计算机与电子农业特刊实验工作区/06-实验一四样本代表集/E1_Representative4_PottedPlant_VFM/gt_masks/mask_KongQueZhuYu_0075.png,0.9883738621562348,0.9604760080236201,0.9742252557105372,0.9657268318585467,0.949745800561084,182.0832061767578,0.19136787877314163,0.25991415895061726,2,0.3256106971366311,0.004125116236967059,0.003021797839506173
SAM2_oracle_box,KongQueZhuYu,0100,KongQueZhuYu_0100,/data/fj/F2DMAS/00-论文优化重构/计算机与电子农业特刊实验工作区/06-实验一四样本代表集/E1_Representative4_PottedPlant_VFM/method_masks/SAM2_oracle_box/mask_KongQueZhuYu_0100.png,/data/fj/F2DMAS/00-论文优化重构/计算机与电子农业特刊实验工作区/06-实验一四样本代表集/E1_Representative4_PottedPlant_VFM/gt_masks/mask_KongQueZhuYu_0100.png,0.9949845999908133,0.9756869247222293,0.9852412767291345,0.9793407798824876,0.9709118573067423,51.17323303222656,0.531239508006013,0.2913480179398148,1,0.3363048877359742,0.0020788854703915768,0.0014612268518518518
SAM2_oracle_box,DouBanLv1,0000,DouBanLv1_0000,/data/fj/F2DMAS/00-论文优化重构/计算机与电子农业特刊实验工作区/06-实验一四样本代表集/E1_Representative4_PottedPlant_VFM/method_masks/SAM2_oracle_box/mask_DouBanLv1_0000.png,/data/fj/F2DMAS/00-论文优化重构/计算机与电子农业特刊实验工作区/06-实验一四样本代表集/E1_Representative4_PottedPlant_VFM/gt_masks/mask_DouBanLv1_0000.png,0.7231563968733767,0.9229114626699972,0.8109135040917635,0.7740973889779894,0.6819634289702193,380.7311096191406,0.21724286966669204,0.3082349537037037,1,,0.11250518984500722,0.08533287519290124
SAM2_oracle_box,DouBanLv1,0025,DouBanLv1_0025,/data/fj/F2DMAS/00-论文优化重构/计算机与电子农业特刊实验工作区/06-实验一四样本代表集/E1_Representative4_PottedPlant_VFM/method_masks/SAM2_oracle_box/mask_DouBanLv1_0025.png,/data/fj/F2DMAS/00-论文优化重构/计算机与电子农业特刊实验工作区/06-实验一四样本代表集/E1_Representative4_PottedPlant_VFM/gt_masks/mask_DouBanLv1_0025.png,0.8732392071822233,0.9588400400953302,0.9140398458981832,0.9027210325765413,0.8416881986376135,241.41693115234375,0.23299139324808507,0.18502580054012346,3,0.3949433880949978,0.028207131755610012,0.023454017168209877
SAM2_oracle_box,DouBanLv1,0050,DouBanLv1_0050,/data/fj/F2DMAS/00-论文优化重构/计算机与电子农业特刊实验工作区/06-实验一四样本代表集/E1_Representative4_PottedPlant_VFM/method_masks/SAM2_oracle_box/mask_DouBanLv1_0050.png,/data/fj/F2DMAS/00-论文优化重构/计算机与电子农业特刊实验工作区/06-实验一四样本代表集/E1_Representative4_PottedPlant_VFM/gt_masks/mask_DouBanLv1_0050.png,0.9927926530032585,0.8353124706116646,0.9072695799302898,0.9049037063267301,0.8302775902151703,270.2070617675781,0.19441955116302467,0.09168523341049382,1,0.30783406251887546,0.0007416222462318459,0.0006608072916666666
SAM2_oracle_box,DouBanLv1,0075,DouBanLv1_0075,/data/fj/F2DMAS/00-论文优化重构/计算机与电子农业特刊实验工作区/06-实验一四样本代表集/E1_Representative4_PottedPlant_VFM/method_masks/SAM2_oracle_box/mask_DouBanLv1_0075.png,/data/fj/F2DMAS/00-论文优化重构/计算机与电子农业特刊实验工作区/06-实验一四样本代表集/E1_Representative4_PottedPlant_VFM/gt_masks/mask_DouBanLv1_0075.png,0.9891422746380125,0.9548835019659547,0.9717110241191316,0.9670675280070491,0.9449785487457257,124.96647644042969,0.39309774387532814,0.15871937692901233,1,0.26697504976200254,0.0020624221036705456,0.0017233314043209878
SAM2_oracle_box,DouBanLv1,0100,DouBanLv1_0100,/data/fj/F2DMAS/00-论文优化重构/计算机与电子农业特刊实验工作区/06-实验一四样本代表集/E1_Representative4_PottedPlant_VFM/method_masks/SAM2_oracle_box/mask_DouBanLv1_0100.png,/data/fj/F2DMAS/00-论文优化重构/计算机与电子农业特刊实验工作区/06-实验一四样本代表集/E1_Representative4_PottedPlant_VFM/gt_masks/mask_DouBanLv1_0100.png,0.9889380781083604,0.957952337879362,0.9731986311732927,0.97065126304775,0.9477963905378656,82.12999725341797,0.4870261371413773,0.10664617091049383,1,0.40793543979592095,0.0013256612522967064,0.001179711612654321
SAM2_oracle_box,ChangShouHua2,0000,ChangShouHua2_0000,/data/fj/F2DMAS/00-论文优化重构/计算机与电子农业特刊实验工作区/06-实验一四样本代表集/E1_Representative4_PottedPlant_VFM/method_masks/SAM2_oracle_box/mask_ChangShouHua2_0000.png,/data/fj/F2DMAS/00-论文优化重构/计算机与电子农业特刊实验工作区/06-实验一四样本代表集/E1_Representative4_PottedPlant_VFM/gt_masks/mask_ChangShouHua2_0000.png,0.9910138037889992,0.9602475376067929,0.9753881190942967,0.9630211093630342,0.9519586267456752,259.7603759765625,0.4225525161986672,0.3423755787037037,2,,0.0047578003856728664,0.00307665412808642
SAM2_oracle_box,ChangShouHua2,0025,ChangShouHua2_0025,/data/fj/F2DMAS/00-论文优化重构/计算机与电子农业特刊实验工作区/06-实验一四样本代表集/E1_Representative4_PottedPlant_VFM/method_masks/SAM2_oracle_box/mask_ChangShouHua2_0025.png,/data/fj/F2DMAS/00-论文优化重构/计算机与电子农业特刊实验工作区/06-实验一四样本代表集/E1_Representative4_PottedPlant_VFM/gt_masks/mask_ChangShouHua2_0025.png,0.9917163886783618,0.8993328301886793,0.9432679992421872,0.9297925367941872,0.8926274576389687,308.3382873535156,0.19654499526518915,0.2172976948302469,1,0.49315429799952265,0.002367248569027573,0.0018000096450617284
SAM2_oracle_box,ChangShouHua2,0050,ChangShouHua2_0050,/data/fj/F2DMAS/00-论文优化重构/计算机与电子农业特刊实验工作区/06-实验一四样本代表集/E1_Representative4_PottedPlant_VFM/method_masks/SAM2_oracle_box/mask_ChangShouHua2_0050.png,/data/fj/F2DMAS/00-论文优化重构/计算机与电子农业特刊实验工作区/06-实验一四样本代表集/E1_Representative4_PottedPlant_VFM/gt_masks/mask_ChangShouHua2_0050.png,0.9886455829492405,0.962358351386588,0.975324874100323,0.9700086514732933,0.9518381479632152,159.804443359375,0.3803159032136021,0.19155201099537036,1,0.5002623452693795,0.00270781748709734,0.0021749614197530865
SAM2_oracle_box,ChangShouHua2,0075,ChangShouHua2_0075,/data/fj/F2DMAS/00-论文优化重构/计算机与电子农业特刊实验工作区/06-实验一四样本代表集/E1_Representative4_PottedPlant_VFM/method_masks/SAM2_oracle_box/mask_ChangShouHua2_0075.png,/data/fj/F2DMAS/00-论文优化重构/计算机与电子农业特刊实验工作区/06-实验一四样本代表集/E1_Representative4_PottedPlant_VFM/gt_masks/mask_ChangShouHua2_0075.png,0.987187479422735,0.8270279327304786,0.9000382367553686,0.8824921786301281,0.8182450216273566,360.98529052734375,0.14947593596418768,0.19591206114969137,2,0.36061032635271156,0.0032762945454888792,0.002510127314814815
SAM2_oracle_box,ChangShouHua2,0100,ChangShouHua2_0100,/data/fj/F2DMAS/00-论文优化重构/计算机与电子农业特刊实验工作区/06-实验一四样本代表集/E1_Representative4_PottedPlant_VFM/method_masks/SAM2_oracle_box/mask_ChangShouHua2_0100.png,/data/fj/F2DMAS/00-论文优化重构/计算机与电子农业特刊实验工作区/06-实验一四样本代表集/E1_Representative4_PottedPlant_VFM/gt_masks/mask_ChangShouHua2_0100.png,0.0017064505162679394,0.0005675534566259464,0.0008518031635947313,0.28295426337611845,0.00042608305124286705,648.140380859375,0.00019294720255415922,0.10852068865740741,9,0.16140434474444695,0.16080358665558825,0.10833550347222222
SAM2_oracle_box,CaoMei1,0000,CaoMei1_0000,/data/fj/F2DMAS/00-论文优化重构/计算机与电子农业特刊实验工作区/06-实验一四样本代表集/E1_Representative4_PottedPlant_VFM/method_masks/SAM2_oracle_box/mask_CaoMei1_0000.png,/data/fj/F2DMAS/00-论文优化重构/计算机与电子农业特刊实验工作区/06-实验一四样本代表集/E1_Representative4_PottedPlant_VFM/gt_masks/mask_CaoMei1_0000.png,0.9957430019886706,0.8640794548306968,0.9252507594529139,0.9186444144249983,0.8608991981998777,99.43862915039062,0.3595224214761837,0.1280401234567901,2,,0.0006394118711954923,0.000545066550925926
SAM2_oracle_box,CaoMei1,0025,CaoMei1_0025,/data/fj/F2DMAS/00-论文优化重构/计算机与电子农业特刊实验工作区/06-实验一四样本代表集/E1_Representative4_PottedPlant_VFM/method_masks/SAM2_oracle_box/mask_CaoMei1_0025.png,/data/fj/F2DMAS/00-论文优化重构/计算机与电子农业特刊实验工作区/06-实验一四样本代表集/E1_Representative4_PottedPlant_VFM/gt_masks/mask_CaoMei1_0025.png,0.9947555291571771,0.8887363194505472,0.9387620853148251,0.9328228462204269,0.8845915438229671,253.0749969482422,0.2265251954886732,0.12747202932098767,2,0.42848669328638483,0.0007797813180990267,0.0006685233410493827
SAM2_oracle_box,CaoMei1,0050,CaoMei1_0050,/data/fj/F2DMAS/00-论文优化重构/计算机与电子农业特刊实验工作区/06-实验一四样本代表集/E1_Representative4_PottedPlant_VFM/method_masks/SAM2_oracle_box/mask_CaoMei1_0050.png,/data/fj/F2DMAS/00-论文优化重构/计算机与电子农业特刊实验工作区/06-实验一四样本代表集/E1_Representative4_PottedPlant_VFM/gt_masks/mask_CaoMei1_0050.png,0.9922172738334624,0.9379115440754126,0.9643004412189188,0.9623579038792787,0.9310619407367593,71.625,0.41037004801827964,0.07956247588734568,1,0.5700504690328597,0.000676121573925719,0.000619212962962963
SAM2_oracle_box,CaoMei1,0075,CaoMei1_0075,/data/fj/F2DMAS/00-论文优化重构/计算机与电子农业特刊实验工作区/06-实验一四样本代表集/E1_Representative4_PottedPlant_VFM/method_masks/SAM2_oracle_box/mask_CaoMei1_0075.png,/data/fj/F2DMAS/00-论文优化重构/计算机与电子农业特刊实验工作区/06-实验一四样本代表集/E1_Representative4_PottedPlant_VFM/gt_masks/mask_CaoMei1_0075.png,0.9934282027977805,0.9316701695072857,0.9615585732231421,0.958822885324695,0.9259632256849124,212.9968719482422,0.3481467585583211,0.09484652295524691,2,0.08088855016587465,0.0006934424886027965,0.0006233121141975309
SAM2_oracle_box,CaoMei1,0100,CaoMei1_0100,/data/fj/F2DMAS/00-论文优化重构/计算机与电子农业特刊实验工作区/06-实验一四样本代表集/E1_Representative4_PottedPlant_VFM/method_masks/SAM2_oracle_box/mask_CaoMei1_0100.png,/data/fj/F2DMAS/00-论文优化重构/计算机与电子农业特刊实验工作区/06-实验一四样本代表集/E1_Representative4_PottedPlant_VFM/gt_masks/mask_CaoMei1_0100.png,0.9940578517419074,0.9030413216644693,0.9463662509916286,0.9416338964731295,0.8981928036021078,308.94732666015625,0.41492891045829816,0.11705017843364197,1,0.07682759237599722,0.0007984015914334513,0.0006955295138888889
SAM3_P2,KongQueZhuYu,0000,KongQueZhuYu_0000,/data/fj/F2DMAS/00-论文优化重构/计算机与电子农业特刊实验工作区/06-实验一四样本代表集/E1_Representative4_PottedPlant_VFM/method_masks/SAM3_P2/mask_KongQueZhuYu_0000.png,/data/fj/F2DMAS/00-论文优化重构/计算机与电子农业特刊实验工作区/06-实验一四样本代表集/E1_Representative4_PottedPlant_VFM/gt_masks/mask_KongQueZhuYu_0000.png,0.9964365609702595,0.9516113418056596,0.9735082299135822,0.9663372612965784,0.9483838626700583,15.062299728393555,0.337270442384181,0.22478913483796295,1,,0.001047605337236993,0.0008010223765432099
SAM3_P2,KongQueZhuYu,0025,KongQueZhuYu_0025,/data/fj/F2DMAS/00-论文优化重构/计算机与电子农业特刊实验工作区/06-实验一四样本代表集/E1_Representative4_PottedPlant_VFM/method_masks/SAM3_P2/mask_KongQueZhuYu_0025.png,/data/fj/F2DMAS/00-论文优化重构/计算机与电子农业特刊实验工作区/06-实验一四样本代表集/E1_Representative4_PottedPlant_VFM/gt_masks/mask_KongQueZhuYu_0025.png,0.9375929788683491,0.9818809243964477,0.9592260246237624,0.9386173051469358,0.9216468198842158,163.96652221679688,0.36821448211326746,0.3659862075617284,1,0.39331968863239836,0.035110450254064035,0.02284010898919753
SAM3_P2,KongQueZhuYu,0050,KongQueZhuYu_0050,/data/fj/F2DMAS/00-论文优化重构/计算机与电子农业特刊实验工作区/06-实验一四样本代表集/E1_Representative4_PottedPlant_VFM/method_masks/SAM3_P2/mask_KongQueZhuYu_0050.png,/data/fj/F2DMAS/00-论文优化重构/计算机与电子农业特刊实验工作区/06-实验一四样本代表集/E1_Representative4_PottedPlant_VFM/gt_masks/mask_KongQueZhuYu_0050.png,0.9950029742314279,0.9611285944721508,0.9777724826070513,0.9715771330632752,0.9565116042862222,51.53911209106445,0.3597706956786603,0.22821735146604938,1,0.5698032077283607,0.0014931901908186247,0.0011404079861111111
SAM3_P2,KongQueZhuYu,0075,KongQueZhuYu_0075,/data/fj/F2DMAS/00-论文优化重构/计算机与电子农业特刊实验工作区/06-实验一四样本代表集/E1_Representative4_PottedPlant_VFM/method_masks/SAM3_P2/mask_KongQueZhuYu_0075.png,/data/fj/F2DMAS/00-论文优化重构/计算机与电子农业特刊实验工作区/06-实验一四样本代表集/E1_Representative4_PottedPlant_VFM/gt_masks/mask_KongQueZhuYu_0075.png,0.9958641395850527,0.9497135387319976,0.9722414752617157,0.9632693536964446,0.9459823994252874,290.3199462890625,0.2892765636357258,0.2550687210648148,1,0.30742852073422194,0.0014401040166558317,0.0010549286265432098
SAM3_P2,KongQueZhuYu,0100,KongQueZhuYu_0100,/data/fj/F2DMAS/00-论文优化重构/计算机与电子农业特刊实验工作区/06-实验一四样本代表集/E1_Representative4_PottedPlant_VFM/method_masks/SAM3_P2/mask_KongQueZhuYu_0100.png,/data/fj/F2DMAS/00-论文优化重构/计算机与电子农业特刊实验工作区/06-实验一四样本代表集/E1_Representative4_PottedPlant_VFM/gt_masks/mask_KongQueZhuYu_0100.png,0.9979848778002796,0.9682476495859157,0.9828913913218098,0.9761494804712809,0.9663583445617983,50.249820709228516,0.3849119595815051,0.2882573784722222,1,0.3364451863597636,0.0008264084320418,0.0005808738425925926
SAM3_P2,DouBanLv1,0000,DouBanLv1_0000,/data/fj/F2DMAS/00-论文优化重构/计算机与电子农业特刊实验工作区/06-实验一四样本代表集/E1_Representative4_PottedPlant_VFM/method_masks/SAM3_P2/mask_DouBanLv1_0000.png,/data/fj/F2DMAS/00-论文优化重构/计算机与电子农业特刊实验工作区/06-实验一四样本代表集/E1_Representative4_PottedPlant_VFM/gt_masks/mask_DouBanLv1_0000.png,0.9983167195132312,0.94441632372703,0.9706187985410338,0.9625125221783853,0.9429148280203223,324.86517333984375,0.40201921302657495,0.22848054108796295,1,,0.0005070629578269857,0.0003845968364197531
SAM3_P2,DouBanLv1,0025,DouBanLv1_0025,/data/fj/F2DMAS/00-论文优化重构/计算机与电子农业特刊实验工作区/06-实验一四样本代表集/E1_Representative4_PottedPlant_VFM/method_masks/SAM3_P2/mask_DouBanLv1_0025.png,/data/fj/F2DMAS/00-论文优化重构/计算机与电子农业特刊实验工作区/06-实验一四样本代表集/E1_Representative4_PottedPlant_VFM/gt_masks/mask_DouBanLv1_0025.png,0.9862022150295173,0.9594188609749519,0.9726261886283356,0.9679280272193285,0.946711097618661,85.83901977539062,0.44188551602784204,0.1639312065972222,1,0.427873903207169,0.0027202742864699233,0.002261887538580247
SAM3_P2,DouBanLv1,0050,DouBanLv1_0050,/data/fj/F2DMAS/00-论文优化重构/计算机与电子农业特刊实验工作区/06-实验一四样本代表集/E1_Representative4_PottedPlant_VFM/method_masks/SAM3_P2/mask_DouBanLv1_0050.png,/data/fj/F2DMAS/00-论文优化重构/计算机与电子农业特刊实验工作区/06-实验一四样本代表集/E1_Representative4_PottedPlant_VFM/gt_masks/mask_DouBanLv1_0050.png,0.9929172498693064,0.9771420984792747,0.9849665148076483,0.9833703080958396,0.9703783463074565,12.035799980163574,0.4741384410622744,0.10723922164351851,1,0.4034677420864483,0.0008524393634848804,0.0007595486111111111
SAM3_P2,DouBanLv1,0075,DouBanLv1_0075,/data/fj/F2DMAS/00-论文优化重构/计算机与电子农业特刊实验工作区/06-实验一四样本代表集/E1_Representative4_PottedPlant_VFM/method_masks/SAM3_P2/mask_DouBanLv1_0075.png,/data/fj/F2DMAS/00-论文优化重构/计算机与电子农业特刊实验工作区/06-实验一四样本代表集/E1_Representative4_PottedPlant_VFM/gt_masks/mask_DouBanLv1_0075.png,0.9895071549333211,0.9609309576641436,0.975009718959318,0.970809775971123,0.951238013661341,38.20000076293945,0.39152345312862835,0.15966567804783952,1,0.317914711805723,0.0020049963308105432,0.0016753472222222222
SAM3_P2,DouBanLv1,0100,DouBanLv1_0100,/data/fj/F2DMAS/00-论文优化重构/计算机与电子农业特刊实验工作区/06-实验一四样本代表集/E1_Representative4_PottedPlant_VFM/method_masks/SAM3_P2/mask_DouBanLv1_0100.png,/data/fj/F2DMAS/00-论文优化重构/计算机与电子农业特刊实验工作区/06-实验一四样本代表集/E1_Representative4_PottedPlant_VFM/gt_masks/mask_DouBanLv1_0100.png,0.9861717514429771,0.9587090359163274,0.972246499856185,0.9696274106113221,0.9459919131582986,35.3841438293457,0.4369053408143908,0.10702980324074074,1,0.40457843198260723,0.0016631392471327918,0.0014800347222222222
SAM3_P2,ChangShouHua2,0000,ChangShouHua2_0000,/data/fj/F2DMAS/00-论文优化重构/计算机与电子农业特刊实验工作区/06-实验一四样本代表集/E1_Representative4_PottedPlant_VFM/method_masks/SAM3_P2/mask_ChangShouHua2_0000.png,/data/fj/F2DMAS/00-论文优化重构/计算机与电子农业特刊实验工作区/06-实验一四样本代表集/E1_Representative4_PottedPlant_VFM/gt_masks/mask_ChangShouHua2_0000.png,0.9940711068311904,0.9524049342378003,0.9727920684904032,0.9593262840270859,0.9470254645140606,90.40379333496094,0.4046689954134322,0.3385349151234568,1,,0.003103877927061479,0.0020071373456790123
SAM3_P2,ChangShouHua2,0025,ChangShouHua2_0025,/data/fj/F2DMAS/00-论文优化重构/计算机与电子农业特刊实验工作区/06-实验一四样本代表集/E1_Representative4_PottedPlant_VFM/method_masks/SAM3_P2/mask_ChangShouHua2_0025.png,/data/fj/F2DMAS/00-论文优化重构/计算机与电子农业特刊实验工作区/06-实验一四样本代表集/E1_Representative4_PottedPlant_VFM/gt_masks/mask_ChangShouHua2_0025.png,0.9910513594573629,0.966119748427673,0.9784267570887243,0.9722403622115339,0.9577646672698742,25.78499984741211,0.43696814199310613,0.2335914592978395,1,0.5395547356902155,0.0027490526249028843,0.0020903260030864196
SAM3_P2,ChangShouHua2,0050,ChangShouHua2_0050,/data/fj/F2DMAS/00-论文优化重构/计算机与电子农业特刊实验工作区/06-实验一四样本代表集/E1_Representative4_PottedPlant_VFM/method_masks/SAM3_P2/mask_ChangShouHua2_0050.png,/data/fj/F2DMAS/00-论文优化重构/计算机与电子农业特刊实验工作区/06-实验一四样本代表集/E1_Representative4_PottedPlant_VFM/gt_masks/mask_ChangShouHua2_0050.png,0.9895492463327462,0.9806268563810495,0.9850678478222137,0.9816629208192198,0.9705750731302665,15.153599739074707,0.4459268215207061,0.1950100067515432,1,0.5179358076098499,0.002537303037798971,0.0020380015432098766
SAM3_P2,ChangShouHua2,0075,ChangShouHua2_0075,/data/fj/F2DMAS/00-论文优化重构/计算机与电子农业特刊实验工作区/06-实验一四样本代表集/E1_Representative4_PottedPlant_VFM/method_masks/SAM3_P2/mask_ChangShouHua2_0075.png,/data/fj/F2DMAS/00-论文优化重构/计算机与电子农业特刊实验工作区/06-实验一四样本代表集/E1_Representative4_PottedPlant_VFM/gt_masks/mask_ChangShouHua2_0075.png,0.9900273503637412,0.9601605436004248,0.9748652443660433,0.9680161206771375,0.9509630212109762,59.71416473388672,0.45478296729401774,0.2267969955632716,1,0.43635080493689704,0.002952127073648961,0.002261766975308642
SAM3_P2,ChangShouHua2,0100,ChangShouHua2_0100,/data/fj/F2DMAS/00-论文优化重构/计算机与电子农业特刊实验工作区/06-实验一四样本代表集/E1_Representative4_PottedPlant_VFM/method_masks/SAM3_P2/mask_ChangShouHua2_0100.png,/data/fj/F2DMAS/00-论文优化重构/计算机与电子农业特刊实验工作区/06-实验一四样本代表集/E1_Representative4_PottedPlant_VFM/gt_masks/mask_ChangShouHua2_0100.png,0.9937213225903092,0.9314793746418151,0.9615942041423995,0.9455755443934057,0.9260293114487447,114.66808319091797,0.4187265812073579,0.3058497299382716,1,0.4303421339495027,0.0028503697266683693,0.0019203317901234568
SAM3_P2,CaoMei1,0000,CaoMei1_0000,/data/fj/F2DMAS/00-论文优化重构/计算机与电子农业特刊实验工作区/06-实验一四样本代表集/E1_Representative4_PottedPlant_VFM/method_masks/SAM3_P2/mask_CaoMei1_0000.png,/data/fj/F2DMAS/00-论文优化重构/计算机与电子农业特刊实验工作区/06-实验一四样本代表集/E1_Representative4_PottedPlant_VFM/gt_masks/mask_CaoMei1_0000.png,0.9955725604477661,0.8617245718394562,0.9238256210846189,0.917206242818092,0.85843487745517,461.6532287597656,0.3304910048499647,0.12771303530092593,1,,0.0006633137969269761,0.0005654417438271605
SAM3_P2,CaoMei1,0025,CaoMei1_0025,/data/fj/F2DMAS/00-论文优化重构/计算机与电子农业特刊实验工作区/06-实验一四样本代表集/E1_Representative4_PottedPlant_VFM/method_masks/SAM3_P2/mask_CaoMei1_0025.png,/data/fj/F2DMAS/00-论文优化重构/计算机与电子农业特刊实验工作区/06-实验一四样本代表集/E1_Representative4_PottedPlant_VFM/gt_masks/mask_CaoMei1_0025.png,0.9972596859278119,0.9108558835657646,0.9521015046393414,0.9467762795538324,0.9085818033469488,800.2007446289062,0.4362851262299264,0.13031659915123456,1,0.44822179802180656,0.0004165396328601113,0.00035710841049382716
SAM3_P2,CaoMei1,0050,CaoMei1_0050,/data/fj/F2DMAS/00-论文优化重构/计算机与电子农业特刊实验工作区/06-实验一四样本代表集/E1_Representative4_PottedPlant_VFM/method_masks/SAM3_P2/mask_CaoMei1_0050.png,/data/fj/F2DMAS/00-论文优化重构/计算机与电子农业特刊实验工作区/06-实验一四样本代表集/E1_Representative4_PottedPlant_VFM/gt_masks/mask_CaoMei1_0050.png,0.9948232865850337,0.9416873289187018,0.9675263083922686,0.9656583836010058,0.937095362580785,43.81765365600586,0.4469561215689013,0.07967351466049383,1,0.5834190918446384,0.0004503527851245882,0.0004124469521604938
SAM3_P2,CaoMei1,0075,CaoMei1_0075,/data/fj/F2DMAS/00-论文优化重构/计算机与电子农业特刊实验工作区/06-实验一四样本代表集/E1_Representative4_PottedPlant_VFM/method_masks/SAM3_P2/mask_CaoMei1_0075.png,/data/fj/F2DMAS/00-论文优化重构/计算机与电子农业特刊实验工作区/06-实验一四样本代表集/E1_Representative4_PottedPlant_VFM/gt_masks/mask_CaoMei1_0075.png,0.9946078845866153,0.9114578055726757,0.9512191784060047,0.9482809125608038,0.9069761372641129,641.1022338867188,0.4606173501351889,0.09267879533179012,1,0.08222037170218403,0.000555961144150598,0.0004997347608024691
SAM3_P2,CaoMei1,0100,CaoMei1_0100,/data/fj/F2DMAS/00-论文优化重构/计算机与电子农业特刊实验工作区/06-实验一四样本代表集/E1_Representative4_PottedPlant_VFM/method_masks/SAM3_P2/mask_CaoMei1_0100.png,/data/fj/F2DMAS/00-论文优化重构/计算机与电子农业特刊实验工作区/06-实验一四样本代表集/E1_Representative4_PottedPlant_VFM/gt_masks/mask_CaoMei1_0100.png,0.997376459383416,0.8985527452178461,0.9453890508354771,0.9406534034466778,0.8964339423788715,554.2691040039062,0.3800799602133354,0.11608084972993828,1,0.07636801261155081,0.00034958613623867186,0.00030454282407407405
RAP-FSAM3-v2,KongQueZhuYu,0000,KongQueZhuYu_0000,/data/fj/F2DMAS/00-论文优化重构/计算机与电子农业特刊实验工作区/06-实验一四样本代表集/E1_Representative4_PottedPlant_VFM/method_masks/RAP-FSAM3-v2/mask_KongQueZhuYu_0000.png,/data/fj/F2DMAS/00-论文优化重构/计算机与电子农业特刊实验工作区/06-实验一四样本代表集/E1_Representative4_PottedPlant_VFM/gt_masks/mask_KongQueZhuYu_0000.png,0.9926868667039237,0.9635161707857894,0.9778840235554409,0.9717290097321665,0.9567251134817603,11.90939998626709,0.47116679370536907,0.22846100983796297,1,,0.0021850865086439266,0.0016707658179012346
RAP-FSAM3-v2,KongQueZhuYu,0025,KongQueZhuYu_0025,/data/fj/F2DMAS/00-论文优化重构/计算机与电子农业特刊实验工作区/06-实验一四样本代表集/E1_Representative4_PottedPlant_VFM/method_masks/RAP-FSAM3-v2/mask_KongQueZhuYu_0025.png,/data/fj/F2DMAS/00-论文优化重构/计算机与电子农业特刊实验工作区/06-实验一四样本代表集/E1_Representative4_PottedPlant_VFM/gt_masks/mask_KongQueZhuYu_0025.png,0.9951649155820396,0.9851872192935278,0.9901509319021705,0.9850238866962007,0.9804939799243834,12.288599967956543,0.4958200175587316,0.3459743923611111,1,0.3959305110592537,0.0025714983096684443,0.0016728153935185186
RAP-FSAM3-v2,KongQueZhuYu,0050,KongQueZhuYu_0050,/data/fj/F2DMAS/00-论文优化重构/计算机与电子农业特刊实验工作区/06-实验一四样本代表集/E1_Representative4_PottedPlant_VFM/method_masks/RAP-FSAM3-v2/mask_KongQueZhuYu_0050.png,/data/fj/F2DMAS/00-论文优化重构/计算机与电子农业特刊实验工作区/06-实验一四样本代表集/E1_Representative4_PottedPlant_VFM/gt_masks/mask_KongQueZhuYu_0050.png,0.9933015623918211,0.9663979269672354,0.9796650720797268,0.9739288133841768,0.9601406805474718,59.93295669555664,0.4157907177508395,0.22986159336419754,1,0.6079926041041027,0.002016019867527715,0.0015397135416666667
RAP-FSAM3-v2,KongQueZhuYu,0075,KongQueZhuYu_0075,/data/fj/F2DMAS/00-论文优化重构/计算机与电子农业特刊实验工作区/06-实验一四样本代表集/E1_Representative4_PottedPlant_VFM/method_masks/RAP-FSAM3-v2/mask_KongQueZhuYu_0075.png,/data/fj/F2DMAS/00-论文优化重构/计算机与电子农业特刊实验工作区/06-实验一四样本代表集/E1_Representative4_PottedPlant_VFM/gt_masks/mask_KongQueZhuYu_0075.png,0.9948422918907539,0.9543154003921657,0.9741575285279489,0.9657167813924177,0.9496170763236815,286.86053466796875,0.30984652232690174,0.2565679253472222,1,0.3091110555910668,0.001806466478493075,0.0013233024691358024
RAP-FSAM3-v2,KongQueZhuYu,0100,KongQueZhuYu_0100,/data/fj/F2DMAS/00-论文优化重构/计算机与电子农业特刊实验工作区/06-实验一四样本代表集/E1_Representative4_PottedPlant_VFM/method_masks/RAP-FSAM3-v2/mask_KongQueZhuYu_0100.png,/data/fj/F2DMAS/00-论文优化重构/计算机与电子农业特刊实验工作区/06-实验一四样本代表集/E1_Representative4_PottedPlant_VFM/gt_masks/mask_KongQueZhuYu_0100.png,0.9963207419006259,0.9731361537896559,0.9845919825264402,0.9784608930445879,0.9696515741289959,47.78824996948242,0.467412535496558,0.29019663869598766,1,0.33804221054050887,0.0015190272050980035,0.0010677083333333333
RAP-FSAM3-v2,DouBanLv1,0000,DouBanLv1_0000,/data/fj/F2DMAS/00-论文优化重构/计算机与电子农业特刊实验工作区/06-实验一四样本代表集/E1_Representative4_PottedPlant_VFM/method_masks/RAP-FSAM3-v2/mask_DouBanLv1_0000.png,/data/fj/F2DMAS/00-论文优化重构/计算机与电子农业特刊实验工作区/06-实验一四样本代表集/E1_Representative4_PottedPlant_VFM/gt_masks/mask_DouBanLv1_0000.png,0.9958437136037688,0.9518107412487995,0.9733294741801725,0.9658429584150862,0.9480446255169732,319.9245300292969,0.5559991521531035,0.23084129050925925,1,,0.0012649551781777906,0.0009594425154320987
RAP-FSAM3-v2,DouBanLv1,0025,DouBanLv1_0025,/data/fj/F2DMAS/00-论文优化重构/计算机与电子农业特刊实验工作区/06-实验一四样本代表集/E1_Representative4_PottedPlant_VFM/method_masks/RAP-FSAM3-v2/mask_DouBanLv1_0025.png,/data/fj/F2DMAS/00-论文优化重构/计算机与电子农业特刊实验工作区/06-实验一四样本代表集/E1_Representative4_PottedPlant_VFM/gt_masks/mask_DouBanLv1_0025.png,0.9851913783026811,0.9636501918551531,0.9743017341717852,0.969832265453549,0.9498911781673641,81.98706817626953,0.5040946033020206,0.16482313368055557,1,0.42858032121084166,0.002935448693011225,0.0024408034336419753
RAP-FSAM3-v2,DouBanLv1,0050,DouBanLv1_0050,/data/fj/F2DMAS/00-论文优化重构/计算机与电子农业特刊实验工作区/06-实验一四样本代表集/E1_Representative4_PottedPlant_VFM/method_masks/RAP-FSAM3-v2/mask_DouBanLv1_0050.png,/data/fj/F2DMAS/00-论文优化重构/计算机与电子农业特刊实验工作区/06-实验一四样本代表集/E1_Representative4_PottedPlant_VFM/gt_masks/mask_DouBanLv1_0050.png,0.9894405648924677,0.98289972285071,0.9861592982241919,0.9846646831743939,0.9726964961032534,10.919300079345703,0.5172613284831938,0.10825014467592593,1,0.40577758220151156,0.001282853588127008,0.0011430603780864198
RAP-FSAM3-v2,DouBanLv1,0075,DouBanLv1_0075,/data/fj/F2DMAS/00-论文优化重构/计算机与电子农业特刊实验工作区/06-实验一四样本代表集/E1_Representative4_PottedPlant_VFM/method_masks/RAP-FSAM3-v2/mask_DouBanLv1_0075.png,/data/fj/F2DMAS/00-论文优化重构/计算机与电子农业特刊实验工作区/06-实验一四样本代表集/E1_Representative4_PottedPlant_VFM/gt_masks/mask_DouBanLv1_0075.png,0.987390322111572,0.9659730705998472,0.9765642838291854,0.9725699669759043,0.9542018794135905,31.513944625854492,0.4430154767848228,0.16084755979938273,1,0.3201609268554083,0.0024273210472960396,0.0020282359182098764
RAP-FSAM3-v2,DouBanLv1,0100,DouBanLv1_0100,/data/fj/F2DMAS/00-论文优化重构/计算机与电子农业特刊实验工作区/06-实验一四样本代表集/E1_Representative4_PottedPlant_VFM/method_masks/RAP-FSAM3-v2/mask_DouBanLv1_0100.png,/data/fj/F2DMAS/00-论文优化重构/计算机与电子农业特刊实验工作区/06-实验一四样本代表集/E1_Representative4_PottedPlant_VFM/gt_masks/mask_DouBanLv1_0100.png,0.9777649099915643,0.9633861087323611,0.9705222548949848,0.9677625709298225,0.9427326229339551,62.60303497314453,0.4105840818540678,0.1084766830632716,1,0.4053352692830087,0.002710391314608882,0.002411988811728395
RAP-FSAM3-v2,ChangShouHua2,0000,ChangShouHua2_0000,/data/fj/F2DMAS/00-论文优化重构/计算机与电子农业特刊实验工作区/06-实验一四样本代表集/E1_Representative4_PottedPlant_VFM/method_masks/RAP-FSAM3-v2/mask_ChangShouHua2_0000.png,/data/fj/F2DMAS/00-论文优化重构/计算机与电子农业特刊实验工作区/06-实验一四样本代表集/E1_Representative4_PottedPlant_VFM/gt_masks/mask_ChangShouHua2_0000.png,0.9921375390635374,0.9559623404907965,0.9737140624934836,0.9606173479605093,0.9487746318138565,90.74465942382812,0.4509758798790901,0.34046163676697533,1,,0.00413956040452583,0.0026768663194444444
RAP-FSAM3-v2,ChangShouHua2,0025,ChangShouHua2_0025,/data/fj/F2DMAS/00-论文优化重构/计算机与电子农业特刊实验工作区/06-实验一四样本代表集/E1_Representative4_PottedPlant_VFM/method_masks/RAP-FSAM3-v2/mask_ChangShouHua2_0025.png,/data/fj/F2DMAS/00-论文优化重构/计算机与电子农业特刊实验工作区/06-实验一四样本代表集/E1_Representative4_PottedPlant_VFM/gt_masks/mask_ChangShouHua2_0025.png,0.9895506872521465,0.9698716981132075,0.9796123720770682,0.973718656694824,0.9600394450794505,25.244298934936523,0.48993499249511296,0.23485423900462962,1,0.5410157095182643,0.0032274175902582886,0.0024540653935185186
RAP-FSAM3-v2,ChangShouHua2,0050,ChangShouHua2_0050,/data/fj/F2DMAS/00-论文优化重构/计算机与电子农业特刊实验工作区/06-实验一四样本代表集/E1_Representative4_PottedPlant_VFM/method_masks/RAP-FSAM3-v2/mask_ChangShouHua2_0050.png,/data/fj/F2DMAS/00-论文优化重构/计算机与电子农业特刊实验工作区/06-实验一四样本代表集/E1_Representative4_PottedPlant_VFM/gt_masks/mask_ChangShouHua2_0050.png,0.9871812843062031,0.9837459441443738,0.9854606203141341,0.9821272016711255,0.9713379687827045,15.062299728393555,0.4647908991279237,0.19609953703703703,1,0.5185978695039294,0.0031296005879146082,0.002513744212962963
RAP-FSAM3-v2,ChangShouHua2,0075,ChangShouHua2_0075,/data/fj/F2DMAS/00-论文优化重构/计算机与电子农业特刊实验工作区/06-实验一四样本代表集/E1_Representative4_PottedPlant_VFM/method_masks/RAP-FSAM3-v2/mask_ChangShouHua2_0075.png,/data/fj/F2DMAS/00-论文优化重构/计算机与电子农业特刊实验工作区/06-实验一四样本代表集/E1_Representative4_PottedPlant_VFM/gt_masks/mask_ChangShouHua2_0075.png,0.987614466278047,0.9644808884031222,0.9759106034973393,0.9692884876767505,0.9529545045873382,58.7879524230957,0.48682933641436965,0.2283740837191358,1,0.43777776961033543,0.0036918898334156866,0.002828534915123457
RAP-FSAM3-v2,ChangShouHua2,0100,ChangShouHua2_0100,/data/fj/F2DMAS/00-论文优化重构/计算机与电子农业特刊实验工作区/06-实验一四样本代表集/E1_Representative4_PottedPlant_VFM/method_masks/RAP-FSAM3-v2/mask_ChangShouHua2_0100.png,/data/fj/F2DMAS/00-论文优化重构/计算机与电子农业特刊实验工作区/06-实验一四样本代表集/E1_Representative4_PottedPlant_VFM/gt_masks/mask_ChangShouHua2_0100.png,0.9922694198027996,0.87191286576437,0.928205873566042,0.9022608581374426,0.8660300058317555,192.8224334716797,0.42289230297569796,0.28671006944444444,1,0.43202567803376407,0.0032898792726689663,0.002216435185185185
RAP-FSAM3-v2,CaoMei1,0000,CaoMei1_0000,/data/fj/F2DMAS/00-论文优化重构/计算机与电子农业特刊实验工作区/06-实验一四样本代表集/E1_Representative4_PottedPlant_VFM/method_masks/RAP-FSAM3-v2/mask_CaoMei1_0000.png,/data/fj/F2DMAS/00-论文优化重构/计算机与电子农业特刊实验工作区/06-实验一四样本代表集/E1_Representative4_PottedPlant_VFM/gt_masks/mask_CaoMei1_0000.png,0.9864794409111078,0.8719554843770427,0.9256887578070784,0.9189757765739839,0.8616578896796521,414.6401062011719,0.4426490616244388,0.13042052469135804,1,,0.0020685773121223777,0.001763358410493827
RAP-FSAM3-v2,CaoMei1,0025,CaoMei1_0025,/data/fj/F2DMAS/00-论文优化重构/计算机与电子农业特刊实验工作区/06-实验一四样本代表集/E1_Representative4_PottedPlant_VFM/method_masks/RAP-FSAM3-v2/mask_CaoMei1_0025.png,/data/fj/F2DMAS/00-论文优化重构/计算机与电子农业特刊实验工作区/06-实验一四样本代表集/E1_Representative4_PottedPlant_VFM/gt_masks/mask_CaoMei1_0025.png,0.9915014138407374,0.916430348342786,0.9524889768893421,0.9471406329100562,0.9092877839708634,717.518798828125,0.5346925672940841,0.13187560281635802,1,0.4520121442115106,0.0013072763089357173,0.0011207561728395063
RAP-FSAM3-v2,CaoMei1,0050,CaoMei1_0050,/data/fj/F2DMAS/00-论文优化重构/计算机与电子农业特刊实验工作区/06-实验一四样本代表集/E1_Representative4_PottedPlant_VFM/method_masks/RAP-FSAM3-v2/mask_CaoMei1_0050.png,/data/fj/F2DMAS/00-论文优化重构/计算机与电子农业特刊实验工作区/06-实验一四样本代表集/E1_Representative4_PottedPlant_VFM/gt_masks/mask_CaoMei1_0050.png,0.9811600560693274,0.951486321374294,0.9660953843647829,0.9641519577257683,0.9344144225250672,47.209327697753906,0.4536532170119956,0.0816236255787037,1,0.5833705888033305,0.0016791142280807138,0.0015377845293209876
RAP-FSAM3-v2,CaoMei1,0075,CaoMei1_0075,/data/fj/F2DMAS/00-论文优化重构/计算机与电子农业特刊实验工作区/06-实验一四样本代表集/E1_Representative4_PottedPlant_VFM/method_masks/RAP-FSAM3-v2/mask_CaoMei1_0075.png,/data/fj/F2DMAS/00-论文优化重构/计算机与电子农业特刊实验工作区/06-实验一四样本代表集/E1_Representative4_PottedPlant_VFM/gt_masks/mask_CaoMei1_0075.png,0.9914109209171845,0.9150568103924095,0.9517048730318731,0.9487547373324828,0.9078596747696315,635.318603515625,0.4839201652917312,0.0933447868441358,1,0.08533347692188036,0.0008919521371776783,0.0008017457561728395
RAP-FSAM3-v2,CaoMei1,0100,CaoMei1_0100,/data/fj/F2DMAS/00-论文优化重构/计算机与电子农业特刊实验工作区/06-实验一四样本代表集/E1_Representative4_PottedPlant_VFM/method_masks/RAP-FSAM3-v2/mask_CaoMei1_0100.png,/data/fj/F2DMAS/00-论文优化重构/计算机与电子农业特刊实验工作区/06-实验一四样本代表集/E1_Representative4_PottedPlant_VFM/gt_masks/mask_CaoMei1_0100.png,0.9947937595176423,0.903435253430996,0.9469160423855686,0.9422065393921033,0.8991838072727205,545.2479248046875,0.4637951171931906,0.11701461226851852,1,0.07792708444664653,0.0006993106676223313,0.0006092062114197531
UNet_fewshot_seqcv,KongQueZhuYu,0000,KongQueZhuYu_0000,/data/fj/F2DMAS/00-论文优化重构/计算机与电子农业特刊实验工作区/06-实验一四样本代表集/E1_Representative4_PottedPlant_VFM/method_masks/UNet_fewshot_seqcv/mask_KongQueZhuYu_0000.png,/data/fj/F2DMAS/00-论文优化重构/计算机与电子农业特刊实验工作区/06-实验一四样本代表集/E1_Representative4_PottedPlant_VFM/gt_masks/mask_KongQueZhuYu_0000.png,0.7271461418603183,0.9327107226951361,0.8171993838289889,0.7825278117784135,0.6909020613080549,409.04193115234375,0.12967575502485856,0.3019191261574074,4,,0.1077392080803736,0.08237979841820987
UNet_fewshot_seqcv,KongQueZhuYu,0025,KongQueZhuYu_0025,/data/fj/F2DMAS/00-论文优化重构/计算机与电子农业特刊实验工作区/06-实验一四样本代表集/E1_Representative4_PottedPlant_VFM/method_masks/UNet_fewshot_seqcv/mask_KongQueZhuYu_0025.png,/data/fj/F2DMAS/00-论文优化重构/计算机与电子农业特刊实验工作区/06-实验一四样本代表集/E1_Representative4_PottedPlant_VFM/gt_masks/mask_KongQueZhuYu_0025.png,0.8761002675329209,0.8068470386685401,0.8400487690029131,0.7873304024518493,0.7242104207095089,451.3889465332031,0.21163553435304058,0.3218530574845679,3,0.36842522879751505,0.06130081303826556,0.039877507716049386
UNet_fewshot_seqcv,KongQueZhuYu,0050,KongQueZhuYu_0050,/data/fj/F2DMAS/00-论文优化重构/计算机与电子农业特刊实验工作区/06-实验一四样本代表集/E1_Representative4_PottedPlant_VFM/method_masks/UNet_fewshot_seqcv/mask_KongQueZhuYu_0050.png,/data/fj/F2DMAS/00-论文优化重构/计算机与电子农业特刊实验工作区/06-实验一四样本代表集/E1_Representative4_PottedPlant_VFM/gt_masks/mask_KongQueZhuYu_0050.png,0.8124338725253016,0.6195002043741685,0.7029694427828834,0.6985441360222084,0.5419837172465396,391.93792724609375,0.13117969827416331,0.18015444155092591,6,0.4592548772363163,0.04424398781390105,0.03379087094907408
UNet_fewshot_seqcv,KongQueZhuYu,0075,KongQueZhuYu_0075,/data/fj/F2DMAS/00-论文优化重构/计算机与电子农业特刊实验工作区/06-实验一四样本代表集/E1_Representative4_PottedPlant_VFM/method_masks/UNet_fewshot_seqcv/mask_KongQueZhuYu_0075.png,/data/fj/F2DMAS/00-论文优化重构/计算机与电子农业特刊实验工作区/06-实验一四样本代表集/E1_Representative4_PottedPlant_VFM/gt_masks/mask_KongQueZhuYu_0075.png,0.9069531719450901,0.8776569226261579,0.892064582932439,0.8654647389020272,0.8051593704744269,641.5223999023438,0.10079038665336469,0.2588240258487654,8,0.19072298624625922,0.032875846575432646,0.02408275462962963
UNet_fewshot_seqcv,KongQueZhuYu,0100,KongQueZhuYu_0100,/data/fj/F2DMAS/00-论文优化重构/计算机与电子农业特刊实验工作区/06-实验一四样本代表集/E1_Representative4_PottedPlant_VFM/method_masks/UNet_fewshot_seqcv/mask_KongQueZhuYu_0100.png,/data/fj/F2DMAS/00-论文优化重构/计算机与电子农业特刊实验工作区/06-实验一四样本代表集/E1_Representative4_PottedPlant_VFM/gt_masks/mask_KongQueZhuYu_0100.png,0.8591744170642622,0.994812837284269,0.9220319476922122,0.8921906112779816,0.8553425546501708,364.72802734375,0.20428069751802788,0.3440154803240741,7,0.3362283836613336,0.06892431570448745,0.04844618055555556
UNet_fewshot_seqcv,DouBanLv1,0000,DouBanLv1_0000,/data/fj/F2DMAS/00-论文优化重构/计算机与电子农业特刊实验工作区/06-实验一四样本代表集/E1_Representative4_PottedPlant_VFM/method_masks/UNet_fewshot_seqcv/mask_DouBanLv1_0000.png,/data/fj/F2DMAS/00-论文优化重构/计算机与电子农业特刊实验工作区/06-实验一四样本代表集/E1_Representative4_PottedPlant_VFM/gt_masks/mask_DouBanLv1_0000.png,0.915931226246156,0.9681839873646462,0.9413330356579516,0.9255627937782052,0.8891682345476617,159.793701171875,0.21643944131195944,0.25529899691358027,2,,0.02829697421704075,0.02146267361111111
UNet_fewshot_seqcv,DouBanLv1,0025,DouBanLv1_0025,/data/fj/F2DMAS/00-论文优化重构/计算机与电子农业特刊实验工作区/06-实验一四样本代表集/E1_Representative4_PottedPlant_VFM/method_masks/UNet_fewshot_seqcv/mask_DouBanLv1_0025.png,/data/fj/F2DMAS/00-论文优化重构/计算机与电子农业特刊实验工作区/06-实验一四样本代表集/E1_Representative4_PottedPlant_VFM/gt_masks/mask_DouBanLv1_0025.png,0.8431449442093375,0.9737427101838847,0.9037501477508012,0.8912957139453183,0.8244016141909237,451.2100830078125,0.10414275499951149,0.19460828993055557,4,0.44592436284508036,0.03671145068583942,0.030525294174382715
UNet_fewshot_seqcv,DouBanLv1,0050,DouBanLv1_0050,/data/fj/F2DMAS/00-论文优化重构/计算机与电子农业特刊实验工作区/06-实验一四样本代表集/E1_Representative4_PottedPlant_VFM/method_masks/UNet_fewshot_seqcv/mask_DouBanLv1_0050.png,/data/fj/F2DMAS/00-论文优化重构/计算机与电子农业特刊实验工作区/06-实验一四样本代表集/E1_Representative4_PottedPlant_VFM/gt_masks/mask_DouBanLv1_0050.png,0.8466295282798005,0.9762525654288069,0.9068323747361995,0.9025419133884902,0.829545582743877,493.1292419433594,0.11081563201442873,0.1256544174382716,2,0.4008470303838268,0.021628551576978995,0.019271677276234567
UNet_fewshot_seqcv,DouBanLv1,0075,DouBanLv1_0075,/data/fj/F2DMAS/00-论文优化重构/计算机与电子农业特刊实验工作区/06-实验一四样本代表集/E1_Representative4_PottedPlant_VFM/method_masks/UNet_fewshot_seqcv/mask_DouBanLv1_0075.png,/data/fj/F2DMAS/00-论文优化重构/计算机与电子农业特刊实验工作区/06-实验一四样本代表集/E1_Representative4_PottedPlant_VFM/gt_masks/mask_DouBanLv1_0075.png,0.8803361384309771,0.9820504885921828,0.9284157460401969,0.9183512135832663,0.8663954725066569,209.75416564941406,0.10595362001961826,0.18341025270061728,4,0.31466295782318787,0.026266086791408527,0.02194757908950617
UNet_fewshot_seqcv,DouBanLv1,0100,DouBanLv1_0100,/data/fj/F2DMAS/00-论文优化重构/计算机与电子农业特刊实验工作区/06-实验一四样本代表集/E1_Representative4_PottedPlant_VFM/method_masks/UNet_fewshot_seqcv/mask_DouBanLv1_0100.png,/data/fj/F2DMAS/00-论文优化重构/计算机与电子农业特刊实验工作区/06-实验一四样本代表集/E1_Representative4_PottedPlant_VFM/gt_masks/mask_DouBanLv1_0100.png,0.8644518330333837,0.8689521648572348,0.8666961569758234,0.8661049031878834,0.7647518027143355,262.40362548828125,0.13076495316795358,0.1106688850308642,3,0.42881494134103737,0.01685682939762549,0.01500096450617284
UNet_fewshot_seqcv,ChangShouHua2,0000,ChangShouHua2_0000,/data/fj/F2DMAS/00-论文优化重构/计算机与电子农业特刊实验工作区/06-实验一四样本代表集/E1_Representative4_PottedPlant_VFM/method_masks/UNet_fewshot_seqcv/mask_ChangShouHua2_0000.png,/data/fj/F2DMAS/00-论文优化重构/计算机与电子农业特刊实验工作区/06-实验一四样本代表集/E1_Representative4_PottedPlant_VFM/gt_masks/mask_ChangShouHua2_0000.png,0.9236088311539847,0.9042021818712858,0.9138024821754095,0.8763558662597781,0.8412857396374377,254.98524475097656,0.15124499367966776,0.34592086226851854,2,,0.0408646186814746,0.02642529899691358
UNet_fewshot_seqcv,ChangShouHua2,0025,ChangShouHua2_0025,/data/fj/F2DMAS/00-论文优化重构/计算机与电子农业特刊实验工作区/06-实验一四样本代表集/E1_Representative4_PottedPlant_VFM/method_masks/UNet_fewshot_seqcv/mask_ChangShouHua2_0025.png,/data/fj/F2DMAS/00-论文优化重构/计算机与电子农业特刊实验工作区/06-实验一四样本代表集/E1_Representative4_PottedPlant_VFM/gt_masks/mask_ChangShouHua2_0025.png,0.9351597494500206,0.8290027672955975,0.8788873052213377,0.8578116245288419,0.7839419795303036,208.60462951660156,0.1699072244972538,0.21241849922839506,2,0.4178775236030228,0.018113653300353583,0.013773268711419753
UNet_fewshot_seqcv,ChangShouHua2,0050,ChangShouHua2_0050,/data/fj/F2DMAS/00-论文优化重构/计算机与电子农业特刊实验工作区/06-实验一四样本代表集/E1_Representative4_PottedPlant_VFM/method_masks/UNet_fewshot_seqcv/mask_ChangShouHua2_0050.png,/data/fj/F2DMAS/00-论文优化重构/计算机与电子农业特刊实验工作区/06-实验一四样本代表集/E1_Representative4_PottedPlant_VFM/gt_masks/mask_ChangShouHua2_0050.png,0.9159604363740427,0.5333830002058562,0.6741779943833472,0.6975737650306659,0.5084981177920489,529.8780517578125,0.13254662063591968,0.11459165219907408,1,0.34593193904595176,0.011989597417786818,0.009630232445987654
UNet_fewshot_seqcv,ChangShouHua2,0075,ChangShouHua2_0075,/data/fj/F2DMAS/00-论文优化重构/计算机与电子农业特刊实验工作区/06-实验一四样本代表集/E1_Representative4_PottedPlant_VFM/method_masks/UNet_fewshot_seqcv/mask_ChangShouHua2_0075.png,/data/fj/F2DMAS/00-论文优化重构/计算机与电子农业特刊实验工作区/06-实验一四样本代表集/E1_Representative4_PottedPlant_VFM/gt_masks/mask_ChangShouHua2_0075.png,0.9456252221438411,0.8078941670189621,0.8713506173670147,0.8516233240135829,0.7720294989523429,310.4080505371094,0.1742800930066178,0.19979106385030865,3,0.28503365825292476,0.01417949436168907,0.010863594714506174
UNet_fewshot_seqcv,ChangShouHua2,0100,ChangShouHua2_0100,/data/fj/F2DMAS/00-论文优化重构/计算机与电子农业特刊实验工作区/06-实验一四样本代表集/E1_Representative4_PottedPlant_VFM/method_masks/UNet_fewshot_seqcv/mask_ChangShouHua2_0100.png,/data/fj/F2DMAS/00-论文优化重构/计算机与电子农业特刊实验工作区/06-实验一四样本代表集/E1_Representative4_PottedPlant_VFM/gt_masks/mask_ChangShouHua2_0100.png,0.9530055406232926,0.8642896916994938,0.9064821722339883,0.8739594715117122,0.8289596650526261,238.25772094726562,0.1813171275338468,0.2959125434027778,1,0.3652877303669268,0.020641200762985708,0.01390625
UNet_fewshot_seqcv,CaoMei1,0000,CaoMei1_0000,/data/fj/F2DMAS/00-论文优化重构/计算机与电子农业特刊实验工作区/06-实验一四样本代表集/E1_Representative4_PottedPlant_VFM/method_masks/UNet_fewshot_seqcv/mask_CaoMei1_0000.png,/data/fj/F2DMAS/00-论文优化重构/计算机与电子农业特刊实验工作区/06-实验一四样本代表集/E1_Representative4_PottedPlant_VFM/gt_masks/mask_CaoMei1_0000.png,0.8357507129481105,0.6458254346973461,0.7286146828782413,0.747312137124083,0.5730872246721589,546.6746826171875,0.20895807859665422,0.11401921778549383,6,,0.02196912267203729,0.018727575231481483
UNet_fewshot_seqcv,CaoMei1,0025,CaoMei1_0025,/data/fj/F2DMAS/00-论文优化重构/计算机与电子农业特刊实验工作区/06-实验一四样本代表集/E1_Representative4_PottedPlant_VFM/method_masks/UNet_fewshot_seqcv/mask_CaoMei1_0025.png,/data/fj/F2DMAS/00-论文优化重构/计算机与电子农业特刊实验工作区/06-实验一四样本代表集/E1_Representative4_PottedPlant_VFM/gt_masks/mask_CaoMei1_0025.png,0.6527577131389968,0.9449744472010221,0.7721436351365114,0.7684401200827602,0.6288550169484663,557.61181640625,0.08625107687027583,0.20655056423611112,2,0.1860064712331651,0.08365949614735997,0.07172309027777778
UNet_fewshot_seqcv,CaoMei1,0050,CaoMei1_0050,/data/fj/F2DMAS/00-论文优化重构/计算机与电子农业特刊实验工作区/06-实验一四样本代表集/E1_Representative4_PottedPlant_VFM/method_masks/UNet_fewshot_seqcv/mask_CaoMei1_0050.png,/data/fj/F2DMAS/00-论文优化重构/计算机与电子农业特刊实验工作区/06-实验一四样本代表集/E1_Representative4_PottedPlant_VFM/gt_masks/mask_CaoMei1_0050.png,0.6590426667805587,0.8841195015849416,0.7551668723118041,0.7772544630905975,0.6066410473138993,1411.41162109375,0.11086974940594191,0.11291473765432099,3,0.38927159755278506,0.04203735861311879,0.03849910783179012
UNet_fewshot_seqcv,CaoMei1,0075,CaoMei1_0075,/data/fj/F2DMAS/00-论文优化重构/计算机与电子农业特刊实验工作区/06-实验一四样本代表集/E1_Representative4_PottedPlant_VFM/method_masks/UNet_fewshot_seqcv/mask_CaoMei1_0075.png,/data/fj/F2DMAS/00-论文优化重构/计算机与电子农业特刊实验工作区/06-实验一四样本代表集/E1_Representative4_PottedPlant_VFM/gt_masks/mask_CaoMei1_0075.png,0.9014472924727964,0.9550929077312441,0.92749504227237,0.9240384076220085,0.8647932446275122,70.57733154296875,0.18812666199698258,0.10715217496141975,2,0.05402343386841301,0.01174828386396885,0.010560136959876544
UNet_fewshot_seqcv,CaoMei1,0100,CaoMei1_0100,/data/fj/F2DMAS/00-论文优化重构/计算机与电子农业特刊实验工作区/06-实验一四样本代表集/E1_Representative4_PottedPlant_VFM/method_masks/UNet_fewshot_seqcv/mask_CaoMei1_0100.png,/data/fj/F2DMAS/00-论文优化重构/计算机与电子农业特刊实验工作区/06-实验一四样本代表集/E1_Representative4_PottedPlant_VFM/gt_masks/mask_CaoMei1_0100.png,0.8876977144029958,0.9874746540932879,0.9349316448945294,0.9287608927063356,0.8778137482095653,87.48216247558594,0.1530045277896525,0.1433299575617284,2,0.14095990932066282,0.018476997412149185,0.016096281828703703
DeepLabV3PlusLite_fewshot_seqcv,KongQueZhuYu,0000,KongQueZhuYu_0000,/data/fj/F2DMAS/00-论文优化重构/计算机与电子农业特刊实验工作区/06-实验一四样本代表集/E1_Representative4_PottedPlant_VFM/method_masks/DeepLabV3PlusLite_fewshot_seqcv/mask_KongQueZhuYu_0000.png,/data/fj/F2DMAS/00-论文优化重构/计算机与电子农业特刊实验工作区/06-实验一四样本代表集/E1_Representative4_PottedPlant_VFM/gt_masks/mask_KongQueZhuYu_0000.png,0.9105223662287117,0.7333645099643142,0.8123974935151926,0.7938545443264708,0.6840651557058542,229.61868286132812,0.08829724730916585,0.18958092206790123,11,,0.022185140118790626,0.016963252314814815
DeepLabV3PlusLite_fewshot_seqcv,KongQueZhuYu,0025,KongQueZhuYu_0025,/data/fj/F2DMAS/00-论文优化重构/计算机与电子农业特刊实验工作区/06-实验一四样本代表集/E1_Representative4_PottedPlant_VFM/method_masks/DeepLabV3PlusLite_fewshot_seqcv/mask_KongQueZhuYu_0025.png,/data/fj/F2DMAS/00-论文优化重构/计算机与电子农业特刊实验工作区/06-实验一四样本代表集/E1_Representative4_PottedPlant_VFM/gt_masks/mask_KongQueZhuYu_0025.png,0.8830314751832922,0.8667667340643934,0.8748235125349189,0.8265710281663008,0.7774989277511615,429.9587707519531,0.11509303496103211,0.34304120852623454,3,0.35247329972698155,0.06168130212149074,0.04012502411265432
DeepLabV3PlusLite_fewshot_seqcv,KongQueZhuYu,0050,KongQueZhuYu_0050,/data/fj/F2DMAS/00-论文优化重构/计算机与电子农业特刊实验工作区/06-实验一四样本代表集/E1_Representative4_PottedPlant_VFM/method_masks/DeepLabV3PlusLite_fewshot_seqcv/mask_KongQueZhuYu_0050.png,/data/fj/F2DMAS/00-论文优化重构/计算机与电子农业特刊实验工作区/06-实验一四样本代表集/E1_Representative4_PottedPlant_VFM/gt_masks/mask_KongQueZhuYu_0050.png,0.9215875710525312,0.4931020528760115,0.6424543101250232,0.6632377614774143,0.47324691530948776,424.5655822753906,0.12541451655300145,0.12641300154320986,4,0.3368566586694609,0.012978710003016689,0.00991235050154321
DeepLabV3PlusLite_fewshot_seqcv,KongQueZhuYu,0075,KongQueZhuYu_0075,/data/fj/F2DMAS/00-论文优化重构/计算机与电子农业特刊实验工作区/06-实验一四样本代表集/E1_Representative4_PottedPlant_VFM/method_masks/DeepLabV3PlusLite_fewshot_seqcv/mask_KongQueZhuYu_0075.png,/data/fj/F2DMAS/00-论文优化重构/计算机与电子农业特刊实验工作区/06-实验一四样本代表集/E1_Representative4_PottedPlant_VFM/gt_masks/mask_KongQueZhuYu_0075.png,0.9696247538599628,0.879419865221213,0.9223220051643818,0.9020188134736167,0.8558419208560222,416.39849853515625,0.12803301883563348,0.24258125964506172,3,0.22224556202147866,0.010058838535537653,0.0073684654706790125
DeepLabV3PlusLite_fewshot_seqcv,KongQueZhuYu,0100,KongQueZhuYu_0100,/data/fj/F2DMAS/00-论文优化重构/计算机与电子农业特刊实验工作区/06-实验一四样本代表集/E1_Representative4_PottedPlant_VFM/method_masks/DeepLabV3PlusLite_fewshot_seqcv/mask_KongQueZhuYu_0100.png,/data/fj/F2DMAS/00-论文优化重构/计算机与电子农业特刊实验工作区/06-实验一四样本代表集/E1_Representative4_PottedPlant_VFM/gt_masks/mask_KongQueZhuYu_0100.png,0.8070783815289556,0.9470648076797439,0.8714859047852336,0.8283791462666601,0.7722419316520649,366.9111633300781,0.16007933499687513,0.34864378375771604,2,0.30720822136393455,0.09569202443822494,0.06726092303240741
DeepLabV3PlusLite_fewshot_seqcv,DouBanLv1,0000,DouBanLv1_0000,/data/fj/F2DMAS/00-论文优化重构/计算机与电子农业特刊实验工作区/06-实验一四样本代表集/E1_Representative4_PottedPlant_VFM/method_masks/DeepLabV3PlusLite_fewshot_seqcv/mask_DouBanLv1_0000.png,/data/fj/F2DMAS/00-论文优化重构/计算机与电子农业特刊实验工作区/06-实验一四样本代表集/E1_Representative4_PottedPlant_VFM/gt_masks/mask_DouBanLv1_0000.png,0.9688467628612998,0.9334003238707951,0.9507932892035175,0.9380383415440733,0.9062020662084247,123.89263916015625,0.18456010843104054,0.23268422067901234,2,,0.009557103554654393,0.0072488667052469135
DeepLabV3PlusLite_fewshot_seqcv,DouBanLv1,0025,DouBanLv1_0025,/data/fj/F2DMAS/00-论文优化重构/计算机与电子农业特刊实验工作区/06-实验一四样本代表集/E1_Representative4_PottedPlant_VFM/method_masks/DeepLabV3PlusLite_fewshot_seqcv/mask_DouBanLv1_0025.png,/data/fj/F2DMAS/00-论文优化重构/计算机与电子农业特刊实验工作区/06-实验一四样本代表集/E1_Representative4_PottedPlant_VFM/gt_masks/mask_DouBanLv1_0025.png,0.9057670127641902,0.9737441411378517,0.9385262972065683,0.9292293249857467,0.8841729142575003,87.63523864746094,0.11175671923800978,0.18115391107253087,3,0.44551633930778556,0.020530161318456527,0.017070674189814814
DeepLabV3PlusLite_fewshot_seqcv,DouBanLv1,0050,DouBanLv1_0050,/data/fj/F2DMAS/00-论文优化重构/计算机与电子农业特刊实验工作区/06-实验一四样本代表集/E1_Representative4_PottedPlant_VFM/method_masks/DeepLabV3PlusLite_fewshot_seqcv/mask_DouBanLv1_0050.png,/data/fj/F2DMAS/00-论文优化重构/计算机与电子农业特刊实验工作区/06-实验一四样本代表集/E1_Representative4_PottedPlant_VFM/gt_masks/mask_DouBanLv1_0050.png,0.9149573693753938,0.9446044399205616,0.9295445724143525,0.9254846331757576,0.8683636408018299,700.0151977539062,0.18579034726563343,0.11250144675925926,2,0.3935608966822117,0.010737488591858121,0.009567418981481482
DeepLabV3PlusLite_fewshot_seqcv,DouBanLv1,0075,DouBanLv1_0075,/data/fj/F2DMAS/00-论文优化重构/计算机与电子农业特刊实验工作区/06-实验一四样本代表集/E1_Representative4_PottedPlant_VFM/method_masks/DeepLabV3PlusLite_fewshot_seqcv/mask_DouBanLv1_0075.png,/data/fj/F2DMAS/00-论文优化重构/计算机与电子农业特刊实验工作区/06-实验一四样本代表集/E1_Representative4_PottedPlant_VFM/gt_masks/mask_DouBanLv1_0075.png,0.9289533410275326,0.916025647606463,0.9224442024035888,0.9131184564876431,0.8560523774835481,193.806640625,0.17755745019809424,0.16212577160493827,3,0.2691599657674684,0.013784926917768314,0.011518494405864197
DeepLabV3PlusLite_fewshot_seqcv,DouBanLv1,0100,DouBanLv1_0100,/data/fj/F2DMAS/00-论文优化重构/计算机与电子农业特刊实验工作区/06-实验一四样本代表集/E1_Representative4_PottedPlant_VFM/method_masks/DeepLabV3PlusLite_fewshot_seqcv/mask_DouBanLv1_0100.png,/data/fj/F2DMAS/00-论文优化重构/计算机与电子农业特刊实验工作区/06-实验一四样本代表集/E1_Representative4_PottedPlant_VFM/gt_masks/mask_DouBanLv1_0100.png,0.9164449808066237,0.9197407296277396,0.9180898974661682,0.9142391804818839,0.8485824240997502,272.0963439941406,0.17272599976298295,0.11049165702160493,4,0.3669071793520182,0.010374298456271875,0.009232132523148149
DeepLabV3PlusLite_fewshot_seqcv,ChangShouHua2,0000,ChangShouHua2_0000,/data/fj/F2DMAS/00-论文优化重构/计算机与电子农业特刊实验工作区/06-实验一四样本代表集/E1_Representative4_PottedPlant_VFM/method_masks/DeepLabV3PlusLite_fewshot_seqcv/mask_ChangShouHua2_0000.png,/data/fj/F2DMAS/00-论文优化重构/计算机与电子农业特刊实验工作区/06-实验一四样本代表集/E1_Representative4_PottedPlant_VFM/gt_masks/mask_ChangShouHua2_0000.png,0.9539687607427535,0.8502774169531938,0.8991434802696656,0.8602097964794552,0.8167671846008775,230.6136932373047,0.18828940332133884,0.3149385127314815,2,,0.022418470534693685,0.014497010030864198
DeepLabV3PlusLite_fewshot_seqcv,ChangShouHua2,0025,ChangShouHua2_0025,/data/fj/F2DMAS/00-论文优化重构/计算机与电子农业特刊实验工作区/06-实验一四样本代表集/E1_Representative4_PottedPlant_VFM/method_masks/DeepLabV3PlusLite_fewshot_seqcv/mask_ChangShouHua2_0025.png,/data/fj/F2DMAS/00-论文优化重构/计算机与电子农业特刊实验工作区/06-实验一四样本代表集/E1_Representative4_PottedPlant_VFM/gt_masks/mask_ChangShouHua2_0025.png,0.9338821430560383,0.9787235220125786,0.9557771754939034,0.9434744958989205,0.9153000231976093,111.56645202636719,0.2059088532176403,0.25112509645061726,2,0.49591782701272236,0.021836242845137865,0.016603853202160495
DeepLabV3PlusLite_fewshot_seqcv,ChangShouHua2,0050,ChangShouHua2_0050,/data/fj/F2DMAS/00-论文优化重构/计算机与电子农业特刊实验工作区/06-实验一四样本代表集/E1_Representative4_PottedPlant_VFM/method_masks/DeepLabV3PlusLite_fewshot_seqcv/mask_ChangShouHua2_0050.png,/data/fj/F2DMAS/00-论文优化重构/计算机与电子农业特刊实验工作区/06-实验一四样本代表集/E1_Representative4_PottedPlant_VFM/gt_masks/mask_ChangShouHua2_0050.png,0.90863444886882,0.3380457637752051,0.4927647413427404,0.5901110816954911,0.3269328650006014,424.69464111328125,0.132362576703734,0.07321108217592592,3,0.17276654736318972,0.008327739578805294,0.00668897087191358
DeepLabV3PlusLite_fewshot_seqcv,ChangShouHua2,0075,ChangShouHua2_0075,/data/fj/F2DMAS/00-论文优化重构/计算机与电子农业特刊实验工作区/06-实验一四样本代表集/E1_Representative4_PottedPlant_VFM/method_masks/DeepLabV3PlusLite_fewshot_seqcv/mask_ChangShouHua2_0075.png,/data/fj/F2DMAS/00-论文优化重构/计算机与电子农业特刊实验工作区/06-实验一四样本代表集/E1_Representative4_PottedPlant_VFM/gt_masks/mask_ChangShouHua2_0075.png,0.9476809310694129,0.9482486621366631,0.94796471160026,0.9348980043925195,0.9010769144847007,113.6449966430664,0.21132171460064753,0.2339918499228395,2,0.212870575489777,0.01597893855610143,0.012242235725308642
DeepLabV3PlusLite_fewshot_seqcv,ChangShouHua2,0100,ChangShouHua2_0100,/data/fj/F2DMAS/00-论文优化重构/计算机与电子农业特刊实验工作区/06-实验一四样本代表集/E1_Representative4_PottedPlant_VFM/method_masks/DeepLabV3PlusLite_fewshot_seqcv/mask_ChangShouHua2_0100.png,/data/fj/F2DMAS/00-论文优化重构/计算机与电子农业特刊实验工作区/06-实验一四样本代表集/E1_Representative4_PottedPlant_VFM/gt_masks/mask_ChangShouHua2_0100.png,0.9457731341659185,0.873382001534907,0.908137207987541,0.8755507359605688,0.831731985585583,173.52484130859375,0.17772440675823545,0.30131221064814817,3,0.4096354367574257,0.024252480338837524,0.016339216820987653
DeepLabV3PlusLite_fewshot_seqcv,CaoMei1,0000,CaoMei1_0000,/data/fj/F2DMAS/00-论文优化重构/计算机与电子农业特刊实验工作区/06-实验一四样本代表集/E1_Representative4_PottedPlant_VFM/method_masks/DeepLabV3PlusLite_fewshot_seqcv/mask_CaoMei1_0000.png,/data/fj/F2DMAS/00-论文优化重构/计算机与电子农业特刊实验工作区/06-实验一四样本代表集/E1_Representative4_PottedPlant_VFM/gt_masks/mask_CaoMei1_0000.png,0.9235399583120218,0.8232669303176886,0.8705254272287651,0.8648024483331994,0.7707348604518629,248.75587463378906,0.16564715003450234,0.13152994791666667,5,,0.011797509673915503,0.010056785300925925
DeepLabV3PlusLite_fewshot_seqcv,CaoMei1,0025,CaoMei1_0025,/data/fj/F2DMAS/00-论文优化重构/计算机与电子农业特刊实验工作区/06-实验一四样本代表集/E1_Representative4_PottedPlant_VFM/method_masks/DeepLabV3PlusLite_fewshot_seqcv/mask_CaoMei1_0025.png,/data/fj/F2DMAS/00-论文优化重构/计算机与电子农业特刊实验工作区/06-实验一四样本代表集/E1_Representative4_PottedPlant_VFM/gt_masks/mask_CaoMei1_0025.png,0.8237496405798082,0.8230730620770775,0.8234112123461257,0.8213784017309811,0.6998292189984344,330.3092956542969,0.09851951878633952,0.1425612461419753,3,0.33390951282908826,0.029308105450622193,0.02512647087191358
DeepLabV3PlusLite_fewshot_seqcv,CaoMei1,0050,CaoMei1_0050,/data/fj/F2DMAS/00-论文优化重构/计算机与电子农业特刊实验工作区/06-实验一四样本代表集/E1_Representative4_PottedPlant_VFM/method_masks/DeepLabV3PlusLite_fewshot_seqcv/mask_CaoMei1_0050.png,/data/fj/F2DMAS/00-论文优化重构/计算机与电子农业特刊实验工作区/06-实验一四样本代表集/E1_Representative4_PottedPlant_VFM/gt_masks/mask_CaoMei1_0050.png,0.7938872193788041,0.878282504909523,0.8339551249182241,0.8417062735588507,0.7151998544307636,218.7776336669922,0.10579178164148682,0.09311692226080247,1,0.5520614660513922,0.02095647770148153,0.019192587770061727
DeepLabV3PlusLite_fewshot_seqcv,CaoMei1,0075,CaoMei1_0075,/data/fj/F2DMAS/00-论文优化重构/计算机与电子农业特刊实验工作区/06-实验一四样本代表集/E1_Representative4_PottedPlant_VFM/method_masks/DeepLabV3PlusLite_fewshot_seqcv/mask_CaoMei1_0075.png,/data/fj/F2DMAS/00-论文优化重构/计算机与电子农业特刊实验工作区/06-实验一四样本代表集/E1_Representative4_PottedPlant_VFM/gt_masks/mask_CaoMei1_0075.png,0.9084166280002651,0.9475789867710644,0.9275846355192319,0.9242000660504284,0.8649490358321572,67.67866516113281,0.18789126912115184,0.10549358603395062,2,0.055965657422922144,0.010748492701484275,0.009661458333333333
DeepLabV3PlusLite_fewshot_seqcv,CaoMei1,0100,CaoMei1_0100,/data/fj/F2DMAS/00-论文优化重构/计算机与电子农业特刊实验工作区/06-实验一四样本代表集/E1_Representative4_PottedPlant_VFM/method_masks/DeepLabV3PlusLite_fewshot_seqcv/mask_CaoMei1_0100.png,/data/fj/F2DMAS/00-论文优化重构/计算机与电子农业特刊实验工作区/06-实验一四样本代表集/E1_Representative4_PottedPlant_VFM/gt_masks/mask_CaoMei1_0100.png,0.8759191858173951,0.9171845013581756,0.8960770170959158,0.8903179114385862,0.8117205919009048,140.5354461669922,0.142201638064561,0.13491765528549382,2,0.14914528707785168,0.019216719462107894,0.016740692515432098
SAM_existing,KongQueZhuYu,0000,KongQueZhuYu_0000,/data/fj/F2DMAS/00-论文优化重构/计算机与电子农业特刊实验工作区/06-实验一四样本代表集/E1_Representative4_PottedPlant_VFM/method_masks/SAM_existing/mask_KongQueZhuYu_0000.png,/data/fj/F2DMAS/00-论文优化重构/计算机与电子农业特刊实验工作区/06-实验一四样本代表集/E1_Representative4_PottedPlant_VFM/gt_masks/mask_KongQueZhuYu_0000.png,0.9965297860034702,0.9646174263708199,0.9803139625737289,0.9747952452143727,0.9613880416055134,13.692999839782715,0.3222952121188004,0.22784010898919754,2,,0.0010340451236604757,0.0007906539351851851
SAM_existing,KongQueZhuYu,0025,KongQueZhuYu_0025,/data/fj/F2DMAS/00-论文优化重构/计算机与电子农业特刊实验工作区/06-实验一四样本代表集/E1_Representative4_PottedPlant_VFM/method_masks/SAM_existing/mask_KongQueZhuYu_0025.png,/data/fj/F2DMAS/00-论文优化重构/计算机与电子农业特刊实验工作区/06-实验一四样本代表集/E1_Representative4_PottedPlant_VFM/gt_masks/mask_KongQueZhuYu_0025.png,0.9868601883469434,0.9767672756840708,0.9817877935704898,0.9724994702600909,0.9642270907488458,18.34160041809082,0.34421496993160206,0.3459041039737654,2,0.3997099320478615,0.006986876740626356,0.004545114776234568
SAM_existing,KongQueZhuYu,0050,KongQueZhuYu_0050,/data/fj/F2DMAS/00-论文优化重构/计算机与电子农业特刊实验工作区/06-实验一四样本代表集/E1_Representative4_PottedPlant_VFM/method_masks/SAM_existing/mask_KongQueZhuYu_0050.png,/data/fj/F2DMAS/00-论文优化重构/计算机与电子农业特刊实验工作区/06-实验一四样本代表集/E1_Representative4_PottedPlant_VFM/gt_masks/mask_KongQueZhuYu_0050.png,0.9951444529179835,0.9708671129048637,0.9828558882596427,0.977952851625421,0.966289709506309,18.34160041809082,0.36909867101836086,0.23049696180555557,2,0.5940672529594716,0.001465406971283359,0.001119188850308642
SAM_existing,KongQueZhuYu,0075,KongQueZhuYu_0075,/data/fj/F2DMAS/00-论文优化重构/计算机与电子农业特刊实验工作区/06-实验一四样本代表集/E1_Representative4_PottedPlant_VFM/method_masks/SAM_existing/mask_KongQueZhuYu_0075.png,/data/fj/F2DMAS/00-论文优化重构/计算机与电子农业特刊实验工作区/06-实验一四样本代表集/E1_Representative4_PottedPlant_VFM/gt_masks/mask_KongQueZhuYu_0075.png,0.9964920052412417,0.9632883319434741,0.9796088911707136,0.9727920556833589,0.9600327587082144,50.99736785888672,0.3224749788631706,0.25855155285493825,2,0.2999912508440692,0.0012381602876916367,0.0009069974922839506
SAM_existing,KongQueZhuYu,0100,KongQueZhuYu_0100,/data/fj/F2DMAS/00-论文优化重构/计算机与电子农业特刊实验工作区/06-实验一四样本代表集/E1_Representative4_PottedPlant_VFM/method_masks/SAM_existing/mask_KongQueZhuYu_0100.png,/data/fj/F2DMAS/00-论文优化重构/计算机与电子农业特刊实验工作区/06-实验一四样本代表集/E1_Representative4_PottedPlant_VFM/gt_masks/mask_KongQueZhuYu_0100.png,0.9978044874661904,0.9731811960380676,0.9853390338158694,0.9794987748405634,0.9711017439859412,16.270099639892578,0.37706358120280764,0.2897785252700617,2,0.32971448703124107,0.0009051385005987087,0.0006362123842592592
SAM_existing,DouBanLv1,0000,DouBanLv1_0000,/data/fj/F2DMAS/00-论文优化重构/计算机与电子农业特刊实验工作区/06-实验一四样本代表集/E1_Representative4_PottedPlant_VFM/method_masks/SAM_existing/mask_DouBanLv1_0000.png,/data/fj/F2DMAS/00-论文优化重构/计算机与电子农业特刊实验工作区/06-实验一四样本代表集/E1_Representative4_PottedPlant_VFM/gt_masks/mask_DouBanLv1_0000.png,0.9983934011743,0.9780907996333991,0.9881378254419854,0.9845639559861543,0.9765537741082255,12.414999961853027,0.40841789316355814,0.23660915798611112,2,,0.0005011816633318137,0.00038013599537037036
SAM_existing,DouBanLv1,0025,DouBanLv1_0025,/data/fj/F2DMAS/00-论文优化重构/计算机与电子农业特刊实验工作区/06-实验一四样本代表集/E1_Representative4_PottedPlant_VFM/method_masks/SAM_existing/mask_DouBanLv1_0025.png,/data/fj/F2DMAS/00-论文优化重构/计算机与电子农业特刊实验工作区/06-实验一四样本代表集/E1_Representative4_PottedPlant_VFM/gt_masks/mask_DouBanLv1_0025.png,0.9869575861568426,0.977808765880906,0.9823618755440482,0.9791255983346798,0.9653351736102036,19.100000381469727,0.4598789100140045,0.16694552951388889,2,0.40867193845558186,0.0026186319286630143,0.0021773726851851854
SAM_existing,DouBanLv1,0075,DouBanLv1_0075,/data/fj/F2DMAS/00-论文优化重构/计算机与电子农业特刊实验工作区/06-实验一四样本代表集/E1_Representative4_PottedPlant_VFM/method_masks/SAM_existing/mask_DouBanLv1_0075.png,/data/fj/F2DMAS/00-论文优化重构/计算机与电子农业特刊实验工作区/06-实验一四样本代表集/E1_Representative4_PottedPlant_VFM/gt_masks/mask_DouBanLv1_0075.png,0.990472526444161,0.9779132574718746,0.9841528248028881,0.981315052528642,0.9688000802009673,13.784299850463867,0.4350457356360449,0.1623290412808642,2,0.5872785707643667,0.0018508990307741543,0.001546585648148148
SAM_existing,DouBanLv1,0100,DouBanLv1_0100,/data/fj/F2DMAS/00-论文优化重构/计算机与电子农业特刊实验工作区/06-实验一四样本代表集/E1_Representative4_PottedPlant_VFM/method_masks/SAM_existing/mask_DouBanLv1_0100.png,/data/fj/F2DMAS/00-论文优化重构/计算机与电子农业特刊实验工作区/06-实验一四样本代表集/E1_Representative4_PottedPlant_VFM/gt_masks/mask_DouBanLv1_0100.png,0.9847675829394293,0.9821546292179619,0.9834593704922275,0.9816893812795284,0.9674570223213178,13.945799827575684,0.4627780171728015,0.10980360243055555,2,0.4125684325412222,0.001879499085652755,0.0016725742669753086
SAM_existing,ChangShouHua2,0000,ChangShouHua2_0000,/data/fj/F2DMAS/00-论文优化重构/计算机与电子农业特刊实验工作区/06-实验一四样本代表集/E1_Representative4_PottedPlant_VFM/method_masks/SAM_existing/mask_ChangShouHua2_0000.png,/data/fj/F2DMAS/00-论文优化重构/计算机与电子农业特刊实验工作区/06-实验一四样本代表集/E1_Representative4_PottedPlant_VFM/gt_masks/mask_ChangShouHua2_0000.png,0.9951203767519841,0.9793850593714248,0.9871900187627972,0.9804850980654871,0.9747040778141726,16.235000610351562,0.429905934107236,0.3477580054012346,2,,0.0026241639730532383,0.0016969280478395061
SAM_existing,ChangShouHua2,0025,ChangShouHua2_0025,/data/fj/F2DMAS/00-论文优化重构/计算机与电子农业特刊实验工作区/06-实验一四样本代表集/E1_Representative4_PottedPlant_VFM/method_masks/SAM_existing/mask_ChangShouHua2_0025.png,/data/fj/F2DMAS/00-论文优化重构/计算机与电子农业特刊实验工作区/06-实验一四样本代表集/E1_Representative4_PottedPlant_VFM/gt_masks/mask_ChangShouHua2_0025.png,0.9926989712441446,0.9805358490566037,0.986579923091098,0.9825800864080461,0.9735152732520644,13.531499862670898,0.44058871069058564,0.23668354552469137,2,0.5187291227661243,0.002272590337566792,0.0017280333719135801
SAM_existing,ChangShouHua2,0050,ChangShouHua2_0050,/data/fj/F2DMAS/00-论文优化重构/计算机与电子农业特刊实验工作区/06-实验一四样本代表集/E1_Representative4_PottedPlant_VFM/method_masks/SAM_existing/mask_ChangShouHua2_0050.png,/data/fj/F2DMAS/00-论文优化重构/计算机与电子农业特刊实验工作区/06-实验一四样本代表集/E1_Representative4_PottedPlant_VFM/gt_masks/mask_ChangShouHua2_0050.png,0.9905436178728104,0.9780432395871115,0.9842537404996211,0.9806849293552524,0.9689956830200407,16.01729965209961,0.42560305374678536,0.19430097415123457,1,0.5096074543761521,0.002287535393756289,0.0018373842592592593
SAM_existing,ChangShouHua2,0075,ChangShouHua2_0075,/data/fj/F2DMAS/00-论文优化重构/计算机与电子农业特刊实验工作区/06-实验一四样本代表集/E1_Representative4_PottedPlant_VFM/method_masks/SAM_existing/mask_ChangShouHua2_0075.png,/data/fj/F2DMAS/00-论文优化重构/计算机与电子农业特刊实验工作区/06-实验一四样本代表集/E1_Representative4_PottedPlant_VFM/gt_masks/mask_ChangShouHua2_0075.png,0.9911475167025492,0.9659914624212491,0.9784078180930474,0.9724240836632194,0.9577283728490412,48.487327575683594,0.4553833693984412,0.22791642554012345,2,0.4329554716832902,0.0026334673015733136,0.002017626350308642
SAM_existing,ChangShouHua2,0100,ChangShouHua2_0100,/data/fj/F2DMAS/00-论文优化重构/计算机与电子农业特刊实验工作区/06-实验一四样本代表集/E1_Representative4_PottedPlant_VFM/method_masks/SAM_existing/mask_ChangShouHua2_0100.png,/data/fj/F2DMAS/00-论文优化重构/计算机与电子农业特刊实验工作区/06-实验一四样本代表集/E1_Representative4_PottedPlant_VFM/gt_masks/mask_ChangShouHua2_0100.png,0.994060406163125,0.9744176018427751,0.9841409994126019,0.9768768464834067,0.9687771618340185,16.43160057067871,0.40651089209528074,0.3198392891589506,2,0.4123749061174142,0.0028197686955746793,0.0018997154706790124
SAM_existing,CaoMei1,0000,CaoMei1_0000,/data/fj/F2DMAS/00-论文优化重构/计算机与电子农业特刊实验工作区/06-实验一四样本代表集/E1_Representative4_PottedPlant_VFM/method_masks/SAM_existing/mask_CaoMei1_0000.png,/data/fj/F2DMAS/00-论文优化重构/计算机与电子农业特刊实验工作区/06-实验一四样本代表集/E1_Representative4_PottedPlant_VFM/gt_masks/mask_CaoMei1_0000.png,0.9949172210465813,0.9730838998561904,0.9838794492616767,0.9813883136461179,0.9682703971952739,13.657899856567383,0.44292327498313877,0.14431218653549382,2,,0.0008604693263334163,0.0007335069444444444
SAM_existing,CaoMei1,0025,CaoMei1_0025,/data/fj/F2DMAS/00-论文优化重构/计算机与电子农业特刊实验工作区/06-实验一四样本代表集/E1_Representative4_PottedPlant_VFM/method_masks/SAM_existing/mask_CaoMei1_0025.png,/data/fj/F2DMAS/00-论文优化重构/计算机与电子农业特刊实验工作区/06-实验一四样本代表集/E1_Representative4_PottedPlant_VFM/gt_masks/mask_CaoMei1_0025.png,0.9971832371119079,0.976707575931697,0.9868392069544312,0.9848507562422792,0.9740203270084951,11.460000038146973,0.5186002687375586,0.1397487461419753,2,0.40289031314603635,0.000459149865391041,0.00039363908179012344
SAM_existing,CaoMei1,0050,CaoMei1_0050,/data/fj/F2DMAS/00-论文优化重构/计算机与电子农业特刊实验工作区/06-实验一四样本代表集/E1_Representative4_PottedPlant_VFM/method_masks/SAM_existing/mask_CaoMei1_0050.png,/data/fj/F2DMAS/00-论文优化重构/计算机与电子农业特刊实验工作区/06-实验一四样本代表集/E1_Representative4_PottedPlant_VFM/gt_masks/mask_CaoMei1_0050.png,0.9952905077170981,0.9608255160549637,0.9777543909259663,0.9762366174398781,0.9564769779853901,33.30035400390625,0.4779219736097209,0.08125458140432099,2,0.5479864918842369,0.00041783681379288013,0.00038266782407407406
SAM_existing,CaoMei1,0075,CaoMei1_0075,/data/fj/F2DMAS/00-论文优化重构/计算机与电子农业特刊实验工作区/06-实验一四样本代表集/E1_Representative4_PottedPlant_VFM/method_masks/SAM_existing/mask_CaoMei1_0075.png,/data/fj/F2DMAS/00-论文优化重构/计算机与电子农业特刊实验工作区/06-实验一四样本代表集/E1_Representative4_PottedPlant_VFM/gt_masks/mask_CaoMei1_0075.png,0.9947178302116273,0.9749822076359939,0.9847511473212915,0.9832862844736614,0.9699603646170596,11.874300003051758,0.5422132394951239,0.09912712191358025,2,0.08318895958959004,0.0005825185160545349,0.000523606288580247
SAM_existing,CaoMei1,0100,CaoMei1_0100,/data/fj/F2DMAS/00-论文优化重构/计算机与电子农业特刊实验工作区/06-实验一四样本代表集/E1_Representative4_PottedPlant_VFM/method_masks/SAM_existing/mask_CaoMei1_0100.png,/data/fj/F2DMAS/00-论文优化重构/计算机与电子农业特刊实验工作区/06-实验一四样本代表集/E1_Representative4_PottedPlant_VFM/gt_masks/mask_CaoMei1_0100.png,0.9966002422947411,0.9775739604552391,0.9869954176218209,0.9852635854218612,0.9743247313893705,12.414999961853027,0.49630297127634726,0.12638768325617283,2,0.11743421032980413,0.0004932402967357983,0.0004296875
