图像,提示词编号,提示词文本,总分,面积得分,连通域得分,边界得分,时序得分,前背景对比得分,下方泄漏得分,侧边泄漏得分,语义门控启用,语义门控总修正,目标框得分,垂直覆盖得分,花盆重叠惩罚,侧边干扰惩罚,中心先验得分,面积比例,连通域数量,边界密度,时序IoU,前背景对比,下方区域占比,侧边区域占比,SAM3原始分数
0000.jpg,P1,green plant,1.1873032927112432,0.36287255577043287,1.0,0.7260114403914032,1.0,0.9240293502807617,1.0,1.0,1,0.38472062342272373,0.6092652413198233,0.4195609891636566,0.0,0.0,0.9595681091132743,0.153334659529321,1,7.547775265383854,1.0,0.23100733757019043,0.0,0.0,0.349609;0.960938;0.343750
0000.jpg,P2,entire plant excluding pot,1.276095079488754,0.5531067476363494,1.0,0.7298686407140595,1.0,1.0,1.0,1.0,1,0.41950000181867214,0.6628112827262465,0.60377882745207,0.04793251581330824,0.0,0.9321561866710576,0.22847716531635803,1,7.402191140084062,1.0,0.2661300301551819,0.0031207109353109446,0.0,0.960938
0000.jpg,P3,leaves and stems,1.1874515739984102,0.36308254951945607,1.0,0.7271885467181899,1.0,0.9234828948974609,1.0,1.0,1,0.3847007757713889,0.6093243491693113,0.41928313420394553,0.0,0.0,0.9596628940541971,0.15341760706018517,1,7.503183445696754,1.0,0.23087072372436523,0.0,0.0,0.355469;0.314453;0.703125;0.376953
0000.jpg,P4,crop seedling,0.5904761904761905,0.0,1.0,0.9523809523809523,1.0,0.0,1.0,1.0,1,0.0,0.0,0.0,1.0,1.0,0.0,0.0,0,1.0,1.0,0.0,0.0,0.0,
0000.jpg,P5,plant body without background,0.5904761904761905,0.0,1.0,0.9523809523809523,1.0,0.0,1.0,1.0,1,0.0,0.0,0.0,1.0,1.0,0.0,0.0,0,1.0,1.0,0.0,0.0,0.0,
0001.jpg,P1,green plant,1.1610557964956447,0.3581702829543678,1.0,0.7270070930346263,0.889272487602787,0.919109046459198,1.0,1.0,1,0.38234401448544897,0.6092876111544581,0.4185526683431126,0.0,0.0,0.9375387027962837,0.15147726176697532,1,7.510047964617902,0.889272487602787,0.2297772616147995,0.0,0.0,0.351562;0.960938;0.324219
0001.jpg,P2,entire plant excluding pot,1.2538849910589518,0.5485738738474761,1.0,0.7314063061581043,0.907117635469971,1.0,1.0,1.0,1,0.4164654279638414,0.6635496012226447,0.6037999441184688,0.052047355908585655,0.0,0.9115328436716709,0.22668668016975307,1,7.344582390949069,0.907117635469971,0.26532283425331116,0.004999388372699085,0.0,0.945312
0001.jpg,P3,leaves and stems,1.1602295671179697,0.35795937353492724,1.0,0.7271647759423286,0.8880850815955263,0.9163462519645691,1.0,1.0,1,0.38231847051049933,0.609227505329934,0.4185526683431126,0.0,0.0,0.9374936334326216,0.15139395254629628,1,7.504082515661065,0.8880850815955263,0.22908656299114227,0.0,0.0,0.419922;0.312500;0.671875;0.361328
0001.jpg,P4,crop seedling,0.5904761904761905,0.0,1.0,0.9523809523809523,1.0,0.0,1.0,1.0,1,0.0,0.0,0.0,1.0,1.0,0.0,0.0,0,1.0,1.0,0.0,0.0,0.0,
0001.jpg,P5,plant body without background,0.5904761904761905,0.0,1.0,0.9523809523809523,1.0,0.0,1.0,1.0,1,0.0,0.0,0.0,1.0,1.0,0.0,0.0,0,1.0,1.0,0.0,0.0,0.0,
0002.jpg,P1,green plant,1.158973605423657,0.3488032798093451,1.0,0.7294633640983722,0.8784756882507907,0.9313717484474182,1.0,1.0,1,0.3813507893024717,0.6087100431674277,0.4173740803621958,0.0,0.0,0.9317493972867674,0.14777729552469135,1,7.417415300520683,0.8784756882507907,0.23284293711185455,0.0,0.0,0.343750;0.306641;0.964844
0002.jpg,P2,entire plant excluding pot,1.2504709994628935,0.5368453566963588,1.0,0.7325029622118677,0.9154078798604575,1.0,1.0,1.0,1,0.41351975970915683,0.6633504706980863,0.6046972269383135,0.06060851208923425,0.0,0.9068414774270053,0.22205391589506174,1,7.303643850951744,0.9154078798604575,0.2682431638240814,0.00958082401819086,0.0,0.957031
0002.jpg,P3,leaves and stems,1.1592137682213668,0.3491103346225971,1.0,0.7306753262318185,0.8796102449635693,0.9294305443763733,1.0,1.0,1,0.38144847818249505,0.6087992657847758,0.41765704584040747,0.0,0.0,0.9319046690655022,0.1478985821759259,1,7.371938372604467,0.8796102449635693,0.23235763609409332,0.0,0.0,0.558594;0.332031
0002.jpg,P4,crop seedling,0.5904761904761905,0.0,1.0,0.9523809523809523,1.0,0.0,1.0,1.0,1,0.0,0.0,0.0,1.0,1.0,0.0,0.0,0,1.0,1.0,0.0,0.0,0.0,
0002.jpg,P5,plant body without background,0.5904761904761905,0.0,1.0,0.9523809523809523,1.0,0.0,1.0,1.0,1,0.0,0.0,0.0,1.0,1.0,0.0,0.0,0,1.0,1.0,0.0,0.0,0.0,
0003.jpg,P1,green plant,1.1424305293088166,0.3278878413619316,1.0,0.730085920401389,0.8455332470042999,0.92330002784729,1.0,1.0,1,0.3770691219858346,0.6059651120647044,0.41029327199539967,0.0,0.0,0.9112854380401612,0.13951569733796296,1,7.394036018396762,0.8455332470042999,0.2308250069618225,0.0,0.0,0.968750
0003.jpg,P2,entire plant excluding pot,1.2327837992289945,0.5130327370487575,1.0,0.7327009264957504,0.8773380221775947,1.0,1.0,1.0,1,0.4081694620845739,0.6615105847077889,0.6026451983898793,0.06862336551975948,0.0,0.887516313825974,0.21264793113425925,1,7.296266835164157,0.8773380221775947,0.26735660433769226,0.013806655792337736,0.0,0.949219
0003.jpg,P3,leaves and stems,0.3904761904761905,0.0,1.0,0.9523809523809523,0.0,0.0,1.0,1.0,1,0.0,0.0,0.0,1.0,1.0,0.0,0.0,0,1.0,0.0,0.0,0.0,0.0,
0003.jpg,P4,crop seedling,0.5904761904761905,0.0,1.0,0.9523809523809523,1.0,0.0,1.0,1.0,1,0.0,0.0,0.0,1.0,1.0,0.0,0.0,0,1.0,1.0,0.0,0.0,0.0,
0003.jpg,P5,plant body without background,0.5904761904761905,0.0,1.0,0.9523809523809523,1.0,0.0,1.0,1.0,1,0.0,0.0,0.0,1.0,1.0,0.0,0.0,0,1.0,1.0,0.0,0.0,0.0,
0004.jpg,P1,green plant,0.8328512587334127,0.30980792897327714,1.0,0.7316343519634327,0.7860795654794386,0.8965067267417908,1.0,1.0,1,0.08804554410182489,0.0,0.0058309037900874635,0.0,0.0,0.8699598141960914,0.13237413194444445,1,7.336059257370137,0.7860795654794386,0.2241266816854477,0.0,0.0,0.960938
0004.jpg,P2,entire plant excluding pot,0.9300763324436445,0.48958608034458506,1.0,0.7323835686860438,0.8177659546448232,1.0,1.0,1.0,1,0.12212921170855412,0.0,0.32847424684159376,0.07270495189893827,0.0,0.8481533284674871,0.2033865017361111,1,7.308094904261219,0.8177659546448232,0.26150500774383545,0.015433597179319834,0.0,0.953125
0004.jpg,P3,leaves and stems,0.6755361410385433,0.31009850171901865,1.0,0.7320515652415522,0.0,0.8951783180236816,1.0,1.0,1,0.0880704640416928,0.0,0.0058309037900874635,0.0,0.0,0.8702090135947705,0.13248890817901235,1,7.320479798988858,0.0,0.2237945795059204,0.0,0.0,0.660156
0004.jpg,P4,crop seedling,0.5904761904761905,0.0,1.0,0.9523809523809523,1.0,0.0,1.0,1.0,1,0.0,0.0,0.0,1.0,1.0,0.0,0.0,0,1.0,1.0,0.0,0.0,0.0,
0004.jpg,P5,plant body without background,0.5904761904761905,0.0,1.0,0.9523809523809523,1.0,0.0,1.0,1.0,1,0.0,0.0,0.0,1.0,1.0,0.0,0.0,0,1.0,1.0,0.0,0.0,0.0,
0005.jpg,P1,green plant,1.0933068922279925,0.28564521800281284,1.0,0.7318915745363024,0.8127433710166796,0.8667801022529602,1.0,1.0,1,0.3538948390662414,0.5855900699388823,0.3467362924281984,0.0,0.0,0.8652578195055696,0.1228298611111111,1,7.326452026273442,0.8127433710166796,0.21669502556324005,0.0,0.0,0.960938
0005.jpg,P2,entire plant excluding pot,1.1857896240161074,0.4572903847280825,1.0,0.7324582568802384,0.868500027157367,1.0,0.934794998374176,1.0,1,0.3741398902629699,0.6328342259466953,0.5161879895561358,0.08275954537146486,0.0,0.8456193667296158,0.1906297019675926,1,7.305310319233836,0.868500027157367,0.2514033019542694,0.021395065265416065,0.0,0.960938
0005.jpg,P3,leaves and stems,1.0935148057839539,0.2860426189639006,1.0,0.7335054024154166,0.8134654011027899,0.8647679686546326,1.0,1.0,1,0.3539585275566059,0.5856994518303824,0.3467362924281984,0.0,0.0,0.8655118677889633,0.12298683449074074,1,7.266329510512745,0.8134654011027899,0.21619199216365814,0.0,0.0,0.761719
0005.jpg,P4,crop seedling,0.5904761904761905,0.0,1.0,0.9523809523809523,1.0,0.0,1.0,1.0,1,0.0,0.0,0.0,1.0,1.0,0.0,0.0,0,1.0,1.0,0.0,0.0,0.0,
0005.jpg,P5,plant body without background,0.9308108289720033,0.285659868729489,1.0,0.7318431313647372,0.0,0.8670401573181152,1.0,1.0,1,0.353902197489535,0.5855941024510113,0.3467362924281984,0.0,0.0,0.8653172899460536,0.12283564814814815,1,7.328260856536437,0.0,0.2167600393295288,0.0,0.0,0.330078
0006.jpg,P1,green plant,1.1022830743876368,0.2613610280903266,1.0,0.7334529934775886,0.7736253085441246,0.8741222620010376,1.0,1.0,1,0.3737707559650213,0.6112433954867235,0.3898617511520737,0.0,0.0,0.8966045233729482,0.11323760609567901,1,7.268277828102038,0.7736253085441246,0.2185305655002594,0.0,0.0,0.964844
0006.jpg,P2,entire plant excluding pot,1.1940118796047579,0.4240326247265197,1.0,0.7393953204726146,0.80608045200574,0.9996966123580933,0.6155827810415839,1.0,1,0.40017087769216425,0.6743670859839229,0.5870967741935483,0.0978802429294449,0.0,0.87829051121786,0.1774928867669753,1,7.049129804089354,0.80608045200574,0.24992415308952332,0.03248953774528816,0.0,0.953125
0006.jpg,P3,leaves and stems,0.3904761904761905,0.0,1.0,0.9523809523809523,0.0,0.0,1.0,1.0,1,0.0,0.0,0.0,1.0,1.0,0.0,0.0,0,1.0,0.0,0.0,0.0,0.0,
0006.jpg,P4,crop seedling,0.5904761904761905,0.0,1.0,0.9523809523809523,1.0,0.0,1.0,1.0,1,0.0,0.0,0.0,1.0,1.0,0.0,0.0,0,1.0,1.0,0.0,0.0,0.0,
0006.jpg,P5,plant body without background,0.3904761904761905,0.0,1.0,0.9523809523809523,0.0,0.0,1.0,1.0,1,0.0,0.0,0.0,1.0,1.0,0.0,0.0,0,1.0,0.0,0.0,0.0,0.0,
0007.jpg,P1,green plant,1.1014034124109022,0.26267440469213943,1.0,0.7373815589645953,0.858538087721844,0.8627506494522095,1.0,1.0,1,0.35713447224474454,0.5883005828988996,0.35724411681315565,0.0,0.0,0.869253272037616,0.11375638985339506,1,7.122999967728078,0.858538087721844,0.21568766236305237,0.0,0.0,0.968750
0007.jpg,P2,entire plant excluding pot,1.1846199928486427,0.4302970312744179,1.0,0.7377525707721245,0.8846127442754497,0.9900441765785217,0.5491983075791023,1.0,1,0.37607868826854,0.6396951848466874,0.542103770910122,0.10272046819197961,0.0,0.8542283526597136,0.17996732735339507,1,7.109359956642645,0.8846127442754497,0.24751104414463043,0.036416718194491805,0.0,0.960938
0007.jpg,P3,leaves and stems,0.5904761904761905,0.0,1.0,0.9523809523809523,1.0,0.0,1.0,1.0,1,0.0,0.0,0.0,1.0,1.0,0.0,0.0,0,1.0,1.0,0.0,0.0,0.0,
0007.jpg,P4,crop seedling,0.5904761904761905,0.0,1.0,0.9523809523809523,1.0,0.0,1.0,1.0,1,0.0,0.0,0.0,1.0,1.0,0.0,0.0,0,1.0,1.0,0.0,0.0,0.0,
0007.jpg,P5,plant body without background,0.5904761904761905,0.0,1.0,0.9523809523809523,1.0,0.0,1.0,1.0,1,0.0,0.0,0.0,1.0,1.0,0.0,0.0,0,1.0,1.0,0.0,0.0,0.0,
0008.jpg,P1,green plant,1.1001146498584398,0.2656579641350211,1.0,0.7347941279683683,0.942382562499872,0.8213595151901245,1.0,1.0,1,0.3472758158997626,0.5746409963783321,0.329242819843342,0.0,0.0,0.868877595955448,0.11493489583333333,1,7.218508203512708,0.942382562499872,0.20533987879753113,0.0,0.0,0.960938
0008.jpg,P2,entire plant excluding pot,1.1793979052799395,0.439104559794499,1.0,0.7351267190713541,0.9489117496639526,0.9683364629745483,0.48542119283469715,1.0,1,0.36110200697906875,0.6191336590871793,0.5049608355091384,0.10729788896651303,0.0,0.8570164259686497,0.18344630111882715,1,7.206193818209899,0.9489117496639526,0.24208411574363708,0.04120133256483241,0.0,0.933594
0008.jpg,P3,leaves and stems,0.9116606240988636,0.2665354816182215,1.0,0.7354467893092018,0.0,0.8193997144699097,1.0,1.0,1,0.34738422701939703,0.5748660978814935,0.329242819843342,0.0,0.0,0.8691738518907277,0.11528151523919752,1,7.1943535422675655,0.0,0.20484992861747742,0.0,0.0,0.357422
0008.jpg,P4,crop seedling,0.5904761904761905,0.0,1.0,0.9523809523809523,1.0,0.0,1.0,1.0,1,0.0,0.0,0.0,1.0,1.0,0.0,0.0,0,1.0,1.0,0.0,0.0,0.0,
0008.jpg,P5,plant body without background,0.5904761904761905,0.0,1.0,0.9523809523809523,1.0,0.0,1.0,1.0,1,0.0,0.0,0.0,1.0,1.0,0.0,0.0,0,1.0,1.0,0.0,0.0,0.0,
0009.jpg,P1,green plant,1.076934752908883,0.2667509693897483,1.0,0.7298660731500642,0.8303195515738034,0.8175256252288818,1.0,1.0,1,0.3480423090403834,0.5738181157274814,0.3276762402088773,0.0,0.0,0.8822424529816701,0.11536663290895062,1,7.402287537055988,0.8303195515738034,0.20438140630722046,0.0,0.0,0.953125
0009.jpg,P2,entire plant excluding pot,1.1600408734533596,0.44482139543288013,1.0,0.7313264759312806,0.8488722176800424,0.9992391467094421,0.30429423734170963,1.0,1,0.3551890263026306,0.6188242416705765,0.5075718015665797,0.13369802253706567,0.0,0.8734702419706419,0.18570445119598766,1,7.347567274289833,0.8488722176800424,0.24980978667736053,0.06572585854638069,0.0,0.910156
0009.jpg,P3,leaves and stems,0.3904761904761905,0.0,1.0,0.9523809523809523,0.0,0.0,1.0,1.0,1,0.0,0.0,0.0,1.0,1.0,0.0,0.0,0,1.0,0.0,0.0,0.0,0.0,
0009.jpg,P4,crop seedling,0.5904761904761905,0.0,1.0,0.9523809523809523,1.0,0.0,1.0,1.0,1,0.0,0.0,0.0,1.0,1.0,0.0,0.0,0,1.0,1.0,0.0,0.0,0.0,
0009.jpg,P5,plant body without background,0.5904761904761905,0.0,1.0,0.9523809523809523,1.0,0.0,1.0,1.0,1,0.0,0.0,0.0,1.0,1.0,0.0,0.0,0,1.0,1.0,0.0,0.0,0.0,
0010.jpg,P1,green plant,1.0830872356608705,0.28248523939287384,1.0,0.727525887967523,0.6256995902134298,0.8243802785873413,1.0,1.0,1,0.39106903642863683,0.6383502677839169,0.47860066989207295,0.0,0.0,0.8149832212369277,0.12158166956018518,1,7.490430692265352,0.6256995902134298,0.20609506964683533,0.0,0.0,0.968750
0010.jpg,P2,entire plant excluding pot,1.1899313888834164,0.4692530082825441,1.0,0.731745667364342,0.6860597796950042,1.0,0.17388829567466343,1.0,1,0.41251969781503833,0.7222983786993321,0.7413472273911426,0.1828645874476657,0.0,0.8113214057416618,0.19535493827160494,1,7.331900811982319,0.6860597796950042,0.2529514729976654,0.11501636681412433,0.0,0.949219
0010.jpg,P3,leaves and stems,0.5904761904761905,0.0,1.0,0.9523809523809523,1.0,0.0,1.0,1.0,1,0.0,0.0,0.0,1.0,1.0,0.0,0.0,0,1.0,1.0,0.0,0.0,0.0,
0010.jpg,P4,crop seedling,0.5904761904761905,0.0,1.0,0.9523809523809523,1.0,0.0,1.0,1.0,1,0.0,0.0,0.0,1.0,1.0,0.0,0.0,0,1.0,1.0,0.0,0.0,0.0,
0010.jpg,P5,plant body without background,0.5904761904761905,0.0,1.0,0.9523809523809523,1.0,0.0,1.0,1.0,1,0.0,0.0,0.0,1.0,1.0,0.0,0.0,0,1.0,1.0,0.0,0.0,0.0,
0011.jpg,P1,green plant,1.05353758209588,0.29798082464056885,1.0,0.7133315483230739,0.7343655110168666,0.8040758371353149,1.0,0.3202948291502873,1,0.3435868378727153,0.5874501990058295,0.34308093994778066,0.0,0.0,0.7622469903007449,0.1277024257330247,1,8.03745333711475,0.7343655110168666,0.20101895928382874,0.0,0.012488493837417333,0.964844
0011.jpg,P2,entire plant excluding pot,1.129458499648947,0.49866190029692137,1.0,0.721262010641328,0.7715093834804877,0.9717932939529419,0.15197248620105078,0.5064770615134976,1,0.33681318197461124,0.6417333652130148,0.5336814621409922,0.1997094432121088,0.0,0.760566739283101,0.20697145061728395,1,7.729174287463862,0.7715093834804877,0.24294832348823547,0.13160276902715903,0.007897692322031054,0.964844
0011.jpg,P3,leaves and stems,0.5904761904761905,0.0,1.0,0.9523809523809523,1.0,0.0,1.0,1.0,1,0.0,0.0,0.0,1.0,1.0,0.0,0.0,0,1.0,1.0,0.0,0.0,0.0,
0011.jpg,P4,crop seedling,0.5904761904761905,0.0,1.0,0.9523809523809523,1.0,0.0,1.0,1.0,1,0.0,0.0,0.0,1.0,1.0,0.0,0.0,0,1.0,1.0,0.0,0.0,0.0,
0011.jpg,P5,plant body without background,0.5904761904761905,0.0,1.0,0.9523809523809523,1.0,0.0,1.0,1.0,1,0.0,0.0,0.0,1.0,1.0,0.0,0.0,0,1.0,1.0,0.0,0.0,0.0,
0012.jpg,P1,green plant,1.0679883130216081,0.2998005669831223,1.0,0.7280308700069575,0.7691678617172418,0.83858722448349,1.0,0.23606338301290933,1,0.3408710083834459,0.5880645778960081,0.34464751958224543,0.0,0.0,0.7301185259503891,0.12842122395833333,1,7.471362580832414,0.7691678617172418,0.2096468061208725,0.0,0.0169446016953051,0.957031
0012.jpg,P2,entire plant excluding pot,1.1375944342896418,0.5074196773909986,1.0,0.7331756864154244,0.8151100620852291,0.9934507012367249,0.1285435899324287,0.3853611525086935,1,0.32776320886396637,0.6443024493262236,0.5383812010443865,0.22512414081151738,0.0,0.728859776552538,0.21043077256944445,1,7.27859143527,0.8151100620852291,0.2483626753091812,0.15558924416622694,0.010379873461453182,0.953125
0012.jpg,P3,leaves and stems,0.5904761904761905,0.0,1.0,0.9523809523809523,1.0,0.0,1.0,1.0,1,0.0,0.0,0.0,1.0,1.0,0.0,0.0,0,1.0,1.0,0.0,0.0,0.0,
0012.jpg,P4,crop seedling,0.5904761904761905,0.0,1.0,0.9523809523809523,1.0,0.0,1.0,1.0,1,0.0,0.0,0.0,1.0,1.0,0.0,0.0,0,1.0,1.0,0.0,0.0,0.0,
0012.jpg,P5,plant body without background,0.5904761904761905,0.0,1.0,0.9523809523809523,1.0,0.0,1.0,1.0,1,0.0,0.0,0.0,1.0,1.0,0.0,0.0,0,1.0,1.0,0.0,0.0,0.0,
0013.jpg,P1,green plant,1.1507592741938653,0.3054765026761993,1.0,0.7382798941285819,0.9503444720651352,0.8639275431632996,1.0,0.2427670941367531,1,0.3791535917872221,0.6323144048291688,0.47004279600570614,0.0,0.0,0.7323584681598594,0.13066321855709875,1,7.0899968413831935,0.9503444720651352,0.2159818857908249,0.0,0.016476697611031092,0.960938
0013.jpg,P2,entire plant excluding pot,1.2301569051001686,0.5139990745624317,1.0,0.7397076486086603,0.9555937380467058,1.0,0.12586255898851392,0.394057314897413,1,0.3882968128566089,0.715721682082977,0.7375178316690443,0.22785835276886254,0.0,0.733985202577977,0.2130296344521605,1,7.037708799711127,0.9555937380467058,0.2531275451183319,0.15890349092477277,0.010150807633253402,0.941406
0013.jpg,P3,leaves and stems,0.5904761904761905,0.0,1.0,0.9523809523809523,1.0,0.0,1.0,1.0,1,0.0,0.0,0.0,1.0,1.0,0.0,0.0,0,1.0,1.0,0.0,0.0,0.0,
0013.jpg,P4,crop seedling,0.5904761904761905,0.0,1.0,0.9523809523809523,1.0,0.0,1.0,1.0,1,0.0,0.0,0.0,1.0,1.0,0.0,0.0,0,1.0,1.0,0.0,0.0,0.0,
0013.jpg,P5,plant body without background,0.5904761904761905,0.0,1.0,0.9523809523809523,1.0,0.0,1.0,1.0,1,0.0,0.0,0.0,1.0,1.0,0.0,0.0,0,1.0,1.0,0.0,0.0,0.0,
0014.jpg,P1,green plant,1.1074065516476537,0.30125678817002655,1.0,0.7337699152647632,0.8087354595866579,0.7965525388717651,1.0,0.43160467930617186,1,0.37934361126901106,0.6259478922361005,0.46894297130403195,0.0,0.0,0.7585211415165015,0.1289964313271605,1,7.256500415097394,0.8087354595866579,0.19913813471794128,0.0,0.009267740114472853,0.960938
0014.jpg,P2,entire plant excluding pot,1.1963625978858325,0.5038723701945615,1.0,0.7366402481117398,0.8402375200018504,0.9272037744522095,0.14674354633939907,0.6868475784886601,1,0.39477181533376016,0.7040896444141631,0.7413730475844533,0.20452596213464838,0.0,0.7625107986399597,0.20902958622685186,1,7.15029493876668,0.8402375200018504,0.23180094361305237,0.13629219477729232,0.0058237083819988175,0.925781
0014.jpg,P3,leaves and stems,0.5904761904761905,0.0,1.0,0.9523809523809523,1.0,0.0,1.0,1.0,1,0.0,0.0,0.0,1.0,1.0,0.0,0.0,0,1.0,1.0,0.0,0.0,0.0,
0014.jpg,P4,crop seedling,0.5904761904761905,0.0,1.0,0.9523809523809523,1.0,0.0,1.0,1.0,1,0.0,0.0,0.0,1.0,1.0,0.0,0.0,0,1.0,1.0,0.0,0.0,0.0,
0014.jpg,P5,plant body without background,0.5904761904761905,0.0,1.0,0.9523809523809523,1.0,0.0,1.0,1.0,1,0.0,0.0,0.0,1.0,1.0,0.0,0.0,0,1.0,1.0,0.0,0.0,0.0,
0015.jpg,P1,green plant,1.0452902601581036,0.2853696012072199,1.0,0.7244219355442264,0.798043535174685,0.7222288250923157,1.0,1.0,1,0.33927748075441433,0.5724440807481654,0.32715404699738904,0.0,0.0,0.8003432403302642,0.12272099247685185,1,7.608219766253871,0.798043535174685,0.18055720627307892,0.0,0.0,0.968750
0015.jpg,P2,entire plant excluding pot,1.1086989100097193,0.47952164156508825,1.0,0.7326292114443722,0.8246769300042388,0.8515333533287048,0.15767500166827136,1.0,1,0.33102668274123853,0.6177153949142811,0.5201044386422976,0.19717290560128659,0.0,0.8035936724601257,0.19941104841820986,1,7.298938791384216,0.8246769300042388,0.2128833383321762,0.12684318876417403,0.0,0.925781
0015.jpg,P3,leaves and stems,0.5904761904761905,0.0,1.0,0.9523809523809523,1.0,0.0,1.0,1.0,1,0.0,0.0,0.0,1.0,1.0,0.0,0.0,0,1.0,1.0,0.0,0.0,0.0,
0015.jpg,P4,crop seedling,0.5904761904761905,0.0,1.0,0.9523809523809523,1.0,0.0,1.0,1.0,1,0.0,0.0,0.0,1.0,1.0,0.0,0.0,0,1.0,1.0,0.0,0.0,0.0,
0015.jpg,P5,plant body without background,0.5904761904761905,0.0,1.0,0.9523809523809523,1.0,0.0,1.0,1.0,1,0.0,0.0,0.0,1.0,1.0,0.0,0.0,0,1.0,1.0,0.0,0.0,0.0,
0016.jpg,P1,green plant,1.054710285050493,0.2640924729449914,1.0,0.7359051695210101,0.7488520868802558,0.5999163389205933,1.0,1.0,1,0.3849570713971229,0.6268928464749481,0.443791329904482,0.0,0.0,0.8566213574808428,0.1143165268132716,1,7.177414738121358,0.7488520868802558,0.14997908473014832,0.0,0.0,0.964844
0016.jpg,P2,entire plant excluding pot,1.1311675308989946,0.4463444605602437,1.0,0.7439034961046055,0.7730070869475584,0.6945388913154602,0.15143512325625838,1.0,1,0.39960874391342116,0.7068021761310774,0.7105069801616458,0.20518126936116488,0.0,0.8589110664679729,0.18630606192129628,1,6.8852076979453525,0.7730070869475584,0.17363472282886505,0.13206975746409913,0.0,0.921875
0016.jpg,P3,leaves and stems,0.5904761904761905,0.0,1.0,0.9523809523809523,1.0,0.0,1.0,1.0,1,0.0,0.0,0.0,1.0,1.0,0.0,0.0,0,1.0,1.0,0.0,0.0,0.0,
0016.jpg,P4,crop seedling,0.5904761904761905,0.0,1.0,0.9523809523809523,1.0,0.0,1.0,1.0,1,0.0,0.0,0.0,1.0,1.0,0.0,0.0,0,1.0,1.0,0.0,0.0,0.0,
0016.jpg,P5,plant body without background,0.5904761904761905,0.0,1.0,0.9523809523809523,1.0,0.0,1.0,1.0,1,0.0,0.0,0.0,1.0,1.0,0.0,0.0,0,1.0,1.0,0.0,0.0,0.0,
0017.jpg,P1,green plant,1.0362001283576516,0.24558921560009384,1.0,0.7399188987432014,0.6905412673036828,0.5415355563163757,1.0,1.0,1,0.3926831407649809,0.6355225350981477,0.4286241239395057,0.0,0.0,0.9309791117151824,0.10700774016203704,1,7.02998941366581,0.6905412673036828,0.13538388907909393,0.0,0.0,0.964844
0017.jpg,P2,entire plant excluding pot,1.096805073090393,0.4176348355211752,1.0,0.7439591037494393,0.7168232502231587,0.5723163485527039,0.1497207764406089,1.0,1,0.40665836548109774,0.7215896094885396,0.6897823681298414,0.21045095353202373,0.0,0.9307646195634455,0.1749657600308642,1,6.883198147859308,0.7168232502231587,0.14307908713817596,0.13358199493397352,0.0,0.933594
0017.jpg,P3,leaves and stems,0.5904761904761905,0.0,1.0,0.9523809523809523,1.0,0.0,1.0,1.0,1,0.0,0.0,0.0,1.0,1.0,0.0,0.0,0,1.0,1.0,0.0,0.0,0.0,
0017.jpg,P4,crop seedling,0.5904761904761905,0.0,1.0,0.9523809523809523,1.0,0.0,1.0,1.0,1,0.0,0.0,0.0,1.0,1.0,0.0,0.0,0,1.0,1.0,0.0,0.0,0.0,
0017.jpg,P5,plant body without background,0.5904761904761905,0.0,1.0,0.9523809523809523,1.0,0.0,1.0,1.0,1,0.0,0.0,0.0,1.0,1.0,0.0,0.0,0,1.0,1.0,0.0,0.0,0.0,
0018.jpg,P1,green plant,1.0520357177866426,0.23631500039068598,1.0,0.7416272487595024,0.8262085091773848,0.488470196723938,1.0,1.0,1,0.39351152677634027,0.6319184548867448,0.4241520685799478,0.0,0.0,0.9599269522158903,0.10334442515432099,1,6.967725408489778,0.8262085091773848,0.1221175491809845,0.0,0.0,0.957031
0018.jpg,P2,entire plant excluding pot,1.1148579006510935,0.40543200109392086,1.0,0.7447282756671955,0.8583688507295538,0.5090768337249756,0.1639736946064648,1.0,1,0.41133670840796444,0.7171897512420353,0.6906448005963474,0.19954990448224844,0.0,0.9586920271058406,0.17014564043209876,1,6.855432583222624,0.8583688507295538,0.1272692084312439,0.12197078347231119,0.0,0.937500
0018.jpg,P3,leaves and stems,0.887143028476786,0.2367859602086264,1.0,0.7435255715459712,0.0,0.48607563972473145,1.0,1.0,1,0.39386559418092026,0.6321559198018037,0.4256429370108088,0.0,0.0,0.9599529358834338,0.10353045428240741,1,6.898873105890784,0.0,0.12151890993118286,0.0,0.0,0.355469
0018.jpg,P4,crop seedling,0.5904761904761905,0.0,1.0,0.9523809523809523,1.0,0.0,1.0,1.0,1,0.0,0.0,0.0,1.0,1.0,0.0,0.0,0,1.0,1.0,0.0,0.0,0.0,
0018.jpg,P5,plant body without background,0.5904761904761905,0.0,1.0,0.9523809523809523,1.0,0.0,1.0,1.0,1,0.0,0.0,0.0,1.0,1.0,0.0,0.0,0,1.0,1.0,0.0,0.0,0.0,
0019.jpg,P1,green plant,1.074808049539285,0.24239840941944046,1.0,0.7303941158040322,0.9359469813671253,0.4638787508010864,1.0,1.0,1,0.4002843980609481,0.6503452704141154,0.43031423290203324,0.0,0.0,0.9520699149364176,0.10574737172067901,1,7.382476894660644,0.9359469813671253,0.1159696877002716,0.0,0.0,0.968750
0019.jpg,P2,entire plant excluding pot,1.133268547462511,0.4195504180340678,1.0,0.7385412389428982,0.9416404906405902,0.45723915100097656,0.1538969664333154,1.0,1,0.42187428773880453,0.7498315900402779,0.7027726432532347,0.20685044102552844,0.0,0.9498928774678356,0.1757224151234568,1,7.080410605949032,0.9416404906405902,0.11430978775024414,0.12995707754035643,0.0,0.914062
0019.jpg,P3,leaves and stems,0.3904761904761905,0.0,1.0,0.9523809523809523,0.0,0.0,1.0,1.0,1,0.0,0.0,0.0,1.0,1.0,0.0,0.0,0,1.0,0.0,0.0,0.0,0.0,
0019.jpg,P4,crop seedling,0.5904761904761905,0.0,1.0,0.9523809523809523,1.0,0.0,1.0,1.0,1,0.0,0.0,0.0,1.0,1.0,0.0,0.0,0,1.0,1.0,0.0,0.0,0.0,
0019.jpg,P5,plant body without background,0.5904761904761905,0.0,1.0,0.9523809523809523,1.0,0.0,1.0,1.0,1,0.0,0.0,0.0,1.0,1.0,0.0,0.0,0,1.0,1.0,0.0,0.0,0.0,
0020.jpg,P1,green plant,1.0360401007529911,0.24711624863259884,1.0,0.7276000042661859,0.7838930599012935,0.43213093280792236,1.0,1.0,1,0.3978920516313912,0.6322578073578045,0.4296081277213353,0.0,0.0,0.992723560663193,0.10761091820987655,1,7.487630405075122,0.7838930599012935,0.10803273320198059,0.0,0.0,0.964844
0020.jpg,P2,entire plant excluding pot,1.0840190843890434,0.42853009259259256,1.0,0.7340252969146884,0.8131516185664838,0.4069851040840149,0.13017969471596852,1.0,1,0.4074806619574874,0.7203287211844418,0.6999274310595065,0.2316454283047241,0.0,0.9887230044363883,0.17926938657407407,1,7.247017349491274,0.8131516185664838,0.10174627602100372,0.15363379091982687,0.0,0.949219
0020.jpg,P3,leaves and stems,0.5904761904761905,0.0,1.0,0.9523809523809523,1.0,0.0,1.0,1.0,1,0.0,0.0,0.0,1.0,1.0,0.0,0.0,0,1.0,1.0,0.0,0.0,0.0,
0020.jpg,P4,crop seedling,0.5904761904761905,0.0,1.0,0.9523809523809523,1.0,0.0,1.0,1.0,1,0.0,0.0,0.0,1.0,1.0,0.0,0.0,0,1.0,1.0,0.0,0.0,0.0,
0020.jpg,P5,plant body without background,0.5904761904761905,0.0,1.0,0.9523809523809523,1.0,0.0,1.0,1.0,1,0.0,0.0,0.0,1.0,1.0,0.0,0.0,0,1.0,1.0,0.0,0.0,0.0,
0021.jpg,P1,green plant,1.0242708768817277,0.24563774613220812,1.0,0.7242937587967867,0.8088335851399229,0.37886717915534973,1.0,1.0,1,0.3927444230368741,0.6245438985381183,0.4229263082947668,0.0,0.0,0.9802732305547467,0.10702690972222222,1,7.6131055350034424,0.8088335851399229,0.09471679478883743,0.0,0.0,0.953125
0021.jpg,P2,entire plant excluding pot,1.0664055242535972,0.42922752822706667,1.0,0.7358796290067334,0.8434684956724637,0.35757794976234436,0.11178503469785282,1.0,1,0.3931748037198757,0.7089308061393418,0.6902812388750444,0.25881587438230963,0.0,0.9844316088829099,0.17954487364969135,1,7.17835799721125,0.8434684956724637,0.08939448744058609,0.17891482571042366,0.0,0.875000
0021.jpg,P3,leaves and stems,0.5904761904761905,0.0,1.0,0.9523809523809523,1.0,0.0,1.0,1.0,1,0.0,0.0,0.0,1.0,1.0,0.0,0.0,0,1.0,1.0,0.0,0.0,0.0,
0021.jpg,P4,crop seedling,0.5904761904761905,0.0,1.0,0.9523809523809523,1.0,0.0,1.0,1.0,1,0.0,0.0,0.0,1.0,1.0,0.0,0.0,0,1.0,1.0,0.0,0.0,0.0,
0021.jpg,P5,plant body without background,0.5904761904761905,0.0,1.0,0.9523809523809523,1.0,0.0,1.0,1.0,1,0.0,0.0,0.0,1.0,1.0,0.0,0.0,0,1.0,1.0,0.0,0.0,0.0,
0022.jpg,P1,green plant,1.0236773952678777,0.2412174998046569,1.0,0.7150999731674057,0.8830054673440342,0.3229302763938904,1.0,1.0,1,0.39122675192588013,0.6275703860440152,0.4205110007097232,0.0,0.0,0.958851366827247,0.1052809124228395,1,7.968117396807647,0.8830054673440342,0.0807325690984726,0.0,0.0,0.960938
0022.jpg,P2,entire plant excluding pot,1.0708116834366694,0.4266648719526488,1.0,0.7264190745009637,0.8984878130786877,0.3437804579734802,0.10865500251308824,1.0,1,0.39174123993551346,0.7163305322374378,0.6891412349183819,0.2646693962335758,0.0,0.9638095023717422,0.1785326244212963,1,7.532316677862053,0.8984878130786877,0.08594511449337006,0.18406883748947375,0.0,0.929688
0022.jpg,P3,leaves and stems,0.5904761904761905,0.0,1.0,0.9523809523809523,1.0,0.0,1.0,1.0,1,0.0,0.0,0.0,1.0,1.0,0.0,0.0,0,1.0,1.0,0.0,0.0,0.0,
0022.jpg,P4,crop seedling,0.5904761904761905,0.0,1.0,0.9523809523809523,1.0,0.0,1.0,1.0,1,0.0,0.0,0.0,1.0,1.0,0.0,0.0,0,1.0,1.0,0.0,0.0,0.0,
0022.jpg,P5,plant body without background,0.5904761904761905,0.0,1.0,0.9523809523809523,1.0,0.0,1.0,1.0,1,0.0,0.0,0.0,1.0,1.0,0.0,0.0,0,1.0,1.0,0.0,0.0,0.0,
0023.jpg,P1,green plant,0.9684338368421246,0.2372468476519768,1.0,0.7257974514486981,0.7896300104684799,0.2780972421169281,1.0,1.0,1,0.3622795265049079,0.5846659690505689,0.33408260747400953,0.0,0.0,0.9751156799188706,0.10371250482253086,1,7.555897254915715,0.7896300104684799,0.06952431052923203,0.0,0.0,0.960938
0023.jpg,P2,entire plant excluding pot,1.0070618667285736,0.4228846792467573,1.0,0.733001112827588,0.8443034499664502,0.2778119742870331,0.12633500668912148,1.0,1,0.35146162346300786,0.644526607243318,0.5493116043832538,0.23730213642269735,0.0,0.9819186306567009,0.17703944830246915,1,7.285088180629102,0.8443034499664502,0.06945299357175827,0.15830924875173313,0.0,0.894531
0023.jpg,P3,leaves and stems,0.5904761904761905,0.0,1.0,0.9523809523809523,1.0,0.0,1.0,1.0,1,0.0,0.0,0.0,1.0,1.0,0.0,0.0,0,1.0,1.0,0.0,0.0,0.0,
0023.jpg,P4,crop seedling,0.5904761904761905,0.0,1.0,0.9523809523809523,1.0,0.0,1.0,1.0,1,0.0,0.0,0.0,1.0,1.0,0.0,0.0,0,1.0,1.0,0.0,0.0,0.0,
0023.jpg,P5,plant body without background,0.5904761904761905,0.0,1.0,0.9523809523809523,1.0,0.0,1.0,1.0,1,0.0,0.0,0.0,1.0,1.0,0.0,0.0,0,1.0,1.0,0.0,0.0,0.0,
0024.jpg,P1,green plant,0.9482220198064535,0.2285021951672137,1.0,0.7086873258742715,0.6995728504896347,0.269178569316864,1.0,1.0,1,0.3670338316368568,0.5882661565607847,0.3534457261165336,0.0,0.0,0.9752044613960614,0.10025836709104938,1,8.221190459878787,0.6995728504896347,0.067294642329216,0.0,0.0,0.964844
0024.jpg,P2,entire plant excluding pot,1.001669650316997,0.4136126006016565,1.0,0.7197199341318405,0.7975652264262734,0.21579255163669586,0.16658939917867094,1.0,1,0.3723315877577038,0.652638825675235,0.5820763087843833,0.19754279730024799,0.0,0.9839710238025696,0.17337697723765433,1,7.788586992695881,0.7975652264262734,0.053948137909173965,0.12005565839486307,0.0,0.886719
0024.jpg,P3,leaves and stems,0.5904761904761905,0.0,1.0,0.9523809523809523,1.0,0.0,1.0,1.0,1,0.0,0.0,0.0,1.0,1.0,0.0,0.0,0,1.0,1.0,0.0,0.0,0.0,
0024.jpg,P4,crop seedling,0.5904761904761905,0.0,1.0,0.9523809523809523,1.0,0.0,1.0,1.0,1,0.0,0.0,0.0,1.0,1.0,0.0,0.0,0,1.0,1.0,0.0,0.0,0.0,
0024.jpg,P5,plant body without background,0.5904761904761905,0.0,1.0,0.9523809523809523,1.0,0.0,1.0,1.0,1,0.0,0.0,0.0,1.0,1.0,0.0,0.0,0,1.0,1.0,0.0,0.0,0.0,
0025.jpg,P1,green plant,0.9319726009719075,0.21126988836146277,1.0,0.6962464176040025,0.7551267864418851,0.2432173192501068,1.0,1.0,1,0.35080051864041606,0.5715241544716887,0.30783289817232373,0.0,0.0,0.9535714290430677,0.09345160590277778,1,8.725461983454268,0.7551267864418851,0.0608043298125267,0.0,0.0,0.964844
0025.jpg,P2,entire plant excluding pot,0.9771131836100808,0.389682775140647,1.0,0.7082840602082388,0.8243758310135055,0.1867830455303192,0.21343353635564485,1.0,1,0.3552880412315388,0.6254614640174332,0.5075718015665797,0.1719301264951381,0.0,0.9659264249199422,0.16392469618055555,1,8.237258359477849,0.8243758310135055,0.0466957613825798,0.09370598614209319,0.0,0.937500
0025.jpg,P3,leaves and stems,0.5904761904761905,0.0,1.0,0.9523809523809523,1.0,0.0,1.0,1.0,1,0.0,0.0,0.0,1.0,1.0,0.0,0.0,0,1.0,1.0,0.0,0.0,0.0,
0025.jpg,P4,crop seedling,0.5904761904761905,0.0,1.0,0.9523809523809523,1.0,0.0,1.0,1.0,1,0.0,0.0,0.0,1.0,1.0,0.0,0.0,0,1.0,1.0,0.0,0.0,0.0,
0025.jpg,P5,plant body without background,0.5904761904761905,0.0,1.0,0.9523809523809523,1.0,0.0,1.0,1.0,1,0.0,0.0,0.0,1.0,1.0,0.0,0.0,0,1.0,1.0,0.0,0.0,0.0,
0026.jpg,P1,green plant,0.9278314791689224,0.19862722691045476,1.0,0.6866996214375601,0.7549359532801482,0.226098895072937,1.0,1.0,1,0.35455913982870235,0.5809723605107775,0.3,0.0,0.0,0.9721881364993026,0.08845775462962963,1,9.124815822864916,0.7549359532801482,0.05652472376823425,0.0,0.0,0.875000;0.949219
0026.jpg,P2,entire plant excluding pot,0.9673486794123021,0.37087398909985925,1.0,0.7007650850964706,0.8298527891975184,0.15507562458515167,0.1845633442343239,1.0,1,0.3560351818165021,0.6432524246879485,0.4955613577023499,0.18892417301858042,0.0,0.9837304069487128,0.15649522569444443,1,8.540234702541875,0.8298527891975184,0.03876890614628792,0.10836387952857937,0.0,0.484375;0.937500
0026.jpg,P3,leaves and stems,0.5904761904761905,0.0,1.0,0.9523809523809523,1.0,0.0,1.0,1.0,1,0.0,0.0,0.0,1.0,1.0,0.0,0.0,0,1.0,1.0,0.0,0.0,0.0,
0026.jpg,P4,crop seedling,0.5904761904761905,0.0,1.0,0.9523809523809523,1.0,0.0,1.0,1.0,1,0.0,0.0,0.0,1.0,1.0,0.0,0.0,0,1.0,1.0,0.0,0.0,0.0,
0026.jpg,P5,plant body without background,0.5904761904761905,0.0,1.0,0.9523809523809523,1.0,0.0,1.0,1.0,1,0.0,0.0,0.0,1.0,1.0,0.0,0.0,0,1.0,1.0,0.0,0.0,0.0,
0027.jpg,P1,green plant,0.8907751157829411,0.19794779946085317,1.0,0.6891934583043818,0.5720971853835656,0.22333528101444244,1.0,1.0,1,0.3542603709502925,0.5787779837183681,0.29660574412532636,0.0,0.0,0.9829904270630498,0.08818938078703703,1,9.01942808512122,0.5720971853835656,0.05583382025361061,0.0,0.0,0.910156;0.957031
0027.jpg,P2,entire plant excluding pot,0.9277419181089165,0.36759008976011875,1.0,0.7027528506225762,0.6827724870617747,0.20203284919261932,0.12638247320959595,1.0,1,0.3367122627814987,0.6386356513675904,0.48929503916449085,0.24157542094735002,0.0,0.9758930403743868,0.1551980854552469,1,8.459507467357536,0.6827724870617747,0.05050821229815483,0.15824979122565108,0.0,0.554688;0.875000
0027.jpg,P3,leaves and stems,0.5904761904761905,0.0,1.0,0.9523809523809523,1.0,0.0,1.0,1.0,1,0.0,0.0,0.0,1.0,1.0,0.0,0.0,0,1.0,1.0,0.0,0.0,0.0,
0027.jpg,P4,crop seedling,0.5904761904761905,0.0,1.0,0.9523809523809523,1.0,0.0,1.0,1.0,1,0.0,0.0,0.0,1.0,1.0,0.0,0.0,0,1.0,1.0,0.0,0.0,0.0,
0027.jpg,P5,plant body without background,0.5904761904761905,0.0,1.0,0.9523809523809523,1.0,0.0,1.0,1.0,1,0.0,0.0,0.0,1.0,1.0,0.0,0.0,0,1.0,1.0,0.0,0.0,0.0,
0028.jpg,P1,green plant,0.9924015402782584,0.20290096597124552,1.0,0.6930629455589596,0.8004620489362894,0.2790549099445343,1.0,1.0,1,0.3973053661960527,0.6313746133642947,0.4444444444444444,0.0,0.0,0.9632425151854963,0.09014588155864198,1,8.857407726321128,0.8004620489362894,0.06976372748613358,0.0,0.0,0.341797;0.910156;0.953125
0028.jpg,P2,entire plant excluding pot,1.0675860797387169,0.3787899598570089,1.0,0.7191092899956761,0.8588528582442138,0.34439608454704285,0.11614068791283981,1.0,1,0.40735644120992864,0.7326260796105847,0.7291666666666666,0.25428314409174235,0.0,0.9597225657374675,0.15962203414351853,1,7.812184153705282,0.8588528582442138,0.08609902113676071,0.1722049383331483,0.0,0.589844;0.949219
0028.jpg,P3,leaves and stems,0.5904761904761905,0.0,1.0,0.9523809523809523,1.0,0.0,1.0,1.0,1,0.0,0.0,0.0,1.0,1.0,0.0,0.0,0,1.0,1.0,0.0,0.0,0.0,
0028.jpg,P4,crop seedling,0.5904761904761905,0.0,1.0,0.9523809523809523,1.0,0.0,1.0,1.0,1,0.0,0.0,0.0,1.0,1.0,0.0,0.0,0,1.0,1.0,0.0,0.0,0.0,
0028.jpg,P5,plant body without background,0.5904761904761905,0.0,1.0,0.9523809523809523,1.0,0.0,1.0,1.0,1,0.0,0.0,0.0,1.0,1.0,0.0,0.0,0,1.0,1.0,0.0,0.0,0.0,
0029.jpg,P1,green plant,0.9936789498968598,0.20896087279262376,1.0,0.6914225775312357,0.9099494046793739,0.3898319602012634,1.0,1.0,1,0.3536459868559604,0.5767005455055995,0.3070496083550914,0.0,0.0,0.9653186642508418,0.09253954475308641,1,8.925870589026983,0.9099494046793739,0.09745799005031586,0.0,0.0,0.863281;0.949219
0029.jpg,P2,entire plant excluding pot,1.0346342457295417,0.38414205344585084,1.0,0.7029038658292496,0.9133942543752602,0.5160209536552429,0.11260604788785596,1.0,1,0.33134202026842086,0.6340534793344412,0.5015665796344647,0.25897872835265495,0.0,0.9683493667295926,0.1617361111111111,1,8.453393091536116,0.9133942543752602,0.12900523841381073,0.1776103537522065,0.0,0.578125;0.941406
0029.jpg,P3,leaves and stems,0.5904761904761905,0.0,1.0,0.9523809523809523,1.0,0.0,1.0,1.0,1,0.0,0.0,0.0,1.0,1.0,0.0,0.0,0,1.0,1.0,0.0,0.0,0.0,
0029.jpg,P4,crop seedling,0.5904761904761905,0.0,1.0,0.9523809523809523,1.0,0.0,1.0,1.0,1,0.0,0.0,0.0,1.0,1.0,0.0,0.0,0,1.0,1.0,0.0,0.0,0.0,
0029.jpg,P5,plant body without background,0.5904761904761905,0.0,1.0,0.9523809523809523,1.0,0.0,1.0,1.0,1,0.0,0.0,0.0,1.0,1.0,0.0,0.0,0,1.0,1.0,0.0,0.0,0.0,
0030.jpg,P1,green plant,0.9877822951841804,0.2116920124238162,1.0,0.6915704347581287,0.7567288055566617,0.4883376359939575,1.0,1.0,1,0.35811651743766754,0.5814124457745227,0.310443864229765,0.0,0.0,0.9874226585522689,0.0936183449074074,1,8.91968626014911,0.7567288055566617,0.12208440899848938,0.0,0.0,0.492188;0.839844;0.949219
0030.jpg,P2,entire plant excluding pot,1.045364845587157,0.38911505948195024,1.0,0.7012810821598695,0.7964130317594899,0.6821709871292114,0.10181861129545686,1.0,1,0.33156881348105277,0.6423572901184657,0.5033942558746737,0.2788369690019937,0.0,0.9978388658274668,0.16370044849537038,1,8.519235023996615,0.7964130317594899,0.17054274678230286,0.19642774288056314,0.0,0.507812;0.648438;0.960938
0030.jpg,P3,leaves and stems,0.5904761904761905,0.0,1.0,0.9523809523809523,1.0,0.0,1.0,1.0,1,0.0,0.0,0.0,1.0,1.0,0.0,0.0,0,1.0,1.0,0.0,0.0,0.0,
0030.jpg,P4,crop seedling,0.5904761904761905,0.0,1.0,0.9523809523809523,1.0,0.0,1.0,1.0,1,0.0,0.0,0.0,1.0,1.0,0.0,0.0,0,1.0,1.0,0.0,0.0,0.0,
0030.jpg,P5,plant body without background,0.5904761904761905,0.0,1.0,0.9523809523809523,1.0,0.0,1.0,1.0,1,0.0,0.0,0.0,1.0,1.0,0.0,0.0,0,1.0,1.0,0.0,0.0,0.0,
0031.jpg,P1,green plant,1.0198377980186188,0.2930362043874043,1.0,0.6505674944402723,0.5717696632853242,0.5863710641860962,1.0,0.43801154855643043,1,0.3994889127587995,0.649048220049741,0.4659993096306524,6.615436978375191e-05,0.0,0.8846200631880787,0.1257493007330247,1,10.742390560425049,0.5717696632853242,0.14659276604652405,0.0,0.009132179307104884,0.648438;0.710938;0.953125;0.527344
0031.jpg,P2,entire plant excluding pot,1.0972442331150072,0.3949155263517736,1.0,0.701055427169001,0.800235941283273,0.7361924648284912,0.09087105599244942,1.0,1,0.37076436118849954,0.6967466799736376,0.6651708664135313,0.3037621268433129,0.0,0.9830090529628466,0.1659916329089506,1,8.528414765668263,0.800235941283273,0.1840481162071228,0.2200920830243441,0.0,0.726562;0.667969;0.968750
0031.jpg,P3,leaves and stems,0.875855838410202,0.21800311816299422,1.0,0.690766834144483,0.0,0.5220789313316345,1.0,1.0,1,0.3896860616823796,0.6139187886083641,0.4173282706247843,0.0,0.0,0.99695396956991,0.09611123167438272,1,8.953329852279406,0.0,0.13051973283290863,0.0,0.0,0.314453;0.367188
0031.jpg,P4,crop seedling,0.5904761904761905,0.0,1.0,0.9523809523809523,1.0,0.0,1.0,1.0,1,0.0,0.0,0.0,1.0,1.0,0.0,0.0,0,1.0,1.0,0.0,0.0,0.0,
0031.jpg,P5,plant body without background,0.5904761904761905,0.0,1.0,0.9523809523809523,1.0,0.0,1.0,1.0,1,0.0,0.0,0.0,1.0,1.0,0.0,0.0,0,1.0,1.0,0.0,0.0,0.0,
0032.jpg,P1,green plant,1.0219549721194348,0.2990655888615409,1.0,0.5964664432806912,0.6146037719356761,0.596771776676178,1.0,1.0,1,0.4005734559686174,0.6517239183716357,0.4464038727524205,0.0,0.0,0.9211738744310919,0.12813090760030865,1,13.53080500219892,0.6146037719356761,0.1491929441690445,0.0,0.0,0.511719;0.357422;0.636719;0.507812;0.777344;0.421875;0.318359;0.574219;0.949219;0.380859;0.605469
0032.jpg,P2,entire plant excluding pot,1.1000193972565515,0.3926290973198937,1.0,0.6904807930941166,0.8044842183009095,0.7650813460350037,0.09098133278406959,1.0,1,0.3694843063065668,0.695486581435349,0.6635546334716459,0.3048988176526864,0.0,0.9809381407510434,0.16508849344135804,1,8.965324162570706,0.8044842183009095,0.19127033650875092,0.2198253134790515,0.0,0.589844;0.492188;0.546875;0.652344;0.980469
0032.jpg,P3,leaves and stems,1.0221123334716027,0.21619161685419597,1.0,0.6753784998717431,0.7478243455431132,0.539089024066925,1.0,1.0,1,0.3864156362044071,0.6129610954135439,0.42047026279391425,0.0,0.0,0.9619460550676217,0.09539568865740741,1,9.613024406015398,0.7478243455431132,0.13477225601673126,0.0,0.0,0.333984
0032.jpg,P4,crop seedling,0.5904761904761905,0.0,1.0,0.9523809523809523,1.0,0.0,1.0,1.0,1,0.0,0.0,0.0,1.0,1.0,0.0,0.0,0,1.0,1.0,0.0,0.0,0.0,
0032.jpg,P5,plant body without background,0.5904761904761905,0.0,1.0,0.9523809523809523,1.0,0.0,1.0,1.0,1,0.0,0.0,0.0,1.0,1.0,0.0,0.0,0,1.0,1.0,0.0,0.0,0.0,
0033.jpg,P1,green plant,0.9526893085887727,0.25955135812236285,1.0,0.6053965334164276,0.5129103969112367,0.5631389617919922,1.0,1.0,1,0.36448985854036875,0.6004690664185303,0.31592689295039167,0.0,0.0,0.9745884456281264,0.11252278645833333,1,13.036198418802007,0.5129103969112367,0.14078474044799805,0.0,0.0,0.703125;0.792969;0.816406;0.542969;0.628906;0.875000;0.953125;0.542969
0033.jpg,P2,entire plant excluding pot,1.0586616739583794,0.44108668102437876,1.0,0.6486255607748751,0.6914252455659196,0.7779507637023926,0.11964975883237285,1.0,1,0.3468440237448662,0.6644941458736925,0.4968668407310705,0.24208037453757056,0.0,0.9745915371875239,0.18422923900462962,1,10.834430848064587,0.6914252455659196,0.19448769092559814,0.1671545366674716,0.0,0.632812;0.464844;0.427734;0.361328;0.460938;0.421875;0.976562;0.675781
0033.jpg,P3,leaves and stems,0.9705731597420397,0.26198673620878266,1.0,0.613778700599934,0.5959693101602751,0.555901050567627,1.0,1.0,1,0.36504600023471595,0.6013279916843891,0.3164490861618799,0.0,0.0,0.9762036763604143,0.11348476080246914,1,12.585034281005724,0.5959693101602751,0.13897526264190674,0.0,0.0,0.390625;0.593750;0.320312;0.449219;0.458984;0.562500;0.667969;0.337891
0033.jpg,P4,crop seedling,0.5904761904761905,0.0,1.0,0.9523809523809523,1.0,0.0,1.0,1.0,1,0.0,0.0,0.0,1.0,1.0,0.0,0.0,0,1.0,1.0,0.0,0.0,0.0,
0033.jpg,P5,plant body without background,0.5904761904761905,0.0,1.0,0.9523809523809523,1.0,0.0,1.0,1.0,1,0.0,0.0,0.0,1.0,1.0,0.0,0.0,0,1.0,1.0,0.0,0.0,0.0,
0034.jpg,P1,green plant,0.976815824509256,0.2119584725152368,1.0,0.6676490853528944,0.6643478971517078,0.5765376687049866,1.0,1.0,1,0.35271719976429083,0.5901877840479968,0.310443864229765,0.0,0.0,0.902715797861343,0.09372359664351852,1,9.955856210645067,0.6643478971517078,0.14413441717624664,0.0,0.0,0.427734;0.847656;0.828125;0.703125;0.949219;0.648438;0.867188
0034.jpg,P2,entire plant excluding pot,1.0658505738451813,0.38102450089857787,1.0,0.6845475295605165,0.760378085659686,0.813754677772522,0.12934375500964282,1.0,1,0.33790961506692097,0.6544494849054165,0.4866840731070496,0.23790308648003064,0.0,0.9262008813476547,0.16050467785493827,1,9.216378901900526,0.760378085659686,0.2034386694431305,0.15462671544141396,0.0,0.496094;0.519531;0.464844;0.683594;0.972656;0.742188;0.488281
0034.jpg,P3,leaves and stems,0.9814930599745308,0.2456765095132052,1.0,0.6556627319595076,0.6376883220834755,0.5640519857406616,1.0,1.0,1,0.3608771501151609,0.6030039507716267,0.31018276762402086,0.0,0.0,0.9399286917276781,0.10704222125771605,1,10.503487578481367,0.6376883220834755,0.1410129964351654,0.0,0.0,0.527344;0.316406;0.330078;0.718750;0.535156;0.667969;0.785156;0.490234
0034.jpg,P4,crop seedling,0.5904761904761905,0.0,1.0,0.9523809523809523,1.0,0.0,1.0,1.0,1,0.0,0.0,0.0,1.0,1.0,0.0,0.0,0,1.0,1.0,0.0,0.0,0.0,
0034.jpg,P5,plant body without background,0.5904761904761905,0.0,1.0,0.9523809523809523,1.0,0.0,1.0,1.0,1,0.0,0.0,0.0,1.0,1.0,0.0,0.0,0,1.0,1.0,0.0,0.0,0.0,
0035.jpg,P1,green plant,1.0123735856782925,0.20344426375214864,1.0,0.6835984266158562,0.7781705026243984,0.6358745694160461,1.0,1.0,1,0.35215603319660266,0.5902418719993565,0.29712793733681464,0.0,0.0,0.9208834927620125,0.09036048418209877,1,9.256942703934678,0.7781705026243984,0.15896864235401154,0.0,0.0,0.371094;0.326172;0.535156;0.683594;0.679688;0.523438;0.945312;0.796875
0035.jpg,P2,entire plant excluding pot,1.094312728672845,0.36099512619159246,1.0,0.6950057630995502,0.826943383536983,0.8637056946754456,0.16423809091262992,1.0,1,0.3449827351721307,0.6523927727131416,0.4671018276762402,0.2052742109305126,0.0,0.9414919901996167,0.15259307484567902,1,8.776739793933581,0.826943383536983,0.2159264236688614,0.121774430577371,0.0,0.337891;0.507812;0.406250;0.570312;0.976562;0.396484
0035.jpg,P3,leaves and stems,0.9923232420746271,0.19034315664556967,1.0,0.6811371823279788,0.7305456424149279,0.614503800868988,1.0,1.0,1,0.3490172856231342,0.5850737276019584,0.29712793733681464,0.0,0.0,0.9075845224182214,0.085185546875,1,9.362660736922845,0.7305456424149279,0.153625950217247,0.0,0.0,0.392578
0035.jpg,P4,crop seedling,0.5904761904761905,0.0,1.0,0.9523809523809523,1.0,0.0,1.0,1.0,1,0.0,0.0,0.0,1.0,1.0,0.0,0.0,0,1.0,1.0,0.0,0.0,0.0,
0035.jpg,P5,plant body without background,0.5904761904761905,0.0,1.0,0.9523809523809523,1.0,0.0,1.0,1.0,1,0.0,0.0,0.0,1.0,1.0,0.0,0.0,0,1.0,1.0,0.0,0.0,0.0,
0036.jpg,P1,green plant,0.9851577247166976,0.185220896331458,1.0,0.6435823857893327,0.6219724665185111,0.707370400428772,1.0,1.0,1,0.35352849490308275,0.5876436350773262,0.2958321983110869,0.0,0.0,0.9460342693002293,0.08316225405092592,1,11.07605248622623,0.6219724665185111,0.176842600107193,0.0,0.0,0.375000;0.636719;0.789062;0.488281;0.593750;0.476562;0.949219;0.478516;0.369141
0036.jpg,P2,entire plant excluding pot,1.0769180199866493,0.32999052586341604,1.0,0.6757967014665072,0.7482585811780704,0.9269276261329651,0.1525982342415563,1.0,1,0.3407233330584576,0.6479091245915654,0.4641786979024789,0.219888874380631,0.0,0.9636963614315281,0.1403462577160494,1,9.594699051651425,0.7482585811780704,0.23173190653324127,0.13106311550329527,0.0,0.304688;0.322266;0.542969;0.976562;0.562500;0.531250
0036.jpg,P3,leaves and stems,0.3904761904761905,0.0,1.0,0.9523809523809523,0.0,0.0,1.0,1.0,1,0.0,0.0,0.0,1.0,1.0,0.0,0.0,0,1.0,0.0,0.0,0.0,0.0,
0036.jpg,P4,crop seedling,0.5904761904761905,0.0,1.0,0.9523809523809523,1.0,0.0,1.0,1.0,1,0.0,0.0,0.0,1.0,1.0,0.0,0.0,0,1.0,1.0,0.0,0.0,0.0,
0036.jpg,P5,plant body without background,0.5904761904761905,0.0,1.0,0.9523809523809523,1.0,0.0,1.0,1.0,1,0.0,0.0,0.0,1.0,1.0,0.0,0.0,0,1.0,1.0,0.0,0.0,0.0,
0037.jpg,P1,green plant,1.0202651092946022,0.174491070382091,1.0,0.6932542224662845,0.5880291381059759,0.8543290495872498,1.0,1.0,1,0.3582444131862821,0.5943129585789269,0.3132530120481928,0.0,0.0,0.9384933551498295,0.07892397280092593,1,8.849445631717984,0.5880291381059759,0.21358226239681244,0.0,0.0,0.476562;0.890625;0.322266;0.800781;0.953125
0037.jpg,P2,entire plant excluding pot,1.0906671583232126,0.31198630889592116,1.0,0.7101337357675753,0.7394552869210603,1.0,0.1254990829751353,1.0,1,0.3383520920063011,0.6592133303981209,0.4878048780487805,0.25414690602940365,0.0,0.9606662012699937,0.13323459201388888,1,8.163709161602121,0.7394552869210603,0.26510244607925415,0.15936371426684076,0.0,0.376953;0.554688;0.976562;0.566406
0037.jpg,P3,leaves and stems,0.8950697418357743,0.1648515026761994,1.0,0.6873726402882123,0.0,0.8453027606010437,1.0,1.0,1,0.35556436112268314,0.58976289899104,0.3126652953276521,0.0,0.0,0.9286759331684181,0.07511634355709877,1,9.09629919458838,0.0,0.21132569015026093,0.0,0.0,0.353516;0.302734;0.449219
0037.jpg,P4,crop seedling,0.5904761904761905,0.0,1.0,0.9523809523809523,1.0,0.0,1.0,1.0,1,0.0,0.0,0.0,1.0,1.0,0.0,0.0,0,1.0,1.0,0.0,0.0,0.0,
0037.jpg,P5,plant body without background,0.5904761904761905,0.0,1.0,0.9523809523809523,1.0,0.0,1.0,1.0,1,0.0,0.0,0.0,1.0,1.0,0.0,0.0,0,1.0,1.0,0.0,0.0,0.0,
0038.jpg,P1,green plant,1.0525380501927872,0.15836519866385368,1.0,0.6853834024087975,0.7271792489012855,0.9674509167671204,1.0,1.0,1,0.34486229684457587,0.5731031972824484,0.30043290043290044,0.0,0.0,0.9019825571779686,0.07255425347222222,1,9.180747490688411,0.7271792489012855,0.2418627291917801,0.0,0.0,0.812500;0.742188;0.339844;0.953125
0038.jpg,P2,entire plant excluding pot,1.0722495523279243,0.29057121962416,1.0,0.707149809262337,0.7939870701217876,1.0,0.11496384257356454,1.0,1,0.31390793252626736,0.6257196813067261,0.4692640692640693,0.27514181995267356,0.0,0.9298105758718281,0.12477563175154321,1,8.282550229155818,0.7939870701217876,0.29338961839675903,0.17396774109391955,0.0,0.566406;0.562500;0.976562
0038.jpg,P3,leaves and stems,1.0581370995808053,0.15863043786138453,1.0,0.6868733832408165,0.7611683379719899,0.9606583714485168,1.0,1.0,1,0.34467099347626384,0.5732087594489679,0.2995670995670996,0.0,0.0,0.9012584974704716,0.07265902295524691,1,9.117447972194952,0.7611683379719899,0.2401645928621292,0.0,0.0,0.361328;0.345703;0.445312
0038.jpg,P4,crop seedling,0.5904761904761905,0.0,1.0,0.9523809523809523,1.0,0.0,1.0,1.0,1,0.0,0.0,0.0,1.0,1.0,0.0,0.0,0,1.0,1.0,0.0,0.0,0.0,
0038.jpg,P5,plant body without background,0.5904761904761905,0.0,1.0,0.9523809523809523,1.0,0.0,1.0,1.0,1,0.0,0.0,0.0,1.0,1.0,0.0,0.0,0,1.0,1.0,0.0,0.0,0.0,
0039.jpg,P1,green plant,1.077960235792706,0.15611417555477414,1.0,0.7032066449790018,0.78832592566015,1.0,1.0,1.0,1,0.3484308865539208,0.5791105142817596,0.30707010185739964,0.0,0.0,0.9046958822097301,0.0716650993441358,1,8.441141935735283,0.78832592566015,0.25426435470581055,0.0,0.0,0.714844;0.359375;0.380859;0.800781;0.929688;0.500000;0.490234
0039.jpg,P2,entire plant excluding pot,1.1016010594278671,0.2869714139904672,1.0,0.7198532296376935,0.858613844933994,1.0,0.13518643306379155,1.0,1,0.3285133617154363,0.636169145223842,0.48202516476932294,0.24746932253004217,0.0,0.9333042798762612,0.12335370852623456,1,7.78344136910537,0.858613844933994,0.30493536591529846,0.14794383982719947,0.0,0.439453;0.609375;0.578125;0.968750;0.535156
0039.jpg,P3,leaves and stems,0.3904761904761905,0.0,1.0,0.9523809523809523,0.0,0.0,1.0,1.0,1,0.0,0.0,0.0,1.0,1.0,0.0,0.0,0,1.0,0.0,0.0,0.0,0.0,
0039.jpg,P4,crop seedling,0.5904761904761905,0.0,1.0,0.9523809523809523,1.0,0.0,1.0,1.0,1,0.0,0.0,0.0,1.0,1.0,0.0,0.0,0,1.0,1.0,0.0,0.0,0.0,
0039.jpg,P5,plant body without background,0.5904761904761905,0.0,1.0,0.9523809523809523,1.0,0.0,1.0,1.0,1,0.0,0.0,0.0,1.0,1.0,0.0,0.0,0,1.0,1.0,0.0,0.0,0.0,
0040.jpg,P1,green plant,1.0870527151009908,0.1760318384708548,1.0,0.7168588470580001,0.7676964300564803,1.0,1.0,1.0,1,0.3549352919839237,0.5905204471168756,0.3187226048841578,0.0,0.0,0.9088306661386886,0.07953257619598765,1,7.8994952522108255,0.7676964300564803,0.25774624943733215,0.0,0.0,0.816406;0.314453;0.316406;0.439453;0.376953;0.714844;0.941406;0.546875;0.380859
0040.jpg,P2,entire plant excluding pot,1.1217950271400166,0.4447417321065791,1.0,0.7112335890926799,0.604809813216061,1.0,0.12571958023975804,0.2554503006427535,1,0.3696380002569526,0.711324747035367,0.5203506574827802,0.18551848451280026,0.0,0.8266676580151381,0.18567298418209877,1,8.12015673432126,0.604809813216061,0.35676226019859314,0.15908420917297275,0.015658623183982815,0.695312;0.445312;0.652344;0.945312;0.511719;0.613281;0.380859
0040.jpg,P3,leaves and stems,0.9234215079815856,0.15369222730114085,1.0,0.6918795792469565,0.0,1.0,1.0,1.0,1,0.35430714667196617,0.5804771954475971,0.3187226048841578,0.0,0.0,0.937700593861588,0.07070842978395062,1,8.906764413784336,0.0,0.2625255584716797,0.0,0.0,0.353516
0040.jpg,P4,crop seedling,0.5904761904761905,0.0,1.0,0.9523809523809523,1.0,0.0,1.0,1.0,1,0.0,0.0,0.0,1.0,1.0,0.0,0.0,0,1.0,1.0,0.0,0.0,0.0,
0040.jpg,P5,plant body without background,0.5904761904761905,0.0,1.0,0.9523809523809523,1.0,0.0,1.0,1.0,1,0.0,0.0,0.0,1.0,1.0,0.0,0.0,0,1.0,1.0,0.0,0.0,0.0,
0041.jpg,P1,green plant,1.1665755466966055,0.3252583411470542,1.0,0.6733517025536813,0.5169003628127425,1.0,0.3380325794252248,0.1705775599613871,1,0.4634734653939099,0.756606950244457,0.6804733727810651,0.0038525697728681576,0.0,0.7733159663961867,0.13847704475308642,1,9.702159991799459,0.5169003628127425,0.2977352738380432,0.05916589470165003,0.023449743336142588,0.369141;0.466797;0.304688;0.628906;0.734375;0.617188;0.423828;0.468750;0.484375;0.490234;0.519531;0.933594;0.380859
0041.jpg,P2,entire plant excluding pot,1.2733089515190077,0.48598200158227844,1.0,0.6995994836189008,0.8492952999289088,1.0,0.1342007610654917,0.19065710627400767,1,0.46633359449299006,0.8742503424899308,0.727810650887574,0.17724326199093698,0.0,0.82513036059032,0.201962890625,1,8.587785537724585,0.8492952999289088,0.3502902686595917,0.14903045140138768,0.020980072960151294,0.341797;0.308594;0.644531;0.964844;0.429688;0.480469;0.421875;0.687500;0.306641;0.675781;0.421875;0.531250;0.435547;0.550781;0.400391
0041.jpg,P3,leaves and stems,1.1572356614006676,0.3261343325128926,1.0,0.6753006152144329,0.466592068643683,1.0,0.3379572070088932,0.17001904761904763,1,0.46363025812646586,0.7572481414391816,0.6804733727810651,0.0038829167296305367,0.0,0.7727307654104976,0.1388230613425926,1,9.616439774231901,0.466592068643683,0.2969539165496826,0.059179090089573706,0.023526775711404886,0.416016;0.515625;0.601562;0.570312;0.408203;0.396484;0.322266;0.341797;0.339844;0.351562;0.488281;0.785156;0.375000
0041.jpg,P4,crop seedling,0.5904761904761905,0.0,1.0,0.9523809523809523,1.0,0.0,1.0,1.0,1,0.0,0.0,0.0,1.0,1.0,0.0,0.0,0,1.0,1.0,0.0,0.0,0.0,
0041.jpg,P5,plant body without background,0.5904761904761905,0.0,1.0,0.9523809523809523,1.0,0.0,1.0,1.0,1,0.0,0.0,0.0,1.0,1.0,0.0,0.0,0,1.0,1.0,0.0,0.0,0.0,
0042.jpg,P1,green plant,1.0590242593525696,0.15655583391936234,1.0,0.6894491962312738,0.4258845723776704,1.0,1.0,1.0,1,0.40464633884690837,0.6404226919427796,0.4500659920809503,0.0,0.0,0.9948651809236444,0.07183955439814815,1,9.0086638860785,0.4258845723776704,0.2738390266895294,0.0,0.0,0.703125;0.699219;0.414062;0.750000;0.433594;0.507812;0.388672;0.550781;0.457031;0.843750;0.337891;0.937500;0.335938;0.714844
0042.jpg,P2,entire plant excluding pot,1.1283805091065138,0.2842646922370683,1.0,0.710328554102263,0.5168512836709832,1.0,0.20644968908700476,1.0,1,0.4260916031044508,0.7390260674642395,0.7021557413110426,0.18865063488573633,0.0,0.9763963652170021,0.12228455343364197,1,8.15598483898295,0.5168512836709832,0.3183698356151581,0.09687590273662915,0.0,0.761719;0.369141;0.312500;0.960938;0.718750;0.574219;0.761719;0.683594;0.832031;0.330078;0.437500;0.722656
0042.jpg,P3,leaves and stems,1.0886623737844325,0.21558880049617124,1.0,0.6657203787711279,0.5029195248841096,0.9968602061271667,1.0,1.0,1,0.41244459172871745,0.686001752379121,0.45050593928728555,0.0,0.0,0.9125290932431366,0.09515757619598765,1,10.042643484819509,0.5029195248841096,0.2492150515317917,0.0,0.0,0.714844;0.710938;0.652344;0.402344;0.808594;0.535156;0.486328;0.382812;0.355469;0.726562;0.523438
0042.jpg,P4,crop seedling,0.5904761904761905,0.0,1.0,0.9523809523809523,1.0,0.0,1.0,1.0,1,0.0,0.0,0.0,1.0,1.0,0.0,0.0,0,1.0,1.0,0.0,0.0,0.0,
0042.jpg,P5,plant body without background,0.5904761904761905,0.0,1.0,0.9523809523809523,1.0,0.0,1.0,1.0,1,0.0,0.0,0.0,1.0,1.0,0.0,0.0,0,1.0,1.0,0.0,0.0,0.0,
0043.jpg,P1,green plant,1.101287158016428,0.15512311493983433,1.0,0.6886018896786138,0.8339459165496347,1.0,1.0,1.0,1,0.3657529737828116,0.6026880816429759,0.32011421319796957,0.0,0.0,0.9719158683213546,0.07127363040123456,1,9.044358285648121,0.8339459165496347,0.27636370062828064,0.0,0.0,0.722656;0.476562;0.482422;0.636719;0.898438;0.566406;0.414062;0.859375;0.949219;0.593750;0.656250;0.457031;0.742188
0043.jpg,P2,entire plant excluding pot,1.1398729648505053,0.28160924802703546,1.0,0.7076391957869276,0.8622018533013601,1.0,0.24070110347799026,1.0,1,0.36958290542744066,0.6746712853015685,0.5022208121827412,0.17460423219703713,0.0,0.9542947903810942,0.12123565297067901,1,8.262990686601345,0.8622018533013601,0.3191559910774231,0.08309060370314755,0.0,0.742188;0.332031;0.375000;0.960938;0.691406;0.644531;0.714844;0.656250;0.632812;0.388672;0.601562;0.753906
0043.jpg,P3,leaves and stems,1.0656819568306686,0.15552784126426,1.0,0.6891195653022454,0.6544454661704909,1.0,1.0,1.0,1,0.3658633822832694,0.6029184112192391,0.32011421319796957,0.0,0.0,0.9722137998090126,0.07143349729938271,1,9.02253978412015,0.6544454661704909,0.27519989013671875,0.0,0.0,0.765625;0.470703;0.597656;0.773438;0.722656;0.863281;0.570312;0.804688;0.375000;0.554688;0.480469;0.316406;0.320312
0043.jpg,P4,crop seedling,0.5904761904761905,0.0,1.0,0.9523809523809523,1.0,0.0,1.0,1.0,1,0.0,0.0,0.0,1.0,1.0,0.0,0.0,0,1.0,1.0,0.0,0.0,0.0,
0043.jpg,P5,plant body without background,0.5904761904761905,0.0,1.0,0.9523809523809523,1.0,0.0,1.0,1.0,1,0.0,0.0,0.0,1.0,1.0,0.0,0.0,0,1.0,1.0,0.0,0.0,0.0,
0044.jpg,P1,green plant,1.1022657459243175,0.14972554305360208,1.0,0.7095447089034222,0.7652622293358554,1.0,1.0,1.0,1,0.3773592496657413,0.6105340050960423,0.36353751359188113,0.0,0.0,0.9823559543558789,0.06914158950617284,1,8.187089198239999,0.7652622293358554,0.2829172909259796,0.0,0.0,0.429688;0.361328;0.707031;0.304688;0.316406;0.855469;0.699219;0.306641;0.605469;0.656250;0.808594;0.937500
0044.jpg,P2,entire plant excluding pot,1.160487198987878,0.2806191030825129,1.0,0.7052123154779903,0.8371622987883152,1.0,0.31249177721313776,1.0,1,0.39588845551811447,0.693189536537698,0.5690467560710403,0.15412642305501265,0.0,0.970816285536367,0.1208445457175926,1,8.360253445721623,0.8371622987883152,0.32429856061935425,0.06400168407106221,0.0,0.968750;0.824219;0.785156;0.687500;0.738281;0.781250;0.457031;0.734375
0044.jpg,P3,leaves and stems,1.1036696193731579,0.15612913150492258,1.0,0.6896908787606196,0.7749900181990289,1.0,1.0,1.0,1,0.37950761368024377,0.6145776876611787,0.3638999637549837,0.0,0.0,0.9890342952293419,0.07167100694444445,1,8.998498625848397,0.7749900181990289,0.2822732925415039,0.0,0.0,0.312500;0.667969;0.757812;0.671875;0.527344;0.726562;0.839844;0.730469
0044.jpg,P4,crop seedling,0.5904761904761905,0.0,1.0,0.9523809523809523,1.0,0.0,1.0,1.0,1,0.0,0.0,0.0,1.0,1.0,0.0,0.0,0,1.0,1.0,0.0,0.0,0.0,
0044.jpg,P5,plant body without background,0.5904761904761905,0.0,1.0,0.9523809523809523,1.0,0.0,1.0,1.0,1,0.0,0.0,0.0,1.0,1.0,0.0,0.0,0,1.0,1.0,0.0,0.0,0.0,
0045.jpg,P1,green plant,1.1327291328605578,0.14972401693624005,1.0,0.6983870147769569,0.8292910879214294,1.0,1.0,1.0,1,0.39724870893363257,0.6511562809866382,0.387390959555908,0.0,0.0,0.9961363786824576,0.06914098668981482,1,8.637416757222182,0.8292910879214294,0.2873389720916748,0.0,0.0,0.671875;0.851562;0.378906;0.519531;0.527344;0.455078;0.703125;0.503906;0.957031;0.843750
0045.jpg,P2,entire plant excluding pot,1.197120332684859,0.2682108532583216,1.0,0.7129154275768567,0.8780724066707466,1.0,0.3124874086108854,1.0,1,0.4252805951836739,0.7534756432173757,0.6090404440919904,0.15567444472173697,0.0,0.9863917353755522,0.11594328703703703,1,8.053818484442708,0.8780724066707466,0.32927218079566956,0.06400257882039764,0.0,0.777344;0.683594;0.398438;0.675781;0.964844;0.585938
0045.jpg,P3,leaves and stems,1.1374368997104356,0.15050691514299108,1.0,0.700501605050377,0.848534379426828,1.0,1.0,1.0,1,0.39752831978639624,0.6518323530946707,0.3877874702616971,0.0,0.0,0.9958525155615602,0.06945023148148148,1,8.550969556396216,0.848534379426828,0.2860665023326874,0.0,0.0,0.457031;0.425781;0.402344;0.527344;0.402344
0045.jpg,P4,crop seedling,0.5904761904761905,0.0,1.0,0.9523809523809523,1.0,0.0,1.0,1.0,1,0.0,0.0,0.0,1.0,1.0,0.0,0.0,0,1.0,1.0,0.0,0.0,0.0,
0045.jpg,P5,plant body without background,0.5904761904761905,0.0,1.0,0.9523809523809523,1.0,0.0,1.0,1.0,1,0.0,0.0,0.0,1.0,1.0,0.0,0.0,0,1.0,1.0,0.0,0.0,0.0,
0046.jpg,P1,green plant,1.1063015685377384,0.14122262755899362,1.0,0.7011773648695241,0.7476774166345225,1.0,1.0,1.0,1,0.38828608672513043,0.63977982813355,0.37406385494678757,0.0,0.0,0.9703165298796619,0.06578293788580247,1,8.523453554039959,0.7476774166345225,0.30233174562454224,0.0,0.0,0.357422;0.699219;0.742188;0.337891;0.466797;0.496094;0.949219;0.478516
0046.jpg,P2,entire plant excluding pot,1.166997881186329,0.25392639474917955,1.0,0.7163707188124061,0.8088284198198459,1.0,0.2710956367138307,1.0,1,0.41117277451004275,0.7343745196613497,0.5884903429247142,0.16897298006295908,0.0,0.9890532492100954,0.11030092592592593,1,7.918505704917486,0.8088284198198459,0.3432645797729492,0.07377470269324939,0.0,0.357422;0.730469;0.482422;0.968750;0.343750
0046.jpg,P3,leaves and stems,1.1073383555772254,0.1419044967963744,1.0,0.702704291635827,0.749459088404412,1.0,1.0,1.0,1,0.38852478020990255,0.6403521356240662,0.3744580212849823,0.0,0.0,0.969990889101826,0.0660522762345679,1,8.461474105191462,0.749459088404412,0.30083340406417847,0.0,0.0,0.328125;0.419922
0046.jpg,P4,crop seedling,0.5904761904761905,0.0,1.0,0.9523809523809523,1.0,0.0,1.0,1.0,1,0.0,0.0,0.0,1.0,1.0,0.0,0.0,0,1.0,1.0,0.0,0.0,0.0,
0046.jpg,P5,plant body without background,0.5904761904761905,0.0,1.0,0.9523809523809523,1.0,0.0,1.0,1.0,1,0.0,0.0,0.0,1.0,1.0,0.0,0.0,0,1.0,1.0,0.0,0.0,0.0,
0047.jpg,P1,green plant,1.0664087649216425,0.13747234675339892,1.0,0.7022800277168417,0.7150239219239267,1.0,1.0,1.0,1,0.35545350564280903,0.5970092705229093,0.2909887359198999,0.0,0.0,0.9412228849420885,0.06430157696759259,1,8.478668352596195,0.7150239219239267,0.32856759428977966,0.0,0.0,0.597656;0.957031;0.480469;0.402344;0.335938;0.480469;0.365234
0047.jpg,P2,entire plant excluding pot,1.1030379288031729,0.24539112556649478,1.0,0.7190604117702796,0.7887932617801203,1.0,0.21544867123354225,1.0,1,0.35238896897979394,0.661320340147141,0.45775969962453067,0.19236996513762294,0.0,0.9624109353716596,0.10692949459876543,1,7.8140746905552945,0.7887932617801203,0.3672142028808594,0.09282953515327269,0.0,0.777344;0.972656
0047.jpg,P3,leaves and stems,1.0673090871423714,0.13680512824269409,1.0,0.7032048816619973,0.7197609276009085,1.0,1.0,1.0,1,0.3553548996412514,0.5966116609820264,0.2909887359198999,0.0,0.0,0.9416284583196016,0.0640380256558642,1,8.441213253142921,0.7197609276009085,0.3267368674278259,0.0,0.0,0.355469
0047.jpg,P4,crop seedling,0.5904761904761905,0.0,1.0,0.9523809523809523,1.0,0.0,1.0,1.0,1,0.0,0.0,0.0,1.0,1.0,0.0,0.0,0,1.0,1.0,0.0,0.0,0.0,
0047.jpg,P5,plant body without background,0.5904761904761905,0.0,1.0,0.9523809523809523,1.0,0.0,1.0,1.0,1,0.0,0.0,0.0,1.0,1.0,0.0,0.0,0,1.0,1.0,0.0,0.0,0.0,
0048.jpg,P1,green plant,1.0905444144927783,0.1394828537662135,1.0,0.7093004433408272,0.8166958087825817,1.0,1.0,1.0,1,0.3574485933148537,0.6109583067375631,0.28819336845367216,0.0,0.0,0.9173837963504559,0.06509572723765432,1,8.196796135921439,0.8166958087825817,0.34309524297714233,0.0,0.0,0.750000;0.318359;0.968750
0048.jpg,P2,entire plant excluding pot,1.1228422766342991,0.24619020061728392,1.0,0.7242467296633684,0.8526765228564038,1.0,0.22280683298266707,1.0,1,0.358219586006888,0.6828036716342701,0.45429191199256275,0.18843574275969216,0.0,0.9399647960413988,0.10724512924382716,1,7.614898598570193,0.8526765228564038,0.38350000977516174,0.08976385388304438,0.0,0.835938;0.972656
0048.jpg,P3,leaves and stems,1.090364096986424,0.13968124902328494,1.0,0.7111742830622736,0.8134083014245178,1.0,1.0,1.0,1,0.35751133028440873,0.6110918849780377,0.28819336845367216,0.0,0.0,0.9175436422043459,0.06517409336419754,1,8.122501721914361,0.8134083014245178,0.3417989909648895,0.0,0.0,0.310547;0.373047
0048.jpg,P4,crop seedling,0.5904761904761905,0.0,1.0,0.9523809523809523,1.0,0.0,1.0,1.0,1,0.0,0.0,0.0,1.0,1.0,0.0,0.0,0,1.0,1.0,0.0,0.0,0.0,
0048.jpg,P5,plant body without background,0.5904761904761905,0.0,1.0,0.9523809523809523,1.0,0.0,1.0,1.0,1,0.0,0.0,0.0,1.0,1.0,0.0,0.0,0,1.0,1.0,0.0,0.0,0.0,
0049.jpg,P1,green plant,1.2133795452291536,0.13822869051804965,1.0,0.720365523768863,0.7918312890179957,1.0,1.0,1.0,1,0.48329444456817194,0.8009959778896278,0.6301835486063903,0.0,0.0,0.8951281355765203,0.06460033275462963,1,7.76368293607734,0.7918312890179957,0.36250704526901245,0.0,0.0,0.302734;0.664062;0.462891;0.972656
0049.jpg,P2,entire plant excluding pot,1.3345517312498172,0.2460855089662446,1.0,0.7327907544799009,0.8452710083750287,1.0,0.26647217477299295,1.0,1,0.5697222768855824,0.9995006066870393,0.9993201903467029,0.17296733772609035,0.0,0.919096316005392,0.10720377604166667,1,7.292920765894517,0.8452710083750287,0.40193915367126465,0.0750547407699808,0.0,0.699219;0.480469;0.976562
0049.jpg,P3,leaves and stems,1.2133666479170218,0.13800526693624005,1.0,0.7208665976000034,0.7920588695892656,1.0,1.0,1.0,1,0.48318050109192007,0.800584778896279,0.6301835486063903,0.0,0.0,0.8954278972907219,0.06451208043981481,1,7.744384420898999,0.7920588695892656,0.36119401454925537,0.0,0.0,0.339844;0.511719
0049.jpg,P4,crop seedling,0.5904761904761905,0.0,1.0,0.9523809523809523,1.0,0.0,1.0,1.0,1,0.0,0.0,0.0,1.0,1.0,0.0,0.0,0,1.0,1.0,0.0,0.0,0.0,
0049.jpg,P5,plant body without background,0.5904761904761905,0.0,1.0,0.9523809523809523,1.0,0.0,1.0,1.0,1,0.0,0.0,0.0,1.0,1.0,0.0,0.0,0,1.0,1.0,0.0,0.0,0.0,
0050.jpg,P1,green plant,1.208500119572294,0.1375001220893889,1.0,0.7201285577822029,0.7995563611516434,1.0,1.0,1.0,1,0.47706311136764684,0.7946462206049197,0.6253369272237197,0.0,0.0,0.8637628725565544,0.06431254822530864,1,7.77281887222259,0.7995563611516434,0.36496323347091675,0.0,0.0,0.976562
0050.jpg,P2,entire plant excluding pot,1.3257893269857193,0.2461233566768245,1.0,0.7360646576639448,0.8234578837502102,1.0,0.28213860820735714,1.0,1,0.5646601473675235,0.9912197266714611,0.9959568733153639,0.16774708624053344,0.0,0.887851317079067,0.10721872588734568,1,7.171526022556473,0.8234578837502102,0.4050975739955902,0.07088714347559638,0.0,0.968750
0050.jpg,P3,leaves and stems,0.3904761904761905,0.0,1.0,0.9523809523809523,0.0,0.0,1.0,1.0,1,0.0,0.0,0.0,1.0,1.0,0.0,0.0,0,1.0,0.0,0.0,0.0,0.0,
0050.jpg,P4,crop seedling,0.5904761904761905,0.0,1.0,0.9523809523809523,1.0,0.0,1.0,1.0,1,0.0,0.0,0.0,1.0,1.0,0.0,0.0,0,1.0,1.0,0.0,0.0,0.0,
0050.jpg,P5,plant body without background,0.5904761904761905,0.0,1.0,0.9523809523809523,1.0,0.0,1.0,1.0,1,0.0,0.0,0.0,1.0,1.0,0.0,0.0,0,1.0,1.0,0.0,0.0,0.0,
0051.jpg,P1,green plant,1.2335927468924277,0.13744792887560553,1.0,0.7260024984478299,0.931690718550404,1.0,1.0,1.0,1,0.4745645177176598,0.7896773618790083,0.6238286479250335,0.0,0.0,0.8588828443350086,0.0642919319058642,1,7.548114562634917,0.931690718550404,0.363930881023407,0.0,0.0,0.972656
0051.jpg,P2,entire plant excluding pot,1.3449806110787983,0.24751822794577272,1.0,0.7356452690795992,0.9451746970209332,1.0,0.25058800442930634,1.0,1,0.5593129722695371,0.9855732511410267,0.9959839357429718,0.17748479949881696,0.0,0.8833066578608804,0.10776970003858025,1,7.1870164067295,0.9451746970209332,0.40627244114875793,0.07981228010314526,0.0,0.968750
0051.jpg,P3,leaves and stems,0.5904761904761905,0.0,1.0,0.9523809523809523,1.0,0.0,1.0,1.0,1,0.0,0.0,0.0,1.0,1.0,0.0,0.0,0,1.0,1.0,0.0,0.0,0.0,
0051.jpg,P4,crop seedling,0.5904761904761905,0.0,1.0,0.9523809523809523,1.0,0.0,1.0,1.0,1,0.0,0.0,0.0,1.0,1.0,0.0,0.0,0,1.0,1.0,0.0,0.0,0.0,
0051.jpg,P5,plant body without background,0.5904761904761905,0.0,1.0,0.9523809523809523,1.0,0.0,1.0,1.0,1,0.0,0.0,0.0,1.0,1.0,0.0,0.0,0,1.0,1.0,0.0,0.0,0.0,
0052.jpg,P1,green plant,1.2131851473330195,0.14298620878262225,1.0,0.7205775580847745,0.8177675735916408,1.0,1.0,1.0,1,0.476918879241212,0.7914840732748822,0.618798955613577,0.0,0.0,0.885156415845594,0.0664795524691358,1,7.755513304019719,0.8177675735916408,0.3775702118873596,0.0,0.0,0.972656
0052.jpg,P2,entire plant excluding pot,1.3248659474649909,0.2572927044264728,1.0,0.7320256853479812,0.8445029616745928,1.0,0.20192325725937477,1.0,1,0.5581016771751816,0.9894519608019343,0.9973890339425587,0.19562829608525245,0.0,0.9095195361041973,0.11163061824845678,1,7.321445681912995,0.8445029616745928,0.4235744774341583,0.09904753058885916,0.0,0.972656
0052.jpg,P3,leaves and stems,0.5904761904761905,0.0,1.0,0.9523809523809523,1.0,0.0,1.0,1.0,1,0.0,0.0,0.0,1.0,1.0,0.0,0.0,0,1.0,1.0,0.0,0.0,0.0,
0052.jpg,P4,crop seedling,0.5904761904761905,0.0,1.0,0.9523809523809523,1.0,0.0,1.0,1.0,1,0.0,0.0,0.0,1.0,1.0,0.0,0.0,0,1.0,1.0,0.0,0.0,0.0,
0052.jpg,P5,plant body without background,0.5904761904761905,0.0,1.0,0.9523809523809523,1.0,0.0,1.0,1.0,1,0.0,0.0,0.0,1.0,1.0,0.0,0.0,0,1.0,1.0,0.0,0.0,0.0,
0053.jpg,P1,green plant,1.2308762240369184,0.15063144631973735,1.0,0.718883828389832,0.8856250564251059,1.0,1.0,1.0,1,0.4798481578099834,0.7937627846251218,0.6223642172523962,0.0,0.0,0.9000562408575945,0.0694994212962963,1,7.82090681438242,0.8856250564251059,0.3765937387943268,0.0,0.0,0.976562
0053.jpg,P2,entire plant excluding pot,1.3384814031953591,0.26898489998437247,1.0,0.7305622015771962,0.9051586065643997,1.0,0.18305871185153544,1.0,1,0.5575402615701655,0.9913658234801903,0.9968051118210862,0.2043629228305691,0.0,0.9244618007347406,0.11624903549382716,1,7.376176808521432,0.9051586065643997,0.428333044052124,0.10925456536709617,0.0,0.960938
0053.jpg,P3,leaves and stems,0.5904761904761905,0.0,1.0,0.9523809523809523,1.0,0.0,1.0,1.0,1,0.0,0.0,0.0,1.0,1.0,0.0,0.0,0,1.0,1.0,0.0,0.0,0.0,
0053.jpg,P4,crop seedling,0.5904761904761905,0.0,1.0,0.9523809523809523,1.0,0.0,1.0,1.0,1,0.0,0.0,0.0,1.0,1.0,0.0,0.0,0,1.0,1.0,0.0,0.0,0.0,
0053.jpg,P5,plant body without background,0.5904761904761905,0.0,1.0,0.9523809523809523,1.0,0.0,1.0,1.0,1,0.0,0.0,0.0,1.0,1.0,0.0,0.0,0,1.0,1.0,0.0,0.0,0.0,
0054.jpg,P1,green plant,1.1928071909360414,0.15681161118924836,1.0,0.7203044811734417,0.7133752101263752,1.0,1.0,1.0,1,0.4747089304382283,0.7943500171666029,0.6207759699624531,0.0,0.0,0.8494674983667575,0.07194058641975308,1,7.766035784503485,0.7133752101263752,0.35206782817840576,0.0,0.0,0.976562
0054.jpg,P2,entire plant excluding pot,1.3023161020554053,0.2788167584778871,1.0,0.7298675467037952,0.7457570223606101,1.0,0.17364515623093948,1.0,1,0.5514278365469468,0.9915311425854088,0.9968710888610763,0.208662341885214,0.0,0.8755384321262433,0.12013261959876544,1,7.402232213671329,0.7457570223606101,0.41019758582115173,0.11517741372181432,0.0,0.980469
0054.jpg,P3,leaves and stems,0.5904761904761905,0.0,1.0,0.9523809523809523,1.0,0.0,1.0,1.0,1,0.0,0.0,0.0,1.0,1.0,0.0,0.0,0,1.0,1.0,0.0,0.0,0.0,
0054.jpg,P4,crop seedling,0.5904761904761905,0.0,1.0,0.9523809523809523,1.0,0.0,1.0,1.0,1,0.0,0.0,0.0,1.0,1.0,0.0,0.0,0,1.0,1.0,0.0,0.0,0.0,
0054.jpg,P5,plant body without background,0.5904761904761905,0.0,1.0,0.9523809523809523,1.0,0.0,1.0,1.0,1,0.0,0.0,0.0,1.0,1.0,0.0,0.0,0,1.0,1.0,0.0,0.0,0.0,
0055.jpg,P1,green plant,1.2061556076088213,0.16074472085482117,1.0,0.7226522143543856,0.7873378860323805,1.0,1.0,1.0,1,0.4720086433605041,0.793203775156729,0.6207951070336392,0.0,0.0,0.8264420278959395,0.07349416473765433,1,7.675830230269088,0.7873378860323805,0.3303559124469757,0.0,0.0,0.972656
0055.jpg,P2,entire plant excluding pot,1.3229190909221735,0.2850329397171433,1.0,0.7291057563759608,0.8425890417854577,1.0,0.19503471822610965,1.0,1,0.5515735433464614,0.9890628772727754,0.9889908256880734,0.19343937906793313,0.0,0.8541500139751667,0.1225880111882716,1,7.430862841366832,0.8425890417854577,0.38934633135795593,0.10254584507776403,0.0,0.976562
0055.jpg,P3,leaves and stems,0.5904761904761905,0.0,1.0,0.9523809523809523,1.0,0.0,1.0,1.0,1,0.0,0.0,0.0,1.0,1.0,0.0,0.0,0,1.0,1.0,0.0,0.0,0.0,
0055.jpg,P4,crop seedling,0.5904761904761905,0.0,1.0,0.9523809523809523,1.0,0.0,1.0,1.0,1,0.0,0.0,0.0,1.0,1.0,0.0,0.0,0,1.0,1.0,0.0,0.0,0.0,
0055.jpg,P5,plant body without background,0.5904761904761905,0.0,1.0,0.9523809523809523,1.0,0.0,1.0,1.0,1,0.0,0.0,0.0,1.0,1.0,0.0,0.0,0,1.0,1.0,0.0,0.0,0.0,
0056.jpg,P1,green plant,1.189016251383593,0.16287945382090951,1.0,0.726506134243616,0.8379395214840529,1.0,1.0,1.0,1,0.4435512294738772,0.709425833615247,0.6195388349514563,0.0,0.0,0.8373519741727865,0.07433738425925926,1,7.529017385135376,0.8379395214840529,0.3225651681423187,0.0,0.0,0.972656
0056.jpg,P2,entire plant excluding pot,1.2870513715782266,0.28806930282075316,1.0,0.7306452483988695,0.8742843725866778,1.0,0.2287978964022685,1.0,1,0.5084515868169666,0.848738045842555,0.9848300970873787,0.1750303386829408,0.0,0.8663295490122641,0.12378737461419753,1,7.373065169215635,0.8742843725866778,0.3788154125213623,0.08741339109532872,0.0,0.968750
0056.jpg,P3,leaves and stems,0.5904761904761905,0.0,1.0,0.9523809523809523,1.0,0.0,1.0,1.0,1,0.0,0.0,0.0,1.0,1.0,0.0,0.0,0,1.0,1.0,0.0,0.0,0.0,
0056.jpg,P4,crop seedling,0.5904761904761905,0.0,1.0,0.9523809523809523,1.0,0.0,1.0,1.0,1,0.0,0.0,0.0,1.0,1.0,0.0,0.0,0,1.0,1.0,0.0,0.0,0.0,
0056.jpg,P5,plant body without background,0.5904761904761905,0.0,1.0,0.9523809523809523,1.0,0.0,1.0,1.0,1,0.0,0.0,0.0,1.0,1.0,0.0,0.0,0,1.0,1.0,0.0,0.0,0.0,
0057.jpg,P1,green plant,1.1824296866110158,0.1609074049656195,1.0,0.7309573246805408,0.8861243724870653,1.0,1.0,1.0,1,0.42683186618437063,0.6996790724191446,0.5542949756888168,0.0,0.0,0.8217109521368298,0.07355842496141975,1,7.361378461787553,0.8861243724870653,0.3185453414916992,0.0,0.0,0.968750
0057.jpg,P2,entire plant excluding pot,1.266099918370445,0.28864617518362246,1.0,0.7342919033785869,0.9040919875010538,1.0,0.20049156523179776,1.0,1,0.4806939051577925,0.8366473377018233,0.8838465694219341,0.18828696754524457,0.0,0.8526104472977958,0.12401523919753087,1,7.237124511351697,0.9040919875010538,0.3689684569835663,0.0997548199939337,0.0,0.980469
0057.jpg,P3,leaves and stems,0.5904761904761905,0.0,1.0,0.9523809523809523,1.0,0.0,1.0,1.0,1,0.0,0.0,0.0,1.0,1.0,0.0,0.0,0,1.0,1.0,0.0,0.0,0.0,
0057.jpg,P4,crop seedling,0.5904761904761905,0.0,1.0,0.9523809523809523,1.0,0.0,1.0,1.0,1,0.0,0.0,0.0,1.0,1.0,0.0,0.0,0,1.0,1.0,0.0,0.0,0.0,
0057.jpg,P5,plant body without background,0.5904761904761905,0.0,1.0,0.9523809523809523,1.0,0.0,1.0,1.0,1,0.0,0.0,0.0,1.0,1.0,0.0,0.0,0,1.0,1.0,0.0,0.0,0.0,
0058.jpg,P1,green plant,1.1280147167057752,0.15698467289810902,1.0,0.7278291662972018,0.6559401697093381,1.0,1.0,1.0,1,0.4198639149248454,0.6923959793633777,0.5548317046688382,0.0,0.0,0.7765561530727241,0.07200894579475309,1,7.4789757351290325,0.6559401697093381,0.29995325207710266,0.0,0.0027943764220931537,0.972656
0058.jpg,P2,entire plant excluding pot,1.2068462387047156,0.2839493963900609,1.0,0.7318332608308926,0.7126240301950094,1.0,0.14862943268913417,1.0,1,0.46116490122152304,0.8263913227229621,0.8827361563517915,0.22613111945395187,0.0,0.8087476596134944,0.12216001157407408,1,7.328629443943071,0.7126240301950094,0.3503328561782837,0.13456284961963752,0.001610668308916707,0.972656
0058.jpg,P3,leaves and stems,0.5904761904761905,0.0,1.0,0.9523809523809523,1.0,0.0,1.0,1.0,1,0.0,0.0,0.0,1.0,1.0,0.0,0.0,0,1.0,1.0,0.0,0.0,0.0,
0058.jpg,P4,crop seedling,0.5904761904761905,0.0,1.0,0.9523809523809523,1.0,0.0,1.0,1.0,1,0.0,0.0,0.0,1.0,1.0,0.0,0.0,0,1.0,1.0,0.0,0.0,0.0,
0058.jpg,P5,plant body without background,0.5904761904761905,0.0,1.0,0.9523809523809523,1.0,0.0,1.0,1.0,1,0.0,0.0,0.0,1.0,1.0,0.0,0.0,0,1.0,1.0,0.0,0.0,0.0,
0059.jpg,P1,green plant,1.1581153571622105,0.15126142756680727,1.0,0.7243132888208708,0.6424070569008025,1.0,1.0,0.4560662199448167,1,0.4545190025045144,0.7667758634523707,0.6286422814631122,0.0,0.0,0.7299183963282454,0.06974826388888888,1,7.612360988928619,0.6424070569008025,0.2851927578449249,0.0,0.008770656157090507,0.953125
0059.jpg,P2,entire plant excluding pot,1.25238490684833,0.275555750898578,1.0,0.7294996544757947,0.7008321279673275,1.0,0.12044402358187982,0.776176377952756,1,0.5112074001799899,0.9545611331379965,0.9962802231866088,0.26139443912415394,0.0,0.761988951453477,0.11884452160493827,1,7.41605136793607,0.7008321279673275,0.3368642330169678,0.16605224074404715,0.005153467837491275,0.964844
0059.jpg,P3,leaves and stems,0.5904761904761905,0.0,1.0,0.9523809523809523,1.0,0.0,1.0,1.0,1,0.0,0.0,0.0,1.0,1.0,0.0,0.0,0,1.0,1.0,0.0,0.0,0.0,
0059.jpg,P4,crop seedling,0.5904761904761905,0.0,1.0,0.9523809523809523,1.0,0.0,1.0,1.0,1,0.0,0.0,0.0,1.0,1.0,0.0,0.0,0,1.0,1.0,0.0,0.0,0.0,
0059.jpg,P5,plant body without background,0.5904761904761905,0.0,1.0,0.9523809523809523,1.0,0.0,1.0,1.0,1,0.0,0.0,0.0,1.0,1.0,0.0,0.0,0,1.0,1.0,0.0,0.0,0.0,
0060.jpg,P1,green plant,1.193057819908419,0.14899300671979987,1.0,0.7173241865476705,0.8353116224418606,1.0,1.0,0.3923655101339746,1,0.4527320567665529,0.7692023410866745,0.6267080745341614,0.0,0.0,0.7070378397006783,0.06885223765432098,1,7.881396410534777,0.8353116224418606,0.27450764179229736,0.0,0.010194575967276498,0.964844
0060.jpg,P2,entire plant excluding pot,1.2823646424175368,0.27432234284653845,1.0,0.726954422261299,0.8569737732552707,1.0,0.11855385748703302,0.6769198414066541,1,0.5107145347449153,0.9627601102663892,0.9968944099378882,0.26530019771763963,0.0,0.7389756167815112,0.11835732542438272,1,7.5120411782998,0.8569737732552707,0.3270787298679352,0.16869969838128232,0.005909119153145096,0.968750
0060.jpg,P3,leaves and stems,0.5904761904761905,0.0,1.0,0.9523809523809523,1.0,0.0,1.0,1.0,1,0.0,0.0,0.0,1.0,1.0,0.0,0.0,0,1.0,1.0,0.0,0.0,0.0,
0060.jpg,P4,crop seedling,0.5904761904761905,0.0,1.0,0.9523809523809523,1.0,0.0,1.0,1.0,1,0.0,0.0,0.0,1.0,1.0,0.0,0.0,0,1.0,1.0,0.0,0.0,0.0,
0060.jpg,P5,plant body without background,0.5904761904761905,0.0,1.0,0.9523809523809523,1.0,0.0,1.0,1.0,1,0.0,0.0,0.0,1.0,1.0,0.0,0.0,0,1.0,1.0,0.0,0.0,0.0,
0061.jpg,P1,green plant,1.2068749091948805,0.15342881944444442,1.0,0.7133558766410186,0.874162936030733,1.0,1.0,0.3792882124352332,1,0.45868538277164134,0.7827491541004883,0.6300613496932516,0.0,0.0,0.7131213589168515,0.07060438368055555,1,8.036497146661318,0.874162936030733,0.2698611915111542,0.0,0.01054606989844968,0.964844
0061.jpg,P2,entire plant excluding pot,1.304428522275595,0.2810049055516486,1.0,0.7221735400357338,0.9057209063909276,1.0,0.12612280547421864,0.6531708428246014,1,0.522648651879933,0.984556057258513,0.9969325153374233,0.2536117585046587,0.0,0.7468970663011484,0.12099693769290124,1,7.694174448720986,0.9057209063909276,0.32594767212867737,0.1585756035540162,0.006123972072455378,0.972656
0061.jpg,P3,leaves and stems,0.5904761904761905,0.0,1.0,0.9523809523809523,1.0,0.0,1.0,1.0,1,0.0,0.0,0.0,1.0,1.0,0.0,0.0,0,1.0,1.0,0.0,0.0,0.0,
0061.jpg,P4,crop seedling,0.5904761904761905,0.0,1.0,0.9523809523809523,1.0,0.0,1.0,1.0,1,0.0,0.0,0.0,1.0,1.0,0.0,0.0,0,1.0,1.0,0.0,0.0,0.0,
0061.jpg,P5,plant body without background,0.5904761904761905,0.0,1.0,0.9523809523809523,1.0,0.0,1.0,1.0,1,0.0,0.0,0.0,1.0,1.0,0.0,0.0,0,1.0,1.0,0.0,0.0,0.0,
0062.jpg,P1,green plant,1.1999439178034095,0.16560815166432252,1.0,0.7092321380502522,0.8248985200654534,1.0,1.0,0.3986133503265891,1,0.45999615584740394,0.7831965621120627,0.6291666666666667,0.0,0.0,0.7262735910818205,0.0754152199074074,1,8.199511735300009,0.8248985200654534,0.2604599893093109,0.0,0.010034786834717773,0.957031
0062.jpg,P2,entire plant excluding pot,1.3046626753800836,0.3004360422526957,1.0,0.7199519411276575,0.868239790049736,1.0,0.13320506980024088,0.678702066772655,1,0.5269371206940658,0.9831854248328729,0.9964285714285714,0.24197687721537134,0.0,0.7605814231002886,0.1286722366898148,1,7.779632024707217,0.868239790049736,0.314517617225647,0.15014443541820682,0.005893602209023302,0.972656
0062.jpg,P3,leaves and stems,1.0350968355188357,0.16569422468354422,1.0,0.710138164980806,0.0,1.0,1.0,0.3963305889803674,1,0.45993035758596557,0.7833242333613124,0.6285714285714286,0.0,0.0,0.726240187666491,0.07544921875,1,8.163533501316003,0.0,0.2600483298301697,0.0,0.010092584602896104,0.347656
0062.jpg,P4,crop seedling,0.5904761904761905,0.0,1.0,0.9523809523809523,1.0,0.0,1.0,1.0,1,0.0,0.0,0.0,1.0,1.0,0.0,0.0,0,1.0,1.0,0.0,0.0,0.0,
0062.jpg,P5,plant body without background,0.5904761904761905,0.0,1.0,0.9523809523809523,1.0,0.0,1.0,1.0,1,0.0,0.0,0.0,1.0,1.0,0.0,0.0,0,1.0,1.0,0.0,0.0,0.0,
0063.jpg,P1,green plant,1.1865245535553555,0.17805974322159712,1.0,0.7107180973635272,0.7722553455357608,0.9674135446548462,1.0,0.5477344841759145,1,0.4608352074002093,0.7773777291558432,0.6289198606271778,0.0,0.0,0.7554742728277215,0.08033359857253086,1,8.140552596299154,0.7722553455357608,0.24185338616371155,0.0,0.0073028084145882076,0.968750
0063.jpg,P2,entire plant excluding pot,1.2962623039684817,0.3183251899710893,1.0,0.7192377855639491,0.8068474946592771,1.0,0.1385898138175104,0.9277865677791512,1,0.5273802099296186,0.9686808969081778,0.9953542392566783,0.23293917853675694,0.0,0.7905988650658147,0.13573845003858026,1,7.807215362466177,0.8068474946592771,0.2918723523616791,0.14431075018496822,0.004311336398817269,0.964844
0063.jpg,P3,leaves and stems,0.3904761904761905,0.0,1.0,0.9523809523809523,0.0,0.0,1.0,1.0,1,0.0,0.0,0.0,1.0,1.0,0.0,0.0,0,1.0,0.0,0.0,0.0,0.0,
0063.jpg,P4,crop seedling,0.5904761904761905,0.0,1.0,0.9523809523809523,1.0,0.0,1.0,1.0,1,0.0,0.0,0.0,1.0,1.0,0.0,0.0,0,1.0,1.0,0.0,0.0,0.0,
0063.jpg,P5,plant body without background,0.5904761904761905,0.0,1.0,0.9523809523809523,1.0,0.0,1.0,1.0,1,0.0,0.0,0.0,1.0,1.0,0.0,0.0,0,1.0,1.0,0.0,0.0,0.0,
0064.jpg,P1,green plant,1.1426844543694867,0.18559632120253167,1.0,0.7110829637600261,0.7331518456707914,0.9155458211898804,1.0,1.0,1,0.43360906400484084,0.7469078058785276,0.5125231910946196,0.0,0.0,0.7993715755032467,0.083310546875,1,8.126113293792164,0.7331518456707914,0.2288864552974701,0.0,0.0,0.949219
0064.jpg,P2,entire plant excluding pot,1.2430527876415325,0.331581655825129,1.0,0.7176690253118978,0.7704918285704588,1.0,0.1327875945399623,1.0,1,0.4791042857000354,0.9178074507085534,0.8107606679035251,0.23818760096844183,0.0,0.8339103801993977,0.14097475405092594,1,7.867999446274043,0.7704918285704588,0.2729816138744354,0.15061647941804548,0.0,0.968750
0064.jpg,P3,leaves and stems,0.5904761904761905,0.0,1.0,0.9523809523809523,1.0,0.0,1.0,1.0,1,0.0,0.0,0.0,1.0,1.0,0.0,0.0,0,1.0,1.0,0.0,0.0,0.0,
0064.jpg,P4,crop seedling,0.5904761904761905,0.0,1.0,0.9523809523809523,1.0,0.0,1.0,1.0,1,0.0,0.0,0.0,1.0,1.0,0.0,0.0,0,1.0,1.0,0.0,0.0,0.0,
0064.jpg,P5,plant body without background,0.5904761904761905,0.0,1.0,0.9523809523809523,1.0,0.0,1.0,1.0,1,0.0,0.0,0.0,1.0,1.0,0.0,0.0,0,1.0,1.0,0.0,0.0,0.0,
0065.jpg,P1,green plant,1.1519523364107522,0.1967778778910767,1.0,0.7095671327509179,0.7604795026277091,0.8910829424858093,1.0,1.0,1,0.44037084525964976,0.750757464018736,0.5206611570247934,0.0,0.0,0.8388672458862934,0.0877272617669753,1,8.186198425597988,0.7604795026277091,0.22277073562145233,0.0,0.0,0.976562
0065.jpg,P2,entire plant excluding pot,1.253252671972818,0.3463849942373809,1.0,0.7173810269709346,0.7985268833245182,1.0,0.1224455917913862,1.0,1,0.4807940910662513,0.919672629427098,0.8154269972451791,0.2503069056438614,0.0,0.872238829557932,0.14682207272376543,1,7.879187277154345,0.7985268833245182,0.2606757879257202,0.16333785240774149,0.0,0.949219
0065.jpg,P3,leaves and stems,0.5904761904761905,0.0,1.0,0.9523809523809523,1.0,0.0,1.0,1.0,1,0.0,0.0,0.0,1.0,1.0,0.0,0.0,0,1.0,1.0,0.0,0.0,0.0,
0065.jpg,P4,crop seedling,0.5904761904761905,0.0,1.0,0.9523809523809523,1.0,0.0,1.0,1.0,1,0.0,0.0,0.0,1.0,1.0,0.0,0.0,0,1.0,1.0,0.0,0.0,0.0,
0065.jpg,P5,plant body without background,0.5904761904761905,0.0,1.0,0.9523809523809523,1.0,0.0,1.0,1.0,1,0.0,0.0,0.0,1.0,1.0,0.0,0.0,0,1.0,1.0,0.0,0.0,0.0,
0066.jpg,P1,green plant,1.1795910662516236,0.20999588558759186,1.0,0.7105086346537571,0.7838984463162506,0.8064642548561096,1.0,1.0,1,0.4774176219688817,0.7996025253706797,0.6413340623291416,0.0,0.0,0.8211660686989843,0.09294837480709876,1,8.148848619899372,0.7838984463162506,0.2016160637140274,0.0,0.0,0.976562
0066.jpg,P2,entire plant excluding pot,1.3214457040629095,0.3672677737732458,1.0,0.7164952606974215,0.8478938679784838,0.955344021320343,0.1300123824300898,1.0,1,0.5440455193090107,0.9998429998531038,0.9994532531437944,0.23783819085241314,0.0,0.8555034105026529,0.1550707706404321,1,7.913652883806121,0.8478938679784838,0.23883600533008575,0.1538315014783641,0.0,0.964844
0066.jpg,P3,leaves and stems,0.5904761904761905,0.0,1.0,0.9523809523809523,1.0,0.0,1.0,1.0,1,0.0,0.0,0.0,1.0,1.0,0.0,0.0,0,1.0,1.0,0.0,0.0,0.0,
0066.jpg,P4,crop seedling,0.5904761904761905,0.0,1.0,0.9523809523809523,1.0,0.0,1.0,1.0,1,0.0,0.0,0.0,1.0,1.0,0.0,0.0,0,1.0,1.0,0.0,0.0,0.0,
0066.jpg,P5,plant body without background,0.5904761904761905,0.0,1.0,0.9523809523809523,1.0,0.0,1.0,1.0,1,0.0,0.0,0.0,1.0,1.0,0.0,0.0,0,1.0,1.0,0.0,0.0,0.0,
0067.jpg,P1,green plant,0.8069425352269832,0.2302959935146115,1.0,0.7133121394798361,0.6856102645040196,0.7252794504165649,1.0,1.0,1,0.13604296564397683,0.0,0.31364468864468864,0.0,0.0,0.7958692168793289,0.1009669174382716,1,8.038216221280729,0.6856102645040196,0.18131986260414124,0.0,0.0005206218804480214,0.976562
0067.jpg,P2,entire plant excluding pot,0.8898062472207361,0.3996031484411626,1.0,0.7169372013001931,0.7810815717322797,0.8870043158531189,0.14855004188163237,1.0,1,0.13288099975538528,0.0,0.6318681318681318,0.21388002376165366,0.0,0.8330874314761767,0.16784324363425926,1,7.896446109546604,0.7810815717322797,0.22175107896327972,0.13463476513817746,0.00029881644266208096,0.960938
0067.jpg,P3,leaves and stems,0.5904761904761905,0.0,1.0,0.9523809523809523,1.0,0.0,1.0,1.0,1,0.0,0.0,0.0,1.0,1.0,0.0,0.0,0,1.0,1.0,0.0,0.0,0.0,
0067.jpg,P4,crop seedling,0.5904761904761905,0.0,1.0,0.9523809523809523,1.0,0.0,1.0,1.0,1,0.0,0.0,0.0,1.0,1.0,0.0,0.0,0,1.0,1.0,0.0,0.0,0.0,
0067.jpg,P5,plant body without background,0.5904761904761905,0.0,1.0,0.9523809523809523,1.0,0.0,1.0,1.0,1,0.0,0.0,0.0,1.0,1.0,0.0,0.0,0,1.0,1.0,0.0,0.0,0.0,
0068.jpg,P1,green plant,0.8217345272226475,0.23419278158696655,1.0,0.7148566534319095,0.8076847275866575,0.6524622440338135,1.0,1.0,1,0.13989524589477803,0.0,0.31676706827309237,0.0,0.0,0.8287717360562139,0.10250614872685185,1,7.977637060497766,0.8076847275866575,0.16311556100845337,0.0,0.0,0.976562
0068.jpg,P2,entire plant excluding pot,0.903981099589642,0.4051267776215034,1.0,0.7174431290349943,0.827818513150909,0.8423078060150146,0.1596910934589493,1.0,1,0.14544185442515767,0.0,0.6661646586345381,0.20384242293597757,0.0,0.8668494275173407,0.17002507716049384,1,7.8767740474443535,0.827818513150909,0.21057695150375366,0.12524180007034183,0.0,0.953125
0068.jpg,P3,leaves and stems,0.5904761904761905,0.0,1.0,0.9523809523809523,1.0,0.0,1.0,1.0,1,0.0,0.0,0.0,1.0,1.0,0.0,0.0,0,1.0,1.0,0.0,0.0,0.0,
0068.jpg,P4,crop seedling,0.5904761904761905,0.0,1.0,0.9523809523809523,1.0,0.0,1.0,1.0,1,0.0,0.0,0.0,1.0,1.0,0.0,0.0,0,1.0,1.0,0.0,0.0,0.0,
0068.jpg,P5,plant body without background,0.5904761904761905,0.0,1.0,0.9523809523809523,1.0,0.0,1.0,1.0,1,0.0,0.0,0.0,1.0,1.0,0.0,0.0,0,1.0,1.0,0.0,0.0,0.0,
0069.jpg,P1,green plant,1.0486713247381805,0.22883733053992805,1.0,0.7137021490286918,0.7568411459447948,0.601743757724762,1.0,1.0,1,0.3884464480905452,0.6356585724749693,0.44017563117453345,0.0,0.0,0.8673433411288993,0.1003907455632716,1,8.022894462653456,0.7568411459447948,0.1504359394311905,0.0,0.0,0.976562
0069.jpg,P2,entire plant excluding pot,1.140156099425909,0.3965725845835286,1.0,0.7182668837419226,0.8034736659233154,0.7719220519065857,0.1410186956410845,1.0,1,0.40210906219483866,0.7251898970098716,0.6926454445664105,0.22257439065857346,0.0,0.9038873541700176,0.16664617091049383,1,7.844803168157918,0.8034736659233154,0.19298051297664642,0.14182516657864466,0.0,0.937500
0069.jpg,P3,leaves and stems,0.5904761904761905,0.0,1.0,0.9523809523809523,1.0,0.0,1.0,1.0,1,0.0,0.0,0.0,1.0,1.0,0.0,0.0,0,1.0,1.0,0.0,0.0,0.0,
0069.jpg,P4,crop seedling,0.5904761904761905,0.0,1.0,0.9523809523809523,1.0,0.0,1.0,1.0,1,0.0,0.0,0.0,1.0,1.0,0.0,0.0,0,1.0,1.0,0.0,0.0,0.0,
0069.jpg,P5,plant body without background,0.5904761904761905,0.0,1.0,0.9523809523809523,1.0,0.0,1.0,1.0,1,0.0,0.0,0.0,1.0,1.0,0.0,0.0,0,1.0,1.0,0.0,0.0,0.0,
0070.jpg,P1,green plant,1.0290994658136432,0.220051167662916,1.0,0.715306191825864,0.7835707684528065,0.49682876467704773,1.0,1.0,1,0.3859480872899165,0.6335837524987911,0.44552602021714716,0.0,0.0,0.8399909027625315,0.09692021122685185,1,7.96005434952093,0.7835707684528065,0.12420719116926193,0.0,0.0,0.972656
0070.jpg,P2,entire plant excluding pot,1.1061278707197648,0.3818446363689638,1.0,0.7194880527800938,0.8215432714328538,0.6417372822761536,0.1258118731107852,1.0,1,0.39320522214815185,0.7216678215526653,0.6986147510295769,0.24274406530247522,0.0,0.8769404901013772,0.16082863136574074,1,7.797542881664577,0.8215432714328538,0.1604343205690384,0.15896750843530286,0.0,0.941406
0070.jpg,P3,leaves and stems,0.5904761904761905,0.0,1.0,0.9523809523809523,1.0,0.0,1.0,1.0,1,0.0,0.0,0.0,1.0,1.0,0.0,0.0,0,1.0,1.0,0.0,0.0,0.0,
0070.jpg,P4,crop seedling,0.5904761904761905,0.0,1.0,0.9523809523809523,1.0,0.0,1.0,1.0,1,0.0,0.0,0.0,1.0,1.0,0.0,0.0,0,1.0,1.0,0.0,0.0,0.0,
0070.jpg,P5,plant body without background,0.5904761904761905,0.0,1.0,0.9523809523809523,1.0,0.0,1.0,1.0,1,0.0,0.0,0.0,1.0,1.0,0.0,0.0,0,1.0,1.0,0.0,0.0,0.0,
0071.jpg,P1,green plant,1.0807452776448616,0.2156763996327551,1.0,0.7099366213816372,0.8488926070147266,0.4263123571872711,1.0,1.0,1,0.44058168060158376,0.7206473976550335,0.5738831615120275,0.0,0.0,0.850561223501571,0.09519217785493828,1,8.171528834612266,0.8488926070147266,0.10657808929681778,0.0,0.0,0.980469
0071.jpg,P2,entire plant excluding pot,1.191350451073461,0.3747310981208001,1.0,0.7170990917028349,0.8839274965361752,0.5402660965919495,0.1429755320657569,1.0,1,0.488145694483109,0.8662741435529071,0.9067255768286696,0.2230346135681647,0.0,0.8864952448088044,0.15801878375771605,1,7.890148281331221,0.8839274965361752,0.13506652414798737,0.1398840746457349,0.0,0.871094
0071.jpg,P3,leaves and stems,0.5904761904761905,0.0,1.0,0.9523809523809523,1.0,0.0,1.0,1.0,1,0.0,0.0,0.0,1.0,1.0,0.0,0.0,0,1.0,1.0,0.0,0.0,0.0,
0071.jpg,P4,crop seedling,0.5904761904761905,0.0,1.0,0.9523809523809523,1.0,0.0,1.0,1.0,1,0.0,0.0,0.0,1.0,1.0,0.0,0.0,0,1.0,1.0,0.0,0.0,0.0,
0071.jpg,P5,plant body without background,0.5904761904761905,0.0,1.0,0.9523809523809523,1.0,0.0,1.0,1.0,1,0.0,0.0,0.0,1.0,1.0,0.0,0.0,0,1.0,1.0,0.0,0.0,0.0,
0072.jpg,P1,green plant,1.0557517448440445,0.22462921452570717,1.0,0.7118813344178591,0.6637387098509265,0.38864558935165405,1.0,1.0,1,0.4579727752148153,0.7419043140164918,0.5897051474262869,0.0,0.0,0.9215933877231149,0.09872853973765432,1,8.094570025993164,0.6637387098509265,0.09716139733791351,0.0,0.0,0.972656
0072.jpg,P2,entire plant excluding pot,1.1770576592773017,0.38522223931473665,1.0,0.7207238366503623,0.698690473068443,0.4798370599746704,0.1769455827506594,1.0,1,0.5201629374756591,0.8973306731245854,0.935032483758121,0.19195668837353155,0.0,0.9537836131765199,0.16216278452932098,1,7.7498800274902,0.698690473068443,0.1199592649936676,0.11302910018490116,0.0,0.804688
0072.jpg,P3,leaves and stems,0.5904761904761905,0.0,1.0,0.9523809523809523,1.0,0.0,1.0,1.0,1,0.0,0.0,0.0,1.0,1.0,0.0,0.0,0,1.0,1.0,0.0,0.0,0.0,
0072.jpg,P4,crop seedling,0.5904761904761905,0.0,1.0,0.9523809523809523,1.0,0.0,1.0,1.0,1,0.0,0.0,0.0,1.0,1.0,0.0,0.0,0,1.0,1.0,0.0,0.0,0.0,
0072.jpg,P5,plant body without background,0.5904761904761905,0.0,1.0,0.9523809523809523,1.0,0.0,1.0,1.0,1,0.0,0.0,0.0,1.0,1.0,0.0,0.0,0,1.0,1.0,0.0,0.0,0.0,
0073.jpg,P1,green plant,1.0750405958831595,0.21848933915455537,1.0,0.6917019518574291,0.6453885704695598,0.3864491283893585,1.0,1.0,1,0.4866347979089789,0.7841702022900736,0.624868282402529,0.0,0.0,0.9969893627499795,0.09630328896604938,1,8.914187601023746,0.6453885704695598,0.09661228209733963,0.0,0.0,0.980469;0.312500
0073.jpg,P2,entire plant excluding pot,1.1989250702714238,0.38202929656977647,1.0,0.7096114346751917,0.6745343299456763,0.4248752295970917,0.19510719637440152,1.0,1,0.5607150121138766,0.9747857814219858,0.9873551106427819,0.18309927752659635,0.0,0.9674585195845979,0.16090157214506173,1,8.184438726180531,0.6745343299456763,0.10621880739927292,0.10250775149072894,0.0,0.917969
0073.jpg,P3,leaves and stems,0.5904761904761905,0.0,1.0,0.9523809523809523,1.0,0.0,1.0,1.0,1,0.0,0.0,0.0,1.0,1.0,0.0,0.0,0,1.0,1.0,0.0,0.0,0.0,
0073.jpg,P4,crop seedling,0.5904761904761905,0.0,1.0,0.9523809523809523,1.0,0.0,1.0,1.0,1,0.0,0.0,0.0,1.0,1.0,0.0,0.0,0,1.0,1.0,0.0,0.0,0.0,
0073.jpg,P5,plant body without background,0.5904761904761905,0.0,1.0,0.9523809523809523,1.0,0.0,1.0,1.0,1,0.0,0.0,0.0,1.0,1.0,0.0,0.0,0,1.0,1.0,0.0,0.0,0.0,
0074.jpg,P1,green plant,1.012428313285138,0.22112891174402238,1.0,0.7126584604632871,0.71061115164037,0.37259358167648315,1.0,1.0,1,0.40902989218030544,0.6321417068610662,0.5194238323876037,0.0,0.0,0.942840049491636,0.09734592013888889,1,8.063934001426633,0.71061115164037,0.09314839541912079,0.0,0.0,0.972656
0074.jpg,P2,entire plant excluding pot,1.088930895847202,0.3864684667526176,1.0,0.7284447251608841,0.7593851184665723,0.39687836170196533,0.18112720682016514,1.0,1,0.43469556143079396,0.7207952337559637,0.8206023570493235,0.18997929029608798,0.0,0.917025924361549,0.16265504436728395,1,7.455755130333062,0.7593851184665723,0.09921959042549133,0.11041963463753571,0.0,0.921875
0074.jpg,P3,leaves and stems,0.5904761904761905,0.0,1.0,0.9523809523809523,1.0,0.0,1.0,1.0,1,0.0,0.0,0.0,1.0,1.0,0.0,0.0,0,1.0,1.0,0.0,0.0,0.0,
0074.jpg,P4,crop seedling,0.5904761904761905,0.0,1.0,0.9523809523809523,1.0,0.0,1.0,1.0,1,0.0,0.0,0.0,1.0,1.0,0.0,0.0,0,1.0,1.0,0.0,0.0,0.0,
0074.jpg,P5,plant body without background,0.5904761904761905,0.0,1.0,0.9523809523809523,1.0,0.0,1.0,1.0,1,0.0,0.0,0.0,1.0,1.0,0.0,0.0,0,1.0,1.0,0.0,0.0,0.0,
0075.jpg,P1,green plant,1.1018111893906193,0.2176209783755274,1.0,0.7122671527148231,0.7642400501755042,0.3758681118488312,1.0,1.0,1,0.4878119307676819,0.8004200951158753,0.6384,0.0,0.0,0.9275289747712553,0.09596028645833334,1,8.07935186084256,0.7642400501755042,0.0939670279622078,0.0,0.0,0.972656
0075.jpg,P2,entire plant excluding pot,1.2264516041491926,0.3788796955578996,1.0,0.7247705728268322,0.8508288402052577,0.39808255434036255,0.15110430287885532,1.0,1,0.5559392715631222,0.9998350569940364,0.9994666666666666,0.2144717476815406,0.0,0.9043452591967156,0.15965747974537037,1,7.594939350246713,0.8508288402052577,0.09952063858509064,0.13235890453784482,0.0,0.925781
0075.jpg,P3,leaves and stems,0.5904761904761905,0.0,1.0,0.9523809523809523,1.0,0.0,1.0,1.0,1,0.0,0.0,0.0,1.0,1.0,0.0,0.0,0,1.0,1.0,0.0,0.0,0.0,
0075.jpg,P4,crop seedling,0.5904761904761905,0.0,1.0,0.9523809523809523,1.0,0.0,1.0,1.0,1,0.0,0.0,0.0,1.0,1.0,0.0,0.0,0,1.0,1.0,0.0,0.0,0.0,
0075.jpg,P5,plant body without background,0.5904761904761905,0.0,1.0,0.9523809523809523,1.0,0.0,1.0,1.0,1,0.0,0.0,0.0,1.0,1.0,0.0,0.0,0,1.0,1.0,0.0,0.0,0.0,
0076.jpg,P1,green plant,1.0221939687625086,0.20555946241600254,1.0,0.7138394030905538,0.7384403469379756,0.349471777677536,1.0,1.0,1,0.4207317707380949,0.6628523620843628,0.5112483458314954,0.0,0.0,0.9670874175889882,0.09119598765432099,1,8.01750633743443,0.7384403469379756,0.087367944419384,0.0,0.0,0.976562
0076.jpg,P2,entire plant excluding pot,1.0940070760851057,0.3585743988318486,1.0,0.7256061795199915,0.77781327589982,0.35097187757492065,0.18492732953501195,1.0,1,0.45141392971978944,0.7707841205512578,0.8014997794441994,0.19021067202443753,0.0,0.9443272883422463,0.15163688753858023,1,7.563161070693404,0.77781327589982,0.08774296939373016,0.10815059110131928,0.0,0.960938
0076.jpg,P3,leaves and stems,0.5904761904761905,0.0,1.0,0.9523809523809523,1.0,0.0,1.0,1.0,1,0.0,0.0,0.0,1.0,1.0,0.0,0.0,0,1.0,1.0,0.0,0.0,0.0,
0076.jpg,P4,crop seedling,0.5904761904761905,0.0,1.0,0.9523809523809523,1.0,0.0,1.0,1.0,1,0.0,0.0,0.0,1.0,1.0,0.0,0.0,0,1.0,1.0,0.0,0.0,0.0,
0076.jpg,P5,plant body without background,0.5904761904761905,0.0,1.0,0.9523809523809523,1.0,0.0,1.0,1.0,1,0.0,0.0,0.0,1.0,1.0,0.0,0.0,0,1.0,1.0,0.0,0.0,0.0,
0077.jpg,P1,green plant,1.022946329591934,0.19369939394827318,1.0,0.7109199681627791,0.8318986945325472,0.30437079071998596,1.0,1.0,1,0.4147685601192171,0.6527592329243057,0.4946808510638298,0.0,0.0,0.9726027540422072,0.0865112606095679,1,8.13256188553225,0.8318986945325472,0.07609269767999649,0.0,0.0,0.976562
0077.jpg,P2,entire plant excluding pot,1.096173962676918,0.33900163843959985,1.0,0.7224380590825568,0.8730796209443382,0.28997454047203064,0.2544470262204221,1.0,1,0.4512751908892131,0.7541046809670195,0.7788120567375887,0.15928640067827793,0.0,0.9493830254147368,0.143905647183642,1,7.684034289941108,0.8730796209443382,0.07249363511800766,0.07860182253682313,0.0,0.933594
0077.jpg,P3,leaves and stems,0.5904761904761905,0.0,1.0,0.9523809523809523,1.0,0.0,1.0,1.0,1,0.0,0.0,0.0,1.0,1.0,0.0,0.0,0,1.0,1.0,0.0,0.0,0.0,
0077.jpg,P4,crop seedling,0.5904761904761905,0.0,1.0,0.9523809523809523,1.0,0.0,1.0,1.0,1,0.0,0.0,0.0,1.0,1.0,0.0,0.0,0,1.0,1.0,0.0,0.0,0.0,
0077.jpg,P5,plant body without background,0.5904761904761905,0.0,1.0,0.9523809523809523,1.0,0.0,1.0,1.0,1,0.0,0.0,0.0,1.0,1.0,0.0,0.0,0,1.0,1.0,0.0,0.0,0.0,
0078.jpg,P1,green plant,1.0207687475113163,0.17710988777543368,1.0,0.7141918072938938,0.8645872298017206,0.282528817653656,1.0,1.0,1,0.4130851990063754,0.6518713503858573,0.48007246376811596,0.0,0.0,0.985171828930645,0.07995840567129629,1,8.003681638103547,0.8645872298017206,0.070632204413414,0.0,0.0,0.972656
0078.jpg,P2,entire plant excluding pot,1.0855593460217614,0.31399040621581487,1.0,0.7255628819932167,0.8945383061500556,0.242447629570961,0.27570080478156817,1.0,1,0.45025150123575175,0.7545666262108132,0.7608695652173914,0.15632559030716933,0.0,0.9609433741498759,0.1340262104552469,1,7.564805885683357,0.8945383061500556,0.06061190739274025,0.07254240703376101,0.0,0.882812
0078.jpg,P3,leaves and stems,0.5904761904761905,0.0,1.0,0.9523809523809523,1.0,0.0,1.0,1.0,1,0.0,0.0,0.0,1.0,1.0,0.0,0.0,0,1.0,1.0,0.0,0.0,0.0,
0078.jpg,P4,crop seedling,0.5904761904761905,0.0,1.0,0.9523809523809523,1.0,0.0,1.0,1.0,1,0.0,0.0,0.0,1.0,1.0,0.0,0.0,0,1.0,1.0,0.0,0.0,0.0,
0078.jpg,P5,plant body without background,0.5904761904761905,0.0,1.0,0.9523809523809523,1.0,0.0,1.0,1.0,1,0.0,0.0,0.0,1.0,1.0,0.0,0.0,0,1.0,1.0,0.0,0.0,0.0,
0079.jpg,P1,green plant,1.0159234108378001,0.16827458391936245,1.0,0.7106284277566035,0.8874773060540465,0.2919590175151825,1.0,1.0,1,0.4042555437887613,0.6366506142878811,0.45741878841088673,0.0,0.0,0.990924468740433,0.07646846064814815,1,8.14410347069619,0.8874773060540465,0.07298975437879562,0.0,0.0,0.980469
0079.jpg,P2,entire plant excluding pot,1.0676120784331524,0.2994233107712143,1.0,0.7225871161456141,0.9254429051106001,0.21843275427818298,0.27754137917541644,1.0,1,0.4344348611720301,0.7292249096838245,0.7221246707638279,0.1580021824518465,0.0,0.9662435678075649,0.12827220775462964,1,7.678323558663683,0.9254429051106001,0.054608188569545746,0.07206132670890585,0.0,0.910156
0079.jpg,P3,leaves and stems,0.5904761904761905,0.0,1.0,0.9523809523809523,1.0,0.0,1.0,1.0,1,0.0,0.0,0.0,1.0,1.0,0.0,0.0,0,1.0,1.0,0.0,0.0,0.0,
0079.jpg,P4,crop seedling,0.5904761904761905,0.0,1.0,0.9523809523809523,1.0,0.0,1.0,1.0,1,0.0,0.0,0.0,1.0,1.0,0.0,0.0,0,1.0,1.0,0.0,0.0,0.0,
0079.jpg,P5,plant body without background,0.5904761904761905,0.0,1.0,0.9523809523809523,1.0,0.0,1.0,1.0,1,0.0,0.0,0.0,1.0,1.0,0.0,0.0,0,1.0,1.0,0.0,0.0,0.0,
0080.jpg,P1,green plant,0.9916588843494876,0.1759131065400843,1.0,0.7291907215907237,0.7202576238548093,0.2797924876213074,1.0,1.0,1,0.4106280964281026,0.6512381929393456,0.46004415011037525,0.0,0.0,0.9988678187946406,0.07948567708333333,1,7.427666600543353,0.7202576238548093,0.06994812190532684,0.0,0.0,0.976562
0080.jpg,P2,entire plant excluding pot,1.064673763983098,0.30771165416471324,1.0,0.7378599354399253,0.8139767242583866,0.1920831948518753,0.4869985940324489,1.0,1,0.4543474622401179,0.7502940868808806,0.7271523178807947,0.12179496579586031,0.0,0.9739560435202483,0.13154610339506173,1,7.105415322591871,0.8139767242583866,0.048020798712968826,0.041067880369829966,0.0,0.863281
0080.jpg,P3,leaves and stems,0.5904761904761905,0.0,1.0,0.9523809523809523,1.0,0.0,1.0,1.0,1,0.0,0.0,0.0,1.0,1.0,0.0,0.0,0,1.0,1.0,0.0,0.0,0.0,
0080.jpg,P4,crop seedling,0.5904761904761905,0.0,1.0,0.9523809523809523,1.0,0.0,1.0,1.0,1,0.0,0.0,0.0,1.0,1.0,0.0,0.0,0,1.0,1.0,0.0,0.0,0.0,
0080.jpg,P5,plant body without background,0.5904761904761905,0.0,1.0,0.9523809523809523,1.0,0.0,1.0,1.0,1,0.0,0.0,0.0,1.0,1.0,0.0,0.0,0,1.0,1.0,0.0,0.0,0.0,
0081.jpg,P1,green plant,1.0071923655820352,0.17658795563759966,1.0,0.7305696328121689,0.8297777722362838,0.28177186846733093,1.0,1.0,1,0.40345091975135855,0.648644196985127,0.44355518112889636,0.0,0.0,0.9658551820336282,0.07975224247685185,1,7.375898342522599,0.8297777722362838,0.07044296711683273,0.0,0.0,0.976562
0081.jpg,P2,entire plant excluding pot,1.0604583006505,0.3094129697999688,1.0,0.7390037428250706,0.8382132135286126,0.1935874968767166,0.4828592814371258,1.0,1,0.4444148160444263,0.746431399549324,0.6988205560235888,0.12226376211622457,0.0,0.9405525475278433,0.13221812307098765,1,7.063462389978983,0.8382132135286126,0.04839687421917915,0.04141993489381491,0.0,0.917969
0081.jpg,P3,leaves and stems,0.5904761904761905,0.0,1.0,0.9523809523809523,1.0,0.0,1.0,1.0,1,0.0,0.0,0.0,1.0,1.0,0.0,0.0,0,1.0,1.0,0.0,0.0,0.0,
0081.jpg,P4,crop seedling,0.5904761904761905,0.0,1.0,0.9523809523809523,1.0,0.0,1.0,1.0,1,0.0,0.0,0.0,1.0,1.0,0.0,0.0,0,1.0,1.0,0.0,0.0,0.0,
0081.jpg,P5,plant body without background,0.5904761904761905,0.0,1.0,0.9523809523809523,1.0,0.0,1.0,1.0,1,0.0,0.0,0.0,1.0,1.0,0.0,0.0,0,1.0,1.0,0.0,0.0,0.0,
0082.jpg,P1,green plant,0.9355744799565829,0.17327719663228625,1.0,0.7272961997397854,0.6659624362478908,0.2702580392360687,1.0,1.0,1,0.36821570558537675,0.6080815389787894,0.3567787971457696,0.0,0.0,0.9116698345656197,0.07844449266975309,1,7.499112475983885,0.6659624362478908,0.06756450980901718,0.0,0.0,0.976562
0082.jpg,P2,entire plant excluding pot,0.9789185301365338,0.3034107502148773,1.0,0.735270083487847,0.7208204490002074,0.2271188497543335,0.29324212102647884,1.0,1,0.38159450364508085,0.6789047227969738,0.5606523955147809,0.15198815232984061,0.0,0.8865686517243164,0.12984724633487654,1,7.200889100679117,0.7208204490002074,0.056779712438583374,0.06820302598409478,0.0,0.851562
0082.jpg,P3,leaves and stems,0.5904761904761905,0.0,1.0,0.9523809523809523,1.0,0.0,1.0,1.0,1,0.0,0.0,0.0,1.0,1.0,0.0,0.0,0,1.0,1.0,0.0,0.0,0.0,
0082.jpg,P4,crop seedling,0.5904761904761905,0.0,1.0,0.9523809523809523,1.0,0.0,1.0,1.0,1,0.0,0.0,0.0,1.0,1.0,0.0,0.0,0,1.0,1.0,0.0,0.0,0.0,
0082.jpg,P5,plant body without background,0.5904761904761905,0.0,1.0,0.9523809523809523,1.0,0.0,1.0,1.0,1,0.0,0.0,0.0,1.0,1.0,0.0,0.0,0,1.0,1.0,0.0,0.0,0.0,
0083.jpg,P1,green plant,0.9972544015076275,0.17225927635177374,1.0,0.7311453915558201,0.852425629813154,0.31835511326789856,1.0,1.0,1,0.3824173193098981,0.6175310161758004,0.42167689161554195,0.0,0.0,0.9037962315757043,0.07804241415895062,1,7.3543405059854985,0.852425629813154,0.07958877831697464,0.0,0.0,0.980469
0083.jpg,P2,entire plant excluding pot,1.0584852854557636,0.2977781562548836,1.0,0.7379782507836289,0.8948965575987308,0.3121505677700043,0.3965055998801364,1.0,1,0.4099245789743141,0.6921978861974614,0.6646216768916156,0.13326896861842272,0.0,0.8800410755023866,0.127622371720679,1,7.101069684320396,0.8948965575987308,0.07803764194250107,0.05044064952940387,0.0,0.828125
0083.jpg,P3,leaves and stems,0.5904761904761905,0.0,1.0,0.9523809523809523,1.0,0.0,1.0,1.0,1,0.0,0.0,0.0,1.0,1.0,0.0,0.0,0,1.0,1.0,0.0,0.0,0.0,
0083.jpg,P4,crop seedling,0.5904761904761905,0.0,1.0,0.9523809523809523,1.0,0.0,1.0,1.0,1,0.0,0.0,0.0,1.0,1.0,0.0,0.0,0,1.0,1.0,0.0,0.0,0.0,
0083.jpg,P5,plant body without background,0.5904761904761905,0.0,1.0,0.9523809523809523,1.0,0.0,1.0,1.0,1,0.0,0.0,0.0,1.0,1.0,0.0,0.0,0,1.0,1.0,0.0,0.0,0.0,
0084.jpg,P1,green plant,0.9446047248500808,0.1688709905844662,1.0,0.7298423110296403,0.604706114748585,0.39930689334869385,1.0,1.0,1,0.3640594629078038,0.6097905018292262,0.32717250324254216,0.0,0.0,0.9174173668391702,0.0767040412808642,1,7.403179697522036,0.604706114748585,0.09982672333717346,0.0,0.0,0.976562
0084.jpg,P2,entire plant excluding pot,1.034912928602913,0.29447746962416,1.0,0.736162700995979,0.7164160982053436,0.40417182445526123,1.0,1.0,1,0.40466730994676414,0.6808064126458204,0.521076523994812,0.05584607587591161,0.0,0.8934511396443432,0.1263186005015432,1,7.16790727503762,0.7164160982053436,0.10104295611381531,0.0,0.0,0.832031
0084.jpg,P3,leaves and stems,0.5904761904761905,0.0,1.0,0.9523809523809523,1.0,0.0,1.0,1.0,1,0.0,0.0,0.0,1.0,1.0,0.0,0.0,0,1.0,1.0,0.0,0.0,0.0,
0084.jpg,P4,crop seedling,0.5904761904761905,0.0,1.0,0.9523809523809523,1.0,0.0,1.0,1.0,1,0.0,0.0,0.0,1.0,1.0,0.0,0.0,0,1.0,1.0,0.0,0.0,0.0,
0084.jpg,P5,plant body without background,0.5904761904761905,0.0,1.0,0.9523809523809523,1.0,0.0,1.0,1.0,1,0.0,0.0,0.0,1.0,1.0,0.0,0.0,0,1.0,1.0,0.0,0.0,0.0,
0085.jpg,P1,green plant,0.9722585564285868,0.15936053240740744,1.0,0.7225403192860165,0.7417774628321254,0.47930747270584106,1.0,1.0,1,0.35166139898230875,0.5766425798612757,0.3148502230720204,0.0,0.0,0.9316345587789862,0.07294741030092593,1,7.68011620412152,0.7417774628321254,0.11982686817646027,0.0,0.0,0.976562
0085.jpg,P2,entire plant excluding pot,1.0604870707697909,0.28362952219096726,1.0,0.729503288367185,0.8157140175036999,0.49653252959251404,1.0,1.0,1,0.39541119923891754,0.6282153073113415,0.5009560229445507,0.017496611328240777,0.0,0.9061274094840117,0.1220336612654321,1,7.415914799733277,0.8157140175036999,0.12413313239812851,0.0,0.0,0.855469
0085.jpg,P3,leaves and stems,0.5904761904761905,0.0,1.0,0.9523809523809523,1.0,0.0,1.0,1.0,1,0.0,0.0,0.0,1.0,1.0,0.0,0.0,0,1.0,1.0,0.0,0.0,0.0,
0085.jpg,P4,crop seedling,0.5904761904761905,0.0,1.0,0.9523809523809523,1.0,0.0,1.0,1.0,1,0.0,0.0,0.0,1.0,1.0,0.0,0.0,0,1.0,1.0,0.0,0.0,0.0,
0085.jpg,P5,plant body without background,0.5904761904761905,0.0,1.0,0.9523809523809523,1.0,0.0,1.0,1.0,1,0.0,0.0,0.0,1.0,1.0,0.0,0.0,0,1.0,1.0,0.0,0.0,0.0,
0086.jpg,P1,green plant,0.9977942435600216,0.15133437597671517,1.0,0.7260828626053673,0.8150893811320639,0.5493810772895813,1.0,1.0,1,0.34941670415927595,0.5818892515148746,0.3057565272098144,0.0,0.0,0.9071929123130326,0.06977707851080248,1,7.545065487752995,0.8150893811320639,0.13734526932239532,0.0,0.0,0.980469
0086.jpg,P2,entire plant excluding pot,1.0795632393213277,0.2714468325128926,1.0,0.7325495270458174,0.8618020041448892,0.5656535625457764,1.0,1.0,1,0.3932728540714526,0.6375692563595301,0.4837999370871343,0.017876500850576273,0.0,0.884025759251058,0.11722149884259259,1,7.301908282781671,0.8618020041448892,0.1414133906364441,0.0,0.0,0.929688
0086.jpg,P3,leaves and stems,0.5904761904761905,0.0,1.0,0.9523809523809523,1.0,0.0,1.0,1.0,1,0.0,0.0,0.0,1.0,1.0,0.0,0.0,0,1.0,1.0,0.0,0.0,0.0,
0086.jpg,P4,crop seedling,0.5904761904761905,0.0,1.0,0.9523809523809523,1.0,0.0,1.0,1.0,1,0.0,0.0,0.0,1.0,1.0,0.0,0.0,0,1.0,1.0,0.0,0.0,0.0,
0086.jpg,P5,plant body without background,0.5904761904761905,0.0,1.0,0.9523809523809523,1.0,0.0,1.0,1.0,1,0.0,0.0,0.0,1.0,1.0,0.0,0.0,0,1.0,1.0,0.0,0.0,0.0,
0087.jpg,P1,green plant,0.9859867977877845,0.14818813242303486,1.0,0.7214505724006824,0.7659844677231898,0.5939493775367737,1.0,1.0,1,0.3400722877710483,0.5694069365056768,0.2995305164319249,0.0,0.0,0.8686436703631494,0.06853431230709876,1,7.721926858341047,0.7659844677231898,0.14848734438419342,0.0,0.0,0.347656;0.976562
0087.jpg,P2,entire plant excluding pot,1.0619190533986866,0.2687794845874356,1.0,0.7278124235059247,0.7977822870860942,0.5937963128089905,1.0,1.0,1,0.3842849518009977,0.6176470229122462,0.4751173708920188,0.00708634695078476,0.0,0.847132711063836,0.11616789641203704,1,7.47960786882225,0.7977822870860942,0.14844907820224762,0.0,0.0,0.937500
0087.jpg,P3,leaves and stems,0.5904761904761905,0.0,1.0,0.9523809523809523,1.0,0.0,1.0,1.0,1,0.0,0.0,0.0,1.0,1.0,0.0,0.0,0,1.0,1.0,0.0,0.0,0.0,
0087.jpg,P4,crop seedling,0.5904761904761905,0.0,1.0,0.9523809523809523,1.0,0.0,1.0,1.0,1,0.0,0.0,0.0,1.0,1.0,0.0,0.0,0,1.0,1.0,0.0,0.0,0.0,
0087.jpg,P5,plant body without background,0.5904761904761905,0.0,1.0,0.9523809523809523,1.0,0.0,1.0,1.0,1,0.0,0.0,0.0,1.0,1.0,0.0,0.0,0,1.0,1.0,0.0,0.0,0.0,
0088.jpg,P1,green plant,0.9586099845685806,0.14713144876152517,1.0,0.7154162993267911,0.6316518344278768,0.5986139178276062,1.0,1.0,1,0.3400472844998207,0.5866497576213396,0.30791413008651075,0.0,0.0,0.7929532591677989,0.06811692226080247,1,7.955751104385045,0.6316518344278768,0.14965347945690155,0.0,0.0,0.980469
0088.jpg,P2,entire plant excluding pot,1.0425964491684718,0.2712853692959837,1.0,0.7217169152805867,0.668719697106874,0.5905130505561829,1.0,1.0,1,0.39214944272054636,0.6490332766085882,0.4879846203140019,0.0010836086948020742,0.0,0.7747564685946078,0.11715772087191358,1,7.711696340419658,0.668719697106874,0.14762826263904572,0.0,0.0,0.941406
0088.jpg,P3,leaves and stems,0.5904761904761905,0.0,1.0,0.9523809523809523,1.0,0.0,1.0,1.0,1,0.0,0.0,0.0,1.0,1.0,0.0,0.0,0,1.0,1.0,0.0,0.0,0.0,
0088.jpg,P4,crop seedling,0.5904761904761905,0.0,1.0,0.9523809523809523,1.0,0.0,1.0,1.0,1,0.0,0.0,0.0,1.0,1.0,0.0,0.0,0,1.0,1.0,0.0,0.0,0.0,
0088.jpg,P5,plant body without background,0.5904761904761905,0.0,1.0,0.9523809523809523,1.0,0.0,1.0,1.0,1,0.0,0.0,0.0,1.0,1.0,0.0,0.0,0,1.0,1.0,0.0,0.0,0.0,
0089.jpg,P1,green plant,1.0019519996307813,0.14043850845835293,1.0,0.7145078103092593,0.8382633508635134,0.6440460681915283,1.0,1.0,1,0.3345008520662506,0.5779136578347659,0.30742049469964666,0.0,0.0,0.7689538277814613,0.06547321084104939,1,7.9912965420817885,0.8382633508635134,0.16101151704788208,0.0,0.0,0.316406;0.980469
0089.jpg,P2,entire plant excluding pot,1.0845169674444999,0.26378297634396,1.0,0.7211083626418147,0.8726034094601834,0.6402372121810913,1.0,1.0,1,0.38497057531909007,0.6358921245170039,0.48506264053967235,0.0004001380951526279,0.0,0.7521709786954344,0.1141942756558642,1,7.735082598028752,0.8726034094601834,0.16005930304527283,0.0,0.0,0.933594
0089.jpg,P3,leaves and stems,0.5904761904761905,0.0,1.0,0.9523809523809523,1.0,0.0,1.0,1.0,1,0.0,0.0,0.0,1.0,1.0,0.0,0.0,0,1.0,1.0,0.0,0.0,0.0,
0089.jpg,P4,crop seedling,0.5904761904761905,0.0,1.0,0.9523809523809523,1.0,0.0,1.0,1.0,1,0.0,0.0,0.0,1.0,1.0,0.0,0.0,0,1.0,1.0,0.0,0.0,0.0,
0089.jpg,P5,plant body without background,0.5904761904761905,0.0,1.0,0.9523809523809523,1.0,0.0,1.0,1.0,1,0.0,0.0,0.0,1.0,1.0,0.0,0.0,0,1.0,1.0,0.0,0.0,0.0,
0090.jpg,P1,green plant,1.008095925731614,0.1289709573761525,1.0,0.7034316444494739,0.9060959382225906,0.6540743112564087,1.0,1.0,1,0.3295813554706889,0.5690291536844682,0.3002585649644473,0.0,0.0,0.7637460998752457,0.06094352816358025,1,8.432044759164313,0.9060959382225906,0.16351857781410217,0.0,0.0,0.976562
0090.jpg,P2,entire plant excluding pot,1.0844826387298299,0.2468778691006407,1.0,0.7146846036697204,0.9252799254579052,0.6472143530845642,1.0,1.0,1,0.37767128846726383,0.6217814435039482,0.47349709114414995,0.0,0.0,0.7481830683493502,0.10751675829475309,1,7.984372263380488,0.9252799254579052,0.16180358827114105,0.0,0.0,0.882812
0090.jpg,P3,leaves and stems,0.5904761904761905,0.0,1.0,0.9523809523809523,1.0,0.0,1.0,1.0,1,0.0,0.0,0.0,1.0,1.0,0.0,0.0,0,1.0,1.0,0.0,0.0,0.0,
0090.jpg,P4,crop seedling,0.5904761904761905,0.0,1.0,0.9523809523809523,1.0,0.0,1.0,1.0,1,0.0,0.0,0.0,1.0,1.0,0.0,0.0,0,1.0,1.0,0.0,0.0,0.0,
0090.jpg,P5,plant body without background,0.5904761904761905,0.0,1.0,0.9523809523809523,1.0,0.0,1.0,1.0,1,0.0,0.0,0.0,1.0,1.0,0.0,0.0,0,1.0,1.0,0.0,0.0,0.0,
0091.jpg,P1,green plant,0.9644520359678395,0.11423659946866682,1.0,0.7016636763457311,0.689696025105704,0.6650456190109253,1.0,1.0,1,0.330323651981634,0.5627951143484836,0.29322813938198555,0.0,0.0,0.8056429687090731,0.055123456790123454,1,8.50368442066166,0.689696025105704,0.16626140475273132,0.0,0.0,0.976562
0091.jpg,P2,entire plant excluding pot,1.0470547902866283,0.22335948488045,1.0,0.7149366017203225,0.7430180550547923,0.672561764717102,1.0,1.0,1,0.3762796090120951,0.611897472296677,0.4621959237343853,0.0,0.0,0.7892022743606882,0.09822699652777778,1,7.9745084415524765,0.7430180550547923,0.1681404411792755,0.0,0.0,0.882812
0091.jpg,P3,leaves and stems,0.5904761904761905,0.0,1.0,0.9523809523809523,1.0,0.0,1.0,1.0,1,0.0,0.0,0.0,1.0,1.0,0.0,0.0,0,1.0,1.0,0.0,0.0,0.0,
0091.jpg,P4,crop seedling,0.5904761904761905,0.0,1.0,0.9523809523809523,1.0,0.0,1.0,1.0,1,0.0,0.0,0.0,1.0,1.0,0.0,0.0,0,1.0,1.0,0.0,0.0,0.0,
0091.jpg,P5,plant body without background,0.5904761904761905,0.0,1.0,0.9523809523809523,1.0,0.0,1.0,1.0,1,0.0,0.0,0.0,1.0,1.0,0.0,0.0,0,1.0,1.0,0.0,0.0,0.0,
0092.jpg,P1,green plant,0.9574786839873998,0.1023142654125645,1.0,0.711033841170721,0.6002745821397297,0.7273675203323364,1.0,1.0,1,0.32928064217632935,0.5484759164000707,0.2909766813112538,0.0,0.0,0.8493826880027894,0.05041413483796296,1,8.128056418622629,0.6002745821397297,0.1818418800830841,0.0,0.0,0.972656
0092.jpg,P2,entire plant excluding pot,1.0392831339300168,0.20283839515939983,1.0,0.721788893200099,0.6784942239260112,0.7396385669708252,1.0,1.0,1,0.37073111807874987,0.5866563737967242,0.45724907063197023,0.00025685584367111214,0.0,0.8317361128924312,0.09012116608796296,1,7.70893288663486,0.6784942239260112,0.1849096417427063,0.0,0.0,0.851562
0092.jpg,P3,leaves and stems,0.5904761904761905,0.0,1.0,0.9523809523809523,1.0,0.0,1.0,1.0,1,0.0,0.0,0.0,1.0,1.0,0.0,0.0,0,1.0,1.0,0.0,0.0,0.0,
0092.jpg,P4,crop seedling,0.5904761904761905,0.0,1.0,0.9523809523809523,1.0,0.0,1.0,1.0,1,0.0,0.0,0.0,1.0,1.0,0.0,0.0,0,1.0,1.0,0.0,0.0,0.0,
0092.jpg,P5,plant body without background,0.5904761904761905,0.0,1.0,0.9523809523809523,1.0,0.0,1.0,1.0,1,0.0,0.0,0.0,1.0,1.0,0.0,0.0,0,1.0,1.0,0.0,0.0,0.0,
0093.jpg,P1,green plant,0.9829493400170316,0.09934352535552426,1.0,0.7020693736786457,0.6273443190990885,0.8179352879524231,1.0,1.0,1,0.3336108387998954,0.5487335333321083,0.29287690179806364,0.0,0.0,0.8883625981000602,0.049240692515432095,1,8.4872133008817,0.6273443190990885,0.20448382198810577,0.0,0.0,0.976562
0093.jpg,P2,entire plant excluding pot,1.061700151093853,0.19544252519924987,1.0,0.7162897331947167,0.7039339081192175,0.8374860286712646,1.0,1.0,1,0.37106971205696343,0.5863016748684301,0.4581604426002766,0.01190012028702974,0.0,0.86965282271072,0.08719979745370371,1,7.92166224524565,0.7039339081192175,0.20937150716781616,0.0,0.0,0.882812
0093.jpg,P3,leaves and stems,0.5904761904761905,0.0,1.0,0.9523809523809523,1.0,0.0,1.0,1.0,1,0.0,0.0,0.0,1.0,1.0,0.0,0.0,0,1.0,1.0,0.0,0.0,0.0,
0093.jpg,P4,crop seedling,0.5904761904761905,0.0,1.0,0.9523809523809523,1.0,0.0,1.0,1.0,1,0.0,0.0,0.0,1.0,1.0,0.0,0.0,0,1.0,1.0,0.0,0.0,0.0,
0093.jpg,P5,plant body without background,0.5904761904761905,0.0,1.0,0.9523809523809523,1.0,0.0,1.0,1.0,1,0.0,0.0,0.0,1.0,1.0,0.0,0.0,0,1.0,1.0,0.0,0.0,0.0,
0094.jpg,P1,green plant,1.037370781453238,0.09923181356461952,1.0,0.7154193048074836,0.7961743645023264,0.918302595615387,1.0,1.0,1,0.33154516575527476,0.5515076413974731,0.2876806607019959,0.0,0.0,0.8673497233979991,0.04919656635802469,1,7.955633662110806,0.7961743645023264,0.22957564890384674,0.0,0.0,0.976562
0094.jpg,P2,entire plant excluding pot,1.111020145948403,0.19446977799265508,1.0,0.7203986430124585,0.8349425942005586,0.9441174268722534,1.0,1.0,1,0.3722344575328178,0.5908938404052793,0.45147969717825187,0.0027080211586719863,0.0,0.8496767424648632,0.08681556230709876,1,7.76240654253165,0.8349425942005586,0.23602935671806335,0.0,0.0,0.894531
0094.jpg,P3,leaves and stems,0.5904761904761905,0.0,1.0,0.9523809523809523,1.0,0.0,1.0,1.0,1,0.0,0.0,0.0,1.0,1.0,0.0,0.0,0,1.0,1.0,0.0,0.0,0.0,
0094.jpg,P4,crop seedling,0.5904761904761905,0.0,1.0,0.9523809523809523,1.0,0.0,1.0,1.0,1,0.0,0.0,0.0,1.0,1.0,0.0,0.0,0,1.0,1.0,0.0,0.0,0.0,
0094.jpg,P5,plant body without background,0.5904761904761905,0.0,1.0,0.9523809523809523,1.0,0.0,1.0,1.0,1,0.0,0.0,0.0,1.0,1.0,0.0,0.0,0,1.0,1.0,0.0,0.0,0.0,
0095.jpg,P1,green plant,1.0308970973016005,0.10341673259493667,1.0,0.7152882737477614,0.6998334627257625,1.0,1.0,1.0,1,0.32718940348790837,0.551751237930515,0.28640275387263336,0.0,0.0,0.8252397451515416,0.050849609375,1,7.960754753058883,0.6998334627257625,0.2673083543777466,0.0,0.0,0.972656
0095.jpg,P2,entire plant excluding pot,1.102596111832006,0.1956168078020003,1.0,0.720495214389692,0.7582476994845531,1.0,1.0,1.0,1,0.367724167496757,0.5888160235743001,0.4495697074010327,0.0013207320392185577,0.0,0.8111223152533161,0.08726863908179013,1,7.75868541603201,0.7582476994845531,0.2738775908946991,0.0,0.0,0.886719
0095.jpg,P3,leaves and stems,0.5904761904761905,0.0,1.0,0.9523809523809523,1.0,0.0,1.0,1.0,1,0.0,0.0,0.0,1.0,1.0,0.0,0.0,0,1.0,1.0,0.0,0.0,0.0,
0095.jpg,P4,crop seedling,0.5904761904761905,0.0,1.0,0.9523809523809523,1.0,0.0,1.0,1.0,1,0.0,0.0,0.0,1.0,1.0,0.0,0.0,0,1.0,1.0,0.0,0.0,0.0,
0095.jpg,P5,plant body without background,0.5904761904761905,0.0,1.0,0.9523809523809523,1.0,0.0,1.0,1.0,1,0.0,0.0,0.0,1.0,1.0,0.0,0.0,0,1.0,1.0,0.0,0.0,0.0,
0096.jpg,P1,green plant,1.0350395819467413,0.10928465385216435,1.0,0.7134637502271758,0.7327087412762966,1.0,1.0,1.0,1,0.32394815287561385,0.5526486701253849,0.287920384351407,0.0,0.0,0.7869544914847586,0.05316743827160494,1,8.032258112106957,0.7327087412762966,0.2764752209186554,0.0,0.0,0.976562
0096.jpg,P2,entire plant excluding pot,1.1052139131155054,0.2000031743241132,1.0,0.7200787302882873,0.7840423078471832,1.0,1.0,1.0,1,0.36438907062358866,0.5881328461074138,0.44989704873026765,0.0003413653530422155,0.0,0.7766351532045832,0.0890012538580247,1,7.774740675915943,0.7840423078471832,0.2822698652744293,0.0,0.0,0.878906
0096.jpg,P3,leaves and stems,0.5904761904761905,0.0,1.0,0.9523809523809523,1.0,0.0,1.0,1.0,1,0.0,0.0,0.0,1.0,1.0,0.0,0.0,0,1.0,1.0,0.0,0.0,0.0,
0096.jpg,P4,crop seedling,0.5904761904761905,0.0,1.0,0.9523809523809523,1.0,0.0,1.0,1.0,1,0.0,0.0,0.0,1.0,1.0,0.0,0.0,0,1.0,1.0,0.0,0.0,0.0,
0096.jpg,P5,plant body without background,0.5904761904761905,0.0,1.0,0.9523809523809523,1.0,0.0,1.0,1.0,1,0.0,0.0,0.0,1.0,1.0,0.0,0.0,0,1.0,1.0,0.0,0.0,0.0,
0097.jpg,P1,green plant,1.0285054018153181,0.11811385323878731,1.0,0.7157419098766122,0.6900896521526164,1.0,1.0,1.0,1,0.32371631876171486,0.5545716766913923,0.28672032193158953,0.0,0.0,0.7800657397204148,0.05665497202932099,1,7.943033269419458,0.6900896521526164,0.2753225862979889,0.0,0.0,0.972656
0097.jpg,P2,entire plant excluding pot,1.1076158114980514,0.2112469966010314,1.0,0.7209822435621721,0.7839495912244405,1.0,1.0,1.0,1,0.36438004522052253,0.5900065288265927,0.4476861167002012,0.0,0.0,0.7729425912517888,0.09344256365740741,1,7.739934205848927,0.7839495912244405,0.2822829782962799,0.0,0.0,0.937500
0097.jpg,P3,leaves and stems,0.8916504345509926,0.1190679818135646,1.0,0.7195638853451987,0.0,1.0,1.0,1.0,1,0.32392406111924,0.5549346989597774,0.28672032193158953,0.0,0.0,0.7808725853563183,0.057031852816358024,1,7.794613386419941,0.0,0.27394720911979675,0.0,0.0,0.378906
0097.jpg,P4,crop seedling,0.5904761904761905,0.0,1.0,0.9523809523809523,1.0,0.0,1.0,1.0,1,0.0,0.0,0.0,1.0,1.0,0.0,0.0,0,1.0,1.0,0.0,0.0,0.0,
0097.jpg,P5,plant body without background,0.5904761904761905,0.0,1.0,0.9523809523809523,1.0,0.0,1.0,1.0,1,0.0,0.0,0.0,1.0,1.0,0.0,0.0,0,1.0,1.0,0.0,0.0,0.0,
0098.jpg,P1,green plant,1.0226856275204592,0.12948678504453814,1.0,0.7283602840665256,0.6348223712059483,1.0,1.0,1.0,1,0.32415173945705683,0.5575359920426581,0.2888168557536467,0.0,0.0,0.7702710820647005,0.06114728009259259,1,7.4589381622203845,0.6348223712059483,0.272443950176239,0.0,0.0,0.957031
0098.jpg,P2,entire plant excluding pot,1.1035324804435043,0.22526468979528047,1.0,0.7273772179450023,0.7405774784285328,1.0,1.0,1.0,1,0.3648886032097411,0.5931339339154015,0.4479740680713128,0.0,0.0,0.766563940865143,0.0989795524691358,1,7.496049514039385,0.7405774784285328,0.28107550740242004,0.0,0.0,0.867188
0098.jpg,P3,leaves and stems,0.3904761904761905,0.0,1.0,0.9523809523809523,0.0,0.0,1.0,1.0,1,0.0,0.0,0.0,1.0,1.0,0.0,0.0,0,1.0,0.0,0.0,0.0,0.0,
0098.jpg,P4,crop seedling,0.5904761904761905,0.0,1.0,0.9523809523809523,1.0,0.0,1.0,1.0,1,0.0,0.0,0.0,1.0,1.0,0.0,0.0,0,1.0,1.0,0.0,0.0,0.0,
0098.jpg,P5,plant body without background,0.5904761904761905,0.0,1.0,0.9523809523809523,1.0,0.0,1.0,1.0,1,0.0,0.0,0.0,1.0,1.0,0.0,0.0,0,1.0,1.0,0.0,0.0,0.0,
0099.jpg,P1,green plant,1.030839420415926,0.14538679139318633,1.0,0.731750305547226,0.6347915529747926,1.0,1.0,1.0,1,0.328453690432885,0.5607624606540542,0.2950203570310053,0.0,0.0,0.7908316493838512,0.06742778260030864,1,7.331727569342617,0.6347915529747926,0.28285565972328186,0.0,0.0,0.960938
0099.jpg,P2,entire plant excluding pot,1.1040170523301858,0.24169517453899048,1.0,0.730420158850361,0.7064998188624563,1.0,1.0,1.0,1,0.36829402187982435,0.595043790630678,0.4491074224866896,0.0,0.0,0.7918935911148287,0.10546959394290123,1,7.381500575612315,0.7064998188624563,0.29041576385498047,0.0,0.0,0.773438
0099.jpg,P3,leaves and stems,0.5904761904761905,0.0,1.0,0.9523809523809523,1.0,0.0,1.0,1.0,1,0.0,0.0,0.0,1.0,1.0,0.0,0.0,0,1.0,1.0,0.0,0.0,0.0,
0099.jpg,P4,crop seedling,0.5904761904761905,0.0,1.0,0.9523809523809523,1.0,0.0,1.0,1.0,1,0.0,0.0,0.0,1.0,1.0,0.0,0.0,0,1.0,1.0,0.0,0.0,0.0,
0099.jpg,P5,plant body without background,0.5904761904761905,0.0,1.0,0.9523809523809523,1.0,0.0,1.0,1.0,1,0.0,0.0,0.0,1.0,1.0,0.0,0.0,0,1.0,1.0,0.0,0.0,0.0,
0100.jpg,P1,green plant,1.027712792077917,0.1508594482536333,1.0,0.7297190270243376,0.5607911105129364,1.0,1.0,1.0,1,0.33943887491973557,0.5618014184700909,0.3104979384712972,0.0,0.0,0.8691874953037029,0.06958948206018518,1,7.407809388712789,0.5607911105129364,0.2730790078639984,0.0,0.0,0.968750
0100.jpg,P2,entire plant excluding pot,1.094238755421354,0.24563622001484597,1.0,0.7368109088148949,0.5982368420575375,1.0,1.0,1.0,1,0.3781019612438983,0.5950485243542578,0.45987947986045036,0.0,0.0,0.8705667134502696,0.10702630690586419,1,7.144006366801085,0.5982368420575375,0.28860631585121155,0.0,0.0,0.730469
0100.jpg,P3,leaves and stems,0.5904761904761905,0.0,1.0,0.9523809523809523,1.0,0.0,1.0,1.0,1,0.0,0.0,0.0,1.0,1.0,0.0,0.0,0,1.0,1.0,0.0,0.0,0.0,
0100.jpg,P4,crop seedling,0.5904761904761905,0.0,1.0,0.9523809523809523,1.0,0.0,1.0,1.0,1,0.0,0.0,0.0,1.0,1.0,0.0,0.0,0,1.0,1.0,0.0,0.0,0.0,
0100.jpg,P5,plant body without background,0.5904761904761905,0.0,1.0,0.9523809523809523,1.0,0.0,1.0,1.0,1,0.0,0.0,0.0,1.0,1.0,0.0,0.0,0,1.0,1.0,0.0,0.0,0.0,
