图像,提示词编号,提示词文本,总分,面积得分,连通域得分,边界得分,时序得分,前背景对比得分,下方泄漏得分,侧边泄漏得分,语义门控启用,语义门控总修正,目标框得分,垂直覆盖得分,花盆重叠惩罚,侧边干扰惩罚,中心先验得分,面积比例,连通域数量,边界密度,时序IoU,前背景对比,下方区域占比,侧边区域占比,SAM3原始分数
0000.jpg,P1,green plant,1.0635327660357294,0.3400586273245819,1.0,0.7108023623096877,1.0,0.4250427782535553,1.0,0.6613668508287293,1,0.3683520124581643,0.6171758394244037,0.38718741219443664,0.0,0.0,0.826467344646244,0.14432315779320987,1,8.137216560468113,1.0,0.10626069456338882,0.0,0.006048080569789336,0.871094
0000.jpg,P2,entire plant excluding pot,1.084685192441317,0.4277288809774964,1.0,0.7224514102656124,1.0,0.2761874198913574,1.0,0.8091071136549469,1,0.3994116502144238,0.6452917018400853,0.502669289126159,0.0,0.0,0.8307908252768533,0.1789529079861111,1,7.683522678219857,1.0,0.06904685497283936,0.0,0.004943721211312754,0.914062
0000.jpg,P3,leaves and stems,1.0651987384331867,0.3435268816416627,1.0,0.7104613885695651,1.0,0.42530062794685364,1.0,0.6750101941069683,1,0.3693409588015705,0.6182881090613513,0.3899971902219725,0.0,0.0,0.8274062639014244,0.1456931182484568,1,8.150720534254189,1.0,0.10632515698671341,0.0,0.0059258364316882054,0.820312;0.314453
0000.jpg,P4,crop seedling,0.5904761904761905,0.0,1.0,0.9523809523809523,1.0,0.0,1.0,1.0,1,0.0,0.0,0.0,1.0,1.0,0.0,0.0,0,1.0,1.0,0.0,0.0,0.0,
0000.jpg,P5,plant body without background,1.064353888527711,0.34138116063056734,1.0,0.7105972614858965,1.0,0.4257492423057556,1.0,0.6679121612230716,1,0.3688083556432672,0.6175999760377007,0.38859230120820454,0.0,0.0,0.8270174981259515,0.14484555844907407,1,8.145337850273922,1.0,0.1064373105764389,0.0,0.005988811451905974,0.361328
0001.jpg,P1,green plant,1.0473984050758618,0.33510301902641026,1.0,0.7096515775920614,0.9349686512085864,0.4221009612083435,1.0,0.6250300383750166,1,0.3670335632687815,0.6155865751609624,0.3854196100593388,0.0,0.0,0.8220273215176371,0.1423656925154321,1,8.182844414807839,0.9349686512085864,0.10552524030208588,0.0,0.006399692421822469,0.851562
0001.jpg,P2,entire plant excluding pot,1.0714540884366235,0.4228471367596499,1.0,0.7225252701074334,0.9472698770087721,0.2726469337940216,1.0,0.766642996997781,1,0.39839624490264813,0.643726125797373,0.5024018084204578,0.0,0.0,0.8265977535788521,0.17702461902006172,1,7.680692741758597,0.9472698770087721,0.0681617334485054,0.0,0.005217552388353164,0.824219
0001.jpg,P3,leaves and stems,1.0491478148173443,0.33781645569620244,1.0,0.7133974338253296,0.9351542005207935,0.421239972114563,1.0,0.6260078926598264,1,0.36762620238596655,0.6164567746745121,0.38654987284543657,0.0,0.0,0.8228735413770873,0.1434375,1,8.034863950599606,0.9351542005207935,0.10530999302864075,0.0,0.006389695796013879,0.832031
0001.jpg,P4,crop seedling,0.5904761904761905,0.0,1.0,0.9523809523809523,1.0,0.0,1.0,1.0,1,0.0,0.0,0.0,1.0,1.0,0.0,0.0,0,1.0,1.0,0.0,0.0,0.0,
0001.jpg,P5,plant body without background,1.048302050395591,0.33611941318956085,1.0,0.7098258382925273,0.9345250162590681,0.42363524436950684,1.0,0.6263782068235917,1,0.3674809479734584,0.6159125329090075,0.38711500423848544,0.0,0.0,0.8223086069237845,0.14276716820987653,1,8.175925587760545,0.9345250162590681,0.10590881109237671,0.0,0.006385918214307429,0.375000
0002.jpg,P1,green plant,1.031351126614656,0.32619201974917944,1.0,0.7089808910764823,0.8680561006043501,0.4231732487678528,1.0,0.6457207737594617,1,0.3660706745750829,0.61469085614583,0.38305761551625783,0.0,0.0,0.8197850413111604,0.13884584780092593,1,8.20950501166959,0.8680561006043501,0.1057933121919632,0.0,0.0061946280227466325,0.875000
0002.jpg,P2,entire plant excluding pot,1.0576327097843898,0.4120883145804032,1.0,0.7225167075153847,0.896513248375002,0.2704891264438629,1.0,0.7927335085050478,1,0.3973112304014592,0.6427172631377673,0.49942954934398176,0.0,0.0,0.8246286942132395,0.17277488425925927,1,7.681020787431598,0.896513248375002,0.06762228161096573,0.0,0.0050458318679416966,0.902344
0002.jpg,P3,leaves and stems,1.0279621576626892,0.33530599263556804,1.0,0.693410750314306,0.858675272229033,0.41901081800460815,1.0,0.53931439004907,1,0.3666815910259862,0.6176645806112369,0.38391329150028525,0.0,0.0,0.8139459534200191,0.1424458670910494,1,8.842933269976696,0.858675272229033,0.10475270450115204,0.0,0.007416824163798145,0.816406
0002.jpg,P4,crop seedling,0.5904761904761905,0.0,1.0,0.9523809523809523,1.0,0.0,1.0,1.0,1,0.0,0.0,0.0,1.0,1.0,0.0,0.0,0,1.0,1.0,0.0,0.0,0.0,
0002.jpg,P5,plant body without background,1.0319025299167612,0.3271812490232848,1.0,0.7079624137301453,0.8681300426010436,0.42457500100135803,1.0,0.6444665178571429,1,0.36633278864559493,0.6150136237611141,0.38362806617227607,0.0,0.0,0.8202496841819525,0.13923659336419753,1,8.250087309894132,0.8681300426010436,0.10614375025033951,0.0,0.006206683961332913,0.339844
0003.jpg,P1,green plant,1.018632842219386,0.3155201862595718,1.0,0.7092719529551538,0.818300018597254,0.42344069480895996,1.0,0.8328763751631549,1,0.36532627169519805,0.6121251013131144,0.3804976851851852,0.0,0.0,0.8259290290227475,0.13463047357253086,1,8.197928758737444,0.818300018597254,0.10586017370223999,0.0,0.0048026335231521325,0.320312;0.898438
0003.jpg,P2,entire plant excluding pot,1.039499529873773,0.4051588260861071,1.0,0.698400917500451,0.8418923505848089,0.26892638206481934,1.0,0.9029199743918054,1,0.39662383462653583,0.6416135433845047,0.4976851851851852,0.0,0.0,0.8247576110862584,0.17003773630401234,1,8.636846686254653,0.8418923505848089,0.06723159551620483,0.0,0.004430071449791933,0.878906
0003.jpg,P3,leaves and stems,1.0145162127809981,0.3241381710032818,1.0,0.6911488037436088,0.8095456256669851,0.4190583825111389,1.0,0.7134531858544946,1,0.3657380161959952,0.6149601615547556,0.38078703703703703,0.0,0.0,0.8196029298516405,0.1380345775462963,1,8.937328534275055,0.8095456256669851,0.10476459562778473,0.0,0.00560653463928295,0.796875
0003.jpg,P4,crop seedling,0.5904761904761905,0.0,1.0,0.9523809523809523,1.0,0.0,1.0,1.0,1,0.0,0.0,0.0,1.0,1.0,0.0,0.0,0,1.0,1.0,0.0,0.0,0.0,
0003.jpg,P5,plant body without background,0.3904761904761905,0.0,1.0,0.9523809523809523,0.0,0.0,1.0,1.0,1,0.0,0.0,0.0,1.0,1.0,0.0,0.0,0,1.0,0.0,0.0,0.0,0.0,
0004.jpg,P1,green plant,1.0145350104232853,0.3091001157407407,1.0,0.7074030754552193,0.7803232278037393,0.41558709740638733,1.0,1.0,1,0.37205230714206816,0.6241240809179639,0.3815165876777251,0.0,0.0,0.849358930387903,0.1320945457175926,1,8.272424440803915,0.7803232278037393,0.10389677435159683,0.0,0.0009346092940687906,0.886719
0004.jpg,P2,entire plant excluding pot,1.042299783979169,0.3943001958313799,1.0,0.7300085982702861,0.7988029706787881,0.26049089431762695,1.0,1.0,1,0.40557925215955276,0.6557474588802057,0.5029620853080569,0.0,0.0,0.8553446619603056,0.16574857735339507,1,7.396937580446131,0.7988029706787881,0.06512272357940674,0.0,0.0007375698745622043,0.871094
0004.jpg,P3,leaves and stems,1.0165443815119932,0.31359483659556175,1.0,0.7237029167705552,0.7693741600457547,0.4096308946609497,1.0,1.0,1,0.373283819897429,0.6257923687444021,0.38388625592417064,0.0,0.0,0.8515696477053749,0.1338699604552469,1,7.635649292734379,0.7693741600457547,0.10240772366523743,0.0,0.0008582716947758902,0.332031;0.832031
0004.jpg,P4,crop seedling,0.5904761904761905,0.0,1.0,0.9523809523809523,1.0,0.0,1.0,1.0,1,0.0,0.0,0.0,1.0,1.0,0.0,0.0,0,1.0,1.0,0.0,0.0,0.0,
0004.jpg,P5,plant body without background,0.8593380126720709,0.3098619535278949,1.0,0.7083081444402383,0.0,0.41704609990119934,1.0,1.0,1,0.3722947730982044,0.6244068492470953,0.3821090047393365,0.0,0.0,0.849727550086405,0.13239547164351853,1,8.236298222725647,0.0,0.10426152497529984,0.0,0.0009124511333244091,0.457031
0005.jpg,P1,green plant,1.020893547346412,0.29969099175652447,1.0,0.7115080014595926,0.766242886468819,0.4306465983390808,1.0,1.0,1,0.3792758517416086,0.6338263172896959,0.3857274684712396,0.0,0.0,0.880056963653919,0.12837794174382716,1,8.109311432860709,0.766242886468819,0.1076616495847702,0.0,0.0,0.898438
0005.jpg,P2,entire plant excluding pot,1.0534727738981424,0.3822704231129863,1.0,0.7312275272821596,0.8030870255112055,0.28299176692962646,1.0,1.0,1,0.4135574253309468,0.6678295417355602,0.511842509996924,0.002519148222367999,0.0,0.8844117839076484,0.16099681712962963,1,7.3512679074547185,0.8030870255112055,0.07074794173240662,0.0,0.0,0.835938
0005.jpg,P3,leaves and stems,1.0239622527626548,0.3021874145374276,1.0,0.7177712673321166,0.7708013816897719,0.42982161045074463,1.0,1.0,1,0.3798459179606429,0.6348542539409475,0.3866502614580129,0.0,0.0,0.8804988201886891,0.12936402874228395,1,7.864029824344993,0.7708013816897719,0.10745540261268616,0.0,0.0,0.812500
0005.jpg,P4,crop seedling,0.5904761904761905,0.0,1.0,0.9523809523809523,1.0,0.0,1.0,1.0,1,0.0,0.0,0.0,1.0,1.0,0.0,0.0,0,1.0,1.0,0.0,0.0,0.0,
0005.jpg,P5,plant body without background,0.3904761904761905,0.0,1.0,0.9523809523809523,0.0,0.0,1.0,1.0,1,0.0,0.0,0.0,1.0,1.0,0.0,0.0,0,1.0,0.0,0.0,0.0,0.0,
0006.jpg,P1,green plant,1.0185603082331467,0.29232106579152994,1.0,0.7166206136356383,0.7701627582217746,0.43773984909057617,1.0,1.0,1,0.375191450885243,0.6099073002504902,0.38758231420507994,0.0,0.0,0.919590792406571,0.12546682098765433,1,7.90877016296504,0.7701627582217746,0.10943496227264404,0.0,0.0,0.902344
0006.jpg,P2,entire plant excluding pot,1.04401132052545,0.3723118968784185,1.0,0.7311474177001087,0.8009407074420335,0.29331326484680176,1.0,1.0,1,0.4044686631519776,0.6375853158966753,0.5130134838507369,0.011153372302330848,0.0,0.9231738718570788,0.15706319926697532,1,7.35426470206492,0.8009407074420335,0.07332831621170044,0.0,0.0,0.882812
0006.jpg,P3,leaves and stems,1.0187400917705989,0.2936094140686044,1.0,0.713079890097736,0.7709309744221807,0.4391990900039673,1.0,1.0,1,0.3753762180521011,0.6103530878899744,0.38758231420507994,0.0,0.0,0.9198782073369567,0.12597571855709877,1,8.047348239281806,0.7709309744221807,0.10979977250099182,0.0,0.0,0.808594
0006.jpg,P4,crop seedling,0.5904761904761905,0.0,1.0,0.9523809523809523,1.0,0.0,1.0,1.0,1,0.0,0.0,0.0,1.0,1.0,0.0,0.0,0,1.0,1.0,0.0,0.0,0.0,
0006.jpg,P5,plant body without background,0.5904761904761905,0.0,1.0,0.9523809523809523,1.0,0.0,1.0,1.0,1,0.0,0.0,0.0,1.0,1.0,0.0,0.0,0,1.0,1.0,0.0,0.0,0.0,
0007.jpg,P1,green plant,1.0448290734262493,0.2851553343295826,1.0,0.7092497583317878,0.9069403027949879,0.4501398503780365,1.0,1.0,1,0.3745320242593704,0.6072688840880824,0.38347989949748745,0.0,0.0,0.9296153291899381,0.12263635706018519,1,8.198811159332081,0.9069403027949879,0.11253496259450912,0.0,0.0,0.894531
0007.jpg,P2,entire plant excluding pot,1.0719555500291302,0.3679447594350679,1.0,0.7328888390508989,0.9326679236951865,0.3019089996814728,1.0,1.0,1,0.40487344565660505,0.6358728652891497,0.512248743718593,0.010965223755604658,0.0,0.9340273606273728,0.15533817997685184,1,7.289268077680479,0.9326679236951865,0.0754772499203682,0.0,0.0,0.824219
0007.jpg,P3,leaves and stems,1.0347031067627206,0.28092554744882015,1.0,0.7387104766110958,0.894835487911604,0.4430799186229706,1.0,1.0,1,0.36319282064382247,0.6058074807232481,0.3238065326633166,0.0,0.0,0.9287502651128866,0.12096559124228395,1,7.074206516945435,0.894835487911604,0.11076997965574265,0.0,0.0,0.832031
0007.jpg,P4,crop seedling,0.5904761904761905,0.0,1.0,0.9523809523809523,1.0,0.0,1.0,1.0,1,0.0,0.0,0.0,1.0,1.0,0.0,0.0,0,1.0,1.0,0.0,0.0,0.0,
0007.jpg,P5,plant body without background,0.8558523717727771,0.28011731569385834,1.0,0.734119929466619,0.0,0.44527262449264526,1.0,1.0,1,0.3639503978421525,0.6055282343594091,0.3285175879396985,0.0,0.0,0.9288234998721361,0.12064633969907407,1,7.243505042195446,0.0,0.11131815612316132,0.0,0.0,0.326172
0008.jpg,P1,green plant,1.0388150530906053,0.3024276254102204,1.0,0.6865508021687051,0.8429396019175226,0.4919118583202362,1.0,1.0,1,0.3740490755272685,0.612168066159462,0.3938730853391685,0.0,0.0,0.8889309701040649,0.12945891203703705,1,9.131129024717717,0.8429396019175226,0.12297796458005905,0.0,0.0,0.910156
0008.jpg,P2,entire plant excluding pot,1.0628736700990853,0.38819908384122515,1.0,0.7044435525415601,0.8539389046662819,0.3505726158618927,1.0,1.0,1,0.40344283871689324,0.6415227339582024,0.5164113785557987,0.01238784289295215,0.0,0.8967218655936429,0.16333863811728394,1,8.391203138763993,0.8539389046662819,0.08764315396547318,0.0,0.0,0.726562
0008.jpg,P3,leaves and stems,1.0391136853029015,0.303741612458978,1.0,0.6865723316231274,0.838881241949363,0.4939287304878235,1.0,1.0,1,0.3744889019990431,0.6126177688229553,0.39543607377305406,0.0,0.0,0.8889418963185907,0.1299779369212963,1,9.13021553420009,0.838881241949363,0.12348218262195587,0.0,0.0,0.660156
0008.jpg,P4,crop seedling,0.5904761904761905,0.0,1.0,0.9523809523809523,1.0,0.0,1.0,1.0,1,0.0,0.0,0.0,1.0,1.0,0.0,0.0,0,1.0,1.0,0.0,0.0,0.0,
0008.jpg,P5,plant body without background,0.3904761904761905,0.0,1.0,0.9523809523809523,0.0,0.0,1.0,1.0,1,0.0,0.0,0.0,1.0,1.0,0.0,0.0,0,1.0,0.0,0.0,0.0,0.0,
0009.jpg,P1,green plant,1.027892598570773,0.3258028598218471,1.0,0.6859056459306658,0.7303822374087119,0.5343207120895386,1.0,0.745902415302318,1,0.3726103075206202,0.6181000071247987,0.4099628712871287,0.0,0.0,0.8248198819525747,0.13869212962962962,1,9.158529483837611,0.7303822374087119,0.13358017802238464,0.0,0.0053626317839161036,0.910156
0009.jpg,P2,entire plant excluding pot,1.0552416177603066,0.41893966586576026,1.0,0.7050307993667577,0.7495704371082573,0.40285560488700867,1.0,0.9032026062674527,1,0.39996231631474954,0.6494268438188675,0.5297029702970297,0.02076315465839832,0.0,0.8354533272220006,0.1754811680169753,1,8.367555031586617,0.7495704371082573,0.10071390122175217,0.0,0.004428685183416683,0.367188
0009.jpg,P3,leaves and stems,1.0285752719204364,0.3268506920026566,1.0,0.6855695727096177,0.7257859981751542,0.5396789908409119,1.0,0.7385508081293006,1,0.3729982211747683,0.6184524485387284,0.41120049504950495,0.0,0.0,0.8252377507730245,0.13910602334104938,1,9.17282329341543,0.7257859981751542,0.13491974771022797,0.0,0.005416011946600844,0.628906
0009.jpg,P4,crop seedling,0.5904761904761905,0.0,1.0,0.9523809523809523,1.0,0.0,1.0,1.0,1,0.0,0.0,0.0,1.0,1.0,0.0,0.0,0,1.0,1.0,0.0,0.0,0.0,
0009.jpg,P5,plant body without background,0.5904761904761905,0.0,1.0,0.9523809523809523,1.0,0.0,1.0,1.0,1,0.0,0.0,0.0,1.0,1.0,0.0,0.0,0,1.0,1.0,0.0,0.0,0.0,
0010.jpg,P1,green plant,1.072160308188727,0.3548683754297547,1.0,0.6823930898110893,0.8542007659917612,0.5838050246238708,1.0,0.29641144624903326,1,0.37710685701743174,0.6257408859195688,0.4273033363942455,0.0,0.0,0.8118294639461849,0.15017300829475308,1,9.308620351851324,0.8542007659917612,0.1459512561559677,0.0,0.013494755518447006,0.906250
0010.jpg,P2,entire plant excluding pot,1.0996406568917667,0.4569775306688545,1.0,0.7051355955606189,0.8738653486346529,0.45332321524620056,1.0,0.36341628334866605,1,0.40178031886970145,0.6595120797945012,0.5466789103152739,0.03299846721860298,0.0,0.8244842725045757,0.19050612461419753,1,8.363339088135207,0.8738653486346529,0.11333080381155014,0.0,0.01100666146035716,0.628906
0010.jpg,P3,leaves and stems,1.0741997193618007,0.35810710169557736,1.0,0.6861142118473785,0.8522529017263561,0.5846359729766846,1.0,0.2928048482023192,1,0.3779776817126014,0.6268120499339495,0.4300581573308846,0.0,0.0,0.8118299591615984,0.15145230516975308,1,9.149665835006587,0.8522529017263561,0.14615899324417114,0.0,0.013660975986422609,0.765625
0010.jpg,P4,crop seedling,0.5904761904761905,0.0,1.0,0.9523809523809523,1.0,0.0,1.0,1.0,1,0.0,0.0,0.0,1.0,1.0,0.0,0.0,0,1.0,1.0,0.0,0.0,0.0,
0010.jpg,P5,plant body without background,0.5904761904761905,0.0,1.0,0.9523809523809523,1.0,0.0,1.0,1.0,1,0.0,0.0,0.0,1.0,1.0,0.0,0.0,0,1.0,1.0,0.0,0.0,0.0,
0011.jpg,P1,green plant,1.0738201022381397,0.3914683324542897,1.0,0.6865139488187441,0.7486162630362587,0.606126070022583,1.0,0.23385973625620826,1,0.3872751793717646,0.638072032887164,0.45677099473194915,0.0,0.0,0.8173118880950638,0.16462999131944445,1,9.132692838088966,0.7486162630362587,0.15153151750564575,0.0,0.017104269696164135,0.890625
0011.jpg,P2,entire plant excluding pot,1.0959236932457606,0.49430849790982967,1.0,0.7033165947909319,0.7948857450779151,0.48458024859428406,1.0,0.28358655728147253,1,0.40050547597116853,0.6721408163711033,0.5735977688255346,0.06992019106682698,0.0,0.8298464917273423,0.20525185667438273,1,8.436695718725655,0.7948857450779151,0.12114506214857101,0.015481300086170387,0.014105040938276275,0.447266
0011.jpg,P3,leaves and stems,1.0764039411293436,0.3940456394553836,1.0,0.6894403653317188,0.7515976547307629,0.6070573925971985,1.0,0.2336353356289589,1,0.38797573070633085,0.6389258404807532,0.4589401921289123,0.0,0.0,0.8174245195486305,0.16564802758487654,1,9.00903545207591,0.7515976547307629,0.15176434814929962,0.0,0.017120697899706758,0.474609
0011.jpg,P4,crop seedling,0.5904761904761905,0.0,1.0,0.9523809523809523,1.0,0.0,1.0,1.0,1,0.0,0.0,0.0,1.0,1.0,0.0,0.0,0,1.0,1.0,0.0,0.0,0.0,
0011.jpg,P5,plant body without background,0.5904761904761905,0.0,1.0,0.9523809523809523,1.0,0.0,1.0,1.0,1,0.0,0.0,0.0,1.0,1.0,0.0,0.0,0,1.0,1.0,0.0,0.0,0.0,
0012.jpg,P1,green plant,0.7527920812289709,0.3817024022308173,1.0,0.6995143286057031,0.6377307840970666,0.6100649833679199,1.0,0.12143526465566307,1,0.0869895815686694,0.0,0.049760191846522785,1.274830128885326e-05,0.0,0.7803657152668195,0.16077244888117284,1,8.591265656937596,0.6377307840970666,0.15251624584197998,0.0,0.03293936083016938,0.910156
0012.jpg,P2,entire plant excluding pot,0.7636650674284099,0.4807345996444756,1.0,0.7209440010715047,0.6912062969617361,0.49484267830848694,0.31957767925983044,0.1498559710767145,1,0.08611955223116918,0.0,0.25059952038369304,0.12625386843782965,0.0,0.7888779909345331,0.1998901668595679,1,7.741405671279534,0.6912062969617361,0.12371066957712173,0.06258259352255681,0.02669229641808743,0.832031
0012.jpg,P3,leaves and stems,0.7538952766030598,0.38337075373105167,1.0,0.7014078089384963,0.6359368112435801,0.6133269667625427,1.0,0.12137484986516194,1,0.08708680846792555,0.0,0.050359712230215826,3.360774680969128e-05,0.0,0.7803214259052961,0.16143144772376544,1,8.514082314349773,0.6359368112435801,0.15333174169063568,0.0,0.032955756521583265,0.730469
0012.jpg,P4,crop seedling,0.5904761904761905,0.0,1.0,0.9523809523809523,1.0,0.0,1.0,1.0,1,0.0,0.0,0.0,1.0,1.0,0.0,0.0,0,1.0,1.0,0.0,0.0,0.0,
0012.jpg,P5,plant body without background,0.5904761904761905,0.0,1.0,0.9523809523809523,1.0,0.0,1.0,1.0,1,0.0,0.0,0.0,1.0,1.0,0.0,0.0,0,1.0,1.0,0.0,0.0,0.0,
0013.jpg,P1,green plant,0.8121569752513602,0.36045915377402715,1.0,0.6901027609991852,0.8935160007756539,0.6827477216720581,1.0,0.1095481690140845,1,0.08679184780717546,0.0,0.06044284859365649,0.00031014817487293417,0.0,0.7600517951277915,0.15238136574074074,1,8.981191107020676,0.8935160007756539,0.17068693041801453,0.0,0.03651361803669876,0.917969
0013.jpg,P2,entire plant excluding pot,0.8113653443712346,0.45510834212376927,1.0,0.7081726699350418,0.9036366056619421,0.5763915777206421,0.3230792914468688,0.13508206569546655,1,0.08270350528295556,0.0,0.24536205864751645,0.12820121854371955,0.0,0.7699870028951846,0.1897677951388889,1,8.241699869375827,0.9036366056619421,0.14409789443016052,0.06190430810477697,0.02961162889689392,0.859375
0013.jpg,P3,leaves and stems,0.8128597212031843,0.36100641946007184,1.0,0.6872185461303101,0.8965238044616346,0.6854132413864136,1.0,0.10861390599189068,1,0.08682731891549822,0.0,0.06044284859365649,0.0003452621266408839,0.0,0.7605118480663231,0.1525975356867284,1,9.102823421484912,0.8965238044616346,0.1713533103466034,0.0,0.03682769681718884,0.738281
0013.jpg,P4,crop seedling,0.5904761904761905,0.0,1.0,0.9523809523809523,1.0,0.0,1.0,1.0,1,0.0,0.0,0.0,1.0,1.0,0.0,0.0,0,1.0,1.0,0.0,0.0,0.0,
0013.jpg,P5,plant body without background,0.5904761904761905,0.0,1.0,0.9523809523809523,1.0,0.0,1.0,1.0,1,0.0,0.0,0.0,1.0,1.0,0.0,0.0,0,1.0,1.0,0.0,0.0,0.0,
0014.jpg,P1,green plant,0.7989333284938873,0.36294519895686816,1.0,0.6877563113110113,0.772171810523447,0.7389111518859863,1.0,0.12437310258854586,1,0.08657643395842479,0.0,0.05182567726737338,0.0,0.0,0.7724781205029758,0.15336335358796296,1,9.080067563285176,0.772171810523447,0.18472778797149658,0.0,0.03216129465896576,0.914062
0014.jpg,P2,entire plant excluding pot,0.8131995333601463,0.45749030610251595,1.0,0.7053647131006041,0.8114172719889104,0.6480373740196228,0.5226200151980706,0.15404903464563097,1,0.08873760031781566,0.0,0.22202591283863368,0.10013503483974728,0.0,0.7881344645878579,0.19070867091049382,1,8.354126069172189,0.8114172719889104,0.1620093435049057,0.0382687218598394,0.025965758300280563,0.816406
0014.jpg,P3,leaves and stems,0.7992242141952794,0.3658649666940147,1.0,0.6900291028115244,0.7663576805516262,0.7412580847740173,1.0,0.12493583213511078,1,0.08652224722904278,0.0,0.05123674911660778,0.0,0.0,0.7729963238805336,0.1545166618441358,1,8.984284747570753,0.7663576805516262,0.18531452119350433,0.0,0.0320164354104132,0.789062
0014.jpg,P4,crop seedling,0.5904761904761905,0.0,1.0,0.9523809523809523,1.0,0.0,1.0,1.0,1,0.0,0.0,0.0,1.0,1.0,0.0,0.0,0,1.0,1.0,0.0,0.0,0.0,
0014.jpg,P5,plant body without background,0.5904761904761905,0.0,1.0,0.9523809523809523,1.0,0.0,1.0,1.0,1,0.0,0.0,0.0,1.0,1.0,0.0,0.0,0,1.0,1.0,0.0,0.0,0.0,
0015.jpg,P1,green plant,1.1016561173103079,0.35711634630410993,1.0,0.6749591544367923,0.6506809912125526,0.7860299944877625,1.0,1.0,1,0.40789882002206457,0.6752496022839962,0.4830949284785436,0.0,0.0,0.8460437209652804,0.15106095679012346,1,9.631422684663995,0.6506809912125526,0.1965074986219406,0.0,0.0015690844081215681,0.914062
0015.jpg,P2,entire plant excluding pot,0.3904761904761905,0.0,1.0,0.9523809523809523,0.0,0.0,1.0,1.0,1,0.0,0.0,0.0,1.0,1.0,0.0,0.0,0,1.0,0.0,0.0,0.0,0.0,
0015.jpg,P3,leaves and stems,0.3904761904761905,0.0,1.0,0.9523809523809523,0.0,0.0,1.0,1.0,1,0.0,0.0,0.0,1.0,1.0,0.0,0.0,0,1.0,0.0,0.0,0.0,0.0,
0015.jpg,P4,crop seedling,0.5904761904761905,0.0,1.0,0.9523809523809523,1.0,0.0,1.0,1.0,1,0.0,0.0,0.0,1.0,1.0,0.0,0.0,0,1.0,1.0,0.0,0.0,0.0,
0015.jpg,P5,plant body without background,0.5904761904761905,0.0,1.0,0.9523809523809523,1.0,0.0,1.0,1.0,1,0.0,0.0,0.0,1.0,1.0,0.0,0.0,0,1.0,1.0,0.0,0.0,0.0,
0016.jpg,P1,green plant,1.0962775899983228,0.32910385167604306,1.0,0.6790347695778666,0.6021346815066607,0.7982683777809143,1.0,1.0,1,0.41456925389002575,0.6703945045647084,0.49244205576083305,0.0032656351324468237,0.0,0.922712977951619,0.13999602141203704,1,9.453572771293194,0.6021346815066607,0.19956709444522858,0.0,0.0,0.917969
0016.jpg,P2,entire plant excluding pot,0.5904761904761905,0.0,1.0,0.9523809523809523,1.0,0.0,1.0,1.0,1,0.0,0.0,0.0,1.0,1.0,0.0,0.0,0,1.0,1.0,0.0,0.0,0.0,
0016.jpg,P3,leaves and stems,0.9773938888941269,0.3316326281450226,1.0,0.6814368392832033,0.0,0.7980616688728333,1.0,1.0,1,0.4151676616339152,0.6716102633816379,0.4931138730265368,0.0033416904096563566,0.0,0.9234607942846228,0.14099488811728395,1,9.349748717779631,0.0,0.1995154172182083,0.0,0.0,0.455078
0016.jpg,P4,crop seedling,0.5904761904761905,0.0,1.0,0.9523809523809523,1.0,0.0,1.0,1.0,1,0.0,0.0,0.0,1.0,1.0,0.0,0.0,0,1.0,1.0,0.0,0.0,0.0,
0016.jpg,P5,plant body without background,0.5904761904761905,0.0,1.0,0.9523809523809523,1.0,0.0,1.0,1.0,1,0.0,0.0,0.0,1.0,1.0,0.0,0.0,0,1.0,1.0,0.0,0.0,0.0,
0017.jpg,P1,green plant,1.0970178756790365,0.30141764093999057,1.0,0.6660953231819905,0.73236186139447,0.7832838892936707,1.0,1.0,1,0.4003861327170123,0.6269296604727181,0.49845413947097217,0.012490716737896729,0.0,0.9498622146815497,0.1290599681712963,1,10.025732509963296,0.73236186139447,0.19582097232341766,0.0,0.0,0.902344
0017.jpg,P2,entire plant excluding pot,0.9376353504060718,0.39535718471636183,1.0,0.6945491081267263,0.0,0.6770438551902771,0.2566354774739547,1.0,1,0.38424532079939866,0.6634232940397514,0.5723119203023016,0.15884441696995025,0.0,0.9668434732205642,0.16616608796296295,1,8.795660041868242,0.0,0.16926096379756927,0.07793154787817577,0.0,0.722656
0017.jpg,P3,leaves and stems,1.0980005986885173,0.30326393772464433,1.0,0.6702317266437281,0.7301109709146203,0.7824428677558899,1.0,1.0,1,0.40079069808074075,0.6276469098397743,0.4991411885949845,0.012500418012046178,0.0,0.9501899109333637,0.12978925540123457,1,9.840425639282374,0.7301109709146203,0.19561071693897247,0.0,0.0,0.687500
0017.jpg,P4,crop seedling,0.5904761904761905,0.0,1.0,0.9523809523809523,1.0,0.0,1.0,1.0,1,0.0,0.0,0.0,1.0,1.0,0.0,0.0,0,1.0,1.0,0.0,0.0,0.0,
0017.jpg,P5,plant body without background,0.5904761904761905,0.0,1.0,0.9523809523809523,1.0,0.0,1.0,1.0,1,0.0,0.0,0.0,1.0,1.0,0.0,0.0,0,1.0,1.0,0.0,0.0,0.0,
0018.jpg,P1,green plant,1.0896269567081878,0.27447068145413345,1.0,0.6977269479570932,0.742253638281872,0.7475063800811768,1.0,1.0,1,0.3972354271533327,0.6440006533028888,0.4264384559359068,0.011869405990089484,0.0,0.9863709822588521,0.11841591917438271,1,8.66450845643689,0.742253638281872,0.1868765950202942,0.0,0.0,0.875000
0018.jpg,P2,entire plant excluding pot,1.1041037729433585,0.371354716068917,1.0,0.6904704411284278,0.7917120528844224,0.6621289253234863,0.2713341127836817,1.0,1,0.4009705458623077,0.6905382212978501,0.5957756737072105,0.15841226091847624,0.0,0.9956622541630508,0.15668511284722222,1,8.965758428868051,0.7917120528844224,0.16553223133087158,0.07370986196617597,0.0,0.753906
0018.jpg,P3,leaves and stems,1.1057997545846814,0.2827507838138771,1.0,0.6679182501928985,0.7384340732381595,0.759215235710144,1.0,1.0,1,0.4161360859936656,0.647977942524007,0.5222141296431173,0.011684138878072995,0.0,0.9885050443792397,0.12168655960648148,1,9.943784279324433,0.7384340732381595,0.189803808927536,0.0,0.0,0.820312
0018.jpg,P4,crop seedling,0.5904761904761905,0.0,1.0,0.9523809523809523,1.0,0.0,1.0,1.0,1,0.0,0.0,0.0,1.0,1.0,0.0,0.0,0,1.0,1.0,0.0,0.0,0.0,
0018.jpg,P5,plant body without background,0.5904761904761905,0.0,1.0,0.9523809523809523,1.0,0.0,1.0,1.0,1,0.0,0.0,0.0,1.0,1.0,0.0,0.0,0,1.0,1.0,0.0,0.0,0.0,
0019.jpg,P1,green plant,1.1185771186369224,0.2662607804930457,1.0,0.6900814538690047,0.7377234735455217,0.7733533382415771,1.0,1.0,1,0.4250933094070926,0.6990179632435172,0.4654779969650986,0.006591708704468063,0.0,0.9862849542948429,0.11517300829475309,1,8.982085937635588,0.7377234735455217,0.1933383345603943,0.0,0.0,0.882812
0019.jpg,P2,entire plant excluding pot,0.3904761904761905,0.0,1.0,0.9523809523809523,0.0,0.0,1.0,1.0,1,0.0,0.0,0.0,1.0,1.0,0.0,0.0,0,1.0,0.0,0.0,0.0,0.0,
0019.jpg,P3,leaves and stems,1.1306090207832873,0.27479452355836853,1.0,0.6650769830020895,0.7211903585483921,0.7824390530586243,1.0,1.0,1,0.44190883714979223,0.7048427257863711,0.5485584218512898,0.006521230612763794,0.0,0.9842973637515933,0.11854383680555555,1,10.071706751483179,0.7211903585483921,0.19560976326465607,0.0,0.0,0.554688
0019.jpg,P4,crop seedling,0.5904761904761905,0.0,1.0,0.9523809523809523,1.0,0.0,1.0,1.0,1,0.0,0.0,0.0,1.0,1.0,0.0,0.0,0,1.0,1.0,0.0,0.0,0.0,
0019.jpg,P5,plant body without background,0.5904761904761905,0.0,1.0,0.9523809523809523,1.0,0.0,1.0,1.0,1,0.0,0.0,0.0,1.0,1.0,0.0,0.0,0,1.0,1.0,0.0,0.0,0.0,
0020.jpg,P1,green plant,1.1417395665761054,0.2838712591811221,1.0,0.6841761188820362,0.828090083831312,0.7893809080123901,1.0,1.0,1,0.42463589259473344,0.6867780243186762,0.49095704596834966,0.006740454970838746,0.0,0.9791345230014544,0.1221291473765432,1,9.23223925541363,0.828090083831312,0.19734522700309753,0.0,0.0,0.867188
0020.jpg,P2,entire plant excluding pot,0.9871750607001029,0.3870096279692139,1.0,0.676676923668157,0.0,0.6996480226516724,0.38336426584936717,1.0,1,0.4345081458422941,0.7490831542664625,0.6409193669932178,0.13037022012748548,0.0,0.9607462182849864,0.16286880304783952,1,9.556202229541404,0.0,0.1749120056629181,0.05216970328647812,0.0,0.695312
0020.jpg,P3,leaves and stems,1.1539557459237724,0.29235769260821987,1.0,0.6607067759449389,0.8098417941383446,0.8026819229125977,1.0,1.0,1,0.44083810880295227,0.6919046163297923,0.5719668425018839,0.006662234144766677,0.0,0.9771613168061586,0.1254812885802469,1,10.27061433023162,0.8098417941383446,0.20067048072814941,0.0,0.0,0.804688
0020.jpg,P4,crop seedling,0.5904761904761905,0.0,1.0,0.9523809523809523,1.0,0.0,1.0,1.0,1,0.0,0.0,0.0,1.0,1.0,0.0,0.0,0,1.0,1.0,0.0,0.0,0.0,
0020.jpg,P5,plant body without background,0.5904761904761905,0.0,1.0,0.9523809523809523,1.0,0.0,1.0,1.0,1,0.0,0.0,0.0,1.0,1.0,0.0,0.0,0,1.0,1.0,0.0,0.0,0.0,
0021.jpg,P1,green plant,1.119533524171993,0.31059937343725574,1.0,0.6977667102715575,0.6920583429469449,0.8287465572357178,1.0,1.0,1,0.4136993273936979,0.6841236269656124,0.48542274052478135,0.03023378162148803,0.0,0.9595009914771933,0.13268675250771605,1,8.662875006198536,0.6920583429469449,0.20718663930892944,0.015846521352369754,0.0,0.847656
0021.jpg,P2,entire plant excluding pot,1.1282703018665179,0.4235668537076105,1.0,0.6867341510497393,0.7335237919700182,0.7318934798240662,0.18143440499395494,1.0,1,0.413126646556231,0.7460438474273883,0.6446793002915452,0.1936157033082178,0.0,0.9405373689663233,0.17730890721450618,1,9.123351400870444,0.7335237919700182,0.18297336995601654,0.11023267610498881,0.0,0.636719
0021.jpg,P3,leaves and stems,1.1324042115189217,0.3229606188466947,1.0,0.6659190476574703,0.6751515188740232,0.8307326436042786,1.0,1.0,1,0.4334514457224284,0.690899125888867,0.5834548104956269,0.029499866790061138,0.0,0.9546484580913044,0.13756944444444444,1,10.033680625828,0.6751515188740232,0.20768316090106964,0.015472509675248191,0.0,0.460938
0021.jpg,P4,crop seedling,0.5904761904761905,0.0,1.0,0.9523809523809523,1.0,0.0,1.0,1.0,1,0.0,0.0,0.0,1.0,1.0,0.0,0.0,0,1.0,1.0,0.0,0.0,0.0,
0021.jpg,P5,plant body without background,0.5904761904761905,0.0,1.0,0.9523809523809523,1.0,0.0,1.0,1.0,1,0.0,0.0,0.0,1.0,1.0,0.0,0.0,0,1.0,1.0,0.0,0.0,0.0,
0022.jpg,P1,green plant,1.130583382728781,0.36655599263556804,1.0,0.6489293670629562,0.6271359005994169,0.8611225485801697,0.47948275540119134,1.0,1,0.4298346209531589,0.6950119630015772,0.5974296630774575,0.06645522542092878,0.0,0.989796621749432,0.15478961709104938,1,10.819995233872175,0.6271359005994169,0.21528063714504242,0.04171161480722213,0.0,0.380859;0.457031;0.875000
0022.jpg,P2,entire plant excluding pot,1.128640734881944,0.4689435116815127,1.0,0.6871004593801,0.7049896459425503,0.7599719166755676,0.10805491700725664,1.0,1,0.4044396281459978,0.7459642337238777,0.6422368878082667,0.2329124617590645,0.0,0.9762324506487198,0.19523268711419753,1,9.107825103251916,0.7049896459425503,0.1899929791688919,0.185091068078437,0.0,0.546875
0022.jpg,P3,leaves and stems,1.132863148800092,0.3690167042701984,1.0,0.6564139171860108,0.6190038588508356,0.8645663857460022,0.4816032953105197,1.0,1,0.43106297558948264,0.696236515042153,0.6009030913511636,0.06595616390430273,0.0,0.9900448805281047,0.15576159818672838,1,10.468580077854314,0.6190038588508356,0.21614159643650055,0.04152795505085727,0.0,0.566406
0022.jpg,P4,crop seedling,0.5904761904761905,0.0,1.0,0.9523809523809523,1.0,0.0,1.0,1.0,1,0.0,0.0,0.0,1.0,1.0,0.0,0.0,0,1.0,1.0,0.0,0.0,0.0,
0022.jpg,P5,plant body without background,0.5904761904761905,0.0,1.0,0.9523809523809523,1.0,0.0,1.0,1.0,1,0.0,0.0,0.0,1.0,1.0,0.0,0.0,0,1.0,1.0,0.0,0.0,0.0,
0023.jpg,P1,green plant,1.1496828941561072,0.37136967201906546,1.0,0.6887641103923359,0.7833368076790864,0.8959348201751709,0.39245621451866164,1.0,1,0.4018018121029756,0.6878178750821197,0.5150675441634915,0.10112044861032672,0.0,0.9868953245790331,0.15669102044753086,1,9.037517632281308,0.7833368076790864,0.22398370504379272,0.05096109899681301,0.0,0.535156;0.863281
0023.jpg,P2,entire plant excluding pot,1.1609199031576634,0.48570730045710264,1.0,0.6930608415940664,0.8404682980692288,0.7960667014122009,0.09731812369216462,1.0,1,0.39785927485114364,0.7419529932896691,0.658468998960859,0.2582363203825449,0.0,0.9712220350156829,0.20185438368055555,1,8.857495330423278,0.8404682980692288,0.19901667535305023,0.2055115659983718,0.0,0.566406
0023.jpg,P3,leaves and stems,1.173337338201713,0.3834962005782153,1.0,0.656143917703201,0.7959469079338471,0.912322461605072,0.4003012597319147,1.0,1,0.4237554406376458,0.6935593887549572,0.6231382057499134,0.09864878586339433,0.0,0.9843941329744464,0.16148099922839507,1,10.481117724917727,0.7959469079338471,0.228080615401268,0.049962370873861794,0.0,0.570312
0023.jpg,P4,crop seedling,0.5904761904761905,0.0,1.0,0.9523809523809523,1.0,0.0,1.0,1.0,1,0.0,0.0,0.0,1.0,1.0,0.0,0.0,0,1.0,1.0,0.0,0.0,0.0,
0023.jpg,P5,plant body without background,0.5904761904761905,0.0,1.0,0.9523809523809523,1.0,0.0,1.0,1.0,1,0.0,0.0,0.0,1.0,1.0,0.0,0.0,0,1.0,1.0,0.0,0.0,0.0,
0024.jpg,P1,green plant,1.1166572839820388,0.4166437749062353,1.0,0.7110272564742781,0.7724856563748657,0.7025208473205566,0.7990006897503105,0.28789919475096926,1,0.3961217769668515,0.6983315098018696,0.4357909311180339,0.06411858101131984,0.0,0.9249895523834698,0.17457429108796296,1,8.128316907529852,0.7724856563748657,0.17563021183013916,0.02503126750272274,0.013893751955298003,0.746094;0.808594
0024.jpg,P2,entire plant excluding pot,1.1750777690535807,0.49562584241678376,1.0,0.6975139769432257,0.8768585296965068,0.795182466506958,0.10685195735330025,1.0,1,0.402041605940886,0.733775044337291,0.6683973693319488,0.23917405934178093,0.0,0.9666103174561764,0.20577220775462962,1,8.673260552638224,0.8768585296965068,0.1987956166267395,0.18717485851823076,0.00017635785293395603,0.640625
0024.jpg,P3,leaves and stems,1.1855143310153482,0.4017436806532271,1.0,0.6636679487266178,0.815252025169706,0.8995411992073059,0.5234169425584049,1.0,1,0.4294733602639769,0.6916450299225351,0.6386292834890965,0.08339146295094527,0.0,0.9746176764833588,0.1686887538580247,1,10.135552030761879,0.815252025169706,0.22488529980182648,0.03821045589820265,0.0001801065201419125,0.675781
0024.jpg,P4,crop seedling,0.5904761904761905,0.0,1.0,0.9523809523809523,1.0,0.0,1.0,1.0,1,0.0,0.0,0.0,1.0,1.0,0.0,0.0,0,1.0,1.0,0.0,0.0,0.0,
0024.jpg,P5,plant body without background,0.5904761904761905,0.0,1.0,0.9523809523809523,1.0,0.0,1.0,1.0,1,0.0,0.0,0.0,1.0,1.0,0.0,0.0,0,1.0,1.0,0.0,0.0,0.0,
0025.jpg,P1,green plant,1.2399258835474778,0.438571639611658,1.0,0.6768445197330603,0.7750066536882366,0.6199210286140442,0.6184082355095314,0.3828771885627913,1,0.537857115218078,0.901890735970206,0.795676788471436,0.05266769792167682,0.0,0.9477384508015049,0.18323579764660494,1,9.548883705060907,0.7750066536882366,0.15498025715351105,0.03234109581920622,0.010447214196841623,0.796875;0.824219
0025.jpg,P2,entire plant excluding pot,1.282042073883132,0.5502916715502422,1.0,0.7043595353310202,0.7708113580665577,0.5577219128608704,0.13752337198279005,0.4668832085164325,1,0.5654051783213938,0.9986796950156305,1.0,0.1963159474361272,0.0,0.9476206929676135,0.22736521026234568,1,8.394589690051992,0.7708113580665577,0.1394304782152176,0.14542982557541448,0.008567453116830642,0.466797;0.871094
0025.jpg,P3,leaves and stems,1.2625464812779494,0.4533572750625098,1.0,0.6511048259688071,0.7060448863410969,0.6356000304222107,0.5650110784861203,0.38956045457368194,1,0.5733250777190244,0.9147003121874754,0.975295934122491,0.057308899662239926,0.0,0.9481937021003163,0.18907612364969137,1,10.717020059313999,0.7060448863410969,0.15890000760555267,0.03539753601573196,0.010267982679036112,0.363281;0.765625;0.322266
0025.jpg,P4,crop seedling,0.5904761904761905,0.0,1.0,0.9523809523809523,1.0,0.0,1.0,1.0,1,0.0,0.0,0.0,1.0,1.0,0.0,0.0,0,1.0,1.0,0.0,0.0,0.0,
0025.jpg,P5,plant body without background,1.1381413367722604,0.3904629263361462,1.0,0.6529488762120763,0.0,0.8644772171974182,0.6443312915356053,1.0,1,0.5565635328231321,0.8602116190011799,0.9644879053010808,0.057292802226964507,0.0,0.9906948388661387,0.16423285590277778,1,10.63026942633721,0.0,0.21611930429935455,0.031039932815205847,0.0,0.433594
0026.jpg,P1,green plant,1.2836075488880123,0.3708782622284732,1.0,0.6645898644475556,0.70809945469402,0.8271363973617554,0.6908736727253373,1.0,1,0.5694667531416514,0.8979808583804678,0.9326424870466321,0.04120109579923085,0.0,0.9965813377986303,0.15649691358024692,1,10.093748144391462,0.70809945469402,0.20678409934043884,0.028948852430726753,0.0,0.687500;0.851562
0026.jpg,P2,entire plant excluding pot,1.30125045072878,0.4718583958431004,1.0,0.6996456980917246,0.7870514570733456,0.7073965668678284,0.1473253500235158,1.0,1,0.5680600271535805,0.9994162345657815,0.9994818652849741,0.20127780424436795,0.0,0.9874095057757205,0.1963840663580247,1,8.585897197038106,0.7870514570733456,0.1768491417169571,0.1357539622122577,0.0,0.453125;0.917969
0026.jpg,P3,leaves and stems,1.2886168122096968,0.37483731588920133,1.0,0.6666273442789515,0.7123150482896426,0.8319770693778992,0.7095410510364237,1.0,1,0.5714654566425579,0.9019577604010811,0.9347150259067357,0.04003984686720787,0.0,0.9954348989912938,0.15806073977623455,1,10.001769611825225,0.7123150482896426,0.2079942673444748,0.028187234509949893,0.0,0.699219
0026.jpg,P4,crop seedling,0.5904761904761905,0.0,1.0,0.9523809523809523,1.0,0.0,1.0,1.0,1,0.0,0.0,0.0,1.0,1.0,0.0,0.0,0,1.0,1.0,0.0,0.0,0.0,
0026.jpg,P5,plant body without background,0.3904761904761905,0.0,1.0,0.9523809523809523,0.0,0.0,1.0,1.0,1,0.0,0.0,0.0,1.0,1.0,0.0,0.0,0,1.0,0.0,0.0,0.0,0.0,
0027.jpg,P1,green plant,1.2560649372033361,0.3424811860251601,1.0,0.6705004807366491,0.7151593765546049,0.7864156365394592,0.7059646142129006,1.0,1,0.5531536012321614,0.85566904721707,0.9379347244515784,0.028642062188643923,0.0,0.934338029614961,0.14528006847993827,1,9.828464817843065,0.7151593765546049,0.1966039091348648,0.028330031842032977,0.000703728015760852,0.625000;0.843750
0027.jpg,P2,entire plant excluding pot,1.2686382030335883,0.4359406132794187,1.0,0.7137777817901834,0.7869789114682301,0.6595912575721741,0.17275227627359865,1.0,1,0.5493804902115871,0.9460465311220858,1.0,0.18391475445851044,0.0,0.9343863065641007,0.18219654224537038,1,8.019925122689017,0.7869789114682301,0.16489781439304352,0.11577271473010718,0.0007841393425537533,0.832031;0.417969
0027.jpg,P3,leaves and stems,1.2306902765763708,0.40173360827863724,1.0,0.6808361343643815,0.6480664928696395,0.578906774520874,0.8095697960364531,0.28756325146439216,1,0.5687816745696642,0.9129675455694962,0.9390048154093098,0.024815976111022566,0.0,0.876669596799716,0.16868477527006173,1,9.375644138911195,0.6480664928696395,0.1447266936302185,0.024704478968851556,0.0139099832111034,0.304688;0.707031
0027.jpg,P4,crop seedling,0.5904761904761905,0.0,1.0,0.9523809523809523,1.0,0.0,1.0,1.0,1,0.0,0.0,0.0,1.0,1.0,0.0,0.0,0,1.0,1.0,0.0,0.0,0.0,
0027.jpg,P5,plant body without background,0.5904761904761905,0.0,1.0,0.9523809523809523,1.0,0.0,1.0,1.0,1,0.0,0.0,0.0,1.0,1.0,0.0,0.0,0,1.0,1.0,0.0,0.0,0.0,
0028.jpg,P1,green plant,0.7947066377761323,0.33802461810439133,1.0,0.6624085230516005,0.7248818177563195,0.5790541172027588,0.9342410924501647,0.9680097580809107,1,0.1338328225531182,0.0,0.29617575264442636,0.022438487579909443,0.0,0.8725273335109429,0.14351972415123457,1,10.192848225840288,0.7248818177563195,0.1447635293006897,0.021407750270915064,0.004132189749750086,0.439453;0.890625;0.376953
0028.jpg,P2,entire plant excluding pot,0.8114058044221136,0.39939529125644635,1.0,0.7139155409918512,0.8472475099579408,0.5832655429840088,0.204962181191495,1.0,1,0.10264102738406419,0.0,0.3425549227013832,0.16608167718066688,0.0,0.9080564445201527,0.1677611400462963,1,8.014518317130015,0.8472475099579408,0.1458163857460022,0.09757897717391148,0.0017506564961860698,0.687500
0028.jpg,P3,leaves and stems,0.8134899377346578,0.30912850152367566,1.0,0.6693469846983802,0.6829054248213469,0.7225353121757507,0.8630236679399834,1.0,1,0.1367066930908271,0.0,0.29536208299430433,0.02327928756691837,0.0,0.9052530442192785,0.13210575810185185,1,9.879868673812524,0.6829054248213469,0.18063382804393768,0.02317433547070559,0.0022952567128273365,0.683594
0028.jpg,P4,crop seedling,0.5904761904761905,0.0,1.0,0.9523809523809523,1.0,0.0,1.0,1.0,1,0.0,0.0,0.0,1.0,1.0,0.0,0.0,0,1.0,1.0,0.0,0.0,0.0,
0028.jpg,P5,plant body without background,0.5904761904761905,0.0,1.0,0.9523809523809523,1.0,0.0,1.0,1.0,1,0.0,0.0,0.0,1.0,1.0,0.0,0.0,0,1.0,1.0,0.0,0.0,0.0,
0029.jpg,P1,green plant,0.7933283837179484,0.3015589594077198,1.0,0.6801088516321072,0.7072794713306502,0.6329072713851929,1.0,1.0,1,0.12895747296681437,0.0,0.2741535920726672,0.025606524373960025,0.0,0.8729178370592227,0.1291157889660494,1,9.407057343842133,0.7072794713306502,0.15822681784629822,0.015330485985183082,0.00033895519628587275,0.304688;0.859375
0029.jpg,P2,entire plant excluding pot,0.3904761904761905,0.0,1.0,0.9523809523809523,0.0,0.0,1.0,1.0,1,0.0,0.0,0.0,1.0,1.0,0.0,0.0,0,1.0,0.0,0.0,0.0,0.0,
0029.jpg,P3,leaves and stems,0.3904761904761905,0.0,1.0,0.9523809523809523,0.0,0.0,1.0,1.0,1,0.0,0.0,0.0,1.0,1.0,0.0,0.0,0,1.0,0.0,0.0,0.0,0.0,
0029.jpg,P4,crop seedling,0.5904761904761905,0.0,1.0,0.9523809523809523,1.0,0.0,1.0,1.0,1,0.0,0.0,0.0,1.0,1.0,0.0,0.0,0,1.0,1.0,0.0,0.0,0.0,
0029.jpg,P5,plant body without background,0.5904761904761905,0.0,1.0,0.9523809523809523,1.0,0.0,1.0,1.0,1,0.0,0.0,0.0,1.0,1.0,0.0,0.0,0,1.0,1.0,0.0,0.0,0.0,
0030.jpg,P1,green plant,0.8125369098311184,0.30441340932176897,1.0,0.6915670830516343,0.7331868082288241,0.640733540058136,1.0,0.5355260874953526,1,0.13855674169904558,0.0,0.35917826375082834,0.0321404437697285,0.0,0.8354678735481502,0.13024329668209877,1,8.91982642052202,0.7331868082288241,0.160183385014534,0.018297864462320304,0.007469290653435652,0.875000
0030.jpg,P2,entire plant excluding pot,0.6381416109675073,0.41667460247694943,1.0,0.7157712226694792,0.0,0.5085096955299377,0.26845813017926995,0.7018490245971162,1,0.10995050683223402,0.0,0.3817097415506958,0.1435332058090312,0.0,0.8430271509581814,0.17458646797839505,1,7.9418889256398275,0.0,0.12712742388248444,0.07449951315180686,0.005699231401363175,0.750000
0030.jpg,P3,leaves and stems,0.6651794791408563,0.31159867508595096,1.0,0.6639353500618494,0.0,0.654396653175354,1.0,0.5356452747786,1,0.1391933434762254,0.0,0.35984095427435386,0.03061428787558965,0.0,0.836062580695186,0.13308147665895062,1,10.123414874862263,0.0,0.1635991632938385,0.01768930207613303,0.0074676286496755395,0.585938
0030.jpg,P4,crop seedling,0.5904761904761905,0.0,1.0,0.9523809523809523,1.0,0.0,1.0,1.0,1,0.0,0.0,0.0,1.0,1.0,0.0,0.0,0,1.0,1.0,0.0,0.0,0.0,
0030.jpg,P5,plant body without background,0.5904761904761905,0.0,1.0,0.9523809523809523,1.0,0.0,1.0,1.0,1,0.0,0.0,0.0,1.0,1.0,0.0,0.0,0,1.0,1.0,0.0,0.0,0.0,
0031.jpg,P1,green plant,1.0939512575374968,0.32736651967104224,1.0,0.6637721789429218,0.8072174531580905,0.6086205840110779,0.7543108006658615,0.5620092412451362,1,0.41255591038087036,0.6552339436069852,0.6153337739590218,0.036646758823738135,0.0,0.8345797845292309,0.13930977527006172,1,10.130819932601923,0.8072174531580905,0.15215514600276947,0.02651426969141257,0.007117320688780787,0.851562;0.777344
0031.jpg,P2,entire plant excluding pot,1.0938119998819396,0.44435409829660877,1.0,0.7131726871383108,0.8885138809152274,0.4535410702228546,0.21189132620041035,0.7355525812619503,1,0.39389565256733905,0.706726202807103,0.62128222075347,0.16654145892579555,0.0,0.8467311952696711,0.18551986882716048,1,8.043698757242584,0.8885138809152274,0.11338526755571365,0.09438800709135053,0.005438088454719855,0.671875;0.302734
0031.jpg,P3,leaves and stems,1.0978642594844392,0.32852484274886695,1.0,0.6647735523989798,0.8187054187065438,0.6110284328460693,0.7709812788880391,0.5572820574450187,1,0.41325781014434726,0.655743781256944,0.6163251817580965,0.03548132212413503,0.0,0.8345335062519998,0.13976731288580246,1,10.085432742962851,0.8187054187065438,0.15275710821151733,0.025940967112515808,0.007177693856390916,0.628906
0031.jpg,P4,crop seedling,0.5904761904761905,0.0,1.0,0.9523809523809523,1.0,0.0,1.0,1.0,1,0.0,0.0,0.0,1.0,1.0,0.0,0.0,0,1.0,1.0,0.0,0.0,0.0,
0031.jpg,P5,plant body without background,0.5904761904761905,0.0,1.0,0.9523809523809523,1.0,0.0,1.0,1.0,1,0.0,0.0,0.0,1.0,1.0,0.0,0.0,0,1.0,1.0,0.0,0.0,0.0,
0032.jpg,P1,green plant,1.0754109155085438,0.3546113772659789,1.0,0.6672218434114803,0.7580444329857642,0.5432573556900024,0.5251900763680857,0.3832072654506273,1,0.4107839136378988,0.6484689515463397,0.63671875,0.04134876557839186,0.0,0.8161503527019747,0.15007149402006173,1,9.975037834104397,0.7580444329857642,0.1358143389225006,0.03808145069744761,0.010438215453186295,0.855469;0.351562;0.843750
0032.jpg,P2,entire plant excluding pot,1.0667548322438352,0.47665834017033903,1.0,0.7082970954401975,0.8523460175075586,0.38382938504219055,0.1589682520503985,0.5006435312024353,1,0.38252866461177804,0.6961627055957542,0.6383463541666666,0.19811092450872972,0.0,0.8340265125588304,0.19828004436728394,1,8.236738691650656,0.8523460175075586,0.09595734626054764,0.1258112845932237,0.007989716735963576,0.933594;0.562500
0032.jpg,P3,leaves and stems,1.0621323221367331,0.3380304173503672,1.0,0.7047932962298167,0.7886155654309259,0.5288457870483398,1.0,0.36424049567811523,1,0.39007530892484327,0.6419894111686073,0.4632161458333333,0.0,0.0,0.820001087658307,0.14352201485339505,1,8.377114406432245,0.7886155654309259,0.13221144676208496,0.0,0.010981755316780757,0.691406;0.435547
0032.jpg,P4,crop seedling,0.5904761904761905,0.0,1.0,0.9523809523809523,1.0,0.0,1.0,1.0,1,0.0,0.0,0.0,1.0,1.0,0.0,0.0,0,1.0,1.0,0.0,0.0,0.0,
0032.jpg,P5,plant body without background,0.5904761904761905,0.0,1.0,0.9523809523809523,1.0,0.0,1.0,1.0,1,0.0,0.0,0.0,1.0,1.0,0.0,0.0,0,1.0,1.0,0.0,0.0,0.0,
0033.jpg,P1,green plant,0.9819115821962978,0.32703046862791063,1.0,0.7198707692346208,0.5942611349080513,0.38067126274108887,1.0,0.21687849326006295,1,0.37754485509396357,0.6255891666873372,0.5077545515846258,0.02726288342761112,0.0,0.7537169249644633,0.1391770351080247,1,7.782764427654636,0.5942611349080513,0.09516781568527222,0.00043746047696185866,0.018443506960386005,0.875000;0.796875
0033.jpg,P2,entire plant excluding pot,0.9555186111223063,0.5033577634200657,1.0,0.7065911266535262,0.6424291801237402,0.19043193757534027,0.08693589309241484,0.30645594479830146,1,0.34695660956777175,0.6884385815350993,0.6766689143627782,0.3084887670321791,0.0,0.7674933155484064,0.20882631655092593,1,8.30491248131242,0.6424291801237402,0.04760798439383507,0.23005457571752952,0.013052447074024488,0.625000;0.925781
0033.jpg,P3,leaves and stems,0.9841095102223709,0.32731951525629,1.0,0.7298033225548816,0.6121205623604459,0.38075295090675354,1.0,0.2123683654243831,1,0.37411024000669674,0.6256921933428462,0.4817936614969656,0.023615620377431,0.0,0.7547979938047611,0.13929120852623456,1,7.4046436647950316,0.6121205623604459,0.09518823772668839,0.0,0.018835197003125494,0.494141;0.695312
0033.jpg,P4,crop seedling,0.5904761904761905,0.0,1.0,0.9523809523809523,1.0,0.0,1.0,1.0,1,0.0,0.0,0.0,1.0,1.0,0.0,0.0,0,1.0,1.0,0.0,0.0,0.0,
0033.jpg,P5,plant body without background,0.5904761904761905,0.0,1.0,0.9523809523809523,1.0,0.0,1.0,1.0,1,0.0,0.0,0.0,1.0,1.0,0.0,0.0,0,1.0,1.0,0.0,0.0,0.0,
0034.jpg,P1,green plant,0.9770775720815207,0.2895691709642132,1.0,0.6775860636274232,0.6833322809519483,0.2781340181827545,0.3552289787204738,0.4251183681879056,1,0.3913532653362528,0.6290360022924035,0.6081311923471131,0.05155982226633684,0.0,0.771949965913323,0.1243798225308642,1,9.516545681195087,0.6833322809519483,0.06953350454568863,0.05630171297409214,0.009409144133315757,0.890625;0.734375;0.408203;0.353516;0.349609;0.691406;0.550781
0034.jpg,P2,entire plant excluding pot,0.9360948988247235,0.4238736032973901,1.0,0.6973488342756525,0.6908981417756366,0.0731576681137085,0.12044259303210601,0.6068767010309278,1,0.359039249332246,0.68407219820335,0.6118893064571234,0.2377819574417195,0.0,0.808084920313072,0.17743007330246913,1,8.680050810975144,0.6908981417756366,0.018289417028427124,0.16605421301971357,0.006591124676898991,0.937500;0.695312;0.578125;0.519531;0.582031;0.582031
0034.jpg,P3,leaves and stems,0.9667297957702533,0.2822972217338646,1.0,0.6939497507140353,0.7085299016901522,0.24770939350128174,1.0,0.4140211564136798,1,0.38023254224238656,0.6260560528183381,0.447898872565767,0.0,0.0,0.8049112669413016,0.12150740258487654,1,8.820530563518647,0.7085299016901522,0.061927348375320435,0.0,0.009661342030558694,0.566406;0.376953;0.613281;0.757812;0.351562;0.498047
0034.jpg,P4,crop seedling,0.5904761904761905,0.0,1.0,0.9523809523809523,1.0,0.0,1.0,1.0,1,0.0,0.0,0.0,1.0,1.0,0.0,0.0,0,1.0,1.0,0.0,0.0,0.0,
0034.jpg,P5,plant body without background,0.5904761904761905,0.0,1.0,0.9523809523809523,1.0,0.0,1.0,1.0,1,0.0,0.0,0.0,1.0,1.0,0.0,0.0,0,1.0,1.0,0.0,0.0,0.0,
0035.jpg,P1,green plant,0.9476552149921268,0.2367026342006563,1.0,0.7210453233896815,0.6870839986825417,0.2106941193342209,1.0,1.0,1,0.3765499998707067,0.617036519975078,0.42887249736564803,0.0,0.0,0.8339016835361276,0.10349754050925926,1,7.737507409352139,0.6870839986825417,0.05267352983355522,0.0,0.0,0.601562;0.316406;0.769531;0.546875;0.425781;0.457031;0.341797;0.478516;0.562500;0.589844
0035.jpg,P2,entire plant excluding pot,1.075962730548624,0.5386779184247539,1.0,0.6479405311781622,0.56079317545243,0.5565404891967773,0.13134270645266766,0.1727811491888354,1,0.41517230769819935,0.7519203423636891,0.5914998243765367,0.16985530964256026,0.0,0.9648681237589969,0.22277777777777777,1,10.86703028692098,0.56079317545243,0.13913512229919434,0.15227339637018564,0.02315067366306456,0.539062;0.382812;0.902344;0.519531;0.531250;0.316406;0.648438
0035.jpg,P3,leaves and stems,1.0585999620867448,0.38164990379356145,1.0,0.6340331073002058,0.5058128129512367,0.6016185283660889,0.35212037183753236,0.12556459093584463,1,0.43397709160452624,0.6817803675310741,0.5707762557077626,0.0027682382349875014,0.0,0.9344470841174932,0.16075171199845678,1,11.544094101272666,0.5058128129512367,0.15040463209152222,0.056798758605275924,0.0318561146115129,0.562500;0.318359;0.617188;0.388672;0.322266;0.306641;0.304688;0.421875;0.546875
0035.jpg,P4,crop seedling,0.5904761904761905,0.0,1.0,0.9523809523809523,1.0,0.0,1.0,1.0,1,0.0,0.0,0.0,1.0,1.0,0.0,0.0,0,1.0,1.0,0.0,0.0,0.0,
0035.jpg,P5,plant body without background,0.5904761904761905,0.0,1.0,0.9523809523809523,1.0,0.0,1.0,1.0,1,0.0,0.0,0.0,1.0,1.0,0.0,0.0,0,1.0,1.0,0.0,0.0,0.0,
0036.jpg,P1,green plant,0.6817325080628022,0.2289789542311299,1.0,0.7255891537720109,0.6608705555921017,0.21021737158298492,1.0,1.0,1,0.11660130102715674,0.0,0.14986666666666668,0.0006409448535368993,0.0,0.8981758448321779,0.1004466869212963,1,7.563807832613008,0.6608705555921017,0.05255434289574623,0.0,0.0,0.367188;0.570312;0.671875;0.734375;0.386719;0.613281;0.304688;0.484375;0.652344;0.412109;0.333984
0036.jpg,P2,entire plant excluding pot,0.6307099118800551,0.35954623036802624,1.0,0.705673008152352,0.5296416665641568,0.12537020444869995,0.10642389919058752,1.0,1,0.0866636899734081,0.0,0.4010666666666667,0.2562603049675594,0.0,0.9134978146367592,0.15202076099537037,1,8.341738693344041,0.5296416665641568,0.03134255111217499,0.18792771315570128,0.0,0.664062;0.765625;0.326172;0.925781;0.605469;0.324219
0036.jpg,P3,leaves and stems,0.6437231853848838,0.22939955217612118,1.0,0.7273427137722197,0.46561930413806907,0.21123024821281433,1.0,1.0,1,0.11700482172503891,0.0,0.152,0.0007489308263522995,0.0,0.898695009729446,0.1006128231095679,1,7.497353890126896,0.46561930413806907,0.05280756205320358,0.0,0.0,0.400391;0.343750;0.511719;0.304688;0.648438;0.367188;0.667969;0.539062
0036.jpg,P4,crop seedling,0.5904761904761905,0.0,1.0,0.9523809523809523,1.0,0.0,1.0,1.0,1,0.0,0.0,0.0,1.0,1.0,0.0,0.0,0,1.0,1.0,0.0,0.0,0.0,
0036.jpg,P5,plant body without background,0.5904761904761905,0.0,1.0,0.9523809523809523,1.0,0.0,1.0,1.0,1,0.0,0.0,0.0,1.0,1.0,0.0,0.0,0,1.0,1.0,0.0,0.0,0.0,
0037.jpg,P1,green plant,0.9509294280400233,0.22767748134474142,1.0,0.7174500173603385,0.7903338564933058,0.2184402346611023,1.0,1.0,1,0.3601491100681258,0.5987168539459659,0.3177545691906005,0.002555252201461971,0.0,0.9416896439316825,0.09993260513117284,1,7.876506399128039,0.7903338564933058,0.054610058665275574,0.0,0.0,0.474609;0.699219;0.773438;0.847656;0.496094;0.566406
0037.jpg,P2,entire plant excluding pot,0.9235091566682377,0.3625126972964525,1.0,0.7044609002828981,0.7852007147682574,0.1485469788312912,0.10278387833929907,1.0,1,0.32336489843245786,0.6513288195747062,0.4279373368146214,0.2582053138575836,0.0,0.9583268511195389,0.15319251543209877,1,8.390503989601667,0.7852007147682574,0.0371367447078228,0.19458304476484292,0.0,0.867188;0.753906;0.302734;0.964844;0.341797;0.765625
0037.jpg,P3,leaves and stems,0.9503281085161708,0.22757462103453663,1.0,0.7212744106836936,0.7915401345917058,0.21932785212993622,1.0,1.0,1,0.3583847048281963,0.5986767184141105,0.3044386422976501,0.0006457110304341109,0.0,0.9424261107881085,0.09989197530864198,1,7.728697571624743,0.7915401345917058,0.054831963032484055,0.0,0.0,0.644531;0.384766;0.527344;0.765625;0.554688
0037.jpg,P4,crop seedling,0.5904761904761905,0.0,1.0,0.9523809523809523,1.0,0.0,1.0,1.0,1,0.0,0.0,0.0,1.0,1.0,0.0,0.0,0,1.0,1.0,0.0,0.0,0.0,
0037.jpg,P5,plant body without background,0.7915226731124492,0.22700598970542274,1.0,0.7190238182884211,0.0,0.21868963539600372,1.0,1.0,1,0.35857878443447966,0.598454841571836,0.30678851174934724,0.0010814328622527915,0.0,0.9422208762813035,0.09966736593364198,1,7.815490240098588,0.0,0.05467240884900093,0.0,0.0,0.478516
0038.jpg,P1,green plant,0.9388972780405144,0.21952740418424743,1.0,0.7044306600775708,0.7608733437765511,0.22523429989814758,1.0,1.0,1,0.35688413645321104,0.5898531598292319,0.3138381201044386,2.617869577737637e-05,0.0,0.939525225029142,0.09671332465277778,1,8.391722753517898,0.7608733437765511,0.056308574974536896,0.0,0.0,0.320312;0.406250;0.640625;0.617188;0.367188;0.894531;0.621094
0038.jpg,P2,entire plant excluding pot,0.9260160669350729,0.35442183348960765,1.0,0.6912934946445396,0.8082219360442584,0.13051560521125793,0.1314872120059184,1.0,1,0.32912549305714023,0.6393569159061282,0.425065274151436,0.22242093282706338,0.0,0.9556510299085591,0.14999662422839505,1,8.931271818612908,0.8082219360442584,0.032628901302814484,0.1521060466252777,0.0,0.632812;0.933594;0.671875
0038.jpg,P3,leaves and stems,0.3904761904761905,0.0,1.0,0.9523809523809523,0.0,0.0,1.0,1.0,1,0.0,0.0,0.0,1.0,1.0,0.0,0.0,0,1.0,0.0,0.0,0.0,0.0,
0038.jpg,P4,crop seedling,0.5904761904761905,0.0,1.0,0.9523809523809523,1.0,0.0,1.0,1.0,1,0.0,0.0,0.0,1.0,1.0,0.0,0.0,0,1.0,1.0,0.0,0.0,0.0,
0038.jpg,P5,plant body without background,0.3904761904761905,0.0,1.0,0.9523809523809523,0.0,0.0,1.0,1.0,1,0.0,0.0,0.0,1.0,1.0,0.0,0.0,0,1.0,0.0,0.0,0.0,0.0,
0039.jpg,P1,green plant,0.9266590261672041,0.23695993758790435,1.0,0.6753068370454991,0.6539234931771395,0.21700474619865417,0.9382464377354371,1.0,1,0.3700200233653647,0.5910323553640561,0.40783289817232377,0.01707333819779749,0.0,0.9487077877626604,0.10359917534722222,1,9.616166907921428,0.6539234931771395,0.054251186549663544,0.021316361241159883,0.0,0.730469;0.388672;0.902344;0.384766
0039.jpg,P2,entire plant excluding pot,0.923909343052304,0.36184944669088925,1.0,0.6905719773004235,0.7312735263050187,0.1158633604645729,0.1915766024285628,1.0,1,0.343997680900123,0.6343797036768345,0.43133159268929505,0.18003858200489253,0.0,0.9833667253062559,0.15293053144290122,1,8.961499535767123,0.7312735263050187,0.028965840116143227,0.10439688222082245,0.0,0.500000;0.949219
0039.jpg,P3,leaves and stems,0.7963720897172493,0.23757862556649467,1.0,0.6753193060097017,0.0,0.21719780564308167,0.9542654553512077,1.0,1,0.3703529422733936,0.5912470930429653,0.408355091383812,0.0166047462035016,0.0,0.948939671203201,0.10384355709876543,1,9.615620080780985,0.0,0.054299451410770416,0.020958528769795197,0.0,0.539062
0039.jpg,P4,crop seedling,0.5904761904761905,0.0,1.0,0.9523809523809523,1.0,0.0,1.0,1.0,1,0.0,0.0,0.0,1.0,1.0,0.0,0.0,0,1.0,1.0,0.0,0.0,0.0,
0039.jpg,P5,plant body without background,0.5904761904761905,0.0,1.0,0.9523809523809523,1.0,0.0,1.0,1.0,1,0.0,0.0,0.0,1.0,1.0,0.0,0.0,0,1.0,1.0,0.0,0.0,0.0,
0040.jpg,P1,green plant,0.7365294540977847,0.24624147816065012,1.0,0.6752912406663402,0.8132248643705997,0.2385464608669281,1.0,1.0,1,0.14186864528488113,0.0,0.2819568648079958,0.012960519364910947,0.0,0.9500456542891517,0.10726538387345678,1,9.616850916450657,0.8132248643705997,0.059636615216732025,0.014375599919973205,0.0,0.640625;0.906250
0040.jpg,P2,entire plant excluding pot,0.7288308024999136,0.37690062656274415,1.0,0.6892309561433844,0.8606661932707271,0.1654212772846222,0.23013752936142715,1.0,1,0.11038699184761802,0.0,0.3356128353498159,0.1625409116399639,0.0,0.9873895497664033,0.15887574749228395,1,9.017849273501424,0.8606661932707271,0.04135531932115555,0.0869045568338849,0.0,0.441406;0.968750
0040.jpg,P3,leaves and stems,0.736964538779074,0.24676554686279106,1.0,0.6751161685510608,0.8138062280872412,0.23913580179214478,1.0,1.0,1,0.14199978972042648,0.0,0.2819568648079958,0.01255414120632385,0.0,0.9501379641688439,0.10747239101080247,1,9.624531201680659,0.8138062280872412,0.059783950448036194,0.014212171829409067,0.0,0.302734;0.773438
0040.jpg,P4,crop seedling,0.5904761904761905,0.0,1.0,0.9523809523809523,1.0,0.0,1.0,1.0,1,0.0,0.0,0.0,1.0,1.0,0.0,0.0,0,1.0,1.0,0.0,0.0,0.0,
0040.jpg,P5,plant body without background,0.5733099388229426,0.2464603233903735,1.0,0.6739565544870846,0.0,0.23734547197818756,1.0,1.0,1,0.14175746885181334,0.0,0.2819568648079958,0.013220742144990168,0.0,0.9497145582987115,0.10735182773919753,1,9.675503364190922,0.0,0.05933636799454689,0.014643667756415799,0.0,0.394531
0041.jpg,P1,green plant,0.711104360550348,0.2595254141272073,1.0,0.6762654584870849,0.670274594027999,0.28068283200263977,1.0,1.0,1,0.13375470082136173,0.0,0.26,0.012543612251720916,0.0,0.9071778449687802,0.11251253858024692,1,9.57418532767182,0.670274594027999,0.07017070800065994,0.005748887726848002,0.0,0.683594;0.917969
0041.jpg,P2,entire plant excluding pot,0.7254201174527202,0.398129834739803,1.0,0.6900926770675206,0.7531935329580378,0.23522213101387024,0.31767445588083765,1.0,1,0.11009248229687388,0.0,0.31842105263157894,0.14110609428745247,0.0,0.9510852110942541,0.1672612847222222,1,8.98161459267759,0.7531935329580378,0.05880553275346756,0.06295753287605274,0.0,0.578125;0.953125
0041.jpg,P3,leaves and stems,0.7111475319744298,0.25948359851148606,1.0,0.6762257167791234,0.669482832612135,0.2815950810909271,1.0,1.0,1,0.13379008617569557,0.0,0.2594736842105263,0.012223940532876355,0.0,0.9075200517766376,0.11249602141203703,1,9.575923399157901,0.669482832612135,0.07039877027273178,0.005575042841664282,0.0,0.746094
0041.jpg,P4,crop seedling,0.5904761904761905,0.0,1.0,0.9523809523809523,1.0,0.0,1.0,1.0,1,0.0,0.0,0.0,1.0,1.0,0.0,0.0,0,1.0,1.0,0.0,0.0,0.0,
0041.jpg,P5,plant body without background,0.3904761904761905,0.0,1.0,0.9523809523809523,0.0,0.0,1.0,1.0,1,0.0,0.0,0.0,1.0,1.0,0.0,0.0,0,1.0,0.0,0.0,0.0,0.0,
0042.jpg,P1,green plant,0.7067381656849722,0.2477260851304891,1.0,0.7095838803045053,0.705619860623276,0.37326422333717346,1.0,1.0,1,0.09949935580588354,0.0,0.06892307692307692,0.0,0.0,0.8709320195972969,0.10785180362654322,1,8.185533176736422,0.705619860623276,0.09331605583429337,0.0,0.0,0.351562;0.832031
0042.jpg,P2,entire plant excluding pot,0.7441216822223271,0.41122178514220964,1.0,0.6907961124013445,0.7491771118519485,0.30253928899765015,0.2497337174786101,1.0,1,0.11337482254369663,0.0,0.39076923076923076,0.15631806184341623,0.0,0.8993177955825996,0.17243260513117284,1,8.952102713021977,0.7491771118519485,0.07563482224941254,0.08008530126378717,0.0,0.376953;0.945312
0042.jpg,P3,leaves and stems,0.7065947818993131,0.24826633067666826,1.0,0.7109601372610626,0.7064430614475947,0.37178611755371094,1.0,1.0,1,0.09910365251150573,0.0,0.06646153846153846,0.0,0.0,0.871405755884288,0.10806520061728395,1,8.130972401700289,0.7064430614475947,0.09294652938842773,0.0,0.0,0.605469
0042.jpg,P4,crop seedling,0.5904761904761905,0.0,1.0,0.9523809523809523,1.0,0.0,1.0,1.0,1,0.0,0.0,0.0,1.0,1.0,0.0,0.0,0,1.0,1.0,0.0,0.0,0.0,
0042.jpg,P5,plant body without background,0.5904761904761905,0.0,1.0,0.9523809523809523,1.0,0.0,1.0,1.0,1,0.0,0.0,0.0,1.0,1.0,0.0,0.0,0,1.0,1.0,0.0,0.0,0.0,
0043.jpg,P1,green plant,0.7155897562074545,0.2662449088724801,1.0,0.6690313163333036,0.6415483296150563,0.33576637506484985,0.9191176753584144,1.0,1,0.13307157023031646,0.0,0.3471971066907776,0.022501175098587893,0.0,0.7732644355555287,0.11516673900462963,1,9.893966861838546,0.6415483296150563,0.08394159376621246,0.021759999330010604,0.00032243239649972416,0.921875
0043.jpg,P2,entire plant excluding pot,0.7297163608572288,0.4112816089428035,1.0,0.688543840550693,0.6927380185946109,0.33662059903144836,0.19792598639832296,1.0,1,0.10387954743331765,0.0,0.4116937914406269,0.17756870180177725,0.0,0.8304527551453798,0.1724562355324074,1,9.046806930992409,0.6927380185946109,0.08415514975786209,0.10104787331841465,0.00019504747203795246,0.945312
0043.jpg,P3,leaves and stems,0.7037828100785968,0.24716447394124086,1.0,0.7037708589506683,0.6810826962542003,0.39634639024734497,1.0,1.0,1,0.098109926199906,0.0,0.10307414104882459,0.0,0.0,0.7955658081111756,0.10762996720679012,1,8.418340636923025,0.6810826962542003,0.09908659756183624,0.0,0.0003797357755907188,0.585938
0043.jpg,P4,crop seedling,0.5904761904761905,0.0,1.0,0.9523809523809523,1.0,0.0,1.0,1.0,1,0.0,0.0,0.0,1.0,1.0,0.0,0.0,0,1.0,1.0,0.0,0.0,0.0,
0043.jpg,P5,plant body without background,0.5904761904761905,0.0,1.0,0.9523809523809523,1.0,0.0,1.0,1.0,1,0.0,0.0,0.0,1.0,1.0,0.0,0.0,0,1.0,1.0,0.0,0.0,0.0,
0044.jpg,P1,green plant,0.6796018298357066,0.2581793786138459,1.0,0.6631687521610904,0.6626539941402803,0.3438546657562256,0.5350619275303876,0.22420228109347654,1,0.09403047170141805,0.0,0.16836335160532498,0.029566737796803234,0.0,0.7259508975150053,0.11198085455246913,1,10.158236398843167,0.6626539941402803,0.0859636664390564,0.037378850878647396,0.017841031681262342,0.902344
0044.jpg,P2,entire plant excluding pot,0.6971651481607558,0.3999456091772151,1.0,0.690994721433898,0.7256205922974442,0.3683762550354004,0.14425812129526572,0.3337599712540424,1,0.06017771257196437,0.0,0.25371965544244324,0.21394033220864994,0.0,0.7869027425491957,0.167978515625,1,8.943781160147754,0.7256205922974442,0.0920940637588501,0.13864037477005714,0.01198466066787676,0.953125
0044.jpg,P3,leaves and stems,0.6780038263024283,0.2595641775082044,1.0,0.6735926807636544,0.6483293992336404,0.33754903078079224,0.5457554671968191,0.22363747454175154,1,0.09419676864517001,0.0,0.16758026624902114,0.028609815599919,0.0,0.7261526540032192,0.11252785011574074,1,9.691534025170714,0.6483293992336404,0.08438725769519806,0.036646449192211716,0.017886090013296177,0.578125
0044.jpg,P4,crop seedling,0.5904761904761905,0.0,1.0,0.9523809523809523,1.0,0.0,1.0,1.0,1,0.0,0.0,0.0,1.0,1.0,0.0,0.0,0,1.0,1.0,0.0,0.0,0.0,
0044.jpg,P5,plant body without background,0.5904761904761905,0.0,1.0,0.9523809523809523,1.0,0.0,1.0,1.0,1,0.0,0.0,0.0,1.0,1.0,0.0,0.0,0,1.0,1.0,0.0,0.0,0.0,
0045.jpg,P1,green plant,0.9986287586834182,0.23805446895999371,1.0,0.6939628096990701,0.6736160410704011,0.48704612255096436,1.0,1.0,1,0.38009287022733235,0.6297523382755406,0.4453592814371258,0.0,0.0,0.7951488117221052,0.10403151523919753,1,8.81998821907012,0.6736160410704011,0.12176153063774109,0.0,0.0010094115165625772,0.886719
0045.jpg,P2,entire plant excluding pot,1.039570757398712,0.40021634239724946,1.0,0.6911233368451077,0.7588837083689061,0.4606636166572571,0.12013614938517352,1.0,1,0.377393356545008,0.7096430182550901,0.6440868263473054,0.23371071492101383,0.0,0.8319588588951566,0.16808545524691357,1,8.9383948331097,0.7588837083689061,0.11516590416431427,0.16647778459984736,0.0006147035364461098,0.929688
0045.jpg,P3,leaves and stems,0.9992028441891951,0.23940905073058283,1.0,0.693214899650278,0.6765637234956793,0.4840441346168518,1.0,1.0,1,0.3805564824905167,0.6304196866259661,0.4468562874251497,0.0,0.0,0.7947546043490166,0.10456657503858025,1,8.851082124879108,0.6765637234956793,0.12101103365421295,0.0,0.0010146232577016247,0.589844
0045.jpg,P4,crop seedling,0.5904761904761905,0.0,1.0,0.9523809523809523,1.0,0.0,1.0,1.0,1,0.0,0.0,0.0,1.0,1.0,0.0,0.0,0,1.0,1.0,0.0,0.0,0.0,
0045.jpg,P5,plant body without background,0.5904761904761905,0.0,1.0,0.9523809523809523,1.0,0.0,1.0,1.0,1,0.0,0.0,0.0,1.0,1.0,0.0,0.0,0,1.0,1.0,0.0,0.0,0.0,
0046.jpg,P1,green plant,1.0329040159365852,0.2582651464095953,1.0,0.6597526016231432,0.8652872500770274,0.38913142681121826,0.45640074667190644,1.0,1,0.39841673095238833,0.6375995902943116,0.5856558900037161,0.022750095523062765,0.0,0.766638428056292,0.11201473283179013,1,10.31439353296281,0.8652872500770274,0.09728285670280457,0.043821137773855205,0.0025670141374132894,0.878906
0046.jpg,P2,entire plant excluding pot,1.0722115577624034,0.4022659180145335,1.0,0.6886179806841712,0.9527157973572098,0.4406541585922241,0.1203151127887353,1.0,1,0.3753607868327757,0.7074717083293594,0.6391675956893348,0.23374114754765388,0.0,0.8281786595771581,0.16889503761574073,1,9.043679603209243,0.9527157973572098,0.11016353964805603,0.16623015626572668,0.001682510245323842,0.949219
0046.jpg,P3,leaves and stems,1.0435798281471986,0.2677969702297235,1.0,0.6885564190249964,0.8522499934124782,0.4078300893306732,0.47267017768371317,1.0,1,0.4002931337476243,0.6422246260606229,0.5867707172054998,0.021846793373902974,0.0,0.7644982354158729,0.11577980324074075,1,9.046276307060243,0.8522499934124782,0.1019575223326683,0.04231280276240102,0.0024835368063278645,0.781250
0046.jpg,P4,crop seedling,0.5904761904761905,0.0,1.0,0.9523809523809523,1.0,0.0,1.0,1.0,1,0.0,0.0,0.0,1.0,1.0,0.0,0.0,0,1.0,1.0,0.0,0.0,0.0,
0046.jpg,P5,plant body without background,0.5904761904761905,0.0,1.0,0.9523809523809523,1.0,0.0,1.0,1.0,1,0.0,0.0,0.0,1.0,1.0,0.0,0.0,0,1.0,1.0,0.0,0.0,0.0,
0047.jpg,P1,green plant,0.9975422860152108,0.25632941914752305,1.0,0.6905575666460825,0.7041728975617836,0.3611249625682831,0.5033976159951993,0.12449446842957367,1,0.39510531683047634,0.648843036475176,0.5669610007358352,0.017097749885397286,0.0,0.7108659889733357,0.1112501205632716,1,8.962103908493116,0.7041728975617836,0.09028124064207077,0.039730025261364633,0.03212994159867267,0.894531
0047.jpg,P2,entire plant excluding pot,1.0243097116627575,0.3950241859079544,1.0,0.7061661176955828,0.7320077658668456,0.43002602458000183,0.1173776709538299,0.1868725150960038,1,0.3716648928526807,0.7221398679636306,0.6269315673289183,0.236686884647139,0.0,0.7707432234034644,0.16603455343364198,1,8.321947908327273,0.7320077658668456,0.10750650614500046,0.17039015885625242,0.021404966899198855,0.953125
0047.jpg,P3,leaves and stems,1.0012635850677878,0.25741235202766055,1.0,0.6909922495663888,0.7206070654672008,0.35973620414733887,0.5063967854799912,0.12380392943063354,1,0.39551401082607,0.6494153403240002,0.5676968359087564,0.016899474360925877,0.0,0.7110305355737161,0.11167787905092592,1,8.943884699937504,0.7206070654672008,0.08993405103683472,0.0394947214782236,0.03230915220862333,0.597656
0047.jpg,P4,crop seedling,0.5904761904761905,0.0,1.0,0.9523809523809523,1.0,0.0,1.0,1.0,1,0.0,0.0,0.0,1.0,1.0,0.0,0.0,0,1.0,1.0,0.0,0.0,0.0,
0047.jpg,P5,plant body without background,0.5904761904761905,0.0,1.0,0.9523809523809523,1.0,0.0,1.0,1.0,1,0.0,0.0,0.0,1.0,1.0,0.0,0.0,0,1.0,1.0,0.0,0.0,0.0,
0048.jpg,P1,green plant,1.022718055957946,0.24357107800046873,1.0,0.676807816578452,0.8452084279617149,0.3852958679199219,0.529657598076056,0.09870068903702875,1,0.39254141786583463,0.6522484370803655,0.5488029465930019,0.015104097494417977,0.0,0.7000116374929177,0.10621057581018518,1,9.550486135205128,0.8452084279617149,0.09632396697998047,0.03776024373604494,0.04052656611646705,0.890625
0048.jpg,P2,entire plant excluding pot,1.0468253171050772,0.37680112371073604,1.0,0.695468421288333,0.8724259103426375,0.45605960488319397,0.10994763218179769,0.14725492497275547,1,0.3666743050600972,0.7276854272325979,0.6180478821362799,0.2503102577473352,0.0,0.7582886406835816,0.15883644386574075,1,8.757596157925674,0.8724259103426375,0.11401490122079849,0.1819047814229426,0.0271637773795346,0.964844
0048.jpg,P3,leaves and stems,1.0264604124904364,0.2463196153695889,1.0,0.6880050074774164,0.8500633576713713,0.3807685971260071,0.5352325966020147,0.09860484183701734,1,0.3934290969615597,0.6538047030513182,0.5499079189686924,0.014889466693933871,0.0,0.7008086548741389,0.10729624807098766,1,9.069555864615559,0.8500633576713713,0.09519214928150177,0.037366931922630055,0.04056595929246099,0.808594
0048.jpg,P4,crop seedling,0.5904761904761905,0.0,1.0,0.9523809523809523,1.0,0.0,1.0,1.0,1,0.0,0.0,0.0,1.0,1.0,0.0,0.0,0,1.0,1.0,0.0,0.0,0.0,
0048.jpg,P5,plant body without background,0.8533019902928051,0.2435613108493515,1.0,0.6761943406782467,0.0,0.38273659348487854,0.5283359822472786,0.09897154734151617,1,0.3928035412903097,0.6522429067626453,0.5499079189686924,0.014951397457887825,0.0,0.7002051774638558,0.10620671778549383,1,9.577295751897742,0.0,0.09568414837121964,0.03785469979714413,0.04041565588741783,0.457031
0049.jpg,P1,green plant,1.0018754452356222,0.25256418239178,1.0,0.677352428572901,0.7224098758024955,0.3858240246772766,0.6852711602875315,1.0,1,0.3942453429467316,0.6521042081489845,0.5311604584527221,0.017072396495232404,0.0,0.7552170652166673,0.10976285204475308,1,9.526726643820501,0.7224098758024955,0.09645600616931915,0.02918552707166057,0.0035181680482679915,0.875000
0049.jpg,P2,entire plant excluding pot,1.0282058014915345,0.3869363743358336,1.0,0.6947593585255428,0.74259298446362,0.4496519863605499,0.12166619375121043,1.0,1,0.37341766075442523,0.7256558452602481,0.6074498567335244,0.23675183743639217,0.0,0.811226919322217,0.1628398678626543,1,8.78694580299734,0.74259298446362,0.11241299659013748,0.1643842006013361,0.0023669927050425014,0.945312
0049.jpg,P3,leaves and stems,1.0032263987674261,0.2533507432802,1.0,0.6801938430724646,0.7251544355733828,0.385026752948761,0.692711684370258,1.0,1,0.3944812437924645,0.6525347499165481,0.5308022922636103,0.016749288604306273,0.0,0.7557445529551474,0.11007354359567902,1,9.403382879296801,0.7251544355733828,0.09625668823719025,0.028872040780114655,0.003457854049424202,0.832031
0049.jpg,P4,crop seedling,0.5904761904761905,0.0,1.0,0.9523809523809523,1.0,0.0,1.0,1.0,1,0.0,0.0,0.0,1.0,1.0,0.0,0.0,0,1.0,1.0,0.0,0.0,0.0,
0049.jpg,P5,plant body without background,1.001081749929595,0.25272991873730277,1.0,0.6759543110400423,0.7207272091734679,0.38388606905937195,0.6851641532849461,1.0,1,0.394422248327558,0.6521949276599612,0.5315186246418339,0.0169392728550101,0.0,0.7556245306754453,0.10982831790123457,1,9.58779857358619,0.7207272091734679,0.09597151726484299,0.029190085184859927,0.003484236409941161,0.492188
0050.jpg,P1,green plant,1.016085824015662,0.25844156557665254,1.0,0.6741939938159955,0.8242626968421971,0.34484997391700745,1.0,1.0,1,0.3957361779852915,0.6553914735290283,0.5215713784636969,0.016004552138224947,0.0,0.7726767976813367,0.11208441840277777,1,9.665052171109227,0.8242626968421971,0.08621249347925186,0.017455599979777837,0.0010121838538927129,0.867188
0050.jpg,P2,entire plant excluding pot,1.0541914839345143,0.3981545578410689,1.0,0.6929815473923094,0.8632703140800464,0.41246554255485535,0.13634570594651965,1.0,1,0.38081709156085836,0.7319010560308085,0.6050508593475973,0.2238951199102214,0.0,0.8291110324057434,0.16727105034722223,1,8.86079734050644,0.8632703140800464,0.10311638563871384,0.1466859543625438,0.0006566177482840366,0.925781
0050.jpg,P3,leaves and stems,1.017972827430165,0.2601294513791216,1.0,0.6768287305768986,0.8265740167892489,0.3450159728527069,1.0,1.0,1,0.3962631931105697,0.6563157929925553,0.5222728867064188,0.0158489654117876,0.0,0.7729823557955624,0.11275113329475309,1,9.549573025590822,0.8265740167892489,0.08625399321317673,0.017229414362443234,0.0010479008300871575,0.816406
0050.jpg,P4,crop seedling,0.5904761904761905,0.0,1.0,0.9523809523809523,1.0,0.0,1.0,1.0,1,0.0,0.0,0.0,1.0,1.0,0.0,0.0,0,1.0,1.0,0.0,0.0,0.0,
0050.jpg,P5,plant body without background,1.014994530459293,0.2585725064463197,1.0,0.6712179180529508,0.8228932232439278,0.34224119782447815,1.0,1.0,1,0.3960095613457579,0.6554631793246618,0.5226236408277797,0.0159907192974534,0.0,0.7732240902236196,0.1121361400462963,1,9.796582394605034,0.8228932232439278,0.08556029945611954,0.017500231157442946,0.0009310806771730412,0.449219
0051.jpg,P1,green plant,1.0203971767221713,0.2596203386271292,1.0,0.6652428471064119,0.8614247550846289,0.334511935710907,1.0,1.0,1,0.39623720141635593,0.6542693920179531,0.5154353104405134,0.014848934426668523,0.0,0.7891923865878053,0.11255003375771605,1,10.064209013285057,0.8614247550846289,0.08362798392772675,0.008586716084560301,0.0002163818175001473,0.851562
0051.jpg,P2,entire plant excluding pot,1.0597122470841982,0.4008481549851539,1.0,0.6864824317299828,0.8904469525284842,0.39735716581344604,0.14987205083617783,1.0,1,0.38468530607278484,0.7307324175016071,0.6052722858133889,0.2149368517401761,0.0,0.8446100402286519,0.1683350212191358,1,9.13403034888836,0.8904469525284842,0.09933929145336151,0.13344716301948523,0.00012748542870198346,0.937500
0051.jpg,P3,leaves and stems,1.0233373023998977,0.26168731198234096,1.0,0.6712804127854901,0.8629370379310036,0.3368920683860779,1.0,1.0,1,0.3967779361829152,0.6553884848454803,0.5154353104405134,0.014609058530884062,0.0,0.7899632816696986,0.1133664882330247,1,9.793808398206707,0.8629370379310036,0.08422301709651947,0.008306861482473277,0.00026480713213875896,0.843750
0051.jpg,P4,crop seedling,0.5904761904761905,0.0,1.0,0.9523809523809523,1.0,0.0,1.0,1.0,1,0.0,0.0,0.0,1.0,1.0,0.0,0.0,0,1.0,1.0,0.0,0.0,0.0,
0051.jpg,P5,plant body without background,1.0228791465520113,0.2610698448976403,1.0,0.6710892336936672,0.8621199663133555,0.33650216460227966,1.0,1.0,1,0.3967229046506227,0.6550541781724017,0.5157821713492889,0.01476098921008991,0.0,0.7904144821043714,0.1131225887345679,1,9.802296022423482,0.8621199663133555,0.08412554115056992,0.008493164116621406,0.00020676042648068175,0.519531
0052.jpg,P1,green plant,1.011508006578415,0.26350064463197376,1.0,0.6680522819607903,0.8605836374452029,0.2848431169986725,1.0,1.0,1,0.39611207037108725,0.6536466578919423,0.5096087851750172,0.014113636171489927,0.0,0.7984024962885131,0.11408275462962963,1,9.937776638227028,0.8605836374452029,0.07121077924966812,0.002545844218428995,0.0,0.914062
0052.jpg,P2,entire plant excluding pot,1.0569661484041235,0.4075508624394436,1.0,0.6881593326621692,0.8969062437234532,0.3506454527378082,0.16565024411895252,1.0,1,0.3883137700915487,0.7302793590359364,0.6043239533287578,0.2046738184654047,0.0,0.8533982836941598,0.17098259066358024,1,9.063036786305402,0.8969062437234532,0.08766136318445206,0.12073631467538383,0.0,0.863281
0052.jpg,P3,leaves and stems,1.012195646818751,0.2646168468706048,1.0,0.6694440689855682,0.8613407437240955,0.2833516597747803,1.0,1.0,1,0.3964449829477413,0.6542404618713544,0.5099519560741249,0.014018243929656124,0.0,0.798749423783216,0.11452365451388889,1,9.875535427936041,0.8613407437240955,0.07083791494369507,0.002528673920023581,0.0,0.789062
0052.jpg,P4,crop seedling,0.5904761904761905,0.0,1.0,0.9523809523809523,1.0,0.0,1.0,1.0,1,0.0,0.0,0.0,1.0,1.0,0.0,0.0,0,1.0,1.0,0.0,0.0,0.0,
0052.jpg,P5,plant body without background,0.3904761904761905,0.0,1.0,0.9523809523809523,0.0,0.0,1.0,1.0,1,0.0,0.0,0.0,1.0,1.0,0.0,0.0,0,1.0,0.0,0.0,0.0,0.0,
0053.jpg,P1,green plant,0.6909737106573126,0.27056168444288164,1.0,0.6705651242558266,0.8102961105136526,0.25591737031936646,1.0,1.0,1,0.08950565275096707,0.0,0.0750788643533123,0.012040660957187156,0.0,0.7960365545452699,0.11687186535493826,1,9.8255893075194,0.8102961105136526,0.06397934257984161,0.0,0.001442155930273102,0.882812
0053.jpg,P2,entire plant excluding pot,0.7330864570026066,0.41863016926472885,1.0,0.6861674651850515,0.8724445067282842,0.31392595171928406,0.18481420067216855,1.0,1,0.07485283842313678,0.0,0.261198738170347,0.19057103589763333,0.0,0.8500837632176432,0.1753589168595679,1,9.147403534509222,0.8724445067282842,0.07848148792982101,0.10821679247189922,0.0009632195872525004,0.863281
0053.jpg,P3,leaves and stems,0.6892330051915625,0.25289718120018745,1.0,0.7005237325932991,0.7725497627443381,0.31161564588546753,1.0,1.0,1,0.081715740706904,0.0,0.0,0.0,0.0,0.8171574070690399,0.10989438657407408,1,8.550067712854116,0.7725497627443381,0.07790391147136688,0.0,0.0015896733764267565,0.800781
0053.jpg,P4,crop seedling,0.5904761904761905,0.0,1.0,0.9523809523809523,1.0,0.0,1.0,1.0,1,0.0,0.0,0.0,1.0,1.0,0.0,0.0,0,1.0,1.0,0.0,0.0,0.0,
0053.jpg,P5,plant body without background,0.5904761904761905,0.0,1.0,0.9523809523809523,1.0,0.0,1.0,1.0,1,0.0,0.0,0.0,1.0,1.0,0.0,0.0,0,1.0,1.0,0.0,0.0,0.0,
0054.jpg,P1,green plant,0.6779787395710308,0.2779923498788872,1.0,0.6570346280891501,0.7634051321851625,0.26011157035827637,1.0,0.7061481613075147,1,0.08627000346873565,0.0,0.056461731493099125,0.009688777702527959,0.0,0.7901352511073618,0.11980697820216049,1,10.439795933078717,0.7634051321851625,0.06502789258956909,0.0,0.005664533619394461,0.875000
0054.jpg,P2,entire plant excluding pot,0.7288843806400848,0.4361765510235974,1.0,0.6755907525179167,0.8442725226191387,0.30283984541893005,0.19965983519966196,1.0,1,0.0771084463241681,0.0,0.2572145545796738,0.17909845606831817,0.0,0.8453936332032226,0.182289737654321,1,9.60372078134625,0.8442725226191387,0.07570996135473251,0.1001703721732505,0.0037632673361622875,0.925781
0054.jpg,P3,leaves and stems,0.6758426268953464,0.28517090072667606,1.0,0.6759343954438418,0.7401716033454533,0.24613161385059357,1.0,0.7136064538758331,1,0.08636092422203344,0.0,0.05708908406524467,0.009489346726357243,0.0,0.7893169310819657,0.12264250578703703,1,9.588670342581558,0.7401716033454533,0.06153290346264839,0.0,0.005605330470702268,0.839844
0054.jpg,P4,crop seedling,0.5904761904761905,0.0,1.0,0.9523809523809523,1.0,0.0,1.0,1.0,1,0.0,0.0,0.0,1.0,1.0,0.0,0.0,0,1.0,1.0,0.0,0.0,0.0,
0054.jpg,P5,plant body without background,0.5249249858747255,0.278237749550711,1.0,0.6564120701006796,0.0,0.2578260898590088,1.0,0.7125423607379546,1,0.08642980397264563,0.0,0.05708908406524467,0.009733231040560827,0.0,0.7907373815306984,0.11990391107253086,1,10.468665813735612,0.0,0.0644565224647522,0.0,0.005613701332587923,0.408203
0055.jpg,P1,green plant,0.6921898621525064,0.29252800730582895,1.0,0.663193115914131,0.8119514824941837,0.24353855848312378,1.0,0.2345514950166113,1,0.08994762931305293,0.0,0.08800482218203737,0.008969126614490805,0.0,0.7679749930463344,0.12554856288580246,1,10.15712847446016,0.8119514824941837,0.060884639620780945,0.0,0.017053824362606232,0.910156
0055.jpg,P2,entire plant excluding pot,0.734427985661187,0.46182570030473513,1.0,0.6829817979207946,0.8427300846837094,0.2784024775028229,0.18914760101683467,0.35713090176773327,1,0.08123997357877466,0.0,0.29897528631705844,0.18276485603545825,0.0,0.8225387885234161,0.19242115162037038,1,9.283357273775248,0.8427300846837094,0.06960061937570572,0.1057375292759856,0.01120037493311479,0.656250
0055.jpg,P3,leaves and stems,0.691773821434945,0.2948214564775745,1.0,0.664534180170095,0.8090193990803036,0.24036100506782532,1.0,0.23309383854658594,1,0.09002661327578533,0.0,0.08800482218203737,0.008849574396680599,0.0,0.7684061760202278,0.12645447530864198,1,10.096269833525758,0.8090193990803036,0.06009025126695633,0.0,0.017160470756933215,0.462891
0055.jpg,P4,crop seedling,0.5904761904761905,0.0,1.0,0.9523809523809523,1.0,0.0,1.0,1.0,1,0.0,0.0,0.0,1.0,1.0,0.0,0.0,0,1.0,1.0,0.0,0.0,0.0,
0055.jpg,P5,plant body without background,0.3904761904761905,0.0,1.0,0.9523809523809523,0.0,0.0,1.0,1.0,1,0.0,0.0,0.0,1.0,1.0,0.0,0.0,0,1.0,0.0,0.0,0.0,0.0,
0056.jpg,P1,green plant,0.9910156523972415,0.29886444659321776,1.0,0.664557460736729,0.8042859360806579,0.22979862987995148,1.0,0.2501878570166657,1,0.3915143577391304,0.6439179682079923,0.5054437479379743,0.010351093577877998,0.0,0.7826852231086111,0.128051456404321,1,10.095215510526328,0.8042859360806579,0.05744965746998787,0.0,0.015987986178456093,0.886719
0056.jpg,P2,entire plant excluding pot,1.0431804818408748,0.4732831790123456,1.0,0.682036361020121,0.8560652777482441,0.26519525051116943,0.1573647249222114,0.38287964373608346,1,0.3878644681824988,0.7213500112737616,0.6314747608050149,0.20633146338417538,0.0,0.8362594630703223,0.19694685570987655,1,9.323949781923684,0.8560652777482441,0.06629881262779236,0.12709328605814554,0.010447147205238143,0.816406
0056.jpg,P3,leaves and stems,0.9920810595529941,0.3008599976558838,1.0,0.6666138585694004,0.8052198050458911,0.2279680222272873,1.0,0.25026885245901637,1,0.3919487228533016,0.6448038799084224,0.5057736720554272,0.01025127076455484,0.0,0.7830348514474337,0.12883969907407408,1,10.002376552628814,0.8052198050458911,0.05699200555682182,0.0,0.015982811926845884,0.455078
0056.jpg,P4,crop seedling,0.5904761904761905,0.0,1.0,0.9523809523809523,1.0,0.0,1.0,1.0,1,0.0,0.0,0.0,1.0,1.0,0.0,0.0,0,1.0,1.0,0.0,0.0,0.0,
0056.jpg,P5,plant body without background,0.5904761904761905,0.0,1.0,0.9523809523809523,1.0,0.0,1.0,1.0,1,0.0,0.0,0.0,1.0,1.0,0.0,0.0,0,1.0,1.0,0.0,0.0,0.0,
0057.jpg,P1,green plant,0.6646225497372839,0.28419540650882946,1.0,0.679051997274657,0.744404011820031,0.17645485699176788,1.0,0.28484550561797756,1,0.08780129521822681,0.0,0.06561514195583597,0.009239189389083378,0.0,0.7876232648290135,0.12225718557098765,1,9.452825527749054,0.744404011820031,0.04411371424794197,0.0,0.014042700064099403,0.914062
0057.jpg,P2,entire plant excluding pot,0.7168723282468006,0.460096914556962,1.0,0.6915808340879915,0.8295082264908156,0.2348138391971588,0.1368069988300874,0.4440159140085154,1,0.073672365380215,0.0,0.3198738170347003,0.22697336567833326,0.0,0.8418708801746893,0.19173828125,1,8.919251393619952,0.8295082264908156,0.0587034597992897,0.1461913511079923,0.009008686116424393,0.636719
0057.jpg,P3,leaves and stems,0.6638484391735912,0.29288695010939203,1.0,0.6772891760137921,0.7473973292103342,0.16129976511001587,1.0,0.29021532465724825,1,0.08807379508488432,0.0,0.06498422712933755,0.008980111766996698,0.0,0.7907066773170257,0.12569034529320988,1,9.529484167620485,0.7473973292103342,0.04032494127750397,0.0,0.013782869683825631,0.365234
0057.jpg,P4,crop seedling,0.5904761904761905,0.0,1.0,0.9523809523809523,1.0,0.0,1.0,1.0,1,0.0,0.0,0.0,1.0,1.0,0.0,0.0,0,1.0,1.0,0.0,0.0,0.0,
0057.jpg,P5,plant body without background,0.5904761904761905,0.0,1.0,0.9523809523809523,1.0,0.0,1.0,1.0,1,0.0,0.0,0.0,1.0,1.0,0.0,0.0,0,1.0,1.0,0.0,0.0,0.0,
0058.jpg,P1,green plant,0.9373873840057345,0.2667268567354274,1.0,0.6690081836720077,0.7472745213290815,0.12340153753757477,1.0,0.5129016349504155,1,0.3761051641509163,0.6302324049367606,0.39422750424448216,0.0,0.0,0.8456287165904334,0.11535710841049383,1,9.895000521855097,0.7472745213290815,0.030850384384393692,0.0,0.0077987663275565465,0.820312
0058.jpg,P2,entire plant excluding pot,1.0024759532512273,0.45520876064619464,1.0,0.6782575159566347,0.8071753821133383,0.1544218212366104,0.13653337149200404,0.8383061767838126,1,0.38346325726067154,0.7142831281975619,0.632258064516129,0.22758440208874964,0.0,0.8793303140524652,0.1898074604552469,1,9.487325284986188,0.8071753821133383,0.0386054553091526,0.14648433406019923,0.004771526335814586,0.703125
0058.jpg,P3,leaves and stems,0.9419278423191587,0.2717999760704797,1.0,0.6799046532253007,0.7494335503096707,0.1208825409412384,1.0,0.5234950255445012,1,0.3775236982098209,0.6324946876304953,0.39728353140916806,0.0,0.0,0.846395218854973,0.11736099054783951,1,9.41588927965842,0.7494335503096707,0.0302206352353096,0.0,0.007640951307683378,0.703125
0058.jpg,P4,crop seedling,0.5904761904761905,0.0,1.0,0.9523809523809523,1.0,0.0,1.0,1.0,1,0.0,0.0,0.0,1.0,1.0,0.0,0.0,0,1.0,1.0,0.0,0.0,0.0,
0058.jpg,P5,plant body without background,0.5904761904761905,0.0,1.0,0.9523809523809523,1.0,0.0,1.0,1.0,1,0.0,0.0,0.0,1.0,1.0,0.0,0.0,0,1.0,1.0,0.0,0.0,0.0,
0059.jpg,P1,green plant,0.9404194919282438,0.26693532436708856,1.0,0.673230224782311,0.7526654111348037,0.12425559759140015,1.0,0.5324626720422633,1,0.37700218035312316,0.6315647296419766,0.3860759493670886,0.0,0.0,0.864608540923554,0.115439453125,1,9.707519454384272,0.7526654111348037,0.031063899397850037,0.0,0.0075122636947637655,0.863281
0059.jpg,P2,entire plant excluding pot,1.000827200776268,0.45317414097905917,1.0,0.6709298585325518,0.8176996526020138,0.10299946367740631,0.16273309527269708,0.8731122250069618,1,0.39186657761806165,0.7154049702423564,0.620253164556962,0.19939745087145086,0.0,0.8964850367441897,0.1890037856867284,1,9.809375370092656,0.8176996526020138,0.025749865919351578,0.12290063042483987,0.004581312556891648,0.871094
0059.jpg,P3,leaves and stems,0.9429691570316209,0.26933285474292856,1.0,0.6741282722121944,0.7577741452044139,0.12516248226165771,1.0,0.5392297165200391,1,0.377689606147382,0.6326440402132845,0.3877415056628914,0.0,0.0,0.8647072105341201,0.11638647762345679,1,9.667944253945524,0.7577741452044139,0.03129062056541443,0.0,0.00741798880413029,0.777344
0059.jpg,P4,crop seedling,0.5904761904761905,0.0,1.0,0.9523809523809523,1.0,0.0,1.0,1.0,1,0.0,0.0,0.0,1.0,1.0,0.0,0.0,0,1.0,1.0,0.0,0.0,0.0,
0059.jpg,P5,plant body without background,0.5904761904761905,0.0,1.0,0.9523809523809523,1.0,0.0,1.0,1.0,1,0.0,0.0,0.0,1.0,1.0,0.0,0.0,0,1.0,1.0,0.0,0.0,0.0,
0060.jpg,P1,green plant,0.9539241432739692,0.2608937309540552,1.0,0.7107161748962891,0.7215328772150381,0.24439068138599396,1.0,0.5495718681318681,1,0.3664174503836939,0.6276869966668455,0.3566319895968791,0.0,0.0,0.825332434228598,0.11305302372685185,1,8.140628715701437,0.7215328772150381,0.06109767034649849,0.0,0.00727839293084087,0.906250
0060.jpg,P2,entire plant excluding pot,1.016588156992813,0.466452582923113,1.0,0.6811778715461706,0.7615915031756139,0.19697633385658264,0.18742679990228353,0.9549130241517263,1,0.39534849869251715,0.7193930004027891,0.618335500650195,0.17837084317862034,0.0,0.8577181138809198,0.19424877025462964,1,9.360906798987802,0.7615915031756139,0.04924408346414566,0.10670832565261297,0.004188863172699213,0.695312
0060.jpg,P3,leaves and stems,0.9559868724879439,0.2725242713705266,1.0,0.6748721692831444,0.7029133878990447,0.2629402279853821,1.0,0.561537620486261,1,0.3733368611803243,0.6328757315360425,0.3842652795838752,0.0,0.0,0.8266260481761186,0.11764708719135802,1,9.635241917360721,0.7029133878990447,0.06573505699634552,0.0,0.0071232983402540655,0.318359
0060.jpg,P4,crop seedling,0.5904761904761905,0.0,1.0,0.9523809523809523,1.0,0.0,1.0,1.0,1,0.0,0.0,0.0,1.0,1.0,0.0,0.0,0,1.0,1.0,0.0,0.0,0.0,
0060.jpg,P5,plant body without background,0.5904761904761905,0.0,1.0,0.9523809523809523,1.0,0.0,1.0,1.0,1,0.0,0.0,0.0,1.0,1.0,0.0,0.0,0,1.0,1.0,0.0,0.0,0.0,
0061.jpg,P1,green plant,1.0235760338182789,0.27697320870448494,1.0,0.7029949290626247,0.7629183638948701,0.39082229137420654,1.0,0.9001481481481483,1,0.39683427521104164,0.6708943279098805,0.42620590352771776,0.0,0.0,0.8530419780759431,0.1194044174382716,1,8.449707349479821,0.7629183638948701,0.09770557284355164,0.0,0.004443712969058591,0.863281
0061.jpg,P2,entire plant excluding pot,1.1066900515611802,0.4848410762423816,1.0,0.6859141943503899,0.8113474911187358,0.34095093607902527,0.2155617890582682,1.0,1,0.4420793120030737,0.7884088965517717,0.7023038156947444,0.1622952418388403,0.0,0.8841008393655173,0.20151222511574074,1,9.158166086563405,0.8113474911187358,0.08523773401975632,0.09278082208991979,0.0026259061889180656,0.816406
0061.jpg,P3,leaves and stems,1.0245531720594339,0.2845879238943585,1.0,0.6819249790218465,0.7497783280884895,0.4057122766971588,1.0,0.9209396825396825,1,0.4001524705190631,0.6751991778199113,0.43664506839452844,0.0,0.0,0.8523664597107906,0.12241222993827161,1,9.328739399879456,0.7497783280884895,0.1014280691742897,0.0,0.004343389774419503,0.734375
0061.jpg,P4,crop seedling,0.5904761904761905,0.0,1.0,0.9523809523809523,1.0,0.0,1.0,1.0,1,0.0,0.0,0.0,1.0,1.0,0.0,0.0,0,1.0,1.0,0.0,0.0,0.0,
0061.jpg,P5,plant body without background,0.5904761904761905,0.0,1.0,0.9523809523809523,1.0,0.0,1.0,1.0,1,0.0,0.0,0.0,1.0,1.0,0.0,0.0,0,1.0,1.0,0.0,0.0,0.0,
0062.jpg,P1,green plant,1.0381527685800975,0.29329594956243166,1.0,0.6819056522571909,0.7616142477227008,0.545979380607605,1.0,0.9541736745886655,1,0.38159372255011176,0.6365861943352894,0.39385206532180594,0.0,0.0,0.8789518277483539,0.1258519000771605,1,9.329570643383816,0.7616142477227008,0.13649484515190125,0.0,0.0041921089488497565,0.871094
0062.jpg,P2,entire plant excluding pot,1.0908406449413062,0.4982324508712298,1.0,0.6885355875604524,0.7967866321179748,0.4596894085407257,0.16950663827222104,1.0,1,0.40219182912322954,0.7244405789485805,0.633045148895293,0.18880287203906962,0.0,0.913303613017945,0.2068018180941358,1,9.047155094570956,0.7967866321179748,0.11492235213518143,0.11798947937295991,0.0025674853975725487,0.847656
0062.jpg,P3,leaves and stems,1.0382595412884505,0.2951159971284575,1.0,0.6833196733317561,0.7550256434225789,0.5466928482055664,1.0,0.9585291029445333,1,0.38222870887077864,0.6373664319106308,0.3957732949087416,0.0,0.0,0.8791126461848441,0.12657081886574073,1,9.268877774999854,0.7550256434225789,0.1366732120513916,0.0,0.004173060565101554,0.462891
0062.jpg,P4,crop seedling,0.5904761904761905,0.0,1.0,0.9523809523809523,1.0,0.0,1.0,1.0,1,0.0,0.0,0.0,1.0,1.0,0.0,0.0,0,1.0,1.0,0.0,0.0,0.0,
0062.jpg,P5,plant body without background,0.5904761904761905,0.0,1.0,0.9523809523809523,1.0,0.0,1.0,1.0,1,0.0,0.0,0.0,1.0,1.0,0.0,0.0,0,1.0,1.0,0.0,0.0,0.0,
0063.jpg,P1,green plant,1.1258132964944343,0.2920686459798405,1.0,0.6872278796804637,0.9436677919240782,0.6744652986526489,1.0,0.5722080066033842,1,0.40632737324702795,0.6782735473597695,0.4512463343108504,0.0,0.0,0.8770729149515551,0.12536711516203702,1,9.10242816298326,0.9436677919240782,0.16861632466316223,0.0,0.006990464925060946,0.882812
0063.jpg,P2,entire plant excluding pot,1.1846885514745595,0.49305555555555547,1.0,0.6959125688280525,0.9600050526944355,0.5678135752677917,0.16859108371303494,0.9345637639290137,1,0.44133120100539247,0.791166840566432,0.7225073313782991,0.18993296968326645,0.0,0.9135137806402739,0.20475694444444445,1,8.739242393165684,0.9600050526944355,0.14195339381694794,0.11863023571307445,0.0042800717879147585,0.734375
0063.jpg,P3,leaves and stems,1.1270757645326837,0.2933426487537114,1.0,0.6898403080413873,0.9438164696096488,0.675066351890564,1.0,0.569568466993999,1,0.40666260887362143,0.6789891480374471,0.45161290322580644,0.0,0.0,0.8772608447986978,0.12587034625771604,1,8.99221713614347,0.9438164696096488,0.168766587972641,0.0,0.007022860695063978,0.472656
0063.jpg,P4,crop seedling,0.5904761904761905,0.0,1.0,0.9523809523809523,1.0,0.0,1.0,1.0,1,0.0,0.0,0.0,1.0,1.0,0.0,0.0,0,1.0,1.0,0.0,0.0,0.0,
0063.jpg,P5,plant body without background,0.5904761904761905,0.0,1.0,0.9523809523809523,1.0,0.0,1.0,1.0,1,0.0,0.0,0.0,1.0,1.0,0.0,0.0,0,1.0,1.0,0.0,0.0,0.0,
0064.jpg,P1,green plant,1.1111617273156347,0.28454305604391306,1.0,0.6894214181780968,0.8209959575444696,0.7245250344276428,1.0,0.29067687902648537,1,0.40726463407681024,0.6802886852351344,0.4645550527903469,0.0,0.0,0.8554368474225079,0.12239450713734568,1,9.009832698341615,0.8209959575444696,0.1811312586069107,0.0,0.013760984407829477,0.890625
0064.jpg,P2,entire plant excluding pot,1.1780362287040735,0.48324780971636183,1.0,0.6970915919915678,0.8563844373391304,0.6186838746070862,0.1782340293526165,0.47670495672698665,1,0.4469546859732444,0.7959030763777352,0.746606334841629,0.18410841896215527,0.0,0.8923199465819043,0.20088288483796296,1,8.69063438688259,0.8563844373391304,0.15467096865177155,0.11221201738323601,0.008390934357938378,0.820312
0064.jpg,P3,leaves and stems,1.1117887539948317,0.2858240789576496,1.0,0.6907833260298358,0.8203259534765548,0.7236049771308899,1.0,0.29202492301081434,1,0.4076810868758457,0.6810340357185732,0.46530920060331826,0.0,0.0,0.8556351826574783,0.12290051118827161,1,8.952638615275688,0.8203259534765548,0.18090124428272247,0.0,0.013697461020653608,0.593750
0064.jpg,P4,crop seedling,0.5904761904761905,0.0,1.0,0.9523809523809523,1.0,0.0,1.0,1.0,1,0.0,0.0,0.0,1.0,1.0,0.0,0.0,0,1.0,1.0,0.0,0.0,0.0,
0064.jpg,P5,plant body without background,0.5904761904761905,0.0,1.0,0.9523809523809523,1.0,0.0,1.0,1.0,1,0.0,0.0,0.0,1.0,1.0,0.0,0.0,0,1.0,1.0,0.0,0.0,0.0,
0065.jpg,P1,green plant,1.0726413034561408,0.2915970757149555,1.0,0.6910051546096648,0.7172009516363044,0.7504386901855469,1.0,0.5637572960499525,1,0.3825929290268465,0.6336612365421557,0.38698522477208425,0.0,0.0,0.9115415577811683,0.1251808449074074,1,8.943344151025336,0.7172009516363044,0.18760967254638672,0.0,0.007095251853992102,0.839844
0065.jpg,P2,entire plant excluding pot,1.1281905785456319,0.49163870819659317,1.0,0.6972814254522711,0.747577112903704,0.6581882238388062,0.20510605317493474,0.9261484620642516,1,0.40925348446735704,0.7180306600828563,0.6277900031436655,0.1668955549231443,0.0,0.9500921934944084,0.20419728973765433,1,8.682823419579243,0.747577112903704,0.16454705595970154,0.0975105302374573,0.004318961984868577,0.894531
0065.jpg,P3,leaves and stems,1.0733213748364283,0.29347358962337855,1.0,0.692619420694235,0.7171728601631279,0.7485495209693909,1.0,0.5613802741198602,1,0.38295829654640173,0.6344526737782734,0.3872995913234832,0.0,0.0,0.9118593428577907,0.12592206790123456,1,8.875886818122062,0.7171728601631279,0.18713738024234772,0.0,0.007125294892613132,0.353516
0065.jpg,P4,crop seedling,0.5904761904761905,0.0,1.0,0.9523809523809523,1.0,0.0,1.0,1.0,1,0.0,0.0,0.0,1.0,1.0,0.0,0.0,0,1.0,1.0,0.0,0.0,0.0,
0065.jpg,P5,plant body without background,0.5904761904761905,0.0,1.0,0.9523809523809523,1.0,0.0,1.0,1.0,1,0.0,0.0,0.0,1.0,1.0,0.0,0.0,0,1.0,1.0,0.0,0.0,0.0,
0066.jpg,P1,green plant,1.0854435449915072,0.2707683207337084,1.0,0.6832974764133429,0.7904105351461268,0.7676344513893127,1.0,1.0,1,0.38302138825500903,0.6280021270812276,0.3792010145846544,0.0,0.0,0.9496446115134158,0.11695348668981481,1,9.269828574489745,0.7904105351461268,0.19190861284732819,0.0,0.0031224904876919857,0.855469
0066.jpg,P2,entire plant excluding pot,1.1390938117251226,0.4585366121659633,1.0,0.6920162101140375,0.8147531964963898,0.6843547224998474,0.22215803745979695,1.0,1,0.40916166346987504,0.7091773262641751,0.61572606214331,0.1622742773658533,0.0,0.9880119130137397,0.19112196180555555,1,8.901057096197498,0.8147531964963898,0.17108868062496185,0.09002600233907504,0.0019012869959286972,0.839844
0066.jpg,P3,leaves and stems,1.0860196947972276,0.27200600191436153,1.0,0.6844361898485877,0.7905418651045331,0.7665351629257202,1.0,1.0,1,0.3833158508385871,0.6285371962113675,0.37983512999365887,0.0,0.0,0.9495750876574994,0.11744237075617284,1,9.221131635988504,0.7905418651045331,0.19163379073143005,0.0,0.0030930671358793734,0.675781
0066.jpg,P4,crop seedling,0.5904761904761905,0.0,1.0,0.9523809523809523,1.0,0.0,1.0,1.0,1,0.0,0.0,0.0,1.0,1.0,0.0,0.0,0,1.0,1.0,0.0,0.0,0.0,
0066.jpg,P5,plant body without background,0.5904761904761905,0.0,1.0,0.9523809523809523,1.0,0.0,1.0,1.0,1,0.0,0.0,0.0,1.0,1.0,0.0,0.0,0,1.0,1.0,0.0,0.0,0.0,
0067.jpg,P1,green plant,1.0792562167665802,0.24949699171745576,1.0,0.6817492932656483,0.8015640170136695,0.7633606791496277,1.0,1.0,1,0.3800220205373,0.6236948996159057,0.3749595600129408,0.0,0.0,0.9423608486940366,0.10855131172839506,1,9.336297371425163,0.8015640170136695,0.19084016978740692,0.0,0.0026122652071153126,0.902344
0067.jpg,P2,entire plant excluding pot,1.1354167661962509,0.42832284585482105,1.0,0.6922019551725523,0.8593327578462577,0.6865215301513672,0.20581088285593616,1.0,1,0.4021409483912512,0.7041853060513464,0.6095114849563248,0.17328947359567987,0.0,0.9795086605984549,0.17918752411265432,1,8.893301803827457,0.8593327578462577,0.1716303825378418,0.0971765910649129,0.0015845216124038101,0.839844
0067.jpg,P3,leaves and stems,1.079630307591035,0.2508350914205344,1.0,0.6833052685242867,0.8013140271874967,0.7607912421226501,1.0,1.0,1,0.3803811817400413,0.6242971849480323,0.37560659980588806,0.0,0.0,0.942679790431702,0.1090798611111111,1,9.26949479431555,0.8013140271874967,0.19019781053066254,0.0,0.002592975754681946,0.703125
0067.jpg,P4,crop seedling,0.5904761904761905,0.0,1.0,0.9523809523809523,1.0,0.0,1.0,1.0,1,0.0,0.0,0.0,1.0,1.0,0.0,0.0,0,1.0,1.0,0.0,0.0,0.0,
0067.jpg,P5,plant body without background,0.5904761904761905,0.0,1.0,0.9523809523809523,1.0,0.0,1.0,1.0,1,0.0,0.0,0.0,1.0,1.0,0.0,0.0,0,1.0,1.0,0.0,0.0,0.0,
0068.jpg,P1,green plant,1.1910742993156593,0.24457068487263633,1.0,0.6689511970295487,0.869992968911271,0.7463667988777161,1.0,1.0,1,0.48509796937742494,0.7995599907309412,0.6140443505807814,0.0,0.0,0.9472398951705491,0.10660542052469135,1,9.897547218405775,0.869992968911271,0.18659169971942902,0.0,0.0019565089547039904,0.890625
0068.jpg,P2,entire plant excluding pot,1.3194784649899556,0.42469099175652447,1.0,0.6876450840998876,0.9180655092391635,0.6761529445648193,0.2227238600228109,1.0,1,0.5781675590578768,0.9994836971619605,1.0,0.16617650849117646,0.0,0.9820121759854349,0.17775294174382716,1,9.084771290380942,0.9180655092391635,0.16903823614120483,0.08979729427261024,0.0011693256843336131,0.824219
0068.jpg,P3,leaves and stems,1.1919193533088341,0.2456655214681981,1.0,0.6704710511938183,0.8713801761171748,0.7436274290084839,1.0,1.0,1,0.48569051775129923,0.8007751995761168,0.6151003167898628,0.0,0.0,0.947011408774831,0.10703788097993827,1,9.829774103428731,0.8713801761171748,0.18590685725212097,0.0,0.0019666259299516227,0.777344
0068.jpg,P4,crop seedling,0.5904761904761905,0.0,1.0,0.9523809523809523,1.0,0.0,1.0,1.0,1,0.0,0.0,0.0,1.0,1.0,0.0,0.0,0,1.0,1.0,0.0,0.0,0.0,
0068.jpg,P5,plant body without background,0.5904761904761905,0.0,1.0,0.9523809523809523,1.0,0.0,1.0,1.0,1,0.0,0.0,0.0,1.0,1.0,0.0,0.0,0,1.0,1.0,0.0,0.0,0.0,
0069.jpg,P1,green plant,0.7647452166510171,0.2541247900062509,1.0,0.6820233762956796,0.6850104718757344,0.745117723941803,1.0,0.6598414414414415,1,0.09148994422712359,0.0,0.0,0.0,0.0,0.9148994422712359,0.11037929205246913,1,9.324508066904356,0.6850104718757344,0.18627943098545074,0.0,0.006062062411936255,0.894531
0069.jpg,P2,entire plant excluding pot,0.822216934307666,0.441354362009689,1.0,0.6921753025434431,0.7599830758574293,0.6974978446960449,0.2765974998643197,1.0,1,0.10401481728634479,0.0,0.2938867077958497,0.1460749482650816,0.0,0.9493769436261632,0.18433497299382717,1,8.89441435790717,0.7599830758574293,0.17437446117401123,0.07230723347033385,0.003684232557287756,0.746094
0069.jpg,P3,leaves and stems,0.7645748413891601,0.2558236638537271,1.0,0.6835797958607132,0.6837635875888697,0.7423273921012878,1.0,0.660165561727289,1,0.09147595350824042,0.0,0.0,0.0,0.0,0.9147595350824042,0.11105034722222222,1,9.257740092826296,0.6837635875888697,0.18558184802532196,0.0,0.0060590861321729765,0.410156
0069.jpg,P4,crop seedling,0.5904761904761905,0.0,1.0,0.9523809523809523,1.0,0.0,1.0,1.0,1,0.0,0.0,0.0,1.0,1.0,0.0,0.0,0,1.0,1.0,0.0,0.0,0.0,
0069.jpg,P5,plant body without background,0.5904761904761905,0.0,1.0,0.9523809523809523,1.0,0.0,1.0,1.0,1,0.0,0.0,0.0,1.0,1.0,0.0,0.0,0,1.0,1.0,0.0,0.0,0.0,
0070.jpg,P1,green plant,0.7982109161650214,0.2513609914635099,1.0,0.7132881910827082,0.8005994734595133,0.7807642221450806,1.0,0.31249676807722143,1,0.08900834053485895,0.0,0.0,0.0,0.0,0.8900834053485895,0.10928759162808642,1,8.039157594410431,0.8005994734595133,0.19519105553627014,0.0,0.012800132380926114,0.894531
0070.jpg,P2,entire plant excluding pot,0.8400041184292926,0.4423091010314112,1.0,0.7173108960892092,0.8190647905269126,0.7479462027549744,0.21824910788692065,0.5228482211415408,1,0.09467792034879118,0.0,0.2951388888888889,0.16789571796699382,0.0,0.9192163573888931,0.18471209490740742,1,7.881913001796473,0.8190647905269126,0.1869865506887436,0.09163840436114136,0.007650403765870622,0.554688
0070.jpg,P3,leaves and stems,0.3904761904761905,0.0,1.0,0.9523809523809523,0.0,0.0,1.0,1.0,1,0.0,0.0,0.0,1.0,1.0,0.0,0.0,0,1.0,0.0,0.0,0.0,0.0,
0070.jpg,P4,crop seedling,0.5904761904761905,0.0,1.0,0.9523809523809523,1.0,0.0,1.0,1.0,1,0.0,0.0,0.0,1.0,1.0,0.0,0.0,0,1.0,1.0,0.0,0.0,0.0,
0070.jpg,P5,plant body without background,0.5904761904761905,0.0,1.0,0.9523809523809523,1.0,0.0,1.0,1.0,1,0.0,0.0,0.0,1.0,1.0,0.0,0.0,0,1.0,1.0,0.0,0.0,0.0,
0071.jpg,P1,green plant,0.7786730422423982,0.2521792955930615,1.0,0.6934033853238437,0.7538786853669163,0.7565869092941284,1.0,0.3309933557841085,1,0.08746338712680826,0.0,0.0,0.0,0.0,0.8746338712680826,0.10961082175925926,1,8.843239625458848,0.7538786853669163,0.1891467273235321,0.0,0.01208483472583363,0.839844
0071.jpg,P2,entire plant excluding pot,0.8239998542071666,0.4481220820636037,1.0,0.7032450914967266,0.8028188367620566,0.7283561825752258,0.16185413394967366,0.5577565623876304,1,0.08749141562764415,0.0,0.3241338813857898,0.20274111432957198,0.0,0.8996965127707356,0.18700822241512347,1,8.439587054114678,0.8028188367620566,0.18208904564380646,0.12356805175095947,0.007171587516383312,0.406250
0071.jpg,P3,leaves and stems,0.6282805134158016,0.2530632227691826,1.0,0.6940690611186356,0.0,0.7568860054016113,1.0,0.3317155846517549,1,0.08747685555791557,0.0,0.0,0.0,0.0,0.8747685555791557,0.10995997299382716,1,8.815576317097134,0.0,0.18922150135040283,0.0,0.012058522978952954,0.320312
0071.jpg,P4,crop seedling,0.5904761904761905,0.0,1.0,0.9523809523809523,1.0,0.0,1.0,1.0,1,0.0,0.0,0.0,1.0,1.0,0.0,0.0,0,1.0,1.0,0.0,0.0,0.0,
0071.jpg,P5,plant body without background,0.5904761904761905,0.0,1.0,0.9523809523809523,1.0,0.0,1.0,1.0,1,0.0,0.0,0.0,1.0,1.0,0.0,0.0,0,1.0,1.0,0.0,0.0,0.0,
0072.jpg,P1,green plant,1.0817965390548419,0.2536104884552274,1.0,0.6920659816698798,0.8536511212905391,0.7158141136169434,1.0,0.35029995208433157,1,0.378768198048324,0.6274073477154246,0.3900938815150534,0.0,0.0,0.8895872767521579,0.11017614293981481,1,8.898978608574545,0.8536511212905391,0.17895352840423584,0.0,0.011418785461429454,0.847656
0072.jpg,P2,entire plant excluding pot,1.133226632458417,0.4497947066924519,1.0,0.7018515863735952,0.8968793908934319,0.6606128215789795,0.14609867238571678,0.5859042062670556,1,0.3913989313507252,0.7170197406137558,0.6354807381029459,0.2169335622937413,0.0,0.9113555796550277,0.18766890914351853,1,8.49605299510431,0.8968793908934319,0.16515320539474487,0.13689378331377147,0.006827054588812419,0.621094
0072.jpg,P3,leaves and stems,1.0826888711494802,0.2539035029887482,1.0,0.6939103592770177,0.8544135858862699,0.7161298394203186,1.0,0.35151008645533144,1,0.3790174136350092,0.6275411899466639,0.39138879896406603,0.0,0.0,0.8892801334014496,0.11029188368055555,1,8.822166628032353,0.8544135858862699,0.17903245985507965,0.0,0.011379474314198107,0.494141
0072.jpg,P4,crop seedling,0.5904761904761905,0.0,1.0,0.9523809523809523,1.0,0.0,1.0,1.0,1,0.0,0.0,0.0,1.0,1.0,0.0,0.0,0,1.0,1.0,0.0,0.0,0.0,
0072.jpg,P5,plant body without background,0.5904761904761905,0.0,1.0,0.9523809523809523,1.0,0.0,1.0,1.0,1,0.0,0.0,0.0,1.0,1.0,0.0,0.0,0,1.0,1.0,0.0,0.0,0.0,
0073.jpg,P1,green plant,0.772331406684574,0.23134779360056246,1.0,0.6973140228052769,0.8322133145108914,0.6634686589241028,1.0,0.3993380030867862,1,0.08746264871640733,0.0,0.0,0.0,0.0,0.8746264871640732,0.10138237847222223,1,8.681482583041282,0.8322133145108914,0.1658671647310257,0.0,0.01001657735823029,0.832031
0073.jpg,P2,entire plant excluding pot,0.7980785409312499,0.4152724058446632,1.0,0.7048911418922451,0.8535341428484933,0.5869047045707703,0.1790460361069938,0.6800923439340401,1,0.08595806190001554,0.0,0.303864168618267,0.19342277359964974,0.0,0.892893436286224,0.17403260030864198,1,8.3731753903319,0.8535341428484933,0.14672617614269257,0.11170311521472868,0.005881554226682998,0.851562
0073.jpg,P3,leaves and stems,0.7727965107432111,0.232634615760275,1.0,0.6986635952517035,0.8325071090688916,0.6628715395927429,1.0,0.39733051245886225,1,0.08746113880848855,0.0,0.0,0.0,0.0,0.8746113880848855,0.10189067322530865,1,8.6260800418472,0.8325071090688916,0.16571788489818573,0.0,0.010067185566107615,0.730469
0073.jpg,P4,crop seedling,0.5904761904761905,0.0,1.0,0.9523809523809523,1.0,0.0,1.0,1.0,1,0.0,0.0,0.0,1.0,1.0,0.0,0.0,0,1.0,1.0,0.0,0.0,0.0,
0073.jpg,P5,plant body without background,0.5904761904761905,0.0,1.0,0.9523809523809523,1.0,0.0,1.0,1.0,1,0.0,0.0,0.0,1.0,1.0,0.0,0.0,0,1.0,1.0,0.0,0.0,0.0,
0074.jpg,P1,green plant,1.0319160707068815,0.209232216459603,1.0,0.7052321839985383,0.8317495438709112,0.6382666230201721,1.0,0.45966741438612235,1,0.3550199572370367,0.585219959717173,0.3590834697217676,0.0,0.0,0.8555794678610797,0.09264672550154321,1,8.359454451729123,0.8317495438709112,0.15956665575504303,0.0,0.008701943785469173,0.929688
0074.jpg,P2,entire plant excluding pot,1.0685522276192287,0.37734808417330834,1.0,0.7202128783740539,0.8392327889457273,0.522377073764801,0.23685467292655998,0.7786601741183414,1,0.37671806256765067,0.6463024947095797,0.5895253682487726,0.14185462139329694,0.0,0.8695400955250783,0.1590524932484568,1,7.76956730508877,0.8392327889457273,0.13059426844120026,0.0844399637671547,0.005137029134088058,0.511719
0074.jpg,P3,leaves and stems,0.3904761904761905,0.0,1.0,0.9523809523809523,0.0,0.0,1.0,1.0,1,0.0,0.0,0.0,1.0,1.0,0.0,0.0,0,1.0,0.0,0.0,0.0,0.0,
0074.jpg,P4,crop seedling,0.5904761904761905,0.0,1.0,0.9523809523809523,1.0,0.0,1.0,1.0,1,0.0,0.0,0.0,1.0,1.0,0.0,0.0,0,1.0,1.0,0.0,0.0,0.0,
0074.jpg,P5,plant body without background,0.5904761904761905,0.0,1.0,0.9523809523809523,1.0,0.0,1.0,1.0,1,0.0,0.0,0.0,1.0,1.0,0.0,0.0,0,1.0,1.0,0.0,0.0,0.0,
0075.jpg,P1,green plant,1.0042886228628658,0.1943101461165806,1.0,0.7221037128500312,0.7868272720067823,0.5827051401138306,1.0,1.0,1,0.34709936864542085,0.5805464928873135,0.320653987320654,0.0,0.0,0.8619037841714345,0.08675250771604938,1,7.696852466057967,0.7868272720067823,0.14567628502845764,0.0,0.0036591806103730058,0.929688
0075.jpg,P2,entire plant excluding pot,1.0603529644795358,0.35779180584856995,1.0,0.7182412420351488,0.869162447696998,0.4672917425632477,0.2088352591779181,1.0,1,0.3778555168507429,0.6405022279126799,0.5862529195862529,0.12870337395721546,0.0,0.8676522374294409,0.1513277633101852,1,7.845797246799222,0.869162447696998,0.11682293564081192,0.09576926845940759,0.0021128561560836636,0.660156
0075.jpg,P3,leaves and stems,0.5904761904761905,0.0,1.0,0.9523809523809523,1.0,0.0,1.0,1.0,1,0.0,0.0,0.0,1.0,1.0,0.0,0.0,0,1.0,1.0,0.0,0.0,0.0,
0075.jpg,P4,crop seedling,0.5904761904761905,0.0,1.0,0.9523809523809523,1.0,0.0,1.0,1.0,1,0.0,0.0,0.0,1.0,1.0,0.0,0.0,0,1.0,1.0,0.0,0.0,0.0,
0075.jpg,P5,plant body without background,0.5904761904761905,0.0,1.0,0.9523809523809523,1.0,0.0,1.0,1.0,1,0.0,0.0,0.0,1.0,1.0,0.0,0.0,0,1.0,1.0,0.0,0.0,0.0,
0076.jpg,P1,green plant,1.0230246477720346,0.19288994129942172,1.0,0.7041192789848918,0.8686690783842969,0.5975925922393799,1.0,0.6127336618812942,1,0.3503704695904367,0.5796713902159275,0.3496808867987907,0.0,0.0,0.8454292339107974,0.08619152681327161,1,8.404278361520529,0.8686690783842969,0.14939814805984497,0.0,0.006528121839623895,0.314453;0.449219;0.318359;0.906250
0076.jpg,P2,entire plant excluding pot,1.063527337578373,0.34167692217533974,1.0,0.7218618073109961,0.8972963583444634,0.4813244342803955,0.22272821576763488,1.0,1,0.37509543315613403,0.6339964044026232,0.5777628485052065,0.12008722728996586,0.0,0.8522554707126855,0.14496238425925925,1,7.706134051477113,0.8972963583444634,0.12033110857009888,0.08979553816776116,0.003903105185066901,0.734375
0076.jpg,P3,leaves and stems,0.8518890942104507,0.19150086927644938,1.0,0.7114401381718191,0.0,0.6032704710960388,1.0,0.6114534108026684,1,0.35064679850158914,0.5791642130629934,0.3500167954316426,0.0,0.0,0.8493630075184582,0.08564284336419753,1,8.11199274108122,0.0,0.1508176177740097,0.0,0.006541790313589243,0.326172;0.562500
0076.jpg,P4,crop seedling,0.5904761904761905,0.0,1.0,0.9523809523809523,1.0,0.0,1.0,1.0,1,0.0,0.0,0.0,1.0,1.0,0.0,0.0,0,1.0,1.0,0.0,0.0,0.0,
0076.jpg,P5,plant body without background,0.5904761904761905,0.0,1.0,0.9523809523809523,1.0,0.0,1.0,1.0,1,0.0,0.0,0.0,1.0,1.0,0.0,0.0,0,1.0,1.0,0.0,0.0,0.0,
0077.jpg,P1,green plant,1.0135271244247945,0.18634350826300983,1.0,0.7266877039594775,0.7685175185909784,0.6443772912025452,1.0,0.3651225483743583,1,0.3483419200215923,0.5805369805638316,0.34982935153583616,0.0,0.0,0.8218469354780071,0.0836056857638889,1,7.522139002802318,0.7685175185909784,0.1610943228006363,0.0,0.01095522590376648,0.906250
0077.jpg,P2,entire plant excluding pot,1.0500586664497251,0.3323007623261447,1.0,0.7334134771285462,0.8114825336290877,0.5079665780067444,0.20163957560685983,0.6127913179916318,1,0.37302599623162047,0.6360739669345662,0.5754266211604095,0.11741064151027135,0.0,0.8204650844873002,0.14125880111882716,1,7.269747044060084,0.8114825336290877,0.1269916445016861,0.09918687807097128,0.006527507623818233,0.484375
0077.jpg,P3,leaves and stems,0.3904761904761905,0.0,1.0,0.9523809523809523,0.0,0.0,1.0,1.0,1,0.0,0.0,0.0,1.0,1.0,0.0,0.0,0,1.0,0.0,0.0,0.0,0.0,
0077.jpg,P4,crop seedling,0.5904761904761905,0.0,1.0,0.9523809523809523,1.0,0.0,1.0,1.0,1,0.0,0.0,0.0,1.0,1.0,0.0,0.0,0,1.0,1.0,0.0,0.0,0.0,
0077.jpg,P5,plant body without background,0.5904761904761905,0.0,1.0,0.9523809523809523,1.0,0.0,1.0,1.0,1,0.0,0.0,0.0,1.0,1.0,0.0,0.0,0,1.0,1.0,0.0,0.0,0.0,
0078.jpg,P1,green plant,0.9857451736933851,0.1800049324113142,1.0,0.7624399541494056,0.682924515750728,0.6355547904968262,1.0,0.3258377331072899,1,0.3335603351317304,0.5826344271868656,0.2697299193265521,0.0,0.0,0.8108690013754805,0.08110194830246914,1,6.231573897924109,0.682924515750728,0.15888869762420654,0.0,0.012276049068518728,0.843750
0078.jpg,P2,entire plant excluding pot,1.0337069530768903,0.32496685273089543,1.0,0.7430765359882534,0.7760180597002353,0.48350077867507935,0.15320206382368057,0.5556180101670297,1,0.3681945076579976,0.6409763532761433,0.5826025955804981,0.13769693864480595,0.0,0.8029339840029955,0.1383619068287037,1,6.915127892446546,0.7760180597002353,0.12087519466876984,0.13054654422291526,0.007199190679217761,0.589844
0078.jpg,P3,leaves and stems,0.5904761904761905,0.0,1.0,0.9523809523809523,1.0,0.0,1.0,1.0,1,0.0,0.0,0.0,1.0,1.0,0.0,0.0,0,1.0,1.0,0.0,0.0,0.0,
0078.jpg,P4,crop seedling,0.5904761904761905,0.0,1.0,0.9523809523809523,1.0,0.0,1.0,1.0,1,0.0,0.0,0.0,1.0,1.0,0.0,0.0,0,1.0,1.0,0.0,0.0,0.0,
0078.jpg,P5,plant body without background,0.5904761904761905,0.0,1.0,0.9523809523809523,1.0,0.0,1.0,1.0,1,0.0,0.0,0.0,1.0,1.0,0.0,0.0,0,1.0,1.0,0.0,0.0,0.0,
0079.jpg,P1,green plant,0.9828983228304218,0.17953305692295674,1.0,0.7379265639179621,0.7587614941851791,0.49878719449043274,1.0,0.4303597306829112,1,0.3478966609271157,0.5812209782880987,0.34551724137931034,0.0,0.0,0.8227621507800529,0.0809155574845679,1,7.102967934656805,0.7587614941851791,0.12469679862260818,0.0,0.00929454991909361,0.882812
0079.jpg,P2,entire plant excluding pot,1.0157910760320839,0.3187830251797156,1.0,0.7450924313848757,0.8316491539383712,0.3604263365268707,0.20796329090573695,0.7219782260646813,1,0.3646008866261174,0.6364323307770225,0.5682758620689655,0.14028148725040337,0.0,0.8164436185686673,0.13591929494598765,1,6.84230728639498,0.8316491539383712,0.09010658413171768,0.09617081895989689,0.005540333289277956,0.523438
0079.jpg,P3,leaves and stems,0.5904761904761905,0.0,1.0,0.9523809523809523,1.0,0.0,1.0,1.0,1,0.0,0.0,0.0,1.0,1.0,0.0,0.0,0,1.0,1.0,0.0,0.0,0.0,
0079.jpg,P4,crop seedling,0.5904761904761905,0.0,1.0,0.9523809523809523,1.0,0.0,1.0,1.0,1,0.0,0.0,0.0,1.0,1.0,0.0,0.0,0,1.0,1.0,0.0,0.0,0.0,
0079.jpg,P5,plant body without background,0.5904761904761905,0.0,1.0,0.9523809523809523,1.0,0.0,1.0,1.0,1,0.0,0.0,0.0,1.0,1.0,0.0,0.0,0,1.0,1.0,0.0,0.0,0.0,
0080.jpg,P1,green plant,0.9571795251223396,0.17408573361072033,1.0,0.7119625743752054,0.7320953797101677,0.34785935282707214,1.0,1.0,1,0.36397891701770646,0.584809815676949,0.3947459384721742,0.0,0.0,0.8824121260578301,0.07876386477623457,1,8.091364237159985,0.7320953797101677,0.08696483820676804,0.0,0.003866529720694506,0.910156
0080.jpg,P2,entire plant excluding pot,0.9589369499538224,0.30327767278090323,1.0,0.7224327332204686,0.7488212581393098,0.2012690007686615,0.24690816935002982,1.0,1,0.36377681697195374,0.6397577808224371,0.5544417559626685,0.15711487141093605,0.0,0.8719653903410132,0.1297946807484568,1,7.6842383800132925,0.7488212581393098,0.050317250192165375,0.08100177508362214,0.0023816401921288835,0.882812
0080.jpg,P3,leaves and stems,0.8108310847196958,0.17513020833333326,1.0,0.7125292854075783,0.0,0.34535521268844604,1.0,1.0,1,0.3642281434338242,0.5852540520667897,0.3957829243000346,0.0,0.0,0.8814829883644157,0.07917643229166667,1,8.069021736502627,0.0,0.08633880317211151,0.0,0.003995608485186251,0.589844
0080.jpg,P4,crop seedling,0.5904761904761905,0.0,1.0,0.9523809523809523,1.0,0.0,1.0,1.0,1,0.0,0.0,0.0,1.0,1.0,0.0,0.0,0,1.0,1.0,0.0,0.0,0.0,
0080.jpg,P5,plant body without background,0.5904761904761905,0.0,1.0,0.9523809523809523,1.0,0.0,1.0,1.0,1,0.0,0.0,0.0,1.0,1.0,0.0,0.0,0,1.0,1.0,0.0,0.0,0.0,
0081.jpg,P1,green plant,0.9113176271918384,0.16500380918893587,1.0,0.7088733106517716,0.6183218587767684,0.23842038214206696,1.0,1.0,1,0.36519375503992985,0.5767277853358508,0.3975601004664514,0.0,0.0,0.9177821208842079,0.07517650462962963,1,8.213786158222058,0.6183218587767684,0.05960509553551674,0.0,0.0,0.921875
0081.jpg,P2,entire plant excluding pot,0.9244096121211893,0.28774118758790423,1.0,0.7319148567788365,0.7259992347998575,0.11638016998767853,0.17426275325999235,1.0,1,0.35200252229033385,0.6262094694232742,0.555794761392178,0.19232752930532035,0.0,0.9048440973319196,0.12365776909722222,1,7.325582770679326,0.7259992347998575,0.029095042496919632,0.11476921846954226,0.0,0.828125
0081.jpg,P3,leaves and stems,0.8968799487494166,0.20968547331614318,1.0,0.6967504490249131,0.5281730648725482,0.20029683411121368,1.0,1.0,1,0.369898784484453,0.5947412382683066,0.42913527090061,0.002749586328178779,0.0,0.8531987822688959,0.09282576195987655,1,8.704681895777117,0.5281730648725482,0.05007420852780342,0.0,0.0,0.306641;0.726562
0081.jpg,P4,crop seedling,0.5904761904761905,0.0,1.0,0.9523809523809523,1.0,0.0,1.0,1.0,1,0.0,0.0,0.0,1.0,1.0,0.0,0.0,0,1.0,1.0,0.0,0.0,0.0,
0081.jpg,P5,plant body without background,0.5904761904761905,0.0,1.0,0.9523809523809523,1.0,0.0,1.0,1.0,1,0.0,0.0,0.0,1.0,1.0,0.0,0.0,0,1.0,1.0,0.0,0.0,0.0,
0082.jpg,P1,green plant,0.905522584114257,0.15743396184950775,1.0,0.7379676994052736,0.6885822279078377,0.1912243366241455,1.0,1.0,1,0.35048093895690413,0.5788785999691728,0.3169741697416974,0.0,0.0,0.9081807841418817,0.07218641493055555,1,7.101457172336882,0.6885822279078377,0.04780608415603638,0.0,0.0,0.886719
0082.jpg,P2,entire plant excluding pot,0.9260412592834315,0.2781272586536958,1.0,0.7297238427002867,0.7852410447866729,0.1340252310037613,0.13438257378633559,1.0,1,0.3406177838545481,0.6309721514117952,0.5649446494464945,0.23713976195194178,0.0,0.892294225456334,0.11986026716820988,1,7.407628516003458,0.7852410447866729,0.03350630775094032,0.14882882085440202,0.0,0.792969
0082.jpg,P3,leaves and stems,0.3904761904761905,0.0,1.0,0.9523809523809523,0.0,0.0,1.0,1.0,1,0.0,0.0,0.0,1.0,1.0,0.0,0.0,0,1.0,0.0,0.0,0.0,0.0,
0082.jpg,P4,crop seedling,0.5904761904761905,0.0,1.0,0.9523809523809523,1.0,0.0,1.0,1.0,1,0.0,0.0,0.0,1.0,1.0,0.0,0.0,0,1.0,1.0,0.0,0.0,0.0,
0082.jpg,P5,plant body without background,0.5904761904761905,0.0,1.0,0.9523809523809523,1.0,0.0,1.0,1.0,1,0.0,0.0,0.0,1.0,1.0,0.0,0.0,0,1.0,1.0,0.0,0.0,0.0,
0083.jpg,P1,green plant,0.8597285591661848,0.1369879571026723,1.0,0.7244592056439704,0.47226653712967026,0.15488657355308533,1.0,1.0,1,0.3620085044803052,0.5736388903121811,0.3783482142857143,0.0,0.0,0.9313221429961325,0.06411024305555556,1,7.606799450111262,0.47226653712967026,0.03872164338827133,0.0,0.0,0.875000;0.324219
0083.jpg,P2,entire plant excluding pot,0.8879459811392241,0.23886392160884506,1.0,0.7351326581969887,0.4744241286412655,0.2690068781375885,0.18489708725420034,1.0,1,0.34446046382228657,0.6198608804993124,0.5308779761904762,0.2098353496293027,0.0,0.9490172482203226,0.10435124903549382,1,7.205974019781242,0.4744241286412655,0.06725171953439713,0.10816828051219425,0.0,0.859375
0083.jpg,P3,leaves and stems,0.7662887036783854,0.1380873720503203,1.0,0.7222692824927106,0.0,0.15443918108940125,1.0,1.0,1,0.3633295365518991,0.574137704209729,0.38504464285714285,0.0,0.0,0.9307330436420824,0.06454451195987654,1,7.690503368737472,0.0,0.03860979527235031,0.0,0.0,0.531250
0083.jpg,P4,crop seedling,0.5904761904761905,0.0,1.0,0.9523809523809523,1.0,0.0,1.0,1.0,1,0.0,0.0,0.0,1.0,1.0,0.0,0.0,0,1.0,1.0,0.0,0.0,0.0,
0083.jpg,P5,plant body without background,0.5904761904761905,0.0,1.0,0.9523809523809523,1.0,0.0,1.0,1.0,1,0.0,0.0,0.0,1.0,1.0,0.0,0.0,0,1.0,1.0,0.0,0.0,0.0,
0084.jpg,P1,green plant,0.9156512748056437,0.13040581291998754,1.0,0.7255394269617924,0.7109848515948931,0.198148712515831,1.0,1.0,1,0.3626355140071429,0.5748348163170354,0.37868915293215794,0.0,0.0,0.9327928076839207,0.06151029610339506,1,7.565696992857177,0.7109848515948931,0.04953717812895775,0.0,0.0,0.312500;0.921875
0084.jpg,P2,entire plant excluding pot,0.9561134506071514,0.22432734851148617,1.0,0.7332832800022593,0.8193899111075086,0.3265201151371002,0.14969526703027197,1.0,1,0.33540931965548043,0.6199703061006265,0.5300881563817554,0.24043990438987414,0.0,0.9513581568850742,0.09860930266203703,1,7.274588887310209,0.8193899111075086,0.08163002878427505,0.13360475849884768,0.0,0.800781
0084.jpg,P3,leaves and stems,0.9167545422892891,0.13065884317862164,1.0,0.7267708532240643,0.713985723037409,0.19756951928138733,1.0,1.0,1,0.3629575545449925,0.5749564140377454,0.3802223073974703,0.0,0.0,0.9328279430023696,0.061610243055555555,1,7.518990217173686,0.713985723037409,0.04939237982034683,0.0,0.0,0.585938
0084.jpg,P4,crop seedling,0.5904761904761905,0.0,1.0,0.9523809523809523,1.0,0.0,1.0,1.0,1,0.0,0.0,0.0,1.0,1.0,0.0,0.0,0,1.0,1.0,0.0,0.0,0.0,
0084.jpg,P5,plant body without background,0.5904761904761905,0.0,1.0,0.9523809523809523,1.0,0.0,1.0,1.0,1,0.0,0.0,0.0,1.0,1.0,0.0,0.0,0,1.0,1.0,0.0,0.0,0.0,
0085.jpg,P1,green plant,0.9600531860938784,0.12964641692061252,1.0,0.7288720727266059,0.8956925306033512,0.2274860143661499,1.0,1.0,1,0.36371377917053443,0.5740014167609231,0.3832497105364724,0.0,0.0,0.9382833540764635,0.061210334683641975,1,7.439657449328341,0.8956925306033512,0.056871503591537476,0.0,0.0,0.910156
0085.jpg,P2,entire plant excluding pot,0.978755138410347,0.21903935185185175,1.0,0.7370266542001335,0.9233081920497771,0.3436233699321747,0.15106280603436076,1.0,1,0.33415562480355965,0.6166903765202486,0.5256657661134697,0.2407704414299633,0.0,0.9592528755003711,0.09652054398148148,1,7.136060664868665,0.9233081920497771,0.08590584248304367,0.13239526343401034,0.0,0.828125
0085.jpg,P3,leaves and stems,0.960362359112626,0.13043175691514297,1.0,0.7295947597780386,0.8948891783277115,0.22749300301074982,1.0,1.0,1,0.3638806195062974,0.5743764502851013,0.38363566190659976,0.0,0.0,0.9379444276332399,0.06152054398148148,1,7.412477586988855,0.8948891783277115,0.056873250752687454,0.0,0.0,0.582031
0085.jpg,P4,crop seedling,0.5904761904761905,0.0,1.0,0.9523809523809523,1.0,0.0,1.0,1.0,1,0.0,0.0,0.0,1.0,1.0,0.0,0.0,0,1.0,1.0,0.0,0.0,0.0,
0085.jpg,P5,plant body without background,0.5904761904761905,0.0,1.0,0.9523809523809523,1.0,0.0,1.0,1.0,1,0.0,0.0,0.0,1.0,1.0,0.0,0.0,0,1.0,1.0,0.0,0.0,0.0,
0086.jpg,P1,green plant,0.8893728814588329,0.12398665807157361,1.0,0.7208450689571857,0.5972424953734488,0.23139198124408722,1.0,1.0,1,0.35467964072957375,0.5699995191790326,0.3724604966139955,0.0,0.0,0.8813691962639321,0.0589747299382716,1,7.74521303021897,0.5972424953734488,0.057847995311021805,0.0,0.0,0.867188
0086.jpg,P2,entire plant excluding pot,0.935612360023969,0.21499788785357088,1.0,0.7304731434421262,0.666877311361902,0.3657434582710266,0.24899244173176055,1.0,1,0.3399939998382438,0.6126693749098461,0.5079006772009029,0.18640890391559417,0.0,0.9006026789831341,0.09492416570216049,1,7.379514468877326,0.666877311361902,0.09143586456775665,0.08032372332629274,0.0,0.921875
0086.jpg,P3,leaves and stems,0.8905974456813286,0.1248144241287702,1.0,0.7231863148274464,0.5963515532659842,0.23184657096862793,1.0,1.0,1,0.3553576730431629,0.5703876103884804,0.3762227238525207,0.0,0.0,0.8800191911374103,0.0593016975308642,1,7.65539058184755,0.5963515532659842,0.05796164274215698,0.0,0.0,0.390625;0.353516;0.808594
0086.jpg,P4,crop seedling,0.5904761904761905,0.0,1.0,0.9523809523809523,1.0,0.0,1.0,1.0,1,0.0,0.0,0.0,1.0,1.0,0.0,0.0,0,1.0,1.0,0.0,0.0,0.0,
0086.jpg,P5,plant body without background,0.7698653541714939,0.1248705852476949,1.0,0.7171239774602681,0.0,0.2291383147239685,1.0,1.0,1,0.35563877868510757,0.5704139410605079,0.37772761474793076,0.0,0.0,0.8800292865930232,0.05932388117283951,1,7.889180432693162,0.0,0.057284578680992126,0.0,0.0,0.310547
0087.jpg,P1,green plant,0.9050254903889858,0.12716250830207843,1.0,0.7210035247027419,0.7131814779390361,0.21256761252880096,1.0,1.0,1,0.35024246569445433,0.571684544096832,0.3732632369508074,0.0,0.0,0.829654926094178,0.060229190779320985,1,7.739115433930337,0.7131814779390361,0.05314190313220024,0.0,0.0,0.304688;0.636719;0.890625
0087.jpg,P2,entire plant excluding pot,0.9478807548577232,0.2181303963509923,1.0,0.7371821970836989,0.7453125326914162,0.3516187369823456,0.2623043656992518,1.0,1,0.33743198223603255,0.6144510438896268,0.5080736012016522,0.18014373083317242,0.0,0.8496398790831747,0.09616150655864197,1,7.130335050304015,0.7453125326914162,0.0879046842455864,0.0762473012856036,0.0,0.882812
0087.jpg,P3,leaves and stems,0.9059511872177936,0.1286422316963588,1.0,0.7202897594571644,0.7137910392304596,0.21458691358566284,1.0,1.0,1,0.3504891984238645,0.5723802026593443,0.3740142696207285,0.0,0.0,0.8283355896136292,0.06081368152006173,1,7.766603283479552,0.7137910392304596,0.05364672839641571,0.0,0.0,0.476562;0.750000
0087.jpg,P4,crop seedling,0.5904761904761905,0.0,1.0,0.9523809523809523,1.0,0.0,1.0,1.0,1,0.0,0.0,0.0,1.0,1.0,0.0,0.0,0,1.0,1.0,0.0,0.0,0.0,
0087.jpg,P5,plant body without background,0.3904761904761905,0.0,1.0,0.9523809523809523,0.0,0.0,1.0,1.0,1,0.0,0.0,0.0,1.0,1.0,0.0,0.0,0,1.0,0.0,0.0,0.0,0.0,
0088.jpg,P1,green plant,0.8207825356219821,0.11840869911314267,1.0,0.730780464503572,0.28290378188586657,0.18902882933616638,1.0,1.0,1,0.3565581806542326,0.5786676953323127,0.312212389380531,0.0,0.0,0.9782625719942762,0.05677143614969136,1,7.368000338632805,0.28290378188586657,0.047257207334041595,0.0,0.0,0.636719;0.906250
0088.jpg,P2,entire plant excluding pot,0.8984545192960556,0.19854695313720883,1.0,0.7468413377270329,0.31379740285594887,0.30344724655151367,1.0,1.0,1,0.3859279312417148,0.6225312191559016,0.45946902654867255,0.038562065660359864,0.0,0.9690619945649619,0.08842604648919752,1,6.779449649732581,0.31379740285594887,0.07586181163787842,0.0,0.0,0.718750
0088.jpg,P3,leaves and stems,0.3904761904761905,0.0,1.0,0.9523809523809523,0.0,0.0,1.0,1.0,1,0.0,0.0,0.0,1.0,1.0,0.0,0.0,0,1.0,0.0,0.0,0.0,0.0,
0088.jpg,P4,crop seedling,0.5904761904761905,0.0,1.0,0.9523809523809523,1.0,0.0,1.0,1.0,1,0.0,0.0,0.0,1.0,1.0,0.0,0.0,0,1.0,1.0,0.0,0.0,0.0,
0088.jpg,P5,plant body without background,0.5904761904761905,0.0,1.0,0.9523809523809523,1.0,0.0,1.0,1.0,1,0.0,0.0,0.0,1.0,1.0,0.0,0.0,0,1.0,1.0,0.0,0.0,0.0,
0089.jpg,P1,green plant,0.7901554510572086,0.15201716088451311,1.0,0.7430737980048366,0.2678779565570085,0.13734567165374756,1.0,1.0,1,0.3300925336371875,0.5732103844037875,0.27469135802469136,0.0,0.0,0.8002445465141745,0.07004677854938271,1,6.915227065871887,0.2678779565570085,0.03433641791343689,0.0,0.002884701443727668,0.324219;0.914062
0089.jpg,P2,entire plant excluding pot,0.8527907318467236,0.23189872196827632,1.0,0.7545604653391985,0.32995139732685297,0.11591207981109619,1.0,1.0,1,0.36632619895763874,0.6061886764303026,0.4118655692729767,0.0,0.0,0.8002435973789699,0.10159999517746914,1,6.505496800722754,0.32995139732685297,0.028978019952774048,0.0,0.00198881941733287,0.640625
0089.jpg,P3,leaves and stems,0.5904761904761905,0.0,1.0,0.9523809523809523,1.0,0.0,1.0,1.0,1,0.0,0.0,0.0,1.0,1.0,0.0,0.0,0,1.0,1.0,0.0,0.0,0.0,
0089.jpg,P4,crop seedling,0.5904761904761905,0.0,1.0,0.9523809523809523,1.0,0.0,1.0,1.0,1,0.0,0.0,0.0,1.0,1.0,0.0,0.0,0,1.0,1.0,0.0,0.0,0.0,
0089.jpg,P5,plant body without background,0.5904761904761905,0.0,1.0,0.9523809523809523,1.0,0.0,1.0,1.0,1,0.0,0.0,0.0,1.0,1.0,0.0,0.0,0,1.0,1.0,0.0,0.0,0.0,
0090.jpg,P1,green plant,0.8404372867171379,0.20673152055008592,1.0,0.7612243338654654,0.2098741822931513,0.2637121081352234,1.0,1.0,1,0.3521288577483528,0.5866481226141325,0.27851458885941643,0.0,0.0,0.9666938883871145,0.09165895061728395,1,6.273463826938945,0.2098741822931513,0.06592802703380585,0.0,0.0,0.373047;0.726562;0.914062
0090.jpg,P2,entire plant excluding pot,0.3904761904761905,0.0,1.0,0.9523809523809523,0.0,0.0,1.0,1.0,1,0.0,0.0,0.0,1.0,1.0,0.0,0.0,0,1.0,0.0,0.0,0.0,0.0,
0090.jpg,P3,leaves and stems,0.5904761904761905,0.0,1.0,0.9523809523809523,1.0,0.0,1.0,1.0,1,0.0,0.0,0.0,1.0,1.0,0.0,0.0,0,1.0,1.0,0.0,0.0,0.0,
0090.jpg,P4,crop seedling,0.5904761904761905,0.0,1.0,0.9523809523809523,1.0,0.0,1.0,1.0,1,0.0,0.0,0.0,1.0,1.0,0.0,0.0,0,1.0,1.0,0.0,0.0,0.0,
0090.jpg,P5,plant body without background,0.5904761904761905,0.0,1.0,0.9523809523809523,1.0,0.0,1.0,1.0,1,0.0,0.0,0.0,1.0,1.0,0.0,0.0,0,1.0,1.0,0.0,0.0,0.0,
0091.jpg,P1,green plant,0.9773405339572974,0.27446213519690577,1.0,0.6974293342430068,0.7253993858572896,0.3252750337123871,1.0,1.0,1,0.3728273561553796,0.6106927191457997,0.34488403819918145,0.0,0.0,0.9700577757849702,0.11841254340277778,1,8.67674044956554,0.7253993858572896,0.08131875842809677,0.0,0.0,0.636719;0.921875
0091.jpg,P2,entire plant excluding pot,0.8510282741443519,0.36467795260978275,1.0,0.7099108192317467,0.0,0.15391753613948822,1.0,1.0,1,0.4053270125481483,0.6440047515682654,0.45648021828103685,0.0,0.0,0.977589102086688,0.1540477912808642,1,8.172552746334613,0.0,0.038479384034872055,0.0,0.0,0.875000
0091.jpg,P3,leaves and stems,0.8336662105681226,0.2766374628848256,1.0,0.6990503949085296,0.0,0.32578155398368835,1.0,1.0,1,0.37337232821271393,0.6114959550809999,0.3462482946793997,0.0,0.0,0.9702405089207204,0.11927179783950617,1,8.610240614508188,0.0,0.08144538849592209,0.0,0.0,0.306641;0.636719
0091.jpg,P4,crop seedling,0.5904761904761905,0.0,1.0,0.9523809523809523,1.0,0.0,1.0,1.0,1,0.0,0.0,0.0,1.0,1.0,0.0,0.0,0,1.0,1.0,0.0,0.0,0.0,
0091.jpg,P5,plant body without background,0.5904761904761905,0.0,1.0,0.9523809523809523,1.0,0.0,1.0,1.0,1,0.0,0.0,0.0,1.0,1.0,0.0,0.0,0,1.0,1.0,0.0,0.0,0.0,
0092.jpg,P1,green plant,0.9942688895934669,0.44843066299421785,1.0,0.7092387607394721,0.4117672290614393,0.3396403193473816,1.0,1.0,1,0.41245349516496466,0.6790431235753901,0.46184738955823296,0.0,0.0,0.9165587179309622,0.18713011188271605,1,8.199248415508823,0.4117672290614393,0.0849100798368454,0.0,0.003919125435207831,0.906250
0092.jpg,P2,entire plant excluding pot,1.0323235651922575,0.5071477232770745,1.0,0.7184309022488125,0.5175483347459839,0.25955137610435486,1.0,1.0,1,0.43178789791701244,0.7012340466764486,0.5220883534136547,0.0,0.0,0.9238007796579764,0.21032335069444444,1,7.838446171227542,0.5175483347459839,0.06488784402608871,0.0,0.0035889816372084707,0.777344
0092.jpg,P3,leaves and stems,0.9949839450482707,0.44973488289185803,1.0,0.7111196616395462,0.41091903695656995,0.3397201597690582,1.0,1.0,1,0.41268519679686416,0.6795360270572058,0.4624211130235227,0.0,0.0,0.9161178698260803,0.18764527874228396,1,8.124661823986582,0.41091903695656995,0.08493003994226456,0.0,0.0038717428946835816,0.324219;0.753906
0092.jpg,P4,crop seedling,0.5904761904761905,0.0,1.0,0.9523809523809523,1.0,0.0,1.0,1.0,1,0.0,0.0,0.0,1.0,1.0,0.0,0.0,0,1.0,1.0,0.0,0.0,0.0,
0092.jpg,P5,plant body without background,0.5904761904761905,0.0,1.0,0.9523809523809523,1.0,0.0,1.0,1.0,1,0.0,0.0,0.0,1.0,1.0,0.0,0.0,0,1.0,1.0,0.0,0.0,0.0,
0093.jpg,P1,green plant,1.030441950656002,0.522169296472105,1.0,0.7257109957319705,0.5194726753112989,0.279017835855484,1.0,0.3873081781376518,1,0.4211677899818304,0.6732252705641397,0.5741890959282263,0.010979968456632887,0.0,0.8547889855429065,0.21625687210648148,1,7.55918005600493,0.5194726753112989,0.069754458963871,0.001012420549238148,0.010327693102773509,0.949219
0093.jpg,P2,entire plant excluding pot,0.3904761904761905,0.0,1.0,0.9523809523809523,0.0,0.0,1.0,1.0,1,0.0,0.0,0.0,1.0,1.0,0.0,0.0,0,1.0,0.0,0.0,0.0,0.0,
0093.jpg,P3,leaves and stems,0.3904761904761905,0.0,1.0,0.9523809523809523,0.0,0.0,1.0,1.0,1,0.0,0.0,0.0,1.0,1.0,0.0,0.0,0,1.0,0.0,0.0,0.0,0.0,
0093.jpg,P4,crop seedling,0.5904761904761905,0.0,1.0,0.9523809523809523,1.0,0.0,1.0,1.0,1,0.0,0.0,0.0,1.0,1.0,0.0,0.0,0,1.0,1.0,0.0,0.0,0.0,
0093.jpg,P5,plant body without background,0.5904761904761905,0.0,1.0,0.9523809523809523,1.0,0.0,1.0,1.0,1,0.0,0.0,0.0,1.0,1.0,0.0,0.0,0,1.0,1.0,0.0,0.0,0.0,
0094.jpg,P1,green plant,1.0853014999301414,0.5106165880411001,1.0,0.7290973929398574,0.8719837820106467,0.2267855554819107,1.0,0.36455330634278,1,0.4176048362354384,0.6765148621152779,0.5713787085514834,0.01864146056287734,0.0,0.8356890512468735,0.21169355227623457,1,7.431177499286137,0.8719837820106467,0.056696388870477676,0.0056029172985942585,0.01097233224992041,0.953125
0094.jpg,P2,entire plant excluding pot,0.9144409200229262,0.5186839496405689,1.0,0.7377974310234866,0.0,0.22497129440307617,1.0,0.36811111684824704,1,0.41815038500949986,0.6791719276517375,0.5720767888307156,0.02003981367916324,0.0,0.8347833244561187,0.2148801601080247,1,7.107711627913396,0.0,0.05624282360076904,0.005864326023311425,0.010866284165085378,0.476562
0094.jpg,P3,leaves and stems,0.5904761904761905,0.0,1.0,0.9523809523809523,1.0,0.0,1.0,1.0,1,0.0,0.0,0.0,1.0,1.0,0.0,0.0,0,1.0,1.0,0.0,0.0,0.0,
0094.jpg,P4,crop seedling,0.5904761904761905,0.0,1.0,0.9523809523809523,1.0,0.0,1.0,1.0,1,0.0,0.0,0.0,1.0,1.0,0.0,0.0,0,1.0,1.0,0.0,0.0,0.0,
0094.jpg,P5,plant body without background,0.5904761904761905,0.0,1.0,0.9523809523809523,1.0,0.0,1.0,1.0,1,0.0,0.0,0.0,1.0,1.0,0.0,0.0,0,1.0,1.0,0.0,0.0,0.0,
0095.jpg,P1,green plant,1.0778579669507249,0.5008646980973589,1.0,0.7509052911430384,0.722957603797071,0.22221840918064117,1.0,1.0,1,0.43846876650710304,0.688821165237701,0.5880829015544041,0.0017727030414966811,0.0,0.9205824730656402,0.20784155574845678,1,6.634517343133542,0.722957603797071,0.055554602295160294,0.0,0.001529652460872627,0.957031
0095.jpg,P2,entire plant excluding pot,0.3904761904761905,0.0,1.0,0.9523809523809523,0.0,0.0,1.0,1.0,1,0.0,0.0,0.0,1.0,1.0,0.0,0.0,0,1.0,0.0,0.0,0.0,0.0,
0095.jpg,P3,leaves and stems,0.5904761904761905,0.0,1.0,0.9523809523809523,1.0,0.0,1.0,1.0,1,0.0,0.0,0.0,1.0,1.0,0.0,0.0,0,1.0,1.0,0.0,0.0,0.0,
0095.jpg,P4,crop seedling,0.5904761904761905,0.0,1.0,0.9523809523809523,1.0,0.0,1.0,1.0,1,0.0,0.0,0.0,1.0,1.0,0.0,0.0,0,1.0,1.0,0.0,0.0,0.0,
0095.jpg,P5,plant body without background,0.5904761904761905,0.0,1.0,0.9523809523809523,1.0,0.0,1.0,1.0,1,0.0,0.0,0.0,1.0,1.0,0.0,0.0,0,1.0,1.0,0.0,0.0,0.0,
0096.jpg,P1,green plant,1.063130303765481,0.511383309403813,1.0,0.7487986758011834,0.6007869925575879,0.27293679118156433,1.0,1.0,1,0.4363491499766511,0.6885732958156356,0.5583916083916084,0.0,0.0,0.9483800693068912,0.21199640721450616,1,6.709448943136596,0.6007869925575879,0.06823419779539108,0.0,2.7297807133030743e-05,0.960938
0096.jpg,P2,entire plant excluding pot,0.9479649996075734,0.523058107223785,1.0,0.7552167362252867,0.0,0.2681056559085846,1.0,1.0,1,0.4386888997360422,0.6926753194162665,0.563986013986014,0.0,0.0,0.9473505542286639,0.21660795235339506,1,6.4824639612248385,0.0,0.06702641397714615,0.0,4.007496244363763e-05,0.451172
0096.jpg,P3,leaves and stems,0.5904761904761905,0.0,1.0,0.9523809523809523,1.0,0.0,1.0,1.0,1,0.0,0.0,0.0,1.0,1.0,0.0,0.0,0,1.0,1.0,0.0,0.0,0.0,
0096.jpg,P4,crop seedling,0.5904761904761905,0.0,1.0,0.9523809523809523,1.0,0.0,1.0,1.0,1,0.0,0.0,0.0,1.0,1.0,0.0,0.0,0,1.0,1.0,0.0,0.0,0.0,
0096.jpg,P5,plant body without background,0.5904761904761905,0.0,1.0,0.9523809523809523,1.0,0.0,1.0,1.0,1,0.0,0.0,0.0,1.0,1.0,0.0,0.0,0,1.0,1.0,0.0,0.0,0.0,
0097.jpg,P1,green plant,1.1040282476131853,0.5522075592866071,1.0,0.7239163848949242,0.7148581473328579,0.29801276326179504,1.0,1.0,1,0.44622927665794837,0.6964217459484676,0.5728220652539522,0.0,0.0,0.9937369383027334,0.22812198591820987,1,7.627500105420298,0.7148581473328579,0.07450319081544876,0.0,0.0,0.949219
0097.jpg,P2,entire plant excluding pot,1.1128033874606513,0.5692713827355836,1.0,0.7308700687499617,0.7350952995442951,0.2867109179496765,1.0,1.0,1,0.44841385366474795,0.7022253245139479,0.5745038681466532,0.0,0.0,0.9922429381846857,0.23486219618055557,1,7.364645037669762,0.7350952995442951,0.07167772948741913,0.0,0.0,0.554688
0097.jpg,P3,leaves and stems,0.5904761904761905,0.0,1.0,0.9523809523809523,1.0,0.0,1.0,1.0,1,0.0,0.0,0.0,1.0,1.0,0.0,0.0,0,1.0,1.0,0.0,0.0,0.0,
0097.jpg,P4,crop seedling,0.5904761904761905,0.0,1.0,0.9523809523809523,1.0,0.0,1.0,1.0,1,0.0,0.0,0.0,1.0,1.0,0.0,0.0,0,1.0,1.0,0.0,0.0,0.0,
0097.jpg,P5,plant body without background,0.5904761904761905,0.0,1.0,0.9523809523809523,1.0,0.0,1.0,1.0,1,0.0,0.0,0.0,1.0,1.0,0.0,0.0,0,1.0,1.0,0.0,0.0,0.0,
0098.jpg,P1,green plant,1.1504703462815278,0.6076749052586341,1.0,0.7214375094052619,0.852028593923511,0.3209838569164276,1.0,1.0,1,0.45004537318076077,0.7065849808104249,0.5834678721343235,0.0,0.0,0.9771641291293384,0.2500315875771605,1,7.7224288164439745,0.852028593923511,0.0802459642291069,0.0,0.0,0.937500
0098.jpg,P2,entire plant excluding pot,1.15356781254813,0.6166057440615722,1.0,0.7251382451107298,0.8522853840399869,0.3167332708835602,1.0,1.0,1,0.4514152837289601,0.7094996764548376,0.5847594446238296,0.0,0.0,0.9783369693747768,0.253559268904321,1,7.580947681150053,0.8522853840399869,0.07918331772089005,0.0,0.0,0.773438
0098.jpg,P3,leaves and stems,0.9833249562688271,0.6116425051765899,1.0,0.7289880829496892,0.0,0.32266730070114136,1.0,1.0,1,0.45066537850334304,0.7078798587558015,0.5841136583790765,0.0,0.0,0.9776696943057879,0.25159878954475307,1,7.435290737640622,0.0,0.08066682517528534,0.0,0.0,0.476562
0098.jpg,P4,crop seedling,0.5904761904761905,0.0,1.0,0.9523809523809523,1.0,0.0,1.0,1.0,1,0.0,0.0,0.0,1.0,1.0,0.0,0.0,0,1.0,1.0,0.0,0.0,0.0,
0098.jpg,P5,plant body without background,0.5904761904761905,0.0,1.0,0.9523809523809523,1.0,0.0,1.0,1.0,1,0.0,0.0,0.0,1.0,1.0,0.0,0.0,0,1.0,1.0,0.0,0.0,0.0,
0099.jpg,P1,green plant,1.1605431873006802,0.6295994125058602,1.0,0.7312142521930954,0.8873630846522412,0.32943031191825867,1.0,1.0,1,0.44502177504678914,0.7066686469627209,0.5476190476190477,0.0,0.0,0.9911632003840825,0.2586917679398148,1,7.351764465770422,0.8873630846522412,0.08235757797956467,0.0,0.0009190503953734294,0.941406
0099.jpg,P2,entire plant excluding pot,1.1722161424744804,0.6477077106774496,1.0,0.7310318384285945,0.8920583180827427,0.32436418533325195,1.0,1.0,1,0.45318373197007256,0.7123829954212396,0.5798872180451128,0.0,0.0,0.9946998432451841,0.2658445457175926,1,7.358589528728918,0.8920583180827427,0.08109104633331299,0.0,0.0009133699860454843,0.441406
0099.jpg,P3,leaves and stems,0.3904761904761905,0.0,1.0,0.9523809523809523,0.0,0.0,1.0,1.0,1,0.0,0.0,0.0,1.0,1.0,0.0,0.0,0,1.0,0.0,0.0,0.0,0.0,
0099.jpg,P4,crop seedling,0.5904761904761905,0.0,1.0,0.9523809523809523,1.0,0.0,1.0,1.0,1,0.0,0.0,0.0,1.0,1.0,0.0,0.0,0,1.0,1.0,0.0,0.0,0.0,
0099.jpg,P5,plant body without background,0.5904761904761905,0.0,1.0,0.9523809523809523,1.0,0.0,1.0,1.0,1,0.0,0.0,0.0,1.0,1.0,0.0,0.0,0,1.0,1.0,0.0,0.0,0.0,
0100.jpg,P1,green plant,1.131593589317626,0.6305074523363026,1.0,0.7273043312907254,0.77549558995536,0.2985343635082245,1.0,0.7576403385049365,1,0.4452252418995037,0.7043077660357409,0.5671830540625988,0.0,0.0,0.9662457405572661,0.2590504436728395,1,7.498805024997711,0.77549558995536,0.07463359087705612,0.0,0.005279549935122597,0.933594
0100.jpg,P2,entire plant excluding pot,1.138197863627742,0.6433121874511643,1.0,0.7321213471840754,0.7805806074236346,0.2962029278278351,1.0,0.7661519629273411,1,0.4477544496504,0.7082968045473822,0.5750869427758457,0.0,0.0,0.96334918359164,0.2641083140432099,1,7.3178757550576545,0.7805806074236346,0.07405073195695877,0.0,0.005220896367238498,0.349609
0100.jpg,P3,leaves and stems,0.5904761904761905,0.0,1.0,0.9523809523809523,1.0,0.0,1.0,1.0,1,0.0,0.0,0.0,1.0,1.0,0.0,0.0,0,1.0,1.0,0.0,0.0,0.0,
0100.jpg,P4,crop seedling,0.5904761904761905,0.0,1.0,0.9523809523809523,1.0,0.0,1.0,1.0,1,0.0,0.0,0.0,1.0,1.0,0.0,0.0,0,1.0,1.0,0.0,0.0,0.0,
0100.jpg,P5,plant body without background,0.5904761904761905,0.0,1.0,0.9523809523809523,1.0,0.0,1.0,1.0,1,0.0,0.0,0.0,1.0,1.0,0.0,0.0,0,1.0,1.0,0.0,0.0,0.0,
0101.jpg,P1,green plant,1.145163854607526,0.6246416676433817,1.0,0.7350107440833804,0.886040948619807,0.27579206228256226,1.0,0.6442141884737559,1,0.44086677008169967,0.7032485405753552,0.5519439133205863,0.0,0.0,0.9537987648261982,0.2567334587191358,1,7.210486596276447,0.886040948619807,0.06894801557064056,0.0,0.0062091150297025055,0.914062
0101.jpg,P2,entire plant excluding pot,1.153327437964537,0.639308571163463,1.0,0.7339151023943549,0.8876846307126457,0.27322787046432495,1.0,0.6547404344884612,1,0.4465002030175793,0.7078350310401549,0.5761631612492033,0.0,0.0,0.9504857312866851,0.2625268856095679,1,7.251108383995883,0.8876846307126457,0.06830696761608124,0.0,0.006109291238634344,0.625000
0101.jpg,P3,leaves and stems,0.9732913843147302,0.6320027421276762,1.0,0.726233979670048,0.0,0.2789916694164276,1.0,0.6525960606060607,1,0.4458457060718999,0.705550423715629,0.5758444869343531,0.0,0.0,0.9525105012324616,0.2596410831404321,1,7.539333823359046,0.0,0.0697479173541069,0.0,0.006129365838165239,0.443359
0101.jpg,P4,crop seedling,0.5904761904761905,0.0,1.0,0.9523809523809523,1.0,0.0,1.0,1.0,1,0.0,0.0,0.0,1.0,1.0,0.0,0.0,0,1.0,1.0,0.0,0.0,0.0,
0101.jpg,P5,plant body without background,0.5904761904761905,0.0,1.0,0.9523809523809523,1.0,0.0,1.0,1.0,1,0.0,0.0,0.0,1.0,1.0,0.0,0.0,0,1.0,1.0,0.0,0.0,0.0,
0102.jpg,P1,green plant,1.164698702644155,0.6372303045397718,1.0,0.7284225628125919,0.9568043088298065,0.2806445062160492,1.0,0.6542176009644364,1,0.4440783661645113,0.7052564791140294,0.5637437810945274,0.0,0.0,0.9576471787758605,0.26170597029320986,1,7.456590475143735,0.9568043088298065,0.0701611265540123,0.0,0.006114173623735082,0.894531
0102.jpg,P2,entire plant excluding pot,1.169182957844591,0.6485907221831535,1.0,0.7331629564825894,0.9591048389978915,0.2781842350959778,1.0,0.6618943266132055,1,0.44537440729266853,0.7087759278030773,0.5656094527363185,0.0,0.0,0.9549313106905415,0.2661933352623457,1,7.27906507436174,0.9591048389978915,0.06954605877399445,0.0,0.006043260742945603,0.699219
0102.jpg,P3,leaves and stems,1.1668188728673599,0.6412427723081731,1.0,0.7276552912560059,0.9581769579819261,0.28301167488098145,1.0,0.6610685636446193,1,0.4448015335819426,0.7064995385569693,0.5656094527363185,0.0,0.0,0.9571699359446598,0.26329089506172837,1,7.485541904708751,0.9581769579819261,0.07075291872024536,0.0,0.006050809583119643,0.722656
0102.jpg,P4,crop seedling,0.5904761904761905,0.0,1.0,0.9523809523809523,1.0,0.0,1.0,1.0,1,0.0,0.0,0.0,1.0,1.0,0.0,0.0,0,1.0,1.0,0.0,0.0,0.0,
0102.jpg,P5,plant body without background,0.973220139613207,0.6381102638107516,1.0,0.7244903032750424,0.0,0.28262439370155334,1.0,0.6578622881355932,1,0.44417514745573755,0.7055290898225335,0.5637437810945274,0.0,0.0,0.957660854208359,0.2620535542052469,1,7.605614470739559,0.0,0.07065609842538834,0.0,0.006080299892757423,0.337891
0103.jpg,P1,green plant,1.1569430924798434,0.6393696158579465,1.0,0.7352038274118307,0.9343712799671169,0.2885902523994446,1.0,0.5398036809815951,1,0.4374360973525757,0.7032566378223148,0.5381761978361669,0.0,0.0,0.9442455850425553,0.2625509982638889,1,7.203340426568305,0.9343712799671169,0.07214756309986115,0.0,0.0074101013774605625,0.886719
0103.jpg,P2,entire plant excluding pot,1.1660926505169171,0.6544119442491014,1.0,0.7328319743425304,0.936337380013142,0.28700342774391174,1.0,0.5496355895600666,1,0.44397570524717994,0.7078564831096645,0.5675425038639876,0.0,0.0,0.9406828546327961,0.2684927179783951,1,7.291385611201335,0.936337380013142,0.07175085693597794,0.0,0.007277549117955838,0.761719
0103.jpg,P3,leaves and stems,1.1632724073772573,0.646010057723863,1.0,0.7261853362680857,0.9354082249459443,0.292413592338562,1.0,0.5473333333333333,1,0.44326896512196634,0.7052872413584548,0.5672333848531684,0.0,0.0,0.9431642137293688,0.2651739728009259,1,7.541178540978698,0.9354082249459443,0.0731033980846405,0.0,0.007308160779537149,0.671875
0103.jpg,P4,crop seedling,0.5904761904761905,0.0,1.0,0.9523809523809523,1.0,0.0,1.0,1.0,1,0.0,0.0,0.0,1.0,1.0,0.0,0.0,0,1.0,1.0,0.0,0.0,0.0,
0103.jpg,P5,plant body without background,0.3904761904761905,0.0,1.0,0.9523809523809523,0.0,0.0,1.0,1.0,1,0.0,0.0,0.0,1.0,1.0,0.0,0.0,0,1.0,0.0,0.0,0.0,0.0,
0104.jpg,P1,green plant,1.1673325730040172,0.6415733293288013,1.0,0.7272747629778602,0.9730390028582799,0.2891881465911865,1.0,0.5762307641590295,1,0.44111752465279147,0.7038317807054713,0.5555215662282044,0.0,0.0,0.9478251948479978,0.2634214650848765,1,7.49992302511512,0.9730390028582799,0.07229703664779663,0.0,0.006941663390426116,0.886719
0104.jpg,P2,entire plant excluding pot,1.172894388290078,0.6541091625644632,1.0,0.7334187417632808,0.9751948478809254,0.28658658266067505,1.0,0.5841354064160599,1,0.44303252131620907,0.7076633001985401,0.5604160293667788,0.0,0.0,0.9447548096069991,0.268373119212963,1,7.269551296052407,0.9751948478809254,0.07164664566516876,0.0,0.006847727352364831,0.656250
0104.jpg,P3,leaves and stems,1.1702237579324017,0.646385787818409,1.0,0.7257435532020275,0.9749508410985921,0.29172787070274353,1.0,0.5816545526628784,1,0.44246214736804734,0.7053026864016368,0.5604160293667788,0.0,0.0,0.9473132184145429,0.2653223861882716,1,7.557943727861869,0.9749508410985921,0.07293196767568588,0.0,0.006876934052501715,0.628906
0104.jpg,P4,crop seedling,0.5904761904761905,0.0,1.0,0.9523809523809523,1.0,0.0,1.0,1.0,1,0.0,0.0,0.0,1.0,1.0,0.0,0.0,0,1.0,1.0,0.0,0.0,0.0,
0104.jpg,P5,plant body without background,0.5904761904761905,0.0,1.0,0.9523809523809523,1.0,0.0,1.0,1.0,1,0.0,0.0,0.0,1.0,1.0,0.0,0.0,0,1.0,1.0,0.0,0.0,0.0,
0105.jpg,P1,green plant,1.1578240043127468,0.6405407583216126,1.0,0.7269957997696636,0.910241721012662,0.29066768288612366,1.0,0.795311702515494,1,0.44413481191473436,0.7058856838695795,0.557361963190184,0.0,0.0,0.9674966918614839,0.263013599537037,1,7.5104753099490615,0.910241721012662,0.07266692072153091,0.0,0.00502947459134373,0.890625
0105.jpg,P2,entire plant excluding pot,1.1610394637264507,0.6492396272855132,1.0,0.7295507178325151,0.9111033564680185,0.29011034965515137,1.0,0.8010293584632113,1,0.4450386534782111,0.7085754085550233,0.558282208588957,0.0,0.0,0.9654646293794066,0.26644965277777777,1,7.4141324395097845,0.9111033564680185,0.07252758741378784,0.0,0.004993574776927114,0.585938
0105.jpg,P3,leaves and stems,1.159037923377412,0.6440026029457726,1.0,0.7258697054689874,0.9093380244292179,0.2930178642272949,1.0,0.8006140927345746,1,0.4445922839631573,0.7069560999180814,0.5579754601226994,0.0,0.0,0.967220661697429,0.2643810281635802,1,7.553154304845821,0.9093380244292179,0.07325446605682373,0.0,0.004996164864320105,0.593750
0105.jpg,P4,crop seedling,0.5904761904761905,0.0,1.0,0.9523809523809523,1.0,0.0,1.0,1.0,1,0.0,0.0,0.0,1.0,1.0,0.0,0.0,0,1.0,1.0,0.0,0.0,0.0,
0105.jpg,P5,plant body without background,0.5904761904761905,0.0,1.0,0.9523809523809523,1.0,0.0,1.0,1.0,1,0.0,0.0,0.0,1.0,1.0,0.0,0.0,0,1.0,1.0,0.0,0.0,0.0,
0106.jpg,P1,green plant,1.1493111575557595,0.6222960252578527,1.0,0.7259445109834156,0.8946440364548937,0.2851606011390686,1.0,1.0,1,0.44370212278871346,0.704476212118321,0.5417051400430902,0.0,0.0,0.9962852333954486,0.25580692997685184,1,7.550315068718669,0.8946440364548937,0.07129015028476715,0.0,0.00010745770620214774,0.906250
0106.jpg,P2,entire plant excluding pot,1.1532022564856523,0.6312347998710734,1.0,0.7265494037129575,0.8922030797880395,0.2863057255744934,1.0,1.0,1,0.44594365469633956,0.7072985276660358,0.5493998153277931,0.0,0.0,0.9949720325422429,0.25933774594907405,1,7.527377901340248,0.8922030797880395,0.07157643139362335,0.0,0.00010971380966792512,0.742188
0106.jpg,P3,leaves and stems,1.152447769200086,0.627592873398187,1.0,0.724755330625132,0.893290881437712,0.288427472114563,1.0,1.0,1,0.44563445768496723,0.7061486311586489,0.5493998153277931,0.0,0.0,0.9959047002043738,0.2578991849922839,1,7.5955196945556205,0.893290881437712,0.07210686802864075,0.0,0.00010237859604818619,0.484375
0106.jpg,P4,crop seedling,0.5904761904761905,0.0,1.0,0.9523809523809523,1.0,0.0,1.0,1.0,1,0.0,0.0,0.0,1.0,1.0,0.0,0.0,0,1.0,1.0,0.0,0.0,0.0,
0106.jpg,P5,plant body without background,0.5904761904761905,0.0,1.0,0.9523809523809523,1.0,0.0,1.0,1.0,1,0.0,0.0,0.0,1.0,1.0,0.0,0.0,0,1.0,1.0,0.0,0.0,0.0,
0107.jpg,P1,green plant,1.1464282042947906,0.6169314175066416,1.0,0.7261508032001416,0.8772806587345587,0.29226571321487427,1.0,1.0,1,0.4439024857635473,0.7039158996118386,0.5488329238329238,0.0,0.0,0.9874199460947752,0.25368790991512347,1,7.542488298381186,0.8772806587345587,0.07306642830371857,0.0,0.0,0.910156
0107.jpg,P2,entire plant excluding pot,1.149360870792733,0.6234958587279262,1.0,0.7267801348720064,0.8789117570951017,0.29264867305755615,1.0,1.0,1,0.4449935860422149,0.7060001321845553,0.5503685503685504,0.0,0.0,0.9882720071128146,0.2562808641975309,1,7.5186387744654155,0.8789117570951017,0.07316216826438904,0.0,0.0,0.750000
0107.jpg,P3,leaves and stems,1.147851975686705,0.6200706409204564,1.0,0.725312423300038,0.8768539787904914,0.29434728622436523,1.0,1.0,1,0.4445351098396348,0.7049126137984008,0.5503685503685504,0.0,0.0,0.9874935594385545,0.25492790316358027,1,7.574324329099014,0.8768539787904914,0.07358682155609131,0.0,0.0,0.617188
0107.jpg,P4,crop seedling,0.5904761904761905,0.0,1.0,0.9523809523809523,1.0,0.0,1.0,1.0,1,0.0,0.0,0.0,1.0,1.0,0.0,0.0,0,1.0,1.0,0.0,0.0,0.0,
0107.jpg,P5,plant body without background,0.5904761904761905,0.0,1.0,0.9523809523809523,1.0,0.0,1.0,1.0,1,0.0,0.0,0.0,1.0,1.0,0.0,0.0,0,1.0,1.0,0.0,0.0,0.0,
0108.jpg,P1,green plant,1.1564819855865236,0.6327447403891233,1.0,0.7275878383623545,0.9053566796368353,0.29476577043533325,1.0,1.0,1,0.4443909798217942,0.7103075780445708,0.5529841656516443,0.0,0.0,0.9624617768889846,0.2599341724537037,1,7.48809002225181,0.9053566796368353,0.07369144260883331,0.0,0.0,0.957031
0108.jpg,P2,entire plant excluding pot,1.1607528090675232,0.6410419352633223,1.0,0.7330402248647006,0.9066456158298989,0.2938059866428375,1.0,1.0,1,0.4458460565473714,0.7129592508205027,0.555115712545676,0.0,0.0,0.9638949050197378,0.26321156442901233,1,7.283632359590446,0.9066456158298989,0.07345149666070938,0.0,0.0,0.812500
0108.jpg,P3,leaves and stems,0.3904761904761905,0.0,1.0,0.9523809523809523,0.0,0.0,1.0,1.0,1,0.0,0.0,0.0,1.0,1.0,0.0,0.0,0,1.0,0.0,0.0,0.0,0.0,
0108.jpg,P4,crop seedling,0.5904761904761905,0.0,1.0,0.9523809523809523,1.0,0.0,1.0,1.0,1,0.0,0.0,0.0,1.0,1.0,0.0,0.0,0,1.0,1.0,0.0,0.0,0.0,
0108.jpg,P5,plant body without background,0.5904761904761905,0.0,1.0,0.9523809523809523,1.0,0.0,1.0,1.0,1,0.0,0.0,0.0,1.0,1.0,0.0,0.0,0,1.0,1.0,0.0,0.0,0.0,
0109.jpg,P1,green plant,1.1381626337705684,0.6240370199445227,1.0,0.7513695650111057,0.8022514958571247,0.2584865391254425,1.0,1.0,1,0.45093370978292924,0.7122840358881495,0.5660674865972879,0.0,0.0,0.9974214963456509,0.25649462287808644,1,6.618059782211681,0.8022514958571247,0.06462163478136063,0.0,0.0,0.933594
0109.jpg,P2,entire plant excluding pot,1.1425666001127106,0.6318754639396781,1.0,0.7582043091313205,0.806634122522578,0.25641101598739624,1.0,1.0,1,0.4519416177965159,0.7148465485854643,0.5676442762535477,0.0,0.0,0.9956935606596482,0.25959080825617287,1,6.3781143936179,0.806634122522578,0.06410275399684906,0.0,0.0,0.695312
0109.jpg,P3,leaves and stems,0.9789515963553883,0.6255863342905141,1.0,0.7523859252279311,0.0,0.25977373123168945,1.0,1.0,1,0.4514023982053614,0.7127905315250628,0.5676442762535477,0.0,0.0,0.9974974244595082,0.2571066020447531,1,6.582102787131632,0.0,0.06494343280792236,0.0,0.0,0.318359
0109.jpg,P4,crop seedling,0.5904761904761905,0.0,1.0,0.9523809523809523,1.0,0.0,1.0,1.0,1,0.0,0.0,0.0,1.0,1.0,0.0,0.0,0,1.0,1.0,0.0,0.0,0.0,
0109.jpg,P5,plant body without background,0.5904761904761905,0.0,1.0,0.9523809523809523,1.0,0.0,1.0,1.0,1,0.0,0.0,0.0,1.0,1.0,0.0,0.0,0,1.0,1.0,0.0,0.0,0.0,
0110.jpg,P1,green plant,1.1342281457088461,0.5969969672995781,1.0,0.7556816458346146,0.8264695915510678,0.24350807070732117,1.0,1.0,1,0.44969689063032986,0.7133295973134138,0.580026455026455,5.591310514900842e-05,0.0,0.9564354359741786,0.24581380208333334,1,6.466171449633325,0.8264695915510678,0.06087701767683029,0.0,0.0,0.890625
0110.jpg,P2,entire plant excluding pot,1.1378692517363587,0.601865892131583,1.0,0.7621918639280851,0.8311862775261287,0.24187041819095612,1.0,1.0,1,0.450446361381008,0.7149986690952191,0.5816798941798942,5.5479042061873734e-05,0.0,0.9551108995791898,0.2477370273919753,1,6.2401121640509345,0.8311862775261287,0.06046760454773903,0.0,0.0,0.867188
0110.jpg,P3,leaves and stems,1.1351116243202695,0.5978515930223471,1.0,0.7588589633086628,0.8247761992650575,0.24340368807315826,1.0,1.0,1,0.4501335355864243,0.7136225637746134,0.582010582010582,5.583642474474427e-05,0.0,0.9562048443082832,0.24615137924382716,1,6.355358461866229,0.8247761992650575,0.060850922018289566,0.0,0.0,0.746094
0110.jpg,P4,crop seedling,0.5904761904761905,0.0,1.0,0.9523809523809523,1.0,0.0,1.0,1.0,1,0.0,0.0,0.0,1.0,1.0,0.0,0.0,0,1.0,1.0,0.0,0.0,0.0,
0110.jpg,P5,plant body without background,0.9689395481619562,0.5963123510509454,1.0,0.7555400182718711,0.0,0.243724063038826,1.0,1.0,1,0.44982426168962764,0.7130949102518173,0.5810185185185185,5.597468373076177e-05,0.0,0.9567450217327749,0.24554337866512346,1,6.471132589039462,0.0,0.0609310157597065,0.0,0.0,0.492188
0111.jpg,P1,green plant,1.1472755596317743,0.6037939888068448,1.0,0.7612974132537161,0.8578352363944984,0.23151300847530365,1.0,1.0,1,0.4563876302457017,0.7214753439553685,0.5901803607214429,0.0016204569591591479,0.0,0.9812493201921079,0.2484986255787037,1,6.270941752608634,0.8578352363944984,0.05787825211882591,0.0,0.0,0.941406
0111.jpg,P2,entire plant excluding pot,1.14925274162942,0.6074383570675105,1.0,0.7643292117859706,0.8596976759168363,0.23022103309631348,1.0,1.0,1,0.45691548605609394,0.7227583264921925,0.591182364729459,0.001645854708461343,0.0,0.9803100254506236,0.24993815104166667,1,6.166735081689445,0.8596976759168363,0.05755525827407837,0.0,0.0,0.835938
0111.jpg,P3,leaves and stems,1.1474297729552299,0.6041578151859666,1.0,0.7613297599940471,0.8567154550110299,0.2317296862602234,1.0,1.0,1,0.4566432296649763,0.7216034273041034,0.591182364729459,0.001600609793055361,0.0,0.9814938739515413,0.24864233699845678,1,6.269825574868349,0.8567154550110299,0.05793242156505585,0.0,0.0,0.550781
0111.jpg,P4,crop seedling,0.5904761904761905,0.0,1.0,0.9523809523809523,1.0,0.0,1.0,1.0,1,0.0,0.0,0.0,1.0,1.0,0.0,0.0,0,1.0,1.0,0.0,0.0,0.0,
0111.jpg,P5,plant body without background,0.3904761904761905,0.0,1.0,0.9523809523809523,0.0,0.0,1.0,1.0,1,0.0,0.0,0.0,1.0,1.0,0.0,0.0,0,1.0,0.0,0.0,0.0,0.0,
0112.jpg,P1,green plant,1.1415029730364945,0.6204820821612752,1.0,0.7586297856274157,0.8061131568342238,0.2194124311208725,1.0,1.0,1,0.46057548188773706,0.7324309799877228,0.608010955152345,0.00717498920041478,0.0,0.9693516372473642,0.2550904224537037,1,6.363320263597663,0.8061131568342238,0.054853107780218124,0.0030115954933827137,0.0,0.929688
0112.jpg,P2,entire plant excluding pot,1.1442179018711165,0.6248043517541803,1.0,0.7630707322840712,0.8077728205474497,0.2176407426595688,1.0,1.0,1,0.46156017242206254,0.7339866189344801,0.609722697706265,0.007141371550852754,0.0,0.9705718167312265,0.2567977189429012,1,6.209890058467773,0.8077728205474497,0.0544101856648922,0.003069977553811462,0.0,0.890625
0112.jpg,P3,leaves and stems,1.1439910533784763,0.6230783130176589,1.0,0.7631498637226102,0.8087579882004472,0.21856723725795746,1.0,1.0,1,0.4612803729387415,0.7333653959810226,0.609722697706265,0.007150967270590982,0.0,0.9699768893943327,0.2561159336419753,1,6.207172340228055,0.8087579882004472,0.054641809314489365,0.0029496386622028235,0.0,0.671875
0112.jpg,P4,crop seedling,0.5904761904761905,0.0,1.0,0.9523809523809523,1.0,0.0,1.0,1.0,1,0.0,0.0,0.0,1.0,1.0,0.0,0.0,0,1.0,1.0,0.0,0.0,0.0,
0112.jpg,P5,plant body without background,0.5904761904761905,0.0,1.0,0.9523809523809523,1.0,0.0,1.0,1.0,1,0.0,0.0,0.0,1.0,1.0,0.0,0.0,0,1.0,1.0,0.0,0.0,0.0,
0113.jpg,P1,green plant,1.1186806160050413,0.6224611511564306,1.0,0.7522091090127186,0.6170580352918553,0.36155298352241516,1.0,0.23443123826355902,1,0.44802436020835734,0.7337704938256918,0.5926660059464817,0.00037694847020175226,0.0,0.8463789084005908,0.25587215470679014,1,6.588351244842257,0.6170580352918553,0.09038824588060379,0.0,0.017062572503682316,0.960938
0113.jpg,P2,entire plant excluding pot,1.1260408346701385,0.6356489417291764,1.0,0.7691786862066736,0.633258504891225,0.34098222851753235,1.0,0.2374400921027384,1,0.450227162401217,0.7385297140921033,0.5933267261314833,0.00037219818121618297,0.0,0.8505461121967878,0.2610813319830247,1,6.001760525415968,0.633258504891225,0.08524555712938309,0.0,0.016846354651299716,0.835938
0113.jpg,P3,leaves and stems,0.3904761904761905,0.0,1.0,0.9523809523809523,0.0,0.0,1.0,1.0,1,0.0,0.0,0.0,1.0,1.0,0.0,0.0,0,1.0,0.0,0.0,0.0,0.0,
0113.jpg,P4,crop seedling,0.5904761904761905,0.0,1.0,0.9523809523809523,1.0,0.0,1.0,1.0,1,0.0,0.0,0.0,1.0,1.0,0.0,0.0,0,1.0,1.0,0.0,0.0,0.0,
0113.jpg,P5,plant body without background,0.5904761904761905,0.0,1.0,0.9523809523809523,1.0,0.0,1.0,1.0,1,0.0,0.0,0.0,1.0,1.0,0.0,0.0,0,1.0,1.0,0.0,0.0,0.0,
0114.jpg,P1,green plant,1.1037587939615352,0.5177795724917955,1.0,0.7441173577963496,0.6192959447513353,0.5254784822463989,1.0,0.10515255739739385,1,0.42242452250435936,0.701699964814086,0.5842880523731587,0.004086348919458293,0.0,0.7288359006809817,0.21452293113425927,1,6.877480803872886,0.6192959447513353,0.13136962056159973,0.0,0.038039968774921475,0.906250
0114.jpg,P2,entire plant excluding pot,1.1107702092021308,0.5309005191240819,1.0,0.7627248207304056,0.6345931163161318,0.5050898790359497,1.0,0.10719097686866756,1,0.4241085421608171,0.7065729418507428,0.5862520458265139,0.006132818094666874,0.0,0.7312248969268469,0.21970570505401235,1,6.221776788183537,0.6345931163161318,0.12627246975898743,0.0,0.037316573809201094,0.808594
0114.jpg,P3,leaves and stems,0.5904761904761905,0.0,1.0,0.9523809523809523,1.0,0.0,1.0,1.0,1,0.0,0.0,0.0,1.0,1.0,0.0,0.0,0,1.0,1.0,0.0,0.0,0.0,
0114.jpg,P4,crop seedling,0.5904761904761905,0.0,1.0,0.9523809523809523,1.0,0.0,1.0,1.0,1,0.0,0.0,0.0,1.0,1.0,0.0,0.0,0,1.0,1.0,0.0,0.0,0.0,
0114.jpg,P5,plant body without background,0.5904761904761905,0.0,1.0,0.9523809523809523,1.0,0.0,1.0,1.0,1,0.0,0.0,0.0,1.0,1.0,0.0,0.0,0,1.0,1.0,0.0,0.0,0.0,
0115.jpg,P1,green plant,1.1779078756488444,0.8094431869237381,1.0,0.7224463801255288,0.552473174561633,0.45047569274902344,1.0,0.23379820905729737,1,0.47094018877685967,0.7939664134569744,0.5795929746306105,0.0,0.0,0.8872520863340876,0.32973005883487655,1,7.683715428852863,0.552473174561633,0.11261892318725586,0.0,0.017108770918855553,0.921875
0115.jpg,P2,entire plant excluding pot,1.1831553285568994,0.8195839315713392,1.0,0.7271819664001915,0.5588732692822301,0.4471145272254944,1.0,0.2355460347174949,1,0.47260458966104846,0.7975375472081009,0.5809868971285197,0.0,0.0,0.8888880665507961,0.33373565297067903,1,7.503432323833727,0.5588732692822301,0.1117786318063736,0.0,0.016981818457684716,0.867188
0115.jpg,P3,leaves and stems,0.5904761904761905,0.0,1.0,0.9523809523809523,1.0,0.0,1.0,1.0,1,0.0,0.0,0.0,1.0,1.0,0.0,0.0,0,1.0,1.0,0.0,0.0,0.0,
0115.jpg,P4,crop seedling,0.5904761904761905,0.0,1.0,0.9523809523809523,1.0,0.0,1.0,1.0,1,0.0,0.0,0.0,1.0,1.0,0.0,0.0,0,1.0,1.0,0.0,0.0,0.0,
0115.jpg,P5,plant body without background,0.5904761904761905,0.0,1.0,0.9523809523809523,1.0,0.0,1.0,1.0,1,0.0,0.0,0.0,1.0,1.0,0.0,0.0,0,1.0,1.0,0.0,0.0,0.0,
0116.jpg,P1,green plant,1.1498594732398673,0.7346039176043131,1.0,0.7564581761834377,0.6121468493340052,0.42784813046455383,0.5015800554016621,0.12486204691633546,1,0.4436480585226053,0.7524100284434452,0.6450164621370847,0.04452994274853618,0.0,0.7756056820728514,0.3001685474537037,1,6.439003013895764,0.6121468493340052,0.10696203261613846,0.03987399376154247,0.03203535500807722,0.921875
0116.jpg,P2,entire plant excluding pot,1.1527001350627208,0.7454787247030785,1.0,0.7606481812006355,0.6162061373579385,0.4199622869491577,0.5019273348836285,0.12603890448561983,1,0.44424106902055877,0.7560221310604531,0.6474109548039509,0.048922385715705605,0.0,0.7777606699940068,0.30446409625771603,1,6.293364651751684,0.6162061373579385,0.10499057173728943,0.039846405266286175,0.03173623268406282,0.750000
0116.jpg,P3,leaves and stems,0.5904761904761905,0.0,1.0,0.9523809523809523,1.0,0.0,1.0,1.0,1,0.0,0.0,0.0,1.0,1.0,0.0,0.0,0,1.0,1.0,0.0,0.0,0.0,
0116.jpg,P4,crop seedling,0.5904761904761905,0.0,1.0,0.9523809523809523,1.0,0.0,1.0,1.0,1,0.0,0.0,0.0,1.0,1.0,0.0,0.0,0,1.0,1.0,0.0,0.0,0.0,
0116.jpg,P5,plant body without background,0.5904761904761905,0.0,1.0,0.9523809523809523,1.0,0.0,1.0,1.0,1,0.0,0.0,0.0,1.0,1.0,0.0,0.0,0,1.0,1.0,0.0,0.0,0.0,
0117.jpg,P1,green plant,1.2435339846179927,0.9097329050437567,1.0,0.7522976956821105,0.6556183962601665,0.4424453377723694,0.3731300508510703,0.21013399639886823,1,0.491515117666312,0.835310101734927,0.6966750313676286,0.05663832536149119,0.0,0.9074657402136177,0.36934449749228393,1,6.585220338693104,0.6556183962601665,0.11061133444309235,0.05360061446238948,0.01903547292941288,0.925781
0117.jpg,P2,entire plant excluding pot,1.2675627345074307,0.946660366854196,1.0,0.7593465715934755,0.6592592441912503,0.46640318632125854,0.36045298908275936,0.21790957146522966,1,0.5012288607153945,0.8485523448681369,0.7318067754077792,0.05870887392462685,0.0,0.901229826155345,0.3839308449074074,1,6.338434580708448,0.6592592441912503,0.11660079658031464,0.05548573768494409,0.01835623820057052,0.769531
0117.jpg,P3,leaves and stems,0.5904761904761905,0.0,1.0,0.9523809523809523,1.0,0.0,1.0,1.0,1,0.0,0.0,0.0,1.0,1.0,0.0,0.0,0,1.0,1.0,0.0,0.0,0.0,
0117.jpg,P4,crop seedling,0.5904761904761905,0.0,1.0,0.9523809523809523,1.0,0.0,1.0,1.0,1,0.0,0.0,0.0,1.0,1.0,0.0,0.0,0,1.0,1.0,0.0,0.0,0.0,
0117.jpg,P5,plant body without background,0.5904761904761905,0.0,1.0,0.9523809523809523,1.0,0.0,1.0,1.0,1,0.0,0.0,0.0,1.0,1.0,0.0,0.0,0,1.0,1.0,0.0,0.0,0.0,
0118.jpg,P1,green plant,1.3094732759396148,0.9027145965189873,1.0,0.7592530282302645,0.8684994976714115,0.4944991171360016,0.25475253663563774,0.22628638410300303,1,0.5044800280282818,0.8435636415409022,0.7580809799251446,0.06330116425044985,0.0,0.9176852637757501,0.366572265625,1,6.34167959345227,0.8684994976714115,0.1236247792840004,0.07850755978381166,0.017676715352786074,0.910156
0118.jpg,P2,entire plant excluding pot,1.3059922351127666,0.9060705285982183,1.0,0.7599462668514114,0.8448239494641079,0.4942473769187927,0.25254632579927005,0.226611365872677,1,0.5049746107462605,0.8448060312682206,0.7591017352841103,0.06381501245947883,0.0,0.9179869118908699,0.3678978587962963,1,6.31765017132521,0.8448239494641079,0.12356184422969818,0.07919339129842058,0.017651365299335538,0.460938
0118.jpg,P3,leaves and stems,0.5904761904761905,0.0,1.0,0.9523809523809523,1.0,0.0,1.0,1.0,1,0.0,0.0,0.0,1.0,1.0,0.0,0.0,0,1.0,1.0,0.0,0.0,0.0,
0118.jpg,P4,crop seedling,0.5904761904761905,0.0,1.0,0.9523809523809523,1.0,0.0,1.0,1.0,1,0.0,0.0,0.0,1.0,1.0,0.0,0.0,0,1.0,1.0,0.0,0.0,0.0,
0118.jpg,P5,plant body without background,0.5904761904761905,0.0,1.0,0.9523809523809523,1.0,0.0,1.0,1.0,1,0.0,0.0,0.0,1.0,1.0,0.0,0.0,0,1.0,1.0,0.0,0.0,0.0,
0119.jpg,P1,green plant,1.2675600893249737,0.7984102740662602,1.0,0.7575909490834617,0.8510431677415277,0.4799942374229431,0.24054137643666637,0.21072996661916568,1,0.490152363662135,0.8225629327158329,0.7456851003874604,0.0655006769760698,0.0,0.8768222223467156,0.3253720582561728,1,6.399470616955135,0.8510431677415277,0.11999855935573578,0.0831457784780155,0.01898163827467813,0.554688;0.910156
0119.jpg,P2,entire plant excluding pot,1.2704081223538903,0.8028219741365837,1.0,0.761550908397995,0.8520568013879072,0.4803979694843292,0.23695313284630737,0.21125238447463698,1,0.4910425916725273,0.8242905091820677,0.7488552307150405,0.06641186486904858,0.0,0.8767053139081091,0.3271146797839506,1,6.26219702379736,0.8520568013879072,0.1200994923710823,0.08440487686217851,0.01893469751807815,0.410156
0119.jpg,P3,leaves and stems,0.5904761904761905,0.0,1.0,0.9523809523809523,1.0,0.0,1.0,1.0,1,0.0,0.0,0.0,1.0,1.0,0.0,0.0,0,1.0,1.0,0.0,0.0,0.0,
0119.jpg,P4,crop seedling,0.5904761904761905,0.0,1.0,0.9523809523809523,1.0,0.0,1.0,1.0,1,0.0,0.0,0.0,1.0,1.0,0.0,0.0,0,1.0,1.0,0.0,0.0,0.0,
0119.jpg,P5,plant body without background,0.5904761904761905,0.0,1.0,0.9523809523809523,1.0,0.0,1.0,1.0,1,0.0,0.0,0.0,1.0,1.0,0.0,0.0,0,1.0,1.0,0.0,0.0,0.0,
0120.jpg,P1,green plant,1.246293653258475,0.7296217548640411,1.0,0.7635581540547423,0.869579220411179,0.4894163906574249,0.2064370876403744,0.20658968469409064,1,0.47585854926099747,0.7947551730030695,0.727110157367668,0.0610044089197237,0.0,0.8511573305966,0.29820059317129627,1,6.193158823324054,0.869579220411179,0.12235409766435623,0.09688181628894697,0.01936205094616913,0.921875;0.925781
0120.jpg,P2,entire plant excluding pot,1.2477754474332954,0.7323373280981402,1.0,0.7637154948046762,0.8698564221349029,0.48979994654655457,0.20493215826298736,0.2069999791523339,1,0.47663360911644054,0.7958154309781235,0.7299713876967096,0.06142226619591893,0.0,0.8513003834746529,0.2992732445987654,1,6.187762505872811,0.8698564221349029,0.12244998663663864,0.09759327266896883,0.019323673443736675,0.859375;0.906250
0120.jpg,P3,leaves and stems,1.0726337260722594,0.7291944420026566,1.0,0.7631734961779829,0.0,0.48958802223205566,0.2056200430039552,0.20658922340847838,1,0.47624253398972016,0.7945883346120304,0.73068669527897,0.0614171954231299,0.0,0.8503817035223384,0.2980318045910494,1,6.206360808074649,0.0,0.12239700555801392,0.09726678249753741,0.01936209417899308,0.664062;0.707031
0120.jpg,P4,crop seedling,0.5904761904761905,0.0,1.0,0.9523809523809523,1.0,0.0,1.0,1.0,1,0.0,0.0,0.0,1.0,1.0,0.0,0.0,0,1.0,1.0,0.0,0.0,0.0,
0120.jpg,P5,plant body without background,0.5904761904761905,0.0,1.0,0.9523809523809523,1.0,0.0,1.0,1.0,1,0.0,0.0,0.0,1.0,1.0,0.0,0.0,0,1.0,1.0,0.0,0.0,0.0,
0121.jpg,P1,green plant,1.2453767191725993,0.7266458260079699,1.0,0.7635169953929642,0.8842535008398351,0.49928152561187744,0.15065492970665753,0.23328314750372844,1,0.47063714960206987,0.7875806106318837,0.7116117850953206,0.06257029726279557,0.0,0.856649037425916,0.29702510127314813,1,6.194570809398254,0.8842535008398351,0.12482038140296936,0.13275370436893302,0.01714654505823688,0.632812;0.894531;0.933594
0121.jpg,P2,entire plant excluding pot,1.2464158881133,0.7291388913306767,1.0,0.7645028018395651,0.8840210713821212,0.49859878420829773,0.14986543224472598,0.23352587448924159,1,0.47116357836116773,0.788534059049834,0.7126516464471404,0.06265279776423216,0.0,0.8569520066251026,0.2980098620756173,1,6.160793592744878,0.8840210713821212,0.12464969605207443,0.13345305652167053,0.01712872292523747,0.640625;0.847656;0.906250
0121.jpg,P3,leaves and stems,1.2454984479128162,0.7263409077590248,1.0,0.7643356590497289,0.8839634602851845,0.4992591440677643,0.1505910769757601,0.23354791597515293,1,0.47071861368047563,0.7874639976336549,0.7126516464471404,0.06272480900624774,0.0,0.8564636085008542,0.2969046585648148,1,6.166514362113214,0.8839634602851845,0.12481478601694107,0.13280999380341307,0.01712710637257649,0.410156;0.636719;0.707031
0121.jpg,P4,crop seedling,0.5904761904761905,0.0,1.0,0.9523809523809523,1.0,0.0,1.0,1.0,1,0.0,0.0,0.0,1.0,1.0,0.0,0.0,0,1.0,1.0,0.0,0.0,0.0,
0121.jpg,P5,plant body without background,0.5904761904761905,0.0,1.0,0.9523809523809523,1.0,0.0,1.0,1.0,1,0.0,0.0,0.0,1.0,1.0,0.0,0.0,0,1.0,1.0,0.0,0.0,0.0,
0122.jpg,P1,green plant,1.2639812119701819,0.7748464115486794,1.0,0.7649740131364565,0.8858637605655949,0.5364879965782166,0.11086899888351322,0.3068489494937672,1,0.47154677560439234,0.7908097058295633,0.7189079878665319,0.07220765924463413,0.0,0.8702223852145966,0.3160643325617284,1,6.14467897804574,0.8858637605655949,0.13412199914455414,0.1803930783303402,0.013035729816247095,0.855469;0.929688;0.832031
0122.jpg,P2,entire plant excluding pot,1.265674669364589,0.7789602135099234,1.0,0.7662114676057401,0.8859264604435358,0.5357896089553833,0.11032920285804605,0.3068105024160214,1,0.47229711926167256,0.7923048183712258,0.7202561509942703,0.07249372116269874,0.0,0.870924420015845,0.31768928433641974,1,6.102454538426659,0.8859264604435358,0.13394740223884583,0.18127566847131849,0.013037363351324192,0.718750;0.808594;0.707031
0122.jpg,P3,leaves and stems,1.2640818556557192,0.7751272171433037,1.0,0.7656023072761378,0.8854540843416022,0.5360015034675598,0.11052997814675183,0.308228366585373,1,0.47164483320999856,0.7909117612931581,0.7199191102123357,0.07255487545395892,0.0,0.870067395553605,0.31617525077160497,1,6.12322325824234,0.8854540843416022,0.13400037586688995,0.18094638518290293,0.012977390901145632,0.476562;0.441406;0.605469
0122.jpg,P4,crop seedling,0.5904761904761905,0.0,1.0,0.9523809523809523,1.0,0.0,1.0,1.0,1,0.0,0.0,0.0,1.0,1.0,0.0,0.0,0,1.0,1.0,0.0,0.0,0.0,
0122.jpg,P5,plant body without background,0.5904761904761905,0.0,1.0,0.9523809523809523,1.0,0.0,1.0,1.0,1,0.0,0.0,0.0,1.0,1.0,0.0,0.0,0,1.0,1.0,0.0,0.0,0.0,
0123.jpg,P1,green plant,1.2178939048314004,0.7288144387794968,1.0,0.7505206780541747,0.6853679564849734,0.5691976547241211,0.1935876893664866,0.4338835718675915,1,0.47111375922284715,0.7656956984987481,0.6729826853969291,0.045448548011737325,0.0,0.9561794578035925,0.29788170331790126,1,6.6481665126838045,0.6853679564849734,0.14229941368103027,0.10331235454821411,0.00921906303753921,0.585938;0.875000;0.824219;0.933594;0.851562
0123.jpg,P2,entire plant excluding pot,1.2214114819629978,0.7342370389904673,1.0,0.7575397374578224,0.6855433763846318,0.5686806440353394,0.19130878661731185,0.4345234852453292,1,0.47221132258934545,0.7676061911748702,0.67624959163672,0.046172497986751944,0.0,0.9567597857955692,0.3000236304012346,1,6.401255288754462,0.6855433763846318,0.14217016100883484,0.10454302885735917,0.009205486321968595,0.527344;0.667969;0.691406;0.738281;0.796875;0.714844
0123.jpg,P3,leaves and stems,1.2200186104842226,0.7311841938193466,1.0,0.7561332544891528,0.6843893599119798,0.5699256658554077,0.19322933233542272,0.4361853139161424,1,0.47169211566904506,0.7665306115426191,0.6749428291408036,0.04570601578203714,0.0,0.9562849711839487,0.29881775655864196,1,6.450364246328637,0.6843893599119798,0.14248141646385193,0.10350395438557135,0.009170414207868101,0.550781;0.365234;0.503906;0.609375;0.535156
0123.jpg,P4,crop seedling,0.5904761904761905,0.0,1.0,0.9523809523809523,1.0,0.0,1.0,1.0,1,0.0,0.0,0.0,1.0,1.0,0.0,0.0,0,1.0,1.0,0.0,0.0,0.0,
0123.jpg,P5,plant body without background,0.5904761904761905,0.0,1.0,0.9523809523809523,1.0,0.0,1.0,1.0,1,0.0,0.0,0.0,1.0,1.0,0.0,0.0,0,1.0,1.0,0.0,0.0,0.0,
0124.jpg,P1,green plant,1.2564798958451127,0.7200890153734958,1.0,0.7494475498598865,0.9060716420944734,0.5662014484405518,0.20513758924821504,0.4067051917232191,1,0.4681179646914311,0.7622018806844193,0.6704619388418998,0.04410925888239237,0.0,0.938969351250601,0.29443516107253087,1,6.686323817776327,0.9060716420944734,0.14155036211013794,0.0974955398145005,0.009835133854701755,0.843750;0.335938;0.906250;0.851562;0.937500;0.886719
0124.jpg,P2,entire plant excluding pot,1.2575162705872955,0.7224676218940458,1.0,0.749710641565058,0.9049395631015531,0.5664874911308289,0.20433498194313549,0.4071554281440858,1,0.46879520704899846,0.7630385730985513,0.6724137931034483,0.04415793589762428,0.0,0.9394460447517212,0.29537471064814813,1,6.676958937449535,0.9049395631015531,0.14162187278270721,0.09787849251170225,0.009824258068308165,0.632812;0.855469;0.349609;0.871094;0.847656;0.917969;0.851562
0124.jpg,P3,leaves and stems,1.2573070066583472,0.7219881158188779,1.0,0.7513603162544861,0.9053769703382375,0.5657933354377747,0.20361128667420667,0.4073174180668774,1,0.46840325908847197,0.7628699032945475,0.6717631750162655,0.04483036777304223,0.0,0.939305317643652,0.2951853057484568,1,6.6183874332085315,0.9053769703382375,0.14144833385944366,0.09822638188030068,0.009820350966044965,0.765625;0.318359;0.800781;0.757812;0.843750;0.796875
0124.jpg,P4,crop seedling,0.5904761904761905,0.0,1.0,0.9523809523809523,1.0,0.0,1.0,1.0,1,0.0,0.0,0.0,1.0,1.0,0.0,0.0,0,1.0,1.0,0.0,0.0,0.0,
0124.jpg,P5,plant body without background,0.5904761904761905,0.0,1.0,0.9523809523809523,1.0,0.0,1.0,1.0,1,0.0,0.0,0.0,1.0,1.0,0.0,0.0,0,1.0,1.0,0.0,0.0,0.0,
0125.jpg,P1,green plant,1.240807363546976,0.7008355187333958,1.0,0.7536435098827121,0.8780238790179616,0.5540997982025146,0.1906270682595771,0.3607814383743413,1,0.46348682237965927,0.7589296034259796,0.6678771871904919,0.045094265311466646,0.0,0.9117184707971788,0.28683002989969136,1,6.537745947168782,0.8780238790179616,0.13852494955062866,0.10491689445050888,0.011087044882418982,0.769531;0.554688;0.625000;0.847656;0.839844;0.851562;0.929688;0.890625
0125.jpg,P2,entire plant excluding pot,1.24262503992158,0.704461268362244,1.0,0.7543815158014628,0.8782146687131703,0.5534102320671082,0.188645729366792,0.3615684851234358,1,0.4645315029327827,0.7602224649020597,0.6718388907230108,0.04567408432254465,0.0,0.9122486518368332,0.2882622010030864,1,6.51178426442725,0.8782146687131703,0.13835255801677704,0.10601883258705073,0.011062911079306154,0.376953;0.318359;0.648438;0.562500;0.310547;0.796875;0.812500;0.890625;0.359375;0.359375;0.808594;0.349609;0.781250
0125.jpg,P3,leaves and stems,1.2420157227026758,0.7021220356696358,1.0,0.7549136320380343,0.878638302240322,0.554400622844696,0.18993524838718676,0.3616674380666945,1,0.46400080414413813,0.7593883466806035,0.6701881809177946,0.045386686851581294,0.0,0.9119701629619823,0.28733820408950617,1,6.4930968937547995,0.878638302240322,0.138600155711174,0.10529904359421273,0.01105988424443775,0.546875;0.375000;0.437500;0.605469;0.589844;0.679688;0.628906;0.613281
0125.jpg,P4,crop seedling,0.5904761904761905,0.0,1.0,0.9523809523809523,1.0,0.0,1.0,1.0,1,0.0,0.0,0.0,1.0,1.0,0.0,0.0,0,1.0,1.0,0.0,0.0,0.0,
0125.jpg,P5,plant body without background,0.5904761904761905,0.0,1.0,0.9523809523809523,1.0,0.0,1.0,1.0,1,0.0,0.0,0.0,1.0,1.0,0.0,0.0,0,1.0,1.0,0.0,0.0,0.0,
0126.jpg,P1,green plant,1.2082415898887982,0.6896481627988746,1.0,0.746694628146498,0.820780401723634,0.47143417596817017,0.21074967947997034,0.3904212675528147,1,0.4625301161613628,0.7505999064969633,0.6565319077848313,0.03388020132938871,0.0,0.9180846588497267,0.28241102430555554,1,6.784711240852925,0.820780401723634,0.11785854399204254,0.0948993139602891,0.010245343510798616,0.326172;0.328125;0.796875;0.730469;0.835938;0.937500;0.351562;0.851562;0.828125
0126.jpg,P2,entire plant excluding pot,1.2097135215805646,0.6929937172800438,1.0,0.746790348635107,0.8216095779432702,0.4715126156806946,0.20944350503720052,0.3905070936696258,1,0.46313226967274146,0.7517725458394893,0.6578683595055128,0.0341001559026953,0.0,0.9182562068873649,0.2837325183256173,1,6.781278087690315,0.8216095779432702,0.11787815392017365,0.09549114448045395,0.010243091776929546,0.312500;0.404297;0.800781;0.734375;0.789062;0.917969;0.437500;0.800781;0.789062;0.371094
0126.jpg,P3,leaves and stems,1.2091666168903925,0.6907515456516643,1.0,0.7479345046362156,0.8210127084299959,0.47186630964279175,0.21037554812270776,0.39050310016229034,1,0.46285360321825886,0.7509866496064634,0.6578683595055128,0.03409013893595391,0.0,0.9181901282579058,0.28284686053240743,1,6.740309313216812,0.8210127084299959,0.11796657741069794,0.09506808266678601,0.010243196528625837,0.675781;0.656250;0.605469;0.699219;0.777344;0.302734;0.671875
0126.jpg,P4,crop seedling,0.5904761904761905,0.0,1.0,0.9523809523809523,1.0,0.0,1.0,1.0,1,0.0,0.0,0.0,1.0,1.0,0.0,0.0,0,1.0,1.0,0.0,0.0,0.0,
0126.jpg,P5,plant body without background,0.5904761904761905,0.0,1.0,0.9523809523809523,1.0,0.0,1.0,1.0,1,0.0,0.0,0.0,1.0,1.0,0.0,0.0,0,1.0,1.0,0.0,0.0,0.0,
0127.jpg,P1,green plant,1.1972778744059223,0.6565814726910455,1.0,0.7462664668763342,0.8668755239278219,0.437653511762619,0.1981660213680331,0.3729083625438157,1,0.45580247935435814,0.7468257598356037,0.644565960355434,0.036855656028797354,0.0,0.8944828735655789,0.269349681712963,1,6.8000786417678505,0.8668755239278219,0.10941337794065475,0.10092547583047087,0.010726495841267199,0.828125;0.789062;0.367188;0.671875;0.921875;0.781250;0.714844
0127.jpg,P2,entire plant excluding pot,1.1984723376950952,0.6601342739099859,1.0,0.7466837349964418,0.86666663960838,0.4375399947166443,0.19612455296907136,0.3718872283171186,1,0.4562674090488049,0.7481117629511783,0.6452494873547505,0.03725552536498089,0.0,0.8946004190153165,0.27075303819444446,1,6.785101995151008,0.86666663960838,0.10938499867916107,0.1019760131876705,0.010755948834545854,0.835938;0.396484;0.804688;0.351562;0.675781;0.929688;0.390625;0.792969;0.703125;0.546875
0127.jpg,P3,leaves and stems,1.196973912534938,0.6563028036607281,1.0,0.7460973672958676,0.8660716505178001,0.43765828013420105,0.19825385622655747,0.37222785232102673,1,0.4557478922132186,0.746724890347243,0.6449077238550923,0.03704581043811496,0.0,0.8942453342920139,0.2692396074459876,1,6.806152757899932,0.8660716505178001,0.10941457003355026,0.10088076156836369,0.010746106114999187,0.742188;0.707031;0.339844;0.601562;0.828125;0.679688;0.632812
0127.jpg,P4,crop seedling,0.5904761904761905,0.0,1.0,0.9523809523809523,1.0,0.0,1.0,1.0,1,0.0,0.0,0.0,1.0,1.0,0.0,0.0,0,1.0,1.0,0.0,0.0,0.0,
0127.jpg,P5,plant body without background,0.5904761904761905,0.0,1.0,0.9523809523809523,1.0,0.0,1.0,1.0,1,0.0,0.0,0.0,1.0,1.0,0.0,0.0,0,1.0,1.0,0.0,0.0,0.0,
0128.jpg,P1,green plant,1.1881455755839205,0.6740378135255509,1.0,0.7459589287332004,0.794481154969879,0.437897652387619,0.11196448466605423,0.44222648974668277,1,0.4576704656606708,0.7559206229074316,0.6453305351521511,0.04467403894581471,0.0,0.9034096299942701,0.2762449363425926,1,6.811127569669725,0.794481154969879,0.10947441309690475,0.17862807174660866,0.009045138843426791,0.781250;0.451172;0.589844;0.714844;0.738281;0.937500;0.683594;0.777344
0128.jpg,P2,entire plant excluding pot,1.189055565225068,0.6785087269495234,1.0,0.7448411774457777,0.7948366291676705,0.43548664450645447,0.11077247518236429,0.44014773811796143,1,0.4583209296111828,0.7575567020718605,0.6474291710388248,0.045642676676782595,0.0,0.9033163610207793,0.27801094714506175,1,6.851361881715973,0.7948366291676705,0.10887166112661362,0.18055026726697296,0.009087857675024524,0.328125;0.800781;0.330078;0.718750;0.500000;0.357422;0.738281;0.949219;0.769531;0.789062
0128.jpg,P3,leaves and stems,1.1883069540475855,0.6745594404399124,1.0,0.7464156906007102,0.7944922410853759,0.43720221519470215,0.11192630322673545,0.44236423266132924,1,0.4577730365834453,0.7561115062561488,0.646030080447709,0.044939042605849557,0.0,0.9033030769496053,0.2764509789737654,1,6.794720759291835,0.7944922410853759,0.10930055379867554,0.17868900717184294,0.009042322377501914,0.396484;0.632812;0.539062;0.363281;0.390625;0.593750;0.765625;0.585938;0.605469
0128.jpg,P4,crop seedling,0.5904761904761905,0.0,1.0,0.9523809523809523,1.0,0.0,1.0,1.0,1,0.0,0.0,0.0,1.0,1.0,0.0,0.0,0,1.0,1.0,0.0,0.0,0.0,
0128.jpg,P5,plant body without background,0.5904761904761905,0.0,1.0,0.9523809523809523,1.0,0.0,1.0,1.0,1,0.0,0.0,0.0,1.0,1.0,0.0,0.0,0,1.0,1.0,0.0,0.0,0.0,
0129.jpg,P1,green plant,1.212261154443465,0.6986952917448037,1.0,0.7396747472453791,0.861812802925653,0.4264325499534607,0.10352127643324889,0.5139080322807777,1,0.4669380760696056,0.7688333548287802,0.6620889049512106,0.04443838316812608,0.0,0.9200191393875246,0.2859846402391975,1,7.038911460046395,0.861812802925653,0.10660813748836517,0.1931969995839079,0.007783493833026078,0.593750;0.339844;0.609375;0.617188;0.933594;0.527344;0.382812;0.761719;0.656250;0.490234;0.337891
0129.jpg,P2,entire plant excluding pot,1.2141299839620685,0.703497067412877,1.0,0.7390713885038315,0.864527384943197,0.42531558871269226,0.10241334571430409,0.508475936967632,1,0.46764769804754897,0.7706163058189346,0.664257318395374,0.0455896068478011,0.0,0.9204255575409489,0.28788134162808643,1,7.060985327124887,0.864527384943197,0.10632889717817307,0.19528704838715757,0.007866645615237103,0.601562;0.632812;0.636719;0.341797;0.894531;0.722656;0.601562;0.455078;0.675781;0.343750
0129.jpg,P3,leaves and stems,0.3904761904761905,0.0,1.0,0.9523809523809523,0.0,0.0,1.0,1.0,1,0.0,0.0,0.0,1.0,1.0,0.0,0.0,0,1.0,0.0,0.0,0.0,0.0,
0129.jpg,P4,crop seedling,0.5904761904761905,0.0,1.0,0.9523809523809523,1.0,0.0,1.0,1.0,1,0.0,0.0,0.0,1.0,1.0,0.0,0.0,0,1.0,1.0,0.0,0.0,0.0,
0129.jpg,P5,plant body without background,0.5904761904761905,0.0,1.0,0.9523809523809523,1.0,0.0,1.0,1.0,1,0.0,0.0,0.0,1.0,1.0,0.0,0.0,0,1.0,1.0,0.0,0.0,0.0,
0130.jpg,P1,green plant,1.19912167836766,0.7086910552430068,1.0,0.7562418622952748,0.8011295681564187,0.3727525472640991,0.11890127982952088,1.0,1,0.4713586717759,0.7864441390929153,0.6170360110803325,0.0400495671193686,0.0,0.9705161123473042,0.2899329668209877,1,6.446565572683141,0.8011295681564187,0.09318813681602478,0.1682067680741178,0.00042747482140035426,0.800781;0.750000;0.941406;0.703125;0.703125
0130.jpg,P2,entire plant excluding pot,1.2014083673112057,0.7133637213822472,1.0,0.7585422481949435,0.8037677068490869,0.37146231532096863,0.11793397511335921,1.0,1,0.47198116896175635,0.7882676324626368,0.6187673130193906,0.0412015227287471,0.0,0.9706983807496734,0.29177866994598767,1,6.3663626483465805,0.8037677068490869,0.09286557883024216,0.16958641460847748,0.0004503892147897901,0.734375;0.843750;0.582031;0.539062;0.683594;0.679688
0130.jpg,P3,leaves and stems,0.5904761904761905,0.0,1.0,0.9523809523809523,1.0,0.0,1.0,1.0,1,0.0,0.0,0.0,1.0,1.0,0.0,0.0,0,1.0,1.0,0.0,0.0,0.0,
0130.jpg,P4,crop seedling,0.5904761904761905,0.0,1.0,0.9523809523809523,1.0,0.0,1.0,1.0,1,0.0,0.0,0.0,1.0,1.0,0.0,0.0,0,1.0,1.0,0.0,0.0,0.0,
0130.jpg,P5,plant body without background,0.5904761904761905,0.0,1.0,0.9523809523809523,1.0,0.0,1.0,1.0,1,0.0,0.0,0.0,1.0,1.0,0.0,0.0,0,1.0,1.0,0.0,0.0,0.0,
0131.jpg,P1,green plant,1.1701022389667772,0.6562970044147522,1.0,0.7529003529754831,0.7585105911052687,0.28755736351013184,0.09919851812695868,1.0,1,0.47904917656565,0.7781793417805026,0.6761211192027596,0.04116584466330701,0.0,0.9733435888496941,0.26923731674382717,1,6.5639402624257555,0.7585105911052687,0.07188934087753296,0.20161591501198747,0.003454742647421011,0.667969;0.355469;0.898438
0131.jpg,P2,entire plant excluding pot,1.1719410189747324,0.6603644124081888,1.0,0.7542685802319402,0.7602794498514936,0.2863098680973053,0.09885927275447652,1.0,1,0.47969655685694673,0.779839327893721,0.6776542736680721,0.04198776045097948,0.0,0.9737135096918523,0.2708439429012346,1,6.515753836451637,0.7602794498514936,0.07157746702432632,0.20230777996588453,0.003516600133185666,0.416016;0.531250
0131.jpg,P3,leaves and stems,1.0189361937521806,0.6568836439287389,1.0,0.754843269550837,0.0,0.28727987408638,0.09925193056622542,1.0,1,0.47913483623898934,0.7784187604589963,0.6765044078190878,0.04141991978824957,0.0,0.9734345260737973,0.26946903935185185,1,6.495566439773424,0.0,0.071819968521595,0.20150741538125636,0.00345177183497354,0.367188;0.523438
0131.jpg,P4,crop seedling,0.5904761904761905,0.0,1.0,0.9523809523809523,1.0,0.0,1.0,1.0,1,0.0,0.0,0.0,1.0,1.0,0.0,0.0,0,1.0,1.0,0.0,0.0,0.0,
0131.jpg,P5,plant body without background,0.5904761904761905,0.0,1.0,0.9523809523809523,1.0,0.0,1.0,1.0,1,0.0,0.0,0.0,1.0,1.0,0.0,0.0,0,1.0,1.0,0.0,0.0,0.0,
0132.jpg,P1,green plant,1.181900812542773,0.685985481129864,1.0,0.7615834090732237,0.7858530108440397,0.2722517251968384,0.07329686988903707,0.6812628809471607,1,0.48076608729397985,0.7891104138453622,0.6939226519337016,0.044793450135811846,0.0,0.9310940014078034,0.2809642650462963,1,6.261076280979051,0.7858530108440397,0.0680629312992096,0.2728629480396322,0.005871448616778878,0.679688;0.355469;0.902344;0.542969
0132.jpg,P2,entire plant excluding pot,1.1822960219315184,0.68903649496015,1.0,0.7598335257921599,0.7863880674673044,0.27083835005760193,0.07315534397852,0.676179414951246,1,0.48107673427607517,0.7903505058870877,0.6942909760589319,0.04549470908287637,0.0,0.9313009424984962,0.2821694155092593,1,6.321555078988016,0.7863880674673044,0.06770958751440048,0.2733908271400164,0.005915589725972964,0.494141;0.687500;0.371094
0132.jpg,P3,leaves and stems,1.1818192511887347,0.6865507550007812,1.0,0.7613897105895677,0.7858769450696229,0.2715098559856415,0.07329817625262813,0.6798169496465788,1,0.48075379785961203,0.7893401707942693,0.6939226519337016,0.04518192911491835,0.0,0.9313323946802701,0.2811875482253086,1,6.267757131250669,0.7858769450696229,0.06787746399641037,0.27285808491425995,0.005883936848116994,0.349609;0.373047;0.640625;0.332031
0132.jpg,P4,crop seedling,0.5904761904761905,0.0,1.0,0.9523809523809523,1.0,0.0,1.0,1.0,1,0.0,0.0,0.0,1.0,1.0,0.0,0.0,0,1.0,1.0,0.0,0.0,0.0,
0132.jpg,P5,plant body without background,0.5904761904761905,0.0,1.0,0.9523809523809523,1.0,0.0,1.0,1.0,1,0.0,0.0,0.0,1.0,1.0,0.0,0.0,0,1.0,1.0,0.0,0.0,0.0,
0133.jpg,P1,green plant,1.1966398834449612,0.7354023822081575,1.0,0.7528568421864047,0.7214228221936276,0.2938544750213623,0.08520319366599832,0.5757962342612915,1,0.49593257912305067,0.800428306100722,0.7354838709677419,0.05286971970851419,0.0,0.9925649112615859,0.3004839409722222,1,6.565475505166588,0.7214228221936276,0.07346361875534058,0.2347329852258967,0.006946901980232184,0.902344
0133.jpg,P2,entire plant excluding pot,1.198458519494914,0.7396904667721518,1.0,0.7558071617219535,0.7222872107939463,0.2924090027809143,0.08499555757518211,0.57216824563406,1,0.49641975108112085,0.8021217858961304,0.7365591397849462,0.05370926949313014,0.0,0.9920926170412402,0.302177734375,1,6.461776247838209,0.7222872107939463,0.07310225069522858,0.23530641565953805,0.00699095070466086,0.828125
0133.jpg,P3,leaves and stems,0.3904761904761905,0.0,1.0,0.9523809523809523,0.0,0.0,1.0,1.0,1,0.0,0.0,0.0,1.0,1.0,0.0,0.0,0,1.0,0.0,0.0,0.0,0.0,
0133.jpg,P4,crop seedling,0.5904761904761905,0.0,1.0,0.9523809523809523,1.0,0.0,1.0,1.0,1,0.0,0.0,0.0,1.0,1.0,0.0,0.0,0,1.0,1.0,0.0,0.0,0.0,
0133.jpg,P5,plant body without background,0.5904761904761905,0.0,1.0,0.9523809523809523,1.0,0.0,1.0,1.0,1,0.0,0.0,0.0,1.0,1.0,0.0,0.0,0,1.0,1.0,0.0,0.0,0.0,
0134.jpg,P1,green plant,1.183128217832084,0.6939493719721832,1.0,0.741414709932079,0.8058603379357014,0.24515175819396973,0.09133257498096045,0.3809597866063129,1,0.48585298222529744,0.7980840577810913,0.7256540697674418,0.0634214320935684,0.0,0.9493225907184647,0.28411000192901237,1,6.975456154400011,0.8058603379357014,0.06128793954849243,0.2189799204081269,0.010499795885631451,0.820312
0134.jpg,P2,entire plant excluding pot,1.1885854701050573,0.7078800764767932,1.0,0.7513199055351756,0.8174462093170414,0.23400411009788513,0.08869699587930348,0.384146323911566,1,0.48645540981967816,0.803857334873852,0.7303779069767442,0.07183026297549333,0.0,0.9518639825066397,0.28961263020833333,1,6.619819137832798,0.8174462093170414,0.05850102752447128,0.2254867800394894,0.010412698888460109,0.550781
0134.jpg,P3,leaves and stems,0.5904761904761905,0.0,1.0,0.9523809523809523,1.0,0.0,1.0,1.0,1,0.0,0.0,0.0,1.0,1.0,0.0,0.0,0,1.0,1.0,0.0,0.0,0.0,
0134.jpg,P4,crop seedling,0.5904761904761905,0.0,1.0,0.9523809523809523,1.0,0.0,1.0,1.0,1,0.0,0.0,0.0,1.0,1.0,0.0,0.0,0,1.0,1.0,0.0,0.0,0.0,
0134.jpg,P5,plant body without background,0.5904761904761905,0.0,1.0,0.9523809523809523,1.0,0.0,1.0,1.0,1,0.0,0.0,0.0,1.0,1.0,0.0,0.0,0,1.0,1.0,0.0,0.0,0.0,
0135.jpg,P1,green plant,1.2205701650327518,0.704415179617909,1.0,0.7514062225749952,0.8607557030885907,0.32069557905197144,0.09850910282056619,0.5179399913344888,1,0.4931156281660587,0.7925081170996071,0.7393520203858756,0.05682255937420398,0.0,0.9970119132399984,0.28824399594907407,1,6.616761212679298,0.8607557030885907,0.08017389476299286,0.20302692266348113,0.007722902395881565,0.847656
0135.jpg,P2,entire plant excluding pot,1.2241497405179391,0.7089993309501484,1.0,0.7568894919005195,0.8650812676985143,0.3209035396575928,0.09823764082335984,0.5169381177481737,1,0.4937750144765841,0.794345643951675,0.740444120859119,0.0573274088360358,0.0,0.9967231998966721,0.29005473572530865,1,6.423936669778295,0.8650812676985143,0.0802258849143982,0.20358795093585166,0.007737870090571653,0.726562
0135.jpg,P3,leaves and stems,1.0491881635210163,0.7067565488748242,1.0,0.7526185510545769,0.0,0.3204483687877655,0.09806934619945211,0.5192362396492937,1,0.4932234697775829,0.7934466395366677,0.7397160538769567,0.057738602999730666,0.0,0.9968983714181618,0.28916883680555555,1,6.573886561759331,0.0,0.08011209219694138,0.2039373236905676,0.007703622541257346,0.324219
0135.jpg,P4,crop seedling,0.5904761904761905,0.0,1.0,0.9523809523809523,1.0,0.0,1.0,1.0,1,0.0,0.0,0.0,1.0,1.0,0.0,0.0,0,1.0,1.0,0.0,0.0,0.0,
0135.jpg,P5,plant body without background,0.5904761904761905,0.0,1.0,0.9523809523809523,1.0,0.0,1.0,1.0,1,0.0,0.0,0.0,1.0,1.0,0.0,0.0,0,1.0,1.0,0.0,0.0,0.0,
0136.jpg,P1,green plant,1.2362806997543014,0.7229608630254727,1.0,0.7518607038692677,0.8678703872997946,0.38088732957839966,0.08920305424616264,0.4059734216518319,1,0.4915648429997146,0.8010418209284169,0.7453821079319087,0.0664683721302087,0.0,0.9697193788608773,0.2955695408950617,1,6.600672035491253,0.8678703872997946,0.09522183239459991,0.22420756967366245,0.00985286175564087,0.847656
0136.jpg,P2,entire plant excluding pot,1.2363339036150403,0.731845918307548,1.0,0.7528522129836096,0.8682498099830399,0.3725699782371521,0.08718724463884354,0.40711968161490175,1,0.49123031971277026,0.8046163956940066,0.7464686707714596,0.07230430986317472,0.0,0.9694151343995755,0.2990791377314815,1,6.5656388532598,0.8682498099830399,0.09314249455928802,0.22939135286183396,0.009825120672460235,0.683594
0136.jpg,P3,leaves and stems,0.3904761904761905,0.0,1.0,0.9523809523809523,0.0,0.0,1.0,1.0,1,0.0,0.0,0.0,1.0,1.0,0.0,0.0,0,1.0,0.0,0.0,0.0,0.0,
0136.jpg,P4,crop seedling,0.5904761904761905,0.0,1.0,0.9523809523809523,1.0,0.0,1.0,1.0,1,0.0,0.0,0.0,1.0,1.0,0.0,0.0,0,1.0,1.0,0.0,0.0,0.0,
0136.jpg,P5,plant body without background,0.5904761904761905,0.0,1.0,0.9523809523809523,1.0,0.0,1.0,1.0,1,0.0,0.0,0.0,1.0,1.0,0.0,0.0,0,1.0,1.0,0.0,0.0,0.0,
0137.jpg,P1,green plant,1.2567282466254666,0.7680136788951398,1.0,0.7445787513253208,0.8399911693538692,0.46756163239479065,0.0897495368667851,0.3566747401283063,1,0.4926992002316424,0.8192753694754342,0.7389302160821821,0.08386728419523404,0.0,0.9810556727901787,0.31336540316358025,1,6.860825620393797,0.8399911693538692,0.11689040809869766,0.22284237555103958,0.011214699416507835,0.875000
0137.jpg,P2,entire plant excluding pot,1.258314022639969,0.7726747465424284,1.0,0.7443635908495854,0.8398106000697629,0.4674488604068756,0.08952258824455946,0.3550431505686641,1,0.49345446306623847,0.8211512141337298,0.7399929153382926,0.08418714612524475,0.0,0.9810895719611377,0.31520652488425926,1,6.868589820698832,0.8398106000697629,0.1168622151017189,0.2234073030301987,0.011266236212678082,0.898438
0137.jpg,P3,leaves and stems,1.089462349316238,0.7692715048249725,1.0,0.7445403579027383,0.0,0.468947172164917,0.08984700498364097,0.35766971216596827,1,0.49291054233771253,0.8197815809767659,0.7389302160821821,0.08383554866344588,0.0,0.9813021470008548,0.3138622444058642,1,6.862210742124287,0.0,0.11723679304122925,0.22260063096862864,0.011183502163985006,0.542969
0137.jpg,P4,crop seedling,0.5904761904761905,0.0,1.0,0.9523809523809523,1.0,0.0,1.0,1.0,1,0.0,0.0,0.0,1.0,1.0,0.0,0.0,0,1.0,1.0,0.0,0.0,0.0,
0137.jpg,P5,plant body without background,0.5904761904761905,0.0,1.0,0.9523809523809523,1.0,0.0,1.0,1.0,1,0.0,0.0,0.0,1.0,1.0,0.0,0.0,0,1.0,1.0,0.0,0.0,0.0,
0138.jpg,P1,green plant,1.1384617267979955,0.6261387887755898,1.0,0.7496078885820722,0.47246492674277535,0.46823856234550476,0.16450763823588352,0.12103291842694718,1,0.47517169350880695,0.8388292111735987,0.6925113464447806,0.08064075563812018,0.0,0.8112165392942298,0.257324821566358,1,6.680615698737093,0.47246492674277535,0.11705964058637619,0.12157490201957968,0.03304886019429758,0.878906
0138.jpg,P2,entire plant excluding pot,1.13662704512637,0.6365359211400219,1.0,0.7442766467764497,0.4823414264652511,0.44806718826293945,0.16254832217029044,0.1227435930092691,1,0.47438280859743764,0.8442368768381285,0.693267776096823,0.09068311982139983,0.0,0.8131663795308454,0.26143168885030865,1,6.871728525437912,0.4823414264652511,0.11201679706573486,0.12304033491682188,0.032588259003449055,0.902344
0138.jpg,P3,leaves and stems,1.139049309780321,0.62662867244882,1.0,0.7503519957201139,0.47238702866539556,0.4699183702468872,0.16518709567651801,0.12117031385173944,1,0.47519209636407755,0.8390840051904954,0.6921331316187594,0.08040600011236165,0.0,0.8105053088973595,0.25751832561728394,1,6.65415713435395,0.47238702866539556,0.1174795925617218,0.12107483286203861,0.03301138598101088,0.515625
0138.jpg,P4,crop seedling,0.5904761904761905,0.0,1.0,0.9523809523809523,1.0,0.0,1.0,1.0,1,0.0,0.0,0.0,1.0,1.0,0.0,0.0,0,1.0,1.0,0.0,0.0,0.0,
0138.jpg,P5,plant body without background,0.5904761904761905,0.0,1.0,0.9523809523809523,1.0,0.0,1.0,1.0,1,0.0,0.0,0.0,1.0,1.0,0.0,0.0,0,1.0,1.0,0.0,0.0,0.0,
0139.jpg,P1,green plant,1.2206107573599354,0.624973750781372,1.0,0.7427092371702873,0.8789688982093176,0.48978710174560547,0.18815023490762656,0.20183672406034628,1,0.47332295977861905,0.8325085665663878,0.672093023255814,0.07722556462264461,0.0,0.8413588668113011,0.256864631558642,1,6.928438477754429,0.8789688982093176,0.12244677543640137,0.1062980336422068,0.019817999021843308,0.902344
0139.jpg,P2,entire plant excluding pot,1.2180809770635594,0.6390347857087044,1.0,0.7412678859742349,0.8771974316457807,0.4694075286388397,0.1847540552240453,0.20217876134965052,1,0.4726994506700474,0.8396983020438027,0.6763565891472868,0.0908593470752171,0.0,0.8431866303077001,0.2624187403549383,1,6.98079922039839,0.8771974316457807,0.11735188215970993,0.10825202172556724,0.019784471787728235,0.691406
0139.jpg,P3,leaves and stems,0.3904761904761905,0.0,1.0,0.9523809523809523,0.0,0.0,1.0,1.0,1,0.0,0.0,0.0,1.0,1.0,0.0,0.0,0,1.0,0.0,0.0,0.0,0.0,
0139.jpg,P4,crop seedling,0.5904761904761905,0.0,1.0,0.9523809523809523,1.0,0.0,1.0,1.0,1,0.0,0.0,0.0,1.0,1.0,0.0,0.0,0,1.0,1.0,0.0,0.0,0.0,
0139.jpg,P5,plant body without background,0.5904761904761905,0.0,1.0,0.9523809523809523,1.0,0.0,1.0,1.0,1,0.0,0.0,0.0,1.0,1.0,0.0,0.0,0,1.0,1.0,0.0,0.0,0.0,
0140.jpg,P1,green plant,1.0868276654881188,0.5245790357868416,1.0,0.7481874090784161,0.6295618796914895,0.3188825845718384,0.11990230072475824,1.0,1,0.4425854836624016,0.7633314760755774,0.6141640866873065,0.08688477455795242,0.0,0.9093536379962006,0.21720871913580247,1,6.731270477586771,0.6295618796914895,0.0797206461429596,0.16680247067077558,0.0,0.898438
0140.jpg,P2,entire plant excluding pot,1.0908382407134982,0.5327126308798249,1.0,0.7520695351794003,0.6461362222968476,0.30027705430984497,0.11976600525374542,1.0,1,0.44459915218031454,0.7672264554576775,0.6157120743034056,0.08704486879356592,0.0,0.913551800335842,0.22042148919753085,1,6.5932856796667805,0.6461362222968476,0.07506926357746124,0.16699229432948415,0.0,0.601562
0140.jpg,P3,leaves and stems,0.9616299550390278,0.5258216005430536,1.0,0.7473385926024776,0.0,0.31826716661453247,0.1207918387825069,1.0,1,0.443344483087015,0.7639265098891668,0.6160990712074303,0.08659695727997156,0.0,0.9105145899246065,0.21769953221450616,1,6.761631471958991,0.0,0.07956679165363312,0.1655741000516701,0.0,0.597656
0140.jpg,P4,crop seedling,0.5904761904761905,0.0,1.0,0.9523809523809523,1.0,0.0,1.0,1.0,1,0.0,0.0,0.0,1.0,1.0,0.0,0.0,0,1.0,1.0,0.0,0.0,0.0,
0140.jpg,P5,plant body without background,0.5904761904761905,0.0,1.0,0.9523809523809523,1.0,0.0,1.0,1.0,1,0.0,0.0,0.0,1.0,1.0,0.0,0.0,0,1.0,1.0,0.0,0.0,0.0,
0141.jpg,P1,green plant,1.1033935053355621,0.5578969248124707,1.0,0.7527647669207969,0.5947600980811627,0.3247552514076233,0.08013432782615806,1.0,1,0.4573580970911514,0.7636297887346875,0.7018927444794952,0.0955073203281391,0.0,0.9239917312614334,0.23036928530092593,1,6.568724891057936,0.5947600980811627,0.08118881285190582,0.24958092920411876,0.0,0.812500
0141.jpg,P2,entire plant excluding pot,0.3904761904761905,0.0,1.0,0.9523809523809523,0.0,0.0,1.0,1.0,1,0.0,0.0,0.0,1.0,1.0,0.0,0.0,0,1.0,0.0,0.0,0.0,0.0,
0141.jpg,P3,leaves and stems,1.1054834276020122,0.5698293312431629,1.0,0.7438509168679228,0.5878896835853004,0.33244696259498596,0.08241674820837198,1.0,1,0.45868004874373774,0.7690235912288554,0.7011041009463722,0.09338063223734518,0.0,0.9133724331449493,0.23508258584104938,1,6.887108083717226,0.5878896835853004,0.08311174064874649,0.24266912290005124,0.002559146281109141,0.554688
0141.jpg,P4,crop seedling,0.5904761904761905,0.0,1.0,0.9523809523809523,1.0,0.0,1.0,1.0,1,0.0,0.0,0.0,1.0,1.0,0.0,0.0,0,1.0,1.0,0.0,0.0,0.0,
0141.jpg,P5,plant body without background,0.5904761904761905,0.0,1.0,0.9523809523809523,1.0,0.0,1.0,1.0,1,0.0,0.0,0.0,1.0,1.0,0.0,0.0,0,1.0,1.0,0.0,0.0,0.0,
0142.jpg,P1,green plant,1.1677416475662397,0.6124864480778246,1.0,0.7605360801098848,0.7749764062726703,0.3673786222934723,0.06502516675405663,0.7541053771201733,1,0.46466613621546926,0.79682938006103,0.7489228358793576,0.11519764780874664,0.0,0.8552903707844842,0.25193214699074074,1,6.2972402270650125,0.7749764062726703,0.09184465557336807,0.30757322123671893,0.005304298472549633,0.925781
0142.jpg,P2,entire plant excluding pot,0.5904761904761905,0.0,1.0,0.9523809523809523,1.0,0.0,1.0,1.0,1,0.0,0.0,0.0,1.0,1.0,0.0,0.0,0,1.0,1.0,0.0,0.0,0.0,
0142.jpg,P3,leaves and stems,0.3904761904761905,0.0,1.0,0.9523809523809523,0.0,0.0,1.0,1.0,1,0.0,0.0,0.0,1.0,1.0,0.0,0.0,0,1.0,0.0,0.0,0.0,0.0,
0142.jpg,P4,crop seedling,0.5904761904761905,0.0,1.0,0.9523809523809523,1.0,0.0,1.0,1.0,1,0.0,0.0,0.0,1.0,1.0,0.0,0.0,0,1.0,1.0,0.0,0.0,0.0,
0142.jpg,P5,plant body without background,0.5904761904761905,0.0,1.0,0.9523809523809523,1.0,0.0,1.0,1.0,1,0.0,0.0,0.0,1.0,1.0,0.0,0.0,0,1.0,1.0,0.0,0.0,0.0,
0143.jpg,P1,green plant,1.187197035618532,0.717013278441944,1.0,0.7436832425742793,0.5696399387377931,0.3244261145591736,0.07462641319539799,0.2600605218135158,1,0.5162445207558941,0.8507518544338976,0.9037548554164868,0.13247228922003582,0.0,0.9554718449507303,0.2932202449845679,1,6.8931701765518705,0.5696399387377931,0.0811065286397934,0.26800162494253904,0.015381035045635722,0.910156
0143.jpg,P2,entire plant excluding pot,1.0713747940015588,0.7234089310829817,1.0,0.7428227967368954,0.0,0.3087003231048584,0.07353876685922937,0.25734788082249266,1,0.5163883838166116,0.85377380939676,0.9050496331463099,0.13573728924110492,0.0,0.9537980333374133,0.29574652777777777,1,6.924321773452402,0.0,0.0771750807762146,0.27196539803672176,0.015543162769461567,0.625000
0143.jpg,P3,leaves and stems,0.5904761904761905,0.0,1.0,0.9523809523809523,1.0,0.0,1.0,1.0,1,0.0,0.0,0.0,1.0,1.0,0.0,0.0,0,1.0,1.0,0.0,0.0,0.0,
0143.jpg,P4,crop seedling,0.5904761904761905,0.0,1.0,0.9523809523809523,1.0,0.0,1.0,1.0,1,0.0,0.0,0.0,1.0,1.0,0.0,0.0,0,1.0,1.0,0.0,0.0,0.0,
0143.jpg,P5,plant body without background,0.5904761904761905,0.0,1.0,0.9523809523809523,1.0,0.0,1.0,1.0,1,0.0,0.0,0.0,1.0,1.0,0.0,0.0,0,1.0,1.0,0.0,0.0,0.0,
0144.jpg,P1,green plant,1.2316664458683513,0.7233091230075012,1.0,0.7452844890460444,0.8469410788318987,0.30684539675712585,0.07213766288387359,0.34826069362109974,1,0.5071904283398371,0.8514832954963316,0.8475609756097561,0.13371356534580278,0.0,0.967243689101058,0.295707103587963,1,6.8353901013018135,0.8469410788318987,0.07671134918928146,0.2772476845028342,0.011485648748956767,0.914062
0144.jpg,P2,entire plant excluding pot,1.225727240372136,0.7363366712572276,1.0,0.7397308812641618,0.8464736870778354,0.2781018316745758,0.06953256158369824,0.3415658898812579,1,0.5055986261173757,0.8575997918081195,0.8483739837398374,0.14516499391879842,0.0,0.9628088008700261,0.3008529851466049,1,7.036859629032976,0.8464736870778354,0.06952545791864395,0.2876350237136806,0.011710771240625232,0.800781
0144.jpg,P3,leaves and stems,0.5904761904761905,0.0,1.0,0.9523809523809523,1.0,0.0,1.0,1.0,1,0.0,0.0,0.0,1.0,1.0,0.0,0.0,0,1.0,1.0,0.0,0.0,0.0,
0144.jpg,P4,crop seedling,0.5904761904761905,0.0,1.0,0.9523809523809523,1.0,0.0,1.0,1.0,1,0.0,0.0,0.0,1.0,1.0,0.0,0.0,0,1.0,1.0,0.0,0.0,0.0,
0144.jpg,P5,plant body without background,0.5904761904761905,0.0,1.0,0.9523809523809523,1.0,0.0,1.0,1.0,1,0.0,0.0,0.0,1.0,1.0,0.0,0.0,0,1.0,1.0,0.0,0.0,0.0,
0145.jpg,P1,green plant,1.200906618822121,0.7808141408813877,1.0,0.7529421165342146,0.4949493141168864,0.27570071816444397,0.09426026253238828,0.4086359029899818,1,0.5400253608827342,0.9256872346824603,0.9450748978665456,0.13626739605530389,0.0,0.8680156594448616,0.31842158564814815,1,6.56246683617568,0.4949493141168864,0.06892517954111099,0.21217848818454016,0.009788665094603948,0.937500
0145.jpg,P2,entire plant excluding pot,1.2000243330047502,0.8028085443037973,1.0,0.7555932048004151,0.5214307475838105,0.22307650744915009,0.08780888485419265,0.413877812523835,1,0.5394425321773156,0.9373016515165631,0.9459827507943713,0.15372721858073343,0.0,0.8722822457775176,0.327109375,1,6.469269274705652,0.5214307475838105,0.05576912686228752,0.22776738405470195,0.009664688173564855,0.914062
0145.jpg,P3,leaves and stems,0.5904761904761905,0.0,1.0,0.9523809523809523,1.0,0.0,1.0,1.0,1,0.0,0.0,0.0,1.0,1.0,0.0,0.0,0,1.0,1.0,0.0,0.0,0.0,
0145.jpg,P4,crop seedling,0.5904761904761905,0.0,1.0,0.9523809523809523,1.0,0.0,1.0,1.0,1,0.0,0.0,0.0,1.0,1.0,0.0,0.0,0,1.0,1.0,0.0,0.0,0.0,
0145.jpg,P5,plant body without background,0.5904761904761905,0.0,1.0,0.9523809523809523,1.0,0.0,1.0,1.0,1,0.0,0.0,0.0,1.0,1.0,0.0,0.0,0,1.0,1.0,0.0,0.0,0.0,
0146.jpg,P1,green plant,1.2288487946792923,0.7189877690850133,1.0,0.7437768829214714,0.7902826468435238,0.20041382312774658,0.13879636638909915,0.7651568873548792,1,0.5381565702837412,0.9089261440869959,0.8891992551210428,0.09945972102331094,0.0,0.8981447023849819,0.29400016878858026,1,6.889784368455047,0.7902826468435238,0.050103455781936646,0.1440959912735206,0.005227686068183822,0.902344
0146.jpg,P2,entire plant excluding pot,1.23421695735997,0.7548612942451944,1.0,0.7563423741603833,0.8106176134852495,0.17594853043556213,0.1226229185755885,0.7855818670764503,1,0.5346629948946923,0.9286353192201517,0.8901303538175046,0.13684901961474707,0.0,0.904718753649125,0.30817021122685184,1,6.443051035190282,0.8106176134852495,0.04398713260889053,0.16310164716615672,0.005091767220755788,0.902344
0146.jpg,P3,leaves and stems,1.0712237840397507,0.719502986306454,1.0,0.7436834582144283,0.0,0.2005118429660797,0.13938391589817992,0.689139508613386,1,0.5384841265423581,0.9092092081684782,0.8901303538175046,0.0991671731053014,0.0,0.8978759192783047,0.29420367959104937,1,6.893162378547012,0.0,0.05012796074151993,0.14348857880137347,0.005804339977616983,0.349609
0146.jpg,P4,crop seedling,0.5904761904761905,0.0,1.0,0.9523809523809523,1.0,0.0,1.0,1.0,1,0.0,0.0,0.0,1.0,1.0,0.0,0.0,0,1.0,1.0,0.0,0.0,0.0,
0146.jpg,P5,plant body without background,0.5904761904761905,0.0,1.0,0.9523809523809523,1.0,0.0,1.0,1.0,1,0.0,0.0,0.0,1.0,1.0,0.0,0.0,0,1.0,1.0,0.0,0.0,0.0,
0147.jpg,P1,green plant,1.1272574002900182,0.6591120805008595,1.0,0.7509979534754082,0.6734975510350005,0.19740702211856842,0.14646442544464114,0.17060790504812265,1,0.471054478864051,0.8264241411074738,0.6538071065989848,0.06001823950838059,0.0,0.8212622214113212,0.2703492717978395,1,6.631231027255934,0.6734975510350005,0.049351755529642105,0.13655193019931902,0.023445572459680205,0.941406
0147.jpg,P2,entire plant excluding pot,1.1381440289271656,0.6955108952570714,1.0,0.7700512619619485,0.7191380337386596,0.182363823056221,0.11584834392904796,0.17862103392202094,1,0.46473122612438544,0.8437838086487255,0.6544839255499154,0.10261987654331443,0.0,0.8238574946134106,0.28472680362654323,1,5.972296894941373,0.7191380337386596,0.04559095576405525,0.17263949851755434,0.02239377923288836,0.902344
0147.jpg,P3,leaves and stems,0.3904761904761905,0.0,1.0,0.9523809523809523,0.0,0.0,1.0,1.0,1,0.0,0.0,0.0,1.0,1.0,0.0,0.0,0,1.0,0.0,0.0,0.0,0.0,
0147.jpg,P4,crop seedling,0.5904761904761905,0.0,1.0,0.9523809523809523,1.0,0.0,1.0,1.0,1,0.0,0.0,0.0,1.0,1.0,0.0,0.0,0,1.0,1.0,0.0,0.0,0.0,
0147.jpg,P5,plant body without background,0.5904761904761905,0.0,1.0,0.9523809523809523,1.0,0.0,1.0,1.0,1,0.0,0.0,0.0,1.0,1.0,0.0,0.0,0,1.0,1.0,0.0,0.0,0.0,
0148.jpg,P1,green plant,1.1378443662804048,0.6438304569073292,1.0,0.7398623039650675,0.7430912364002265,0.18921904265880585,0.2194369735702882,0.12601882535531062,1,0.47464375829411903,0.8133189844906732,0.665227499169711,0.03213128752306919,0.0,0.7988055012875623,0.26431303047839505,1,7.032057036581089,0.7430912364002265,0.04730476066470146,0.09114234340091174,0.03174128935674478,0.937500
0148.jpg,P2,entire plant excluding pot,1.1525380945799226,0.6739358688857633,1.0,0.7646169266509171,0.7807096138853241,0.1949513554573059,0.20151929910981317,0.13134498129541775,1,0.4696953416040604,0.8274154361533668,0.6662238458983726,0.06566134951758046,0.0,0.7987805154394911,0.27620466820987655,1,6.156888898080756,0.7807096138853241,0.04873783886432648,0.09924607761314946,0.03045415181112481,0.871094
0148.jpg,P3,leaves and stems,0.5904761904761905,0.0,1.0,0.9523809523809523,1.0,0.0,1.0,1.0,1,0.0,0.0,0.0,1.0,1.0,0.0,0.0,0,1.0,1.0,0.0,0.0,0.0,
0148.jpg,P4,crop seedling,0.5904761904761905,0.0,1.0,0.9523809523809523,1.0,0.0,1.0,1.0,1,0.0,0.0,0.0,1.0,1.0,0.0,0.0,0,1.0,1.0,0.0,0.0,0.0,
0148.jpg,P5,plant body without background,0.5904761904761905,0.0,1.0,0.9523809523809523,1.0,0.0,1.0,1.0,1,0.0,0.0,0.0,1.0,1.0,0.0,0.0,0,1.0,1.0,0.0,0.0,0.0,
0149.jpg,P1,green plant,1.1152292129014674,0.6343389225855602,1.0,0.7175257305347713,0.534041425618597,0.2151985913515091,0.3987860503736507,1.0,1,0.4950082788833798,0.8069388642008972,0.6575768035899207,0.013751023148488748,0.0,0.9834115871142668,0.2605638744212963,1,7.873564875637305,0.534041425618597,0.053799647837877274,0.05015220562820739,0.003250940093585987,0.906250
0149.jpg,P2,entire plant excluding pot,1.1293866139105506,0.6604077541412721,1.0,0.7353285483328443,0.5491307101291687,0.21079206466674805,0.40867508890647314,1.0,1,0.49825479845654386,0.8190687396058348,0.6582671729375216,0.016890631746215443,0.0,0.9815983798961248,0.2708610628858025,1,7.198726399708691,0.5491307101291687,0.05269801616668701,0.04893863252961102,0.0031820994111179854,0.863281
0149.jpg,P3,leaves and stems,1.0084009785136376,0.6342134757383966,1.0,0.7177867431962272,0.0,0.21477659046649933,0.39908208589976824,1.0,1,0.49504561663341307,0.8068804935515345,0.6579219882637211,0.013776778152637205,0.0,0.9834451944869738,0.26051432291666665,1,7.863429061035805,0.0,0.05369414761662483,0.0501150031701075,0.003230270130182663,0.601562
0149.jpg,P4,crop seedling,0.5904761904761905,0.0,1.0,0.9523809523809523,1.0,0.0,1.0,1.0,1,0.0,0.0,0.0,1.0,1.0,0.0,0.0,0,1.0,1.0,0.0,0.0,0.0,
0149.jpg,P5,plant body without background,0.5904761904761905,0.0,1.0,0.9523809523809523,1.0,0.0,1.0,1.0,1,0.0,0.0,0.0,1.0,1.0,0.0,0.0,0,1.0,1.0,0.0,0.0,0.0,
0150.jpg,P1,green plant,1.167201535275542,0.6312708162408189,1.0,0.7197449155551432,0.8437116818841782,0.2331770658493042,0.30748336561345335,0.7608697497568309,1,0.48162063936965316,0.7902451035949247,0.6300597213005972,0.018898561665773354,0.0,0.9729367177705406,0.2593519724151235,1,7.787622486466457,0.8437116818841782,0.05829426646232605,0.06504416900764189,0.005257141582088623,0.957031
0150.jpg,P2,entire plant excluding pot,1.1763219121356343,0.6600652934052195,1.0,0.7420155954269656,0.8537543355761751,0.21117745339870453,0.31672374397021075,0.7850054186331061,1,0.4829193765742212,0.802973732925322,0.6307232913072329,0.028935545987812113,0.0,0.9702904141140017,0.2707257908950617,1,6.953611383992186,0.8537543355761751,0.05279436334967613,0.06314651294940833,0.005095506228434724,0.894531
0150.jpg,P3,leaves and stems,0.3904761904761905,0.0,1.0,0.9523809523809523,0.0,0.0,1.0,1.0,1,0.0,0.0,0.0,1.0,1.0,0.0,0.0,0,1.0,0.0,0.0,0.0,0.0,
0150.jpg,P4,crop seedling,0.5904761904761905,0.0,1.0,0.9523809523809523,1.0,0.0,1.0,1.0,1,0.0,0.0,0.0,1.0,1.0,0.0,0.0,0,1.0,1.0,0.0,0.0,0.0,
0150.jpg,P5,plant body without background,0.5904761904761905,0.0,1.0,0.9523809523809523,1.0,0.0,1.0,1.0,1,0.0,0.0,0.0,1.0,1.0,0.0,0.0,0,1.0,1.0,0.0,0.0,0.0,
0151.jpg,P1,green plant,1.1327237207538507,0.6260331814541333,1.0,0.7251280969763247,0.8349723930557423,0.235331729054451,0.2588968420541813,0.4853881496645059,1,0.44843064064572047,0.7620776257390092,0.5248464544946957,0.024812453930606666,0.0,0.9467484600720404,0.2572831066743827,1,7.581333675245788,0.8349723930557423,0.05883293226361275,0.0772508457087107,0.008240827475423018,0.945312
0151.jpg,P2,entire plant excluding pot,1.1428081569304442,0.6584521873534928,1.0,0.7445760595570939,0.8498523452181583,0.21471597254276276,0.2676331163012962,0.5050381558924646,1,0.4492888439961426,0.7751217661059162,0.5256839754327192,0.03611470822324385,0.0,0.9420752274815561,0.27008861400462963,1,6.8609227268156685,0.8498523452181583,0.05367899313569069,0.07472916758733394,0.007920193659291955,0.632812
0151.jpg,P3,leaves and stems,0.5904761904761905,0.0,1.0,0.9523809523809523,1.0,0.0,1.0,1.0,1,0.0,0.0,0.0,1.0,1.0,0.0,0.0,0,1.0,1.0,0.0,0.0,0.0,
0151.jpg,P4,crop seedling,0.5904761904761905,0.0,1.0,0.9523809523809523,1.0,0.0,1.0,1.0,1,0.0,0.0,0.0,1.0,1.0,0.0,0.0,0,1.0,1.0,0.0,0.0,0.0,
0151.jpg,P5,plant body without background,0.5904761904761905,0.0,1.0,0.9523809523809523,1.0,0.0,1.0,1.0,1,0.0,0.0,0.0,1.0,1.0,0.0,0.0,0,1.0,1.0,0.0,0.0,0.0,
0152.jpg,P1,green plant,1.0614944998210307,0.5453299587826221,1.0,0.7240762329081442,0.5227585907865675,0.2276734709739685,1.0,1.0,1,0.4575268491307703,0.7537074963048525,0.5303125,0.000151369114923925,0.0,0.9831838615854911,0.2254053337191358,1,7.621401022476576,0.5227585907865675,0.056918367743492126,0.0,0.0,0.914062
0152.jpg,P2,entire plant excluding pot,0.3904761904761905,0.0,1.0,0.9523809523809523,0.0,0.0,1.0,1.0,1,0.0,0.0,0.0,1.0,1.0,0.0,0.0,0,1.0,0.0,0.0,0.0,0.0,
0152.jpg,P3,leaves and stems,0.9570863920187851,0.5454242728355994,1.0,0.7241119130999706,0.0,0.2278895229101181,1.0,1.0,1,0.4576012502496475,0.7537494280188527,0.5309375,0.0001727354938283159,0.0,0.9827202109119757,0.22544258777006174,1,7.620039994064851,0.0,0.056972380727529526,0.0,0.0,0.302734
0152.jpg,P4,crop seedling,0.5904761904761905,0.0,1.0,0.9523809523809523,1.0,0.0,1.0,1.0,1,0.0,0.0,0.0,1.0,1.0,0.0,0.0,0,1.0,1.0,0.0,0.0,0.0,
0152.jpg,P5,plant body without background,0.5904761904761905,0.0,1.0,0.9523809523809523,1.0,0.0,1.0,1.0,1,0.0,0.0,0.0,1.0,1.0,0.0,0.0,0,1.0,1.0,0.0,0.0,0.0,
0153.jpg,P1,green plant,1.062066326624943,0.45999558036411936,1.0,0.7268578135036422,0.7965633097746782,0.21209816634655,1.0,1.0,1,0.422963352627145,0.6787788605805039,0.47518382352941174,7.547065386516664e-06,0.0,0.998599273082905,0.19169825424382717,1,7.515697882636552,0.7965633097746782,0.0530245415866375,0.0,0.0,0.953125
0153.jpg,P2,entire plant excluding pot,0.9120177595580863,0.4761962318330989,1.0,0.747323197503391,0.0,0.21331506967544556,1.0,1.0,1,0.42465085975569916,0.6847468436410475,0.47579656862745096,2.1301198953198224e-05,0.0,0.9935247248807729,0.19809751157407407,1,6.762182770205324,0.0,0.05332876741886139,0.0,0.0,0.839844
0153.jpg,P3,leaves and stems,0.3904761904761905,0.0,1.0,0.9523809523809523,0.0,0.0,1.0,1.0,1,0.0,0.0,0.0,1.0,1.0,0.0,0.0,0,1.0,0.0,0.0,0.0,0.0,
0153.jpg,P4,crop seedling,0.5904761904761905,0.0,1.0,0.9523809523809523,1.0,0.0,1.0,1.0,1,0.0,0.0,0.0,1.0,1.0,0.0,0.0,0,1.0,1.0,0.0,0.0,0.0,
0153.jpg,P5,plant body without background,0.5904761904761905,0.0,1.0,0.9523809523809523,1.0,0.0,1.0,1.0,1,0.0,0.0,0.0,1.0,1.0,0.0,0.0,0,1.0,1.0,0.0,0.0,0.0,
0154.jpg,P1,green plant,1.0025041485062034,0.4224411895413346,1.0,0.7274677770366182,0.6959213076047828,0.22205068171024323,1.0,1.0,1,0.38892795732760754,0.632811935576683,0.4101356964829687,0.0004437679236910039,0.0,0.9375248488594147,0.17686426986882717,1,7.492626658284642,0.6959213076047828,0.055512670427560806,0.0,0.0,0.957031
0154.jpg,P2,entire plant excluding pot,1.0174888532136452,0.4389513376113455,1.0,0.7480014014815117,0.7135845512974649,0.2359289526939392,1.0,1.0,1,0.3901956045967929,0.6377091042686269,0.41068955967875936,0.00043784823233568364,0.0,0.9320465183029751,0.18338577835648148,1,6.737917817249355,0.7135845512974649,0.0589822381734848,0.0,0.0,0.318359
0154.jpg,P3,leaves and stems,0.5904761904761905,0.0,1.0,0.9523809523809523,1.0,0.0,1.0,1.0,1,0.0,0.0,0.0,1.0,1.0,0.0,0.0,0,1.0,1.0,0.0,0.0,0.0,
0154.jpg,P4,crop seedling,0.5904761904761905,0.0,1.0,0.9523809523809523,1.0,0.0,1.0,1.0,1,0.0,0.0,0.0,1.0,1.0,0.0,0.0,0,1.0,1.0,0.0,0.0,0.0,
0154.jpg,P5,plant body without background,0.5904761904761905,0.0,1.0,0.9523809523809523,1.0,0.0,1.0,1.0,1,0.0,0.0,0.0,1.0,1.0,0.0,0.0,0,1.0,1.0,0.0,0.0,0.0,
0155.jpg,P1,green plant,1.02442601546093,0.45487759317862164,1.0,0.732030962194641,0.7229765954142926,0.19942960143089294,1.0,1.0,1,0.4025630650172404,0.6466538126818195,0.4345254857786539,0.00025297885783223813,0.0,0.9809553679579551,0.18967664930555556,1,7.321248735216974,0.7229765954142926,0.049857400357723236,0.0,0.0,0.941406
0155.jpg,P2,entire plant excluding pot,1.034331957954107,0.46845729068995157,1.0,0.7474299394994564,0.7302992834198716,0.20291167497634888,1.0,1.0,1,0.40451232023698136,0.6508011244191657,0.4345254857786539,0.0002460214681547463,0.0,0.9859114569056207,0.19504062982253087,1,6.75836080823004,0.7302992834198716,0.05072791874408722,0.0,0.0,0.828125
0155.jpg,P3,leaves and stems,0.8775349147245582,0.450929222339428,1.0,0.7272187794203812,0.0,0.19981031119823456,1.0,1.0,1,0.40194325213294946,0.6454479592590079,0.43424387496479866,0.00025507620882409866,0.0,0.979490917612802,0.18811704282407407,1,7.502040054494605,0.0,0.04995257779955864,0.0,0.0,0.498047
0155.jpg,P4,crop seedling,0.5904761904761905,0.0,1.0,0.9523809523809523,1.0,0.0,1.0,1.0,1,0.0,0.0,0.0,1.0,1.0,0.0,0.0,0,1.0,1.0,0.0,0.0,0.0,
0155.jpg,P5,plant body without background,0.5904761904761905,0.0,1.0,0.9523809523809523,1.0,0.0,1.0,1.0,1,0.0,0.0,0.0,1.0,1.0,0.0,0.0,0,1.0,1.0,0.0,0.0,0.0,
0156.jpg,P1,green plant,1.0834773526737445,0.5625576872362869,1.0,0.7422609054481613,0.718753192609649,0.26333799958229065,1.0,1.0,1,0.42609539569846683,0.6792881254831171,0.50867902324213,5.191986687746133e-07,0.0,0.9678248335539308,0.23221028645833333,1,6.944703477174819,0.718753192609649,0.06583449989557266,0.0,0.0,0.937500
0156.jpg,P2,entire plant excluding pot,1.090043359718159,0.5751270950539147,1.0,0.7526870284769615,0.737569612400095,0.24462051689624786,1.0,1.0,1,0.4280425091527151,0.6831215064765623,0.5101500441306267,5.083300037718086e-07,0.0,0.9712312644140663,0.2371752025462963,1,6.571468941705256,0.737569612400095,0.061155129224061966,0.0,0.0,0.636719
0156.jpg,P3,leaves and stems,0.3904761904761905,0.0,1.0,0.9523809523809523,0.0,0.0,1.0,1.0,1,0.0,0.0,0.0,1.0,1.0,0.0,0.0,0,1.0,0.0,0.0,0.0,0.0,
0156.jpg,P4,crop seedling,0.5904761904761905,0.0,1.0,0.9523809523809523,1.0,0.0,1.0,1.0,1,0.0,0.0,0.0,1.0,1.0,0.0,0.0,0,1.0,1.0,0.0,0.0,0.0,
0156.jpg,P5,plant body without background,0.5904761904761905,0.0,1.0,0.9523809523809523,1.0,0.0,1.0,1.0,1,0.0,0.0,0.0,1.0,1.0,0.0,0.0,0,1.0,1.0,0.0,0.0,0.0,
0157.jpg,P1,green plant,1.1450317078966212,0.7849129868924831,1.0,0.7396804508416502,0.5118022553316345,0.4415130317211151,1.0,0.36572796472979024,1,0.4494499629392448,0.7145029321233564,0.5649686733859983,0.0,0.0,0.9767957548659033,0.32004062982253084,1,7.0387029659130125,0.5118022553316345,0.11037825793027878,0.0,0.010937090913885431,0.929688
0157.jpg,P2,entire plant excluding pot,1.1529124258996837,0.8057164083255195,1.0,0.7515441965436122,0.5354564860104374,0.4161583483219147,1.0,0.3704735857400415,1,0.4511373380593869,0.7200105015364436,0.5671479160991555,0.0,0.0,0.9704703762378365,0.32825798128858025,1,6.611874713398041,0.5354564860104374,0.10403958708047867,0.0,0.010796991078351182,0.671875
0157.jpg,P3,leaves and stems,0.5904761904761905,0.0,1.0,0.9523809523809523,1.0,0.0,1.0,1.0,1,0.0,0.0,0.0,1.0,1.0,0.0,0.0,0,1.0,1.0,0.0,0.0,0.0,
0157.jpg,P4,crop seedling,0.5904761904761905,0.0,1.0,0.9523809523809523,1.0,0.0,1.0,1.0,1,0.0,0.0,0.0,1.0,1.0,0.0,0.0,0,1.0,1.0,0.0,0.0,0.0,
0157.jpg,P5,plant body without background,0.5904761904761905,0.0,1.0,0.9523809523809523,1.0,0.0,1.0,1.0,1,0.0,0.0,0.0,1.0,1.0,0.0,0.0,0,1.0,1.0,0.0,0.0,0.0,
0158.jpg,P1,green plant,1.1802809180624076,0.9652591591459603,1.0,0.7731430200115934,0.6291915753046956,0.3435951769351959,1.0,0.32246122509811714,1,0.43804313178291876,0.7226243434442519,0.5093994778067885,0.0,0.0,0.9343270557220866,0.3912773678626543,1,5.8684350531937755,0.6291915753046956,0.08589879423379898,0.0,0.012404592207273593,0.953125
0158.jpg,P2,entire plant excluding pot,1.1934044452207218,0.9812531743241133,1.0,0.7851336580788458,0.6892528973151423,0.27632632851600647,1.0,0.28974457361878747,1,0.44701123357390016,0.734645290119269,0.5355091383812011,0.0,0.0,0.9349373712353981,0.4124049961419753,1,5.473369781316302,0.6892528973151423,0.06908158212900162,0.0,0.013805262856320959,0.847656
0158.jpg,P3,leaves and stems,0.5904761904761905,0.0,1.0,0.9523809523809523,1.0,0.0,1.0,1.0,1,0.0,0.0,0.0,1.0,1.0,0.0,0.0,0,1.0,1.0,0.0,0.0,0.0,
0158.jpg,P4,crop seedling,0.5904761904761905,0.0,1.0,0.9523809523809523,1.0,0.0,1.0,1.0,1,0.0,0.0,0.0,1.0,1.0,0.0,0.0,0,1.0,1.0,0.0,0.0,0.0,
0158.jpg,P5,plant body without background,0.5904761904761905,0.0,1.0,0.9523809523809523,1.0,0.0,1.0,1.0,1,0.0,0.0,0.0,1.0,1.0,0.0,0.0,0,1.0,1.0,0.0,0.0,0.0,
0159.jpg,P1,green plant,1.2382179362896035,0.9737523074894516,1.0,0.7626533780941618,0.792321131888862,0.23561622202396393,1.0,0.1627832927780009,1,0.48534932839031564,0.8360669857840839,0.516710182767624,0.0,0.0,0.99718050467714,0.41536783854166665,1,6.224233150293187,0.792321131888862,0.05890405550599098,0.0,0.024572546308269383,0.933594
0159.jpg,P2,entire plant excluding pot,1.24306716732813,0.9118499350484451,1.0,0.7797813211829777,0.8086768622975735,0.21940307319164276,1.0,0.1706384610886979,1,0.49912492898400207,0.8558502236917369,0.5577023498694517,0.0,0.0,0.9919092771539288,0.4398192756558642,1,5.648216309745318,0.8086768622975735,0.05485076829791069,0.0,0.023441374086940456,0.925781
0159.jpg,P3,leaves and stems,0.5904761904761905,0.0,1.0,0.9523809523809523,1.0,0.0,1.0,1.0,1,0.0,0.0,0.0,1.0,1.0,0.0,0.0,0,1.0,1.0,0.0,0.0,0.0,
0159.jpg,P4,crop seedling,0.5904761904761905,0.0,1.0,0.9523809523809523,1.0,0.0,1.0,1.0,1,0.0,0.0,0.0,1.0,1.0,0.0,0.0,0,1.0,1.0,0.0,0.0,0.0,
0159.jpg,P5,plant body without background,0.5904761904761905,0.0,1.0,0.9523809523809523,1.0,0.0,1.0,1.0,1,0.0,0.0,0.0,1.0,1.0,0.0,0.0,0,1.0,1.0,0.0,0.0,0.0,
0160.jpg,P1,green plant,1.1891450118554905,0.9294561406079074,1.0,0.7380749699689221,0.6358490138747626,0.2545081079006195,1.0,0.20385539028006322,1,0.4775673653850482,0.8030126613766597,0.5720626631853786,0.0,0.0,0.9354165452984913,0.37713517554012344,1,7.097518292541656,0.6358490138747626,0.06362702697515488,0.0,0.019621752431979694,0.906250
0160.jpg,P2,entire plant excluding pot,1.206996747044023,0.9583711810439131,1.0,0.7499246117852825,0.6788908621404165,0.23276644945144653,1.0,0.20705046416755005,1,0.48300612615981126,0.812189321232885,0.5869451697127938,0.0013711492085871982,0.0,0.9350107794257482,0.3885566165123457,1,6.669347405984822,0.6788908621404165,0.05819161236286163,0.0,0.019318961761723496,0.808594
0160.jpg,P3,leaves and stems,1.0630789880832054,0.9322104772230035,1.0,0.7411494149156764,0.0,0.253211110830307,1.0,0.20242186088527553,1,0.47776478748940815,0.8038867950408413,0.5715404699738903,0.0,0.0,0.9352712462981345,0.3782231385030864,1,6.985112040161945,0.0,0.06330277770757675,0.0,0.019760711528420526,0.335938
0160.jpg,P4,crop seedling,0.5904761904761905,0.0,1.0,0.9523809523809523,1.0,0.0,1.0,1.0,1,0.0,0.0,0.0,1.0,1.0,0.0,0.0,0,1.0,1.0,0.0,0.0,0.0,
0160.jpg,P5,plant body without background,0.5904761904761905,0.0,1.0,0.9523809523809523,1.0,0.0,1.0,1.0,1,0.0,0.0,0.0,1.0,1.0,0.0,0.0,0,1.0,1.0,0.0,0.0,0.0,
0161.jpg,P1,green plant,1.15153492576677,0.7992151483630254,1.0,0.7141733024897703,0.7536773896602605,0.23039567470550537,1.0,0.4084062287398897,1,0.4520426227230576,0.7252869707817784,0.585423197492163,0.00016732046273732574,0.0,0.9286620353966698,0.3256899836033951,1,8.00440723599644,0.7536773896602605,0.05759891867637634,0.0,0.009794169918372045,0.902344
0161.jpg,P2,entire plant excluding pot,1.1617269887013009,0.8257405942334739,1.0,0.7271408318257757,0.7724017692315177,0.20867253839969635,1.0,0.4151430060299263,1,0.45493584196320813,0.7325345248104778,0.5924764890282131,0.0031947690140400557,0.0,0.9286142095867459,0.3361675347222222,1,7.504988201229273,0.7724017692315177,0.05216813459992409,0.0,0.009635233984193999,0.498047
0161.jpg,P3,leaves and stems,1.142626158559005,0.7910669025433661,1.0,0.7357781270168712,0.7508952043078262,0.2349427491426468,1.0,0.4056735297463315,1,0.44008956195686294,0.7230606235940429,0.5245559038662487,0.00021385519984058068,0.0,0.9266243756297535,0.3224714265046296,1,7.182107303308576,0.7508952043078262,0.0587356872856617,0.0,0.009860145429013346,0.496094
0161.jpg,P4,crop seedling,0.5904761904761905,0.0,1.0,0.9523809523809523,1.0,0.0,1.0,1.0,1,0.0,0.0,0.0,1.0,1.0,0.0,0.0,0,1.0,1.0,0.0,0.0,0.0,
0161.jpg,P5,plant body without background,0.5904761904761905,0.0,1.0,0.9523809523809523,1.0,0.0,1.0,1.0,1,0.0,0.0,0.0,1.0,1.0,0.0,0.0,0,1.0,1.0,0.0,0.0,0.0,
0162.jpg,P1,green plant,1.1639396379598042,0.7394737581067354,1.0,0.7076985234863735,0.8743643470651525,0.27739009261131287,1.0,0.5081985599837744,1,0.44415429370588944,0.7205092439400447,0.563569360357989,0.0,0.0,0.9053357346243577,0.3020921344521605,1,8.260621346887824,0.8743643470651525,0.06934752315282822,0.0,0.007870939264620723,0.906250
0162.jpg,P2,entire plant excluding pot,1.1724487475051668,0.7646318028207532,1.0,0.725022232688734,0.8847877284904677,0.24315795302391052,1.0,0.5144556974606173,1,0.4489288041003938,0.7277629735495181,0.5756778099499869,0.0,0.0,0.9058975756706487,0.3120295621141975,1,7.5853609700081925,0.8847877284904677,0.06078948825597763,0.0,0.007775207893982376,0.894531
0162.jpg,P3,leaves and stems,1.16074892847677,0.7361376655532114,1.0,0.7359831991513529,0.8907035152905428,0.27276885509490967,1.0,0.5065468020304569,1,0.4336302814587668,0.7195473602320489,0.5075019742037378,0.0,0.0,0.9043835002087689,0.3007743778935185,1,7.174533363073492,0.8907035152905428,0.06819221377372742,0.0,0.00789660498095395,0.349609;0.652344
0162.jpg,P4,crop seedling,0.5904761904761905,0.0,1.0,0.9523809523809523,1.0,0.0,1.0,1.0,1,0.0,0.0,0.0,1.0,1.0,0.0,0.0,0,1.0,1.0,0.0,0.0,0.0,
0162.jpg,P5,plant body without background,0.5904761904761905,0.0,1.0,0.9523809523809523,1.0,0.0,1.0,1.0,1,0.0,0.0,0.0,1.0,1.0,0.0,0.0,0,1.0,1.0,0.0,0.0,0.0,
0163.jpg,P1,green plant,1.1559960165296923,0.7104219775550866,1.0,0.7056277861717831,0.8849519824884754,0.27378353476524353,1.0,0.4226892288808031,1,0.4410389603335745,0.7196964905120474,0.5620457604306864,0.0,0.0,0.8797695177683438,0.29061668113425926,1,8.343555046925344,0.8849519824884754,0.06844588369131088,0.0,0.00946321724495134,0.914062
0163.jpg,P2,entire plant excluding pot,1.1655393723861949,0.7388135597358962,1.0,0.727805687465083,0.8993880977685694,0.2321166843175888,1.0,0.4310451101928375,1,0.4459145665287673,0.7281744096791134,0.5711978465679677,0.0,0.0,0.8823791075884345,0.301831356095679,1,7.47986220011439,0.8993880977685694,0.0580291710793972,0.0,0.009279771201233468,0.871094
0163.jpg,P3,leaves and stems,1.151895183067132,0.7065096230856384,1.0,0.7238105098475595,0.8983521205840002,0.27472174167633057,1.0,0.41705914072012523,1,0.4312163840284264,0.7185282349096065,0.5103633916554509,0.0,0.0,0.8786609131208301,0.2890713011188272,1,7.631541305212832,0.8983521205840002,0.06868043541908264,0.0,0.009590965907361013,0.480469
0163.jpg,P4,crop seedling,0.5904761904761905,0.0,1.0,0.9523809523809523,1.0,0.0,1.0,1.0,1,0.0,0.0,0.0,1.0,1.0,0.0,0.0,0,1.0,1.0,0.0,0.0,0.0,
0163.jpg,P5,plant body without background,0.5904761904761905,0.0,1.0,0.9523809523809523,1.0,0.0,1.0,1.0,1,0.0,0.0,0.0,1.0,1.0,0.0,0.0,0,1.0,1.0,0.0,0.0,0.0,
0164.jpg,P1,green plant,1.1619035324831568,0.7145910249648382,1.0,0.705910117301563,0.9377341936683692,0.2849307656288147,1.0,0.43317400044672777,1,0.4332703121704398,0.7015117768198986,0.5557324840764332,0.0,0.0,0.8770934314971732,0.2922634548611111,1,8.33221894658871,0.9377341936683692,0.07123269140720367,0.0,0.009234164552523565,0.910156
0164.jpg,P2,entire plant excluding pot,1.1680247898304716,0.7445020095913424,1.0,0.7255276069912555,0.9418026072778134,0.23826831579208374,1.0,0.4415136980306346,1,0.43800468189997277,0.7096579515999328,0.5639596602972399,0.0,0.0,0.8811165998649313,0.30407829378858026,1,7.566146080835556,0.9418026072778134,0.059567078948020935,0.0,0.009059741561455378,0.917969
0164.jpg,P3,leaves and stems,1.1637752112798618,0.7204589462220659,1.0,0.7163978514410518,0.9331946313549,0.27831971645355225,1.0,0.4399504839072699,1,0.4341009821855477,0.7031098891105418,0.5570594479830149,0.0,0.0,0.877418203599154,0.29458128375771603,1,7.917448328145472,0.9331946313549,0.06957992911338806,0.0,0.009091932265820842,0.695312
0164.jpg,P4,crop seedling,0.5904761904761905,0.0,1.0,0.9523809523809523,1.0,0.0,1.0,1.0,1,0.0,0.0,0.0,1.0,1.0,0.0,0.0,0,1.0,1.0,0.0,0.0,0.0,
0164.jpg,P5,plant body without background,0.5904761904761905,0.0,1.0,0.9523809523809523,1.0,0.0,1.0,1.0,1,0.0,0.0,0.0,1.0,1.0,0.0,0.0,0,1.0,1.0,0.0,0.0,0.0,
0165.jpg,P1,green plant,1.1595187075473379,0.727956455598531,1.0,0.7050332881314801,0.8761498975077804,0.30959978699684143,1.0,0.685919677598666,1,0.4357708219004113,0.7037438780386079,0.553898482469911,0.0,0.0,0.8975873774231458,0.29754279996141975,1,8.367454894229395,0.8761498975077804,0.07739994674921036,0.0,0.005831586599182557,0.929688
0165.jpg,P2,entire plant excluding pot,1.168614354537169,0.7569111750859508,1.0,0.7215456046164012,0.8939913139996574,0.26901429891586304,1.0,0.6981687666008308,1,0.44032187601359446,0.7115754975584804,0.5630559916274201,0.0,0.0,0.899203733751907,0.3089799141589506,1,7.718275701551393,0.8939913139996574,0.06725357472896576,0.0,0.005729273767823746,0.875000
0165.jpg,P3,leaves and stems,1.1538170103367102,0.7255396961439287,1.0,0.7330398776902081,0.8781524884564044,0.3050693869590759,1.0,0.6839566275109474,1,0.42545672048678695,0.7030901973656619,0.4981684981684982,0.0,0.0,0.8970482173847558,0.29658817997685183,1,7.283645281372065,0.8781524884564044,0.07626734673976898,0.0,0.00584832405902226,0.570312
0165.jpg,P4,crop seedling,0.5904761904761905,0.0,1.0,0.9523809523809523,1.0,0.0,1.0,1.0,1,0.0,0.0,0.0,1.0,1.0,0.0,0.0,0,1.0,1.0,0.0,0.0,0.0,
0165.jpg,P5,plant body without background,0.5904761904761905,0.0,1.0,0.9523809523809523,1.0,0.0,1.0,1.0,1,0.0,0.0,0.0,1.0,1.0,0.0,0.0,0,1.0,1.0,0.0,0.0,0.0,
0166.jpg,P1,green plant,1.181155558494258,0.7422760148070011,1.0,0.7072082976759981,0.92852996022024,0.33073216676712036,1.0,0.586520669348726,1,0.4394062706001859,0.7116688401507001,0.5532915360501567,0.0,0.0,0.9072970005841269,0.30319902584876546,1,8.28021117077283,0.92852996022024,0.08268304169178009,0.0,0.006819879006892646,0.917969
0166.jpg,P2,entire plant excluding pot,1.1897493826424395,0.7720707092905141,1.0,0.7271476246333936,0.9413357410878634,0.28943610191345215,1.0,0.5988469914040115,1,0.44375134725739473,0.7198849296334895,0.5608672936259144,0.0,0.0,0.9083550903300882,0.3149679301697531,1,7.504731257402392,0.9413357410878634,0.07235902547836304,0.0,0.006679502539742083,0.710938
0166.jpg,P3,leaves and stems,0.3904761904761905,0.0,1.0,0.9523809523809523,0.0,0.0,1.0,1.0,1,0.0,0.0,0.0,1.0,1.0,0.0,0.0,0,1.0,0.0,0.0,0.0,0.0,
0166.jpg,P4,crop seedling,0.5904761904761905,0.0,1.0,0.9523809523809523,1.0,0.0,1.0,1.0,1,0.0,0.0,0.0,1.0,1.0,0.0,0.0,0,1.0,1.0,0.0,0.0,0.0,
0166.jpg,P5,plant body without background,0.5904761904761905,0.0,1.0,0.9523809523809523,1.0,0.0,1.0,1.0,1,0.0,0.0,0.0,1.0,1.0,0.0,0.0,0,1.0,1.0,0.0,0.0,0.0,
0167.jpg,P1,green plant,1.1641031863804352,0.7401650892717613,1.0,0.7160811034451268,0.7626163180182081,0.3474361002445221,1.0,0.535884188034188,1,0.45084346418451154,0.7078584021625764,0.5835397742912194,0.0,0.0,0.9805586405519027,0.3023652102623457,1,7.929797202828434,0.7626163180182081,0.08685902506113052,0.0,0.0074642993566826615,0.941406
0167.jpg,P2,entire plant excluding pot,1.1743203555942667,0.7723618924832004,1.0,0.7309155044309258,0.7786795776145946,0.3149157464504242,1.0,0.5548081944591869,1,0.4549458113984376,0.7166011029033929,0.587943848059455,0.0,0.0,0.9830553273154821,0.3150829475308642,1,7.362943977459534,0.7786795776145946,0.07872893661260605,0.0,0.007209698847182853,0.613281
0167.jpg,P3,leaves and stems,0.5904761904761905,0.0,1.0,0.9523809523809523,1.0,0.0,1.0,1.0,1,0.0,0.0,0.0,1.0,1.0,0.0,0.0,0,1.0,1.0,0.0,0.0,0.0,
0167.jpg,P4,crop seedling,0.5904761904761905,0.0,1.0,0.9523809523809523,1.0,0.0,1.0,1.0,1,0.0,0.0,0.0,1.0,1.0,0.0,0.0,0,1.0,1.0,0.0,0.0,0.0,
0167.jpg,P5,plant body without background,0.5904761904761905,0.0,1.0,0.9523809523809523,1.0,0.0,1.0,1.0,1,0.0,0.0,0.0,1.0,1.0,0.0,0.0,0,1.0,1.0,0.0,0.0,0.0,
0168.jpg,P1,green plant,1.1377645366900941,0.6987728185067978,1.0,0.7196233786741444,0.734367809025121,0.3127679228782654,1.0,0.40159549705869907,1,0.4446581508732285,0.699136694488262,0.5885070747906439,0.0,0.0,0.9402903434002092,0.2860152633101852,1,7.7923155260027785,0.734367809025121,0.07819198071956635,0.0,0.009960271042121126,0.953125
0168.jpg,P2,entire plant excluding pot,1.1439878721361625,0.7123406123027035,1.0,0.7228006458605524,0.7454630184824309,0.3080165982246399,1.0,0.406933322108099,1,0.44626369716209724,0.702868065334749,0.5902396765809992,0.0,0.0,0.9401673251035523,0.2913745418595679,1,7.6701468303039375,0.7454630184824309,0.07700414955615997,0.0,0.00982962019251259,0.570312
0168.jpg,P3,leaves and stems,0.5904761904761905,0.0,1.0,0.9523809523809523,1.0,0.0,1.0,1.0,1,0.0,0.0,0.0,1.0,1.0,0.0,0.0,0,1.0,1.0,0.0,0.0,0.0,
0168.jpg,P4,crop seedling,0.5904761904761905,0.0,1.0,0.9523809523809523,1.0,0.0,1.0,1.0,1,0.0,0.0,0.0,1.0,1.0,0.0,0.0,0,1.0,1.0,0.0,0.0,0.0,
0168.jpg,P5,plant body without background,0.5904761904761905,0.0,1.0,0.9523809523809523,1.0,0.0,1.0,1.0,1,0.0,0.0,0.0,1.0,1.0,0.0,0.0,0,1.0,1.0,0.0,0.0,0.0,
0169.jpg,P1,green plant,1.167029789882276,0.714893501426004,1.0,0.7337604000218007,0.8713194036231496,0.3090255558490753,1.0,0.4136524668457635,1,0.44123001769826997,0.7047410889194993,0.565947242206235,0.0,0.0,0.9270013297932291,0.2923829330632716,1,7.256853871380608,0.8713194036231496,0.07725638896226883,0.0,0.00966995321096794,0.941406
0169.jpg,P2,entire plant excluding pot,0.3904761904761905,0.0,1.0,0.9523809523809523,0.0,0.0,1.0,1.0,1,0.0,0.0,0.0,1.0,1.0,0.0,0.0,0,1.0,0.0,0.0,0.0,0.0,
0169.jpg,P3,leaves and stems,0.5904761904761905,0.0,1.0,0.9523809523809523,1.0,0.0,1.0,1.0,1,0.0,0.0,0.0,1.0,1.0,0.0,0.0,0,1.0,1.0,0.0,0.0,0.0,
0169.jpg,P4,crop seedling,0.5904761904761905,0.0,1.0,0.9523809523809523,1.0,0.0,1.0,1.0,1,0.0,0.0,0.0,1.0,1.0,0.0,0.0,0,1.0,1.0,0.0,0.0,0.0,
0169.jpg,P5,plant body without background,0.5904761904761905,0.0,1.0,0.9523809523809523,1.0,0.0,1.0,1.0,1,0.0,0.0,0.0,1.0,1.0,0.0,0.0,0,1.0,1.0,0.0,0.0,0.0,
0170.jpg,P1,green plant,1.2064347846860382,0.816496290924363,1.0,0.739373835962108,0.8648250940118787,0.2770495116710663,1.0,0.32859988681380875,1,0.466885838172155,0.7808149272666367,0.566032377165578,0.0006145711000750176,0.0,0.9189915706905065,0.33251603491512344,1,7.049915789858941,0.8648250940118787,0.06926237791776657,0.0,0.012172858727326586,0.949219
0170.jpg,P2,entire plant excluding pot,0.5904761904761905,0.0,1.0,0.9523809523809523,1.0,0.0,1.0,1.0,1,0.0,0.0,0.0,1.0,1.0,0.0,0.0,0,1.0,1.0,0.0,0.0,0.0,
0170.jpg,P3,leaves and stems,0.5904761904761905,0.0,1.0,0.9523809523809523,1.0,0.0,1.0,1.0,1,0.0,0.0,0.0,1.0,1.0,0.0,0.0,0,1.0,1.0,0.0,0.0,0.0,
0170.jpg,P4,crop seedling,0.5904761904761905,0.0,1.0,0.9523809523809523,1.0,0.0,1.0,1.0,1,0.0,0.0,0.0,1.0,1.0,0.0,0.0,0,1.0,1.0,0.0,0.0,0.0,
0170.jpg,P5,plant body without background,0.5904761904761905,0.0,1.0,0.9523809523809523,1.0,0.0,1.0,1.0,1,0.0,0.0,0.0,1.0,1.0,0.0,0.0,0,1.0,1.0,0.0,0.0,0.0,
0171.jpg,P1,green plant,1.211912894362218,0.883023714642913,1.0,0.737285693333851,0.777430496142601,0.30550774931907654,1.0,0.19153249344338788,1,0.4712633636745296,0.8106339032424467,0.5999436143219622,0.02002194904273679,0.0,0.8555823167454114,0.35879436728395064,1,7.126526637949807,0.777430496142601,0.07637693732976913,0.003941217425900139,0.02088418486120893,0.886719
0171.jpg,P2,entire plant excluding pot,0.5904761904761905,0.0,1.0,0.9523809523809523,1.0,0.0,1.0,1.0,1,0.0,0.0,0.0,1.0,1.0,0.0,0.0,0,1.0,1.0,0.0,0.0,0.0,
0171.jpg,P3,leaves and stems,0.5904761904761905,0.0,1.0,0.9523809523809523,1.0,0.0,1.0,1.0,1,0.0,0.0,0.0,1.0,1.0,0.0,0.0,0,1.0,1.0,0.0,0.0,0.0,
0171.jpg,P4,crop seedling,0.5904761904761905,0.0,1.0,0.9523809523809523,1.0,0.0,1.0,1.0,1,0.0,0.0,0.0,1.0,1.0,0.0,0.0,0,1.0,1.0,0.0,0.0,0.0,
0171.jpg,P5,plant body without background,0.5904761904761905,0.0,1.0,0.9523809523809523,1.0,0.0,1.0,1.0,1,0.0,0.0,0.0,1.0,1.0,0.0,0.0,0,1.0,1.0,0.0,0.0,0.0,
0172.jpg,P1,green plant,1.2043773352271794,0.8429365794460071,1.0,0.744390192786651,0.7949503836367612,0.3254547119140625,1.0,0.13692809781104465,1,0.4628309616704831,0.7965767769394984,0.6059684995855209,0.01798746909546246,0.0,0.8035100054490375,0.3429599488811728,1,6.867629630005323,0.7949503836367612,0.08136367797851562,0.0032608615409926082,0.029212411944258814,0.941406
0172.jpg,P2,entire plant excluding pot,0.5904761904761905,0.0,1.0,0.9523809523809523,1.0,0.0,1.0,1.0,1,0.0,0.0,0.0,1.0,1.0,0.0,0.0,0,1.0,1.0,0.0,0.0,0.0,
0172.jpg,P3,leaves and stems,0.5904761904761905,0.0,1.0,0.9523809523809523,1.0,0.0,1.0,1.0,1,0.0,0.0,0.0,1.0,1.0,0.0,0.0,0,1.0,1.0,0.0,0.0,0.0,
0172.jpg,P4,crop seedling,0.5904761904761905,0.0,1.0,0.9523809523809523,1.0,0.0,1.0,1.0,1,0.0,0.0,0.0,1.0,1.0,0.0,0.0,0,1.0,1.0,0.0,0.0,0.0,
0172.jpg,P5,plant body without background,0.5904761904761905,0.0,1.0,0.9523809523809523,1.0,0.0,1.0,1.0,1,0.0,0.0,0.0,1.0,1.0,0.0,0.0,0,1.0,1.0,0.0,0.0,0.0,
0173.jpg,P1,green plant,1.2116294281418174,0.8216469370214096,1.0,0.7488763169362511,0.8554276497711067,0.34307193756103516,1.0,0.14219297975915962,1,0.4578248598838567,0.7923070537863031,0.5535527690700105,0.0015424001476091356,0.0,0.8134061267033145,0.3345505401234568,1,6.70667979169452,0.8554276497711067,0.08576798439025879,0.0,0.028130784000553535,0.929688
0173.jpg,P2,entire plant excluding pot,1.048461983011404,0.8309333611697141,1.0,0.740190208401679,0.0,0.3379534184932709,1.0,0.14340299041533547,1,0.4666465853984712,0.7955120179043991,0.5971786833855799,0.001831519458913971,0.0,0.8127467196020132,0.33821867766203706,1,7.020081828948755,0.0,0.08448835462331772,0.0,0.02789342110938463,0.472656
0173.jpg,P3,leaves and stems,0.5904761904761905,0.0,1.0,0.9523809523809523,1.0,0.0,1.0,1.0,1,0.0,0.0,0.0,1.0,1.0,0.0,0.0,0,1.0,1.0,0.0,0.0,0.0,
0173.jpg,P4,crop seedling,0.5904761904761905,0.0,1.0,0.9523809523809523,1.0,0.0,1.0,1.0,1,0.0,0.0,0.0,1.0,1.0,0.0,0.0,0,1.0,1.0,0.0,0.0,0.0,
0173.jpg,P5,plant body without background,0.5904761904761905,0.0,1.0,0.9523809523809523,1.0,0.0,1.0,1.0,1,0.0,0.0,0.0,1.0,1.0,0.0,0.0,0,1.0,1.0,0.0,0.0,0.0,
0174.jpg,P1,green plant,1.2182636438182468,0.8789266999726519,1.0,0.7351795779399759,0.7620441031811622,0.3452167809009552,1.0,0.20691526252379042,1,0.4739902114192978,0.8079361169145696,0.5650470219435737,0.0,0.0,0.8950410654935521,0.35717604648919754,1,7.2042377129699195,0.7620441031811622,0.0863041952252388,0.0,0.019331585071159715,0.322266;0.921875
0174.jpg,P2,entire plant excluding pot,1.224027461817096,0.8891895340092202,1.0,0.7489560563016617,0.7650140890662639,0.3394232988357544,1.0,0.20717639330659662,1,0.47551086617451616,0.8114310808984793,0.5655694879832811,0.0,0.0,0.8970748002305785,0.361229865933642,1,6.703836402311532,0.7650140890662639,0.0848558247089386,0.0,0.01930721901351218,0.392578
0174.jpg,P3,leaves and stems,0.5904761904761905,0.0,1.0,0.9523809523809523,1.0,0.0,1.0,1.0,1,0.0,0.0,0.0,1.0,1.0,0.0,0.0,0,1.0,1.0,0.0,0.0,0.0,
0174.jpg,P4,crop seedling,0.5904761904761905,0.0,1.0,0.9523809523809523,1.0,0.0,1.0,1.0,1,0.0,0.0,0.0,1.0,1.0,0.0,0.0,0,1.0,1.0,0.0,0.0,0.0,
0174.jpg,P5,plant body without background,0.5904761904761905,0.0,1.0,0.9523809523809523,1.0,0.0,1.0,1.0,1,0.0,0.0,0.0,1.0,1.0,0.0,0.0,0,1.0,1.0,0.0,0.0,0.0,
0175.jpg,P1,green plant,1.2518696573979784,0.900770017776215,1.0,0.7331354345344901,0.8852052236459892,0.3305160105228424,1.0,0.21411944037684588,1,0.481944320102071,0.8167587880731593,0.5875130616509927,0.00040077439104374703,0.0,0.9044662549659971,0.36580415702160496,1,7.280089132097608,0.8852052236459892,0.0826290026307106,0.0,0.01868116221936729,0.398438;0.925781
0175.jpg,P2,entire plant excluding pot,1.2549254734469342,0.9076943174714798,1.0,0.7349277575106358,0.8887325952097375,0.328781396150589,1.0,0.2136174286762522,1,0.4828982601784457,0.8191271768171428,0.5880355276907001,0.00042037259733343106,0.0,0.9048346508731981,0.36853925540123456,1,7.213559150010143,0.8887325952097375,0.08219534903764725,0.0,0.01872506389009203,0.609375
0175.jpg,P3,leaves and stems,1.0762173847893757,0.9049265510235973,1.0,0.7346691932734278,0.0,0.32915815711021423,1.0,0.2137455246778294,1,0.4824666045079277,0.818180489471183,0.5875130616509927,0.00040029608786039774,0.0,0.904711709221931,0.36744598765432096,1,7.223136866386112,0.0,0.08228953927755356,0.0,0.018713842107473594,0.335938
0175.jpg,P4,crop seedling,0.5904761904761905,0.0,1.0,0.9523809523809523,1.0,0.0,1.0,1.0,1,0.0,0.0,0.0,1.0,1.0,0.0,0.0,0,1.0,1.0,0.0,0.0,0.0,
0175.jpg,P5,plant body without background,0.5904761904761905,0.0,1.0,0.9523809523809523,1.0,0.0,1.0,1.0,1,0.0,0.0,0.0,1.0,1.0,0.0,0.0,0,1.0,1.0,0.0,0.0,0.0,
0176.jpg,P1,green plant,1.2119223153358623,0.8348972984060008,1.0,0.7190315481371982,0.7820500094089647,0.31503114104270935,1.0,0.21382405826789574,1,0.4817203159368877,0.8127947946334808,0.6118077324973876,0.00455060270204676,0.0,0.8848192677625372,0.33978443287037036,1,7.815191213534637,0.7820500094089647,0.07875778526067734,0.0,0.018706968862168365,0.417969;0.917969
0176.jpg,P2,entire plant excluding pot,0.3904761904761905,0.0,1.0,0.9523809523809523,0.0,0.0,1.0,1.0,1,0.0,0.0,0.0,1.0,1.0,0.0,0.0,0,1.0,0.0,0.0,0.0,0.0,
0176.jpg,P3,leaves and stems,0.3904761904761905,0.0,1.0,0.9523809523809523,0.0,0.0,1.0,1.0,1,0.0,0.0,0.0,1.0,1.0,0.0,0.0,0,1.0,0.0,0.0,0.0,0.0,
0176.jpg,P4,crop seedling,0.5904761904761905,0.0,1.0,0.9523809523809523,1.0,0.0,1.0,1.0,1,0.0,0.0,0.0,1.0,1.0,0.0,0.0,0,1.0,1.0,0.0,0.0,0.0,
0176.jpg,P5,plant body without background,0.5904761904761905,0.0,1.0,0.9523809523809523,1.0,0.0,1.0,1.0,1,0.0,0.0,0.0,1.0,1.0,0.0,0.0,0,1.0,1.0,0.0,0.0,0.0,
0177.jpg,P1,green plant,1.2030224774002078,0.7818207678934208,1.0,0.716714870902508,0.8485493073086215,0.3277495503425598,1.0,0.26260317775571,1,0.4680555781107859,0.774673823964136,0.5924030172413793,0.002917848718090284,0.0,0.9116255123531716,0.31881920331790126,1,7.905099799053178,0.8485493073086215,0.08193738758563995,0.0,0.015232108134354152,0.910156
0177.jpg,P2,entire plant excluding pot,1.0370928283407908,0.7916926106618222,1.0,0.7153106304658969,0.0,0.33190011978149414,1.0,0.2635381510288471,1,0.469312156158948,0.7780332735391542,0.5934806034482759,0.0031437295204607666,0.0,0.9111712065569265,0.3227185812114198,1,7.959880852006318,0.0,0.08297502994537354,0.0,0.015178068087614975,0.644531
0177.jpg,P3,leaves and stems,0.5904761904761905,0.0,1.0,0.9523809523809523,1.0,0.0,1.0,1.0,1,0.0,0.0,0.0,1.0,1.0,0.0,0.0,0,1.0,1.0,0.0,0.0,0.0,
0177.jpg,P4,crop seedling,0.5904761904761905,0.0,1.0,0.9523809523809523,1.0,0.0,1.0,1.0,1,0.0,0.0,0.0,1.0,1.0,0.0,0.0,0,1.0,1.0,0.0,0.0,0.0,
0177.jpg,P5,plant body without background,0.5904761904761905,0.0,1.0,0.9523809523809523,1.0,0.0,1.0,1.0,1,0.0,0.0,0.0,1.0,1.0,0.0,0.0,0,1.0,1.0,0.0,0.0,0.0,
0178.jpg,P1,green plant,1.2011914511147648,0.804970442158931,1.0,0.7123047248809562,0.7707119917350734,0.32462143898010254,1.0,0.4298595978351045,1,0.4786697315637521,0.7868119146351878,0.599614218793056,0.007519872188640861,0.0,0.9761096371527851,0.3279633246527778,1,8.077870750250177,0.7707119917350734,0.08115535974502563,0.00025291709355616506,0.009305363937772102,0.921875
0178.jpg,P2,entire plant excluding pot,1.205115547655284,0.8160531064424128,1.0,0.7092561100678295,0.7684478106478061,0.3300779461860657,1.0,0.42915486708441986,1,0.480348552986461,0.790640278265417,0.6020942408376964,0.00770559343880019,0.0,0.975591702744198,0.33234097704475307,1,8.198558625159121,0.7684478106478061,0.08251948654651642,0.0003148841911811386,0.009320644612922804,0.625000
0178.jpg,P3,leaves and stems,1.0504757894678711,0.8132081184560087,1.0,0.7085885383127986,0.0,0.33032095432281494,1.0,0.4336105433453025,1,0.4800522672495467,0.7896575138094168,0.6015431248277763,0.007431800842151855,0.0,0.9762391519989666,0.33121720679012345,1,8.22512490481637,0.0,0.08258023858070374,0.00021803637676685904,0.0092248679405718,0.341797
0178.jpg,P4,crop seedling,0.5904761904761905,0.0,1.0,0.9523809523809523,1.0,0.0,1.0,1.0,1,0.0,0.0,0.0,1.0,1.0,0.0,0.0,0,1.0,1.0,0.0,0.0,0.0,
0178.jpg,P5,plant body without background,0.5904761904761905,0.0,1.0,0.9523809523809523,1.0,0.0,1.0,1.0,1,0.0,0.0,0.0,1.0,1.0,0.0,0.0,0,1.0,1.0,0.0,0.0,0.0,
0179.jpg,P1,green plant,1.2331096927227259,0.8133674451086107,1.0,0.7097611069381865,0.8588653434616255,0.31837770342826843,1.0,0.5162797688947344,1,0.4930353729353875,0.8268991779010983,0.6112517580872011,0.018517925444997217,0.0,0.991507218478061,0.33128014081790125,1,8.178495277484696,0.8588653434616255,0.07959442585706711,0.006804062931031345,0.007747737256029435,0.906250
0179.jpg,P2,entire plant excluding pot,1.2368466791526418,0.8235246718237225,1.0,0.7098494268907263,0.8567224001322394,0.32270365953445435,1.0,0.513558561469923,1,0.4942866474764134,0.830858224998269,0.6129395218002813,0.019760895892483695,0.0,0.9908542357071375,0.3352922453703704,1,8.174989289776219,0.8567224001322394,0.08067591488361359,0.007059568910712796,0.007788790412822792,0.824219
0179.jpg,P3,leaves and stems,1.2355626666903938,0.8198900707141741,1.0,0.7078381947147165,0.8555191758253217,0.3232557773590088,1.0,0.5204172148092464,1,0.4942620229677496,0.8294415433216926,0.6129395218002813,0.018351545967340042,0.0,0.991338326713086,0.3338565779320988,1,8.255044937297708,0.8555191758253217,0.0808139443397522,0.006747943404811602,0.007686140823504771,0.656250
0179.jpg,P4,crop seedling,0.5904761904761905,0.0,1.0,0.9523809523809523,1.0,0.0,1.0,1.0,1,0.0,0.0,0.0,1.0,1.0,0.0,0.0,0,1.0,1.0,0.0,0.0,0.0,
0179.jpg,P5,plant body without background,1.0634427188681435,0.8178142458782621,1.0,0.7062908841941338,0.0,0.3237409293651581,1.0,0.5319351049489698,1,0.4938735069806326,0.8286324358240107,0.6123769338959212,0.01840034840039546,0.0,0.9914441086108171,0.33303662712191356,1,8.316944827653654,0.0,0.08093523234128952,0.006780485668124007,0.007519714271130372,0.335938
0180.jpg,P1,green plant,1.2563000031939366,0.8079247001484606,1.0,0.7103094002167973,0.9748426675280776,0.3239290714263916,1.0,0.5627867855486265,1,0.4928988353299912,0.8263532791120312,0.607243121841662,0.015574346377097209,0.0,0.9904372962241028,0.329130256558642,1,8.156744080672016,0.9748426675280776,0.0809822678565979,0.00537484734085536,0.007107487422791287,0.902344
0180.jpg,P2,entire plant excluding pot,1.2607475861876583,0.8176308065713392,1.0,0.7098886595992185,0.9749689829176225,0.3285326659679413,1.0,0.558378083299636,1,0.49454336317643394,0.8301548432046085,0.6103312745648513,0.016130784310459573,0.0,0.9896877392628564,0.332964168595679,1,8.173432170745464,0.9749689829176225,0.08213316649198532,0.0055298511299768476,0.007163604947319406,0.875000
0180.jpg,P3,leaves and stems,1.2595254581881528,0.81423977379278,1.0,0.7084884041750495,0.9747479228499386,0.32862988114356995,1.0,0.5711733374863729,1,0.49430426179588505,0.8288266866930194,0.6100505334081976,0.015457197410918526,0.0,0.990429846631283,0.33162471064814814,1,8.229114100022032,0.9747479228499386,0.08215747028589249,0.005278794515288872,0.007003128012948316,0.578125
0180.jpg,P4,crop seedling,0.5904761904761905,0.0,1.0,0.9523809523809523,1.0,0.0,1.0,1.0,1,0.0,0.0,0.0,1.0,1.0,0.0,0.0,0,1.0,1.0,0.0,0.0,0.0,
0180.jpg,P5,plant body without background,0.3904761904761905,0.0,1.0,0.9523809523809523,0.0,0.0,1.0,1.0,1,0.0,0.0,0.0,1.0,1.0,0.0,0.0,0,1.0,0.0,0.0,0.0,0.0,
0181.jpg,P1,green plant,1.243073461367994,0.8106024256719799,1.0,0.7080549785524596,0.960489777481421,0.3328195810317993,1.0,0.49105042807835403,1,0.48068010882046197,0.7899538544640137,0.6085498742665549,0.012948062062773326,0.0,0.9854170100890931,0.3301879581404321,1,8.246394144262355,0.960489777481421,0.08320489525794983,0.004062495093494713,0.008145802897786587,0.906250
0181.jpg,P2,entire plant excluding pot,1.2468294590248616,0.8193266281840912,1.0,0.708206145745201,0.9613507239467157,0.3362325429916382,1.0,0.4844702380952381,1,0.48180625085133244,0.792980004730378,0.6099469125454038,0.013392866822245848,0.0,0.9849066498420124,0.33363401813271604,1,8.240364927863272,0.9613507239467157,0.08405813574790955,0.004203745608525874,0.008256441129854653,0.789062
0181.jpg,P3,leaves and stems,1.2458224088382577,0.8161825211947179,1.0,0.7079866545777189,0.9607408322472213,0.33654290437698364,1.0,0.49604048218783736,1,0.48153182635892927,0.7918894133336101,0.6093880972338642,0.01284515412262563,0.0,0.9853422042685792,0.3323920958719136,1,8.249120051463498,0.9607408322472213,0.08413572609424591,0.003977159173055572,0.008063857978602049,0.562500
0181.jpg,P4,crop seedling,0.5904761904761905,0.0,1.0,0.9523809523809523,1.0,0.0,1.0,1.0,1,0.0,0.0,0.0,1.0,1.0,0.0,0.0,0,1.0,1.0,0.0,0.0,0.0,
0181.jpg,P5,plant body without background,0.5904761904761905,0.0,1.0,0.9523809523809523,1.0,0.0,1.0,1.0,1,0.0,0.0,0.0,1.0,1.0,0.0,0.0,0,1.0,1.0,0.0,0.0,0.0,
0182.jpg,P1,green plant,1.3798751505963676,0.8094169377051101,1.0,0.7079840402984443,0.9275172616098346,0.33902764320373535,1.0,0.5450305415774003,1,0.6230859740329425,0.993942812433625,0.9958922866271109,0.009291264127493256,0.0,0.9873275732654189,0.3297196903935185,1,8.249224363262739,0.9275172616098346,0.08475691080093384,0.0013993572536763752,0.007339038264577613,0.886719
0182.jpg,P2,entire plant excluding pot,1.3852530422843197,0.8187509767151118,1.0,0.7089205855831339,0.9274577716649491,0.34314635396003723,1.0,0.5378078568650331,1,0.6255979046996732,0.9994661106704177,1.0,0.00960509263009292,0.0,0.9866629375405502,0.33340663580246915,1,8.211904699521007,0.9274577716649491,0.08578658849000931,0.0014934505143544823,0.007437600527661741,0.820312
0182.jpg,P3,leaves and stems,1.3836296929449388,0.8150873793756837,1.0,0.7082296719575139,0.9267826522363051,0.34341517090797424,1.0,0.5526151530356247,1,0.6249267180494434,0.9972982237884902,0.9995435874030123,0.009193707427712233,0.0,0.9871260621924339,0.3319595148533951,1,8.239426829888291,0.9267826522363051,0.08585379272699356,0.0013790197954895848,0.007238310382962187,0.671875
0182.jpg,P4,crop seedling,0.5904761904761905,0.0,1.0,0.9523809523809523,1.0,0.0,1.0,1.0,1,0.0,0.0,0.0,1.0,1.0,0.0,0.0,0,1.0,1.0,0.0,0.0,0.0,
0182.jpg,P5,plant body without background,1.1965343009808458,0.8129987351539302,1.0,0.706538828410691,0.0,0.34365808963775635,1.0,0.5581592236955748,1,0.6238951703403701,0.9960622952761993,0.9963486992240986,0.009254842963676043,0.0,0.9870705402246553,0.33113450038580244,1,8.30700762049919,0.0,0.08591452240943909,0.001390465607548637,0.007166413865771099,0.369141
0183.jpg,P1,green plant,1.3587868743453217,0.7908471416432254,1.0,0.7353053208690675,0.9380942313825118,0.35286253690719604,1.0,0.5326932616166145,1,0.5953650281849217,0.9862029690890505,0.8617998163452709,0.00914439748585165,0.0,0.9781334130736072,0.32238462094907405,1,7.199585576725766,0.9380942313825118,0.08821563422679901,0.0011709107037543563,0.00750901182391687,0.890625
0183.jpg,P2,entire plant excluding pot,1.3905098199845733,0.8134025458079387,1.0,0.7147537988176097,0.9418473513665822,0.3594279885292053,1.0,0.5377465753424657,1,0.624623483080306,0.9996396189342975,1.0,0.00947492344111926,0.0,0.9759209348563764,0.3312940055941358,1,7.9816631028547835,0.9418473513665822,0.08985699713230133,0.0012209390130955263,0.007438448115550687,0.718750
0183.jpg,P3,leaves and stems,1.3879859727548867,0.8076814370409438,1.0,0.7128692566826131,0.9402057149328232,0.3614582121372223,1.0,0.5469494463650484,1,0.6235430485961662,0.996231454103053,0.9995408631772268,0.008940175681652212,0.0,0.9762673699269242,0.3290341676311728,1,8.05563546543078,0.9402057149328232,0.09036455303430557,0.0011318579728933024,0.0073132901524692205,0.734375
0183.jpg,P4,crop seedling,0.5904761904761905,0.0,1.0,0.9523809523809523,1.0,0.0,1.0,1.0,1,0.0,0.0,0.0,1.0,1.0,0.0,0.0,0,1.0,1.0,0.0,0.0,0.0,
0183.jpg,P5,plant body without background,1.3864287677629346,0.8056199577082357,1.0,0.7096426206856757,0.9395568307154333,0.362194299697876,1.0,0.553809083049382,1,0.6230260260014903,0.9950033947096351,0.9990817263544536,0.008991374113966897,0.0,0.976375393435064,0.3282198832947531,1,8.183200130617102,0.9395568307154333,0.090548574924469,0.0011207076730824824,0.007222705662347051,0.330078
0184.jpg,P1,green plant,1.1847652744736175,0.7410984626504141,1.0,0.7413521578683537,0.7917161967528537,0.37161561846733093,1.0,0.27508720420683613,1,0.45560878732582694,0.7766693235484864,0.530729465824239,0.014963385047208358,0.0,0.927322357496562,0.3027338927469136,1,6.977732225811525,0.7917161967528537,0.09290390461683273,0.005495030657157558,0.014540843553713347,0.921875
0184.jpg,P2,entire plant excluding pot,1.198419859974205,0.763649288463041,1.0,0.7203833886471607,0.7777343667961996,0.3763637840747833,1.0,0.2817306811989101,1,0.47079369437796836,0.7848099815311087,0.602814474439977,0.01636672354876186,0.0,0.9251361250751303,0.31164146894290123,1,7.762994421010831,0.7777343667961996,0.09409094601869583,0.005519794156709076,0.014197956654837616,0.804688
0184.jpg,P3,leaves and stems,0.3904761904761905,0.0,1.0,0.9523809523809523,0.0,0.0,1.0,1.0,1,0.0,0.0,0.0,1.0,1.0,0.0,0.0,0,1.0,0.0,0.0,0.0,0.0,
0184.jpg,P4,crop seedling,0.5904761904761905,0.0,1.0,0.9523809523809523,1.0,0.0,1.0,1.0,1,0.0,0.0,0.0,1.0,1.0,0.0,0.0,0,1.0,1.0,0.0,0.0,0.0,
0184.jpg,P5,plant body without background,0.3904761904761905,0.0,1.0,0.9523809523809523,0.0,0.0,1.0,1.0,1,0.0,0.0,0.0,1.0,1.0,0.0,0.0,0,1.0,0.0,0.0,0.0,0.0,
0185.jpg,P1,green plant,1.1501525201546348,0.6572175584075636,1.0,0.7476794873952762,0.7512348944464979,0.38061073422431946,1.0,0.21054803097709673,1,0.4428039852599033,0.7571905844455327,0.5409145607701564,0.02231664921128819,0.0,0.8711765452872514,0.26960093557098763,1,6.7494298521882365,0.7512348944464979,0.09515268355607986,0.013580314268363251,0.018998040406443494,0.902344
0185.jpg,P2,entire plant excluding pot,1.1634615896003448,0.6895990218198155,1.0,0.7362885082815,0.7489533926972829,0.3656562268733978,1.0,0.21967867945321112,1,0.4553621596659457,0.7693924781652683,0.5992779783393501,0.027677008917421527,0.0,0.8650785888224518,0.28239161361882714,1,7.1632651807646335,0.7489533926972829,0.09141405671834946,0.013292239277384451,0.01820841244109878,0.332031
0185.jpg,P3,leaves and stems,0.5904761904761905,0.0,1.0,0.9523809523809523,1.0,0.0,1.0,1.0,1,0.0,0.0,0.0,1.0,1.0,0.0,0.0,0,1.0,1.0,0.0,0.0,0.0,
0185.jpg,P4,crop seedling,0.5904761904761905,0.0,1.0,0.9523809523809523,1.0,0.0,1.0,1.0,1,0.0,0.0,0.0,1.0,1.0,0.0,0.0,0,1.0,1.0,0.0,0.0,0.0,
0185.jpg,P5,plant body without background,0.5904761904761905,0.0,1.0,0.9523809523809523,1.0,0.0,1.0,1.0,1,0.0,0.0,0.0,1.0,1.0,0.0,0.0,0,1.0,1.0,0.0,0.0,0.0,
0186.jpg,P1,green plant,1.137108671719309,0.6259339838255977,1.0,0.7500787614273228,0.7670651517681926,0.35365939140319824,0.5277281327677676,0.2044541970103488,1,0.4377612140344468,0.7586131916624528,0.5683476054551221,0.05028532809919369,0.0,0.8502962640042444,0.2572439236111111,1,6.663866554416312,0.7670651517681926,0.08841484785079956,0.03789830171665533,0.019564284120797644,0.902344
0186.jpg,P2,entire plant excluding pot,1.148824402003405,0.6506543380801688,1.0,0.7332450938879359,0.774858549007068,0.34596094489097595,0.5238053003157485,0.21110740414174392,1,0.44788061683017527,0.76842970666933,0.6137012369172217,0.05298745865646201,0.0,0.8436023444774849,0.2670084635416667,1,7.27600929990902,0.774858549007068,0.08649023622274399,0.038182126045582306,0.018947701129962635,0.886719
0186.jpg,P3,leaves and stems,0.9929780565671007,0.6380660064072511,1.0,0.7250002538802474,0.0,0.36479949951171875,0.5461296077593788,0.20934617607397418,1,0.4474049046072574,0.763430848420529,0.6127497621313035,0.049415394638525616,0.0,0.8473376886799531,0.2620360725308642,1,7.586197236426791,0.0,0.09119987487792969,0.03662134357090537,0.019107108020862858,0.656250
0186.jpg,P4,crop seedling,0.5904761904761905,0.0,1.0,0.9523809523809523,1.0,0.0,1.0,1.0,1,0.0,0.0,0.0,1.0,1.0,0.0,0.0,0,1.0,1.0,0.0,0.0,0.0,
0186.jpg,P5,plant body without background,0.5904761904761905,0.0,1.0,0.9523809523809523,1.0,0.0,1.0,1.0,1,0.0,0.0,0.0,1.0,1.0,0.0,0.0,0,1.0,1.0,0.0,0.0,0.0,
0187.jpg,P1,green plant,1.1778879701784783,0.6963359143030161,1.0,0.7346620695763296,0.8064190571733675,0.40206217765808105,0.25942997278792135,0.2323334152213433,1,0.4499921264363196,0.7832428061432302,0.6053811659192825,0.0743285338282422,0.0,0.8918709456919083,0.28505268614969137,1,7.2234008372499074,0.8064190571733675,0.10051554441452026,0.07709209458364931,0.01721663668650165,0.855469
0187.jpg,P2,entire plant excluding pot,1.1926268905296316,0.728485713099703,1.0,0.7306777661781834,0.8106594462128371,0.38648679852485657,0.254115571012584,0.24130861302457374,1,0.46136494572651554,0.7958613460478712,0.6521460602178091,0.07687981364334469,0.0,0.8849112786355839,0.2977518566743827,1,7.371846969711673,0.8106594462128371,0.09662169963121414,0.07870434668881265,0.01657628358086273,0.921875
0187.jpg,P3,leaves and stems,1.190378793011803,0.713586534517112,1.0,0.7245520286830643,0.8003526022342708,0.4094228744506836,0.267264928957043,0.23834976739606667,1,0.4607959850347769,0.790013537149292,0.651185137732223,0.07266139828878923,0.0,0.8887634172736133,0.29186668113425923,1,7.603262717173976,0.8003526022342708,0.1023557186126709,0.07483211537722767,0.016782059591244264,0.546875
0187.jpg,P4,crop seedling,0.5904761904761905,0.0,1.0,0.9523809523809523,1.0,0.0,1.0,1.0,1,0.0,0.0,0.0,1.0,1.0,0.0,0.0,0,1.0,1.0,0.0,0.0,0.0,
0187.jpg,P5,plant body without background,0.5904761904761905,0.0,1.0,0.9523809523809523,1.0,0.0,1.0,1.0,1,0.0,0.0,0.0,1.0,1.0,0.0,0.0,0,1.0,1.0,0.0,0.0,0.0,
0188.jpg,P1,green plant,1.3142648895112314,0.8160308251289263,1.0,0.7497200135270736,0.6994099166263731,0.48017194867134094,0.10427606243332602,0.34916663499905,1,0.5651983487204887,0.9797295063051499,0.941908713692946,0.13721913617868484,0.0,0.9391519390256144,0.3323321759259259,1,6.676625459029136,0.6994099166263731,0.12004298716783524,0.19179857326112573,0.011455848294356313,0.898438
0188.jpg,P2,entire plant excluding pot,1.3341304736703912,0.8468043712884825,1.0,0.7377265235257995,0.7083203052468634,0.4797622263431549,0.10404893431847728,0.35936599169915734,1,0.5796077883895311,0.9972763367791299,0.9976947902259106,0.14136573480244943,0.0,0.9338572871690658,0.3444877266589506,1,7.110317119160169,0.7083203052468634,0.11994055658578873,0.19221724980654942,0.011130713791494754,0.710938
0188.jpg,P3,leaves and stems,0.3904761904761905,0.0,1.0,0.9523809523809523,0.0,0.0,1.0,1.0,1,0.0,0.0,0.0,1.0,1.0,0.0,0.0,0,1.0,0.0,0.0,0.0,0.0,
0188.jpg,P4,crop seedling,0.5904761904761905,0.0,1.0,0.9523809523809523,1.0,0.0,1.0,1.0,1,0.0,0.0,0.0,1.0,1.0,0.0,0.0,0,1.0,1.0,0.0,0.0,0.0,
0188.jpg,P5,plant body without background,0.5904761904761905,0.0,1.0,0.9523809523809523,1.0,0.0,1.0,1.0,1,0.0,0.0,0.0,1.0,1.0,0.0,0.0,0,1.0,1.0,0.0,0.0,0.0,
0189.jpg,P1,green plant,1.3687063904571186,0.9141900834114705,1.0,0.7631527200817939,0.8080897792828863,0.5910733342170715,0.0722170763065777,0.31343556845374476,1,0.5534052070584744,0.9792478622897322,0.9404965753424658,0.17011533760827316,0.0,0.924136729779062,0.37110508294753086,1,6.2070742509525765,0.8080897792828863,0.14776833355426788,0.27694280941387756,0.01276179349948377,0.910156
0189.jpg,P2,entire plant excluding pot,1.386100047412323,0.9505626489490544,1.0,0.7428428730878777,0.8098511155942867,0.5922165513038635,0.07263687593784682,0.3223451543793321,1,0.5670054096253065,0.9978017238694892,0.997431506849315,0.1786579200134115,0.0,0.9183451104213209,0.38547224633487653,1,6.9235941066018905,0.8098511155942867,0.14805413782596588,0.27534223824704956,0.012409058878834102,0.855469
0189.jpg,P3,leaves and stems,0.5904761904761905,0.0,1.0,0.9523809523809523,1.0,0.0,1.0,1.0,1,0.0,0.0,0.0,1.0,1.0,0.0,0.0,0,1.0,1.0,0.0,0.0,0.0,
0189.jpg,P4,crop seedling,0.5904761904761905,0.0,1.0,0.9523809523809523,1.0,0.0,1.0,1.0,1,0.0,0.0,0.0,1.0,1.0,0.0,0.0,0,1.0,1.0,0.0,0.0,0.0,
0189.jpg,P5,plant body without background,0.5904761904761905,0.0,1.0,0.9523809523809523,1.0,0.0,1.0,1.0,1,0.0,0.0,0.0,1.0,1.0,0.0,0.0,0,1.0,1.0,0.0,0.0,0.0,
0190.jpg,P1,green plant,1.4067469654409552,0.9713068570284419,1.0,0.7708380164528914,0.8773281190254366,0.7124992609024048,0.0665619212544172,0.2356457258326417,1,0.5403525147591203,0.9764854230315285,0.9316203895565686,0.19962912203600058,0.0,0.9077968318870315,0.3936662085262346,1,5.945788314946544,0.8773281190254366,0.1781248152256012,0.30047209610363756,0.016974634213568745,0.902344
0190.jpg,P2,entire plant excluding pot,1.427681933769835,0.9831464755235194,1.0,0.7593201072430712,0.8727732932854224,0.7272874116897583,0.06741121852360414,0.2419664452121534,1,0.5591764762214807,0.9982612763851126,0.9979278905926233,0.20020155521432595,0.0,0.9021847574431682,0.41165714216820987,1,6.339352546076673,0.8727732932854224,0.18182185292243958,0.29668652248137256,0.016531217774815206,0.921875
0190.jpg,P3,leaves and stems,1.2562343946713241,0.9929075221714332,1.0,0.7577092408271524,0.0,0.7352162003517151,0.06859760468962468,0.24234494617492702,1,0.559067802001264,0.9935945217729348,0.9966846249481973,0.19443252842819844,0.0,0.9023624541852096,0.4078015287422839,1,6.395349195117409,0.0,0.18380405008792877,0.2915553697609645,0.016505398866922358,0.361328
0190.jpg,P4,crop seedling,0.5904761904761905,0.0,1.0,0.9523809523809523,1.0,0.0,1.0,1.0,1,0.0,0.0,0.0,1.0,1.0,0.0,0.0,0,1.0,1.0,0.0,0.0,0.0,
0190.jpg,P5,plant body without background,0.5904761904761905,0.0,1.0,0.9523809523809523,1.0,0.0,1.0,1.0,1,0.0,0.0,0.0,1.0,1.0,0.0,0.0,0,1.0,1.0,0.0,0.0,0.0,
0191.jpg,P1,green plant,1.2659437721866427,0.8461374580012501,1.0,0.7626908142072725,0.7571701687904114,0.7019788026809692,0.06348226693318333,0.11763803794730228,1,0.452348323450662,0.8267358299432983,0.7476954592010925,0.18544488629955722,0.0,0.8403906620417813,0.3442242959104938,1,6.22294595325322,0.7571701687904114,0.1754947006702423,0.3150486106781678,0.034002607233145625,0.910156
0191.jpg,P2,entire plant excluding pot,1.2960002649049709,0.9013551311728394,1.0,0.781277620852083,0.7482860650003835,0.703295886516571,0.06528675445990813,0.12485783023523607,1,0.4691573241965954,0.8474386944180348,0.806418572891772,0.18394436442435103,0.0,0.8258174735706959,0.3660352768132716,1,5.599094951916638,0.7482860650003835,0.17582397162914276,0.3063408522211313,0.032036436901585384,0.824219
0191.jpg,P3,leaves and stems,0.3904761904761905,0.0,1.0,0.9523809523809523,0.0,0.0,1.0,1.0,1,0.0,0.0,0.0,1.0,1.0,0.0,0.0,0,1.0,0.0,0.0,0.0,0.0,
0191.jpg,P4,crop seedling,0.5904761904761905,0.0,1.0,0.9523809523809523,1.0,0.0,1.0,1.0,1,0.0,0.0,0.0,1.0,1.0,0.0,0.0,0,1.0,1.0,0.0,0.0,0.0,
0191.jpg,P5,plant body without background,0.5904761904761905,0.0,1.0,0.9523809523809523,1.0,0.0,1.0,1.0,1,0.0,0.0,0.0,1.0,1.0,0.0,0.0,0,1.0,1.0,0.0,0.0,0.0,
0192.jpg,P1,green plant,1.178112019350817,0.7028411421706516,1.0,0.7782879670577909,0.5167705286018752,0.7270804643630981,0.037604886506935685,0.11574523621808479,1,0.43311599891213387,0.7945818467305192,0.8970167552104618,0.2609418633213366,0.0,0.7183189561497008,0.2876222511574074,1,5.697429289067912,0.5167705286018752,0.18177011609077454,0.5318457747854467,0.034558657709793626,0.945312
0192.jpg,P2,entire plant excluding pot,1.1826511751033904,0.7092734216283794,1.0,0.7908206025965443,0.507776748788506,0.7306472659111023,0.03775949644131046,0.10793349253865213,1,0.43494756731848394,0.79718407565307,0.9019207192480588,0.26029655199922885,0.0,0.7167637697502744,0.2901630015432099,1,5.29018583270708,0.507776748788506,0.18266181647777557,0.5296680804810514,0.037059858862322624,0.671875
0192.jpg,P3,leaves and stems,0.5904761904761905,0.0,1.0,0.9523809523809523,1.0,0.0,1.0,1.0,1,0.0,0.0,0.0,1.0,1.0,0.0,0.0,0,1.0,1.0,0.0,0.0,0.0,
0192.jpg,P4,crop seedling,0.5904761904761905,0.0,1.0,0.9523809523809523,1.0,0.0,1.0,1.0,1,0.0,0.0,0.0,1.0,1.0,0.0,0.0,0,1.0,1.0,0.0,0.0,0.0,
0192.jpg,P5,plant body without background,0.5904761904761905,0.0,1.0,0.9523809523809523,1.0,0.0,1.0,1.0,1,0.0,0.0,0.0,1.0,1.0,0.0,0.0,0,1.0,1.0,0.0,0.0,0.0,
0193.jpg,P1,green plant,1.3343910687265776,0.8639423640412565,1.0,0.7609885094796042,0.7538532417074505,0.9460698366165161,0.0419725212746187,0.20418880751305324,1,0.4694202783576123,0.8428969704216779,0.9603889088944905,0.24599789666473082,0.0,0.7533570410843604,0.3512572337962963,1,6.281605767841146,0.7538532417074505,0.23651745915412903,0.4765022303316872,0.019589712329086847,0.957031
0193.jpg,P2,entire plant excluding pot,1.3419662626783644,0.891202482809814,1.0,0.771957106910938,0.777695548685848,0.9294542670249939,0.04123958548639289,0.13049891351586268,1,0.46790438159204567,0.8534084344989565,0.9618293122074181,0.2615579562938344,0.0,0.7454954020822594,0.36202498070987654,1,5.908175235320989,0.777695548685848,0.23236356675624847,0.48497092694103466,0.030651596187532885,0.894531
0193.jpg,P3,leaves and stems,0.5904761904761905,0.0,1.0,0.9523809523809523,1.0,0.0,1.0,1.0,1,0.0,0.0,0.0,1.0,1.0,0.0,0.0,0,1.0,1.0,0.0,0.0,0.0,
0193.jpg,P4,crop seedling,0.5904761904761905,0.0,1.0,0.9523809523809523,1.0,0.0,1.0,1.0,1,0.0,0.0,0.0,1.0,1.0,0.0,0.0,0,1.0,1.0,0.0,0.0,0.0,
0193.jpg,P5,plant body without background,0.5904761904761905,0.0,1.0,0.9523809523809523,1.0,0.0,1.0,1.0,1,0.0,0.0,0.0,1.0,1.0,0.0,0.0,0,1.0,1.0,0.0,0.0,0.0,
0194.jpg,P1,green plant,1.358300685841503,0.9246638268674792,1.0,0.7583066856459709,0.8001615577899205,0.9417673945426941,0.049544953111991585,0.14312229554181133,1,0.4733207928722899,0.8534123198424479,0.9397841977027498,0.23694154592150324,0.0,0.7654778911738925,0.3752422116126543,1,6.374553170347964,0.8001615577899205,0.23544184863567352,0.40367381022224263,0.02794812635485889,0.960938
0194.jpg,P2,entire plant excluding pot,1.3651106339652626,0.9386876245311767,1.0,0.7713685378403543,0.82223929106655,0.9303907752037048,0.048867115880027547,0.1230428049671293,1,0.4725733882369054,0.8586294627203541,0.9411764705882353,0.24518966360652936,0.0,0.7619821066085793,0.38078161168981484,1,5.927943672677102,0.82223929106655,0.2325976938009262,0.40927318176709077,0.03250901181152847,0.867188
0194.jpg,P3,leaves and stems,0.5904761904761905,0.0,1.0,0.9523809523809523,1.0,0.0,1.0,1.0,1,0.0,0.0,0.0,1.0,1.0,0.0,0.0,0,1.0,1.0,0.0,0.0,0.0,
0194.jpg,P4,crop seedling,0.5904761904761905,0.0,1.0,0.9523809523809523,1.0,0.0,1.0,1.0,1,0.0,0.0,0.0,1.0,1.0,0.0,0.0,0,1.0,1.0,0.0,0.0,0.0,
0194.jpg,P5,plant body without background,0.5904761904761905,0.0,1.0,0.9523809523809523,1.0,0.0,1.0,1.0,1,0.0,0.0,0.0,1.0,1.0,0.0,0.0,0,1.0,1.0,0.0,0.0,0.0,
0195.jpg,P1,green plant,1.3135371579295414,0.9664348799617127,1.0,0.7538760053259421,0.6683757778790079,0.7184593677520752,0.08379194254437146,0.18554494061215165,1,0.4921079517457938,0.8641981507987837,0.8483523873570948,0.16053979010009348,0.0,0.8509710627197051,0.39174177758487655,1,6.52956170339033,0.6683757778790079,0.1796148419380188,0.23868643443143875,0.02155811948740376,0.343750;0.433594;0.890625
0195.jpg,P2,entire plant excluding pot,1.3358851782307462,0.977517849468667,1.0,0.7814594600900547,0.648152417550433,0.7538325786590576,0.08594117109550341,0.19385001976396182,1,0.5036927170771037,0.8847802378248963,0.8759246805648958,0.15846473379572315,0.0,0.8389261147542566,0.41388044945987656,1,5.593138251465044,0.648152417550433,0.1884581446647644,0.23271733146124693,0.020634509116225688,0.515625
0195.jpg,P3,leaves and stems,0.5904761904761905,0.0,1.0,0.9523809523809523,1.0,0.0,1.0,1.0,1,0.0,0.0,0.0,1.0,1.0,0.0,0.0,0,1.0,1.0,0.0,0.0,0.0,
0195.jpg,P4,crop seedling,0.5904761904761905,0.0,1.0,0.9523809523809523,1.0,0.0,1.0,1.0,1,0.0,0.0,0.0,1.0,1.0,0.0,0.0,0,1.0,1.0,0.0,0.0,0.0,
0195.jpg,P5,plant body without background,0.5904761904761905,0.0,1.0,0.9523809523809523,1.0,0.0,1.0,1.0,1,0.0,0.0,0.0,1.0,1.0,0.0,0.0,0,1.0,1.0,0.0,0.0,0.0,
0196.jpg,P1,green plant,1.3147053603597414,0.8052878745702452,1.0,0.7799749050356707,0.8120913693690085,0.7031330466270447,0.09173526110157865,0.2345340860122382,1,0.49460792123934744,0.8607248646403076,0.8521046643913538,0.14418004048801694,0.0,0.8322939117120115,0.3280887104552469,1,5.641850617085349,0.8120913693690085,0.17578326165676117,0.21801867416994605,0.01705509023447993,0.703125;0.949219
0196.jpg,P2,entire plant excluding pot,0.3904761904761905,0.0,1.0,0.9523809523809523,0.0,0.0,1.0,1.0,1,0.0,0.0,0.0,1.0,1.0,0.0,0.0,0,1.0,0.0,0.0,0.0,0.0,
0196.jpg,P3,leaves and stems,0.5904761904761905,0.0,1.0,0.9523809523809523,1.0,0.0,1.0,1.0,1,0.0,0.0,0.0,1.0,1.0,0.0,0.0,0,1.0,1.0,0.0,0.0,0.0,
0196.jpg,P4,crop seedling,0.5904761904761905,0.0,1.0,0.9523809523809523,1.0,0.0,1.0,1.0,1,0.0,0.0,0.0,1.0,1.0,0.0,0.0,0,1.0,1.0,0.0,0.0,0.0,
0196.jpg,P5,plant body without background,0.5904761904761905,0.0,1.0,0.9523809523809523,1.0,0.0,1.0,1.0,1,0.0,0.0,0.0,1.0,1.0,0.0,0.0,0,1.0,1.0,0.0,0.0,0.0,
0197.jpg,P1,green plant,1.213732389077336,0.6435157715072668,1.0,0.7813052117717958,0.7991703268994054,0.5453501343727112,0.09160688194878462,0.22645450317780189,1,0.45986410016710016,0.7974689266457067,0.7729206963249516,0.13584984531921196,0.0,0.8237920409837518,0.2641887297453704,1,5.598190948509398,0.7991703268994054,0.1363375335931778,0.2183242085587146,0.017663592217724105,0.707031;0.929688
0197.jpg,P2,entire plant excluding pot,1.0540556249663517,0.6478661216596342,1.0,0.7825177528522125,0.0,0.5409522652626038,0.09027314755124971,0.2271527885061023,1,0.4597883970114616,0.7994037825598254,0.7736943907156673,0.13904621997333985,0.0,0.8244594877870453,0.26590711805555556,1,5.558525576067319,0.0,0.13523806631565094,0.22154982453276748,0.017609292962267743,0.363281
0197.jpg,P3,leaves and stems,1.0538178297944372,0.6443856584036568,1.0,0.7823448404077517,0.0,0.5437259078025818,0.09119798994557142,0.2268603923798692,1,0.45972654847163913,0.7978558163780605,0.7733075435203095,0.1370725711293324,0.0,0.8240342624446206,0.26453233506944446,1,5.564174475255906,0.0,0.13593147695064545,0.2193030790693562,0.01763198925135486,0.417969
0197.jpg,P4,crop seedling,0.5904761904761905,0.0,1.0,0.9523809523809523,1.0,0.0,1.0,1.0,1,0.0,0.0,0.0,1.0,1.0,0.0,0.0,0,1.0,1.0,0.0,0.0,0.0,
0197.jpg,P5,plant body without background,0.5904761904761905,0.0,1.0,0.9523809523809523,1.0,0.0,1.0,1.0,1,0.0,0.0,0.0,1.0,1.0,0.0,0.0,0,1.0,1.0,0.0,0.0,0.0,
0198.jpg,P1,green plant,1.205798683135641,0.5889854615955618,1.0,0.7824470616556589,0.9104632192213482,0.4623994827270508,0.09098215960743451,0.21776407260136874,1,0.45693963809571714,0.785645552732795,0.762170790103751,0.11999821129566786,0.0,0.8077241580926409,0.24264925733024692,1,5.560834694273087,0.9104632192213482,0.1155998706817627,0.21982331576096947,0.018368502904160228,0.937500;0.353516
0198.jpg,P2,entire plant excluding pot,1.2059629868859285,0.593501548093452,1.0,0.7839968361624271,0.9107462623236902,0.4581080377101898,0.0892590676654655,0.2187319020390549,1,0.4566924500279767,0.7877454973814559,0.7633679169992019,0.1243458454217318,0.0,0.8087905451113037,0.24443311149691357,1,5.510307028658003,0.9107462623236902,0.11452700942754745,0.22406687099800437,0.018287227252683946,0.824219
0198.jpg,P3,leaves and stems,1.2054366528215017,0.5895192974488201,1.0,0.7822622047034405,0.9102865487015684,0.4617117643356323,0.09071674814175991,0.21850298296995335,1,0.45668068978360943,0.7858937821995771,0.7617717478052674,0.12096283767851035,0.0,0.8078780271236241,0.24286012249228395,1,5.566874993765161,0.9102865487015684,0.11542794108390808,0.2204664564116286,0.018306386236155162,0.605469
0198.jpg,P4,crop seedling,0.5904761904761905,0.0,1.0,0.9523809523809523,1.0,0.0,1.0,1.0,1,0.0,0.0,0.0,1.0,1.0,0.0,0.0,0,1.0,1.0,0.0,0.0,0.0,
0198.jpg,P5,plant body without background,0.5904761904761905,0.0,1.0,0.9523809523809523,1.0,0.0,1.0,1.0,1,0.0,0.0,0.0,1.0,1.0,0.0,0.0,0,1.0,1.0,0.0,0.0,0.0,
0199.jpg,P1,green plant,1.2080234318175125,0.6003055897405845,1.0,0.7842333844565862,0.899176486263473,0.4727911651134491,0.10185870502381586,0.212637377457337,1,0.45672210670269386,0.7785951328035039,0.7475803329461866,0.1034957003841504,0.0,0.8069806040639902,0.24712070794753085,1,5.502612355451398,0.899176486263473,0.11819779127836227,0.19635042479014186,0.018811368197966746,0.933594
0199.jpg,P2,entire plant excluding pot,1.209120745469944,0.6038809774964837,1.0,0.785831817877142,0.9015618089508121,0.47035330533981323,0.10054196418120098,0.21308993177589416,1,0.45679516353709365,0.7801872851803968,0.7483546264034069,0.1058118822255597,0.0,0.8076934563900944,0.2485329861111111,1,5.4507383704929415,0.9015618089508121,0.11758832633495331,0.19892191447498633,0.018771417150796145,0.384766
0199.jpg,P3,leaves and stems,1.207921545250918,0.6015209896077511,1.0,0.785063589773485,0.8980879980926172,0.4729074537754059,0.10128373946450853,0.2136044516095481,1,0.4564055390010661,0.7791363613133884,0.7471931862175765,0.10509129863173784,0.0,0.8074042861173778,0.24760079089506173,1,5.47564332434601,0.8980879980926172,0.11822686344385147,0.19746506305692166,0.01872620148999367,0.371094
0199.jpg,P4,crop seedling,0.5904761904761905,0.0,1.0,0.9523809523809523,1.0,0.0,1.0,1.0,1,0.0,0.0,0.0,1.0,1.0,0.0,0.0,0,1.0,1.0,0.0,0.0,0.0,
0199.jpg,P5,plant body without background,0.5904761904761905,0.0,1.0,0.9523809523809523,1.0,0.0,1.0,1.0,1,0.0,0.0,0.0,1.0,1.0,0.0,0.0,0,1.0,1.0,0.0,0.0,0.0,
0200.jpg,P1,green plant,1.21005905389031,0.6152456682684793,1.0,0.7854347557959371,0.9043584563270676,0.47979736328125,0.08958914343160963,0.21026083907326237,1,0.45309180515576325,0.7753215438301893,0.7268689859363434,0.09366807295682114,0.0,0.7899326923370158,0.25302203896604936,1,5.463604522736671,0.9043584563270676,0.1199493408203125,0.22324133521008108,0.01902398952477431,0.921875
0200.jpg,P2,entire plant excluding pot,1.2107832932754952,0.618785344878106,1.0,0.7865796046628856,0.9050940788890828,0.47731611132621765,0.08881839953197275,0.2099920889618628,1,0.4532282653242367,0.7768429407288852,0.7272390821613619,0.09542649423318325,0.0,0.7905814955003676,0.2544202112268519,1,5.426542820890525,0.9050940788890828,0.11932902783155441,0.2251785677898916,0.019048336629131062,0.369141
0200.jpg,P3,leaves and stems,0.3904761904761905,0.0,1.0,0.9523809523809523,0.0,0.0,1.0,1.0,1,0.0,0.0,0.0,1.0,1.0,0.0,0.0,0,1.0,0.0,0.0,0.0,0.0,
0200.jpg,P4,crop seedling,0.5904761904761905,0.0,1.0,0.9523809523809523,1.0,0.0,1.0,1.0,1,0.0,0.0,0.0,1.0,1.0,0.0,0.0,0,1.0,1.0,0.0,0.0,0.0,
0200.jpg,P5,plant body without background,0.5904761904761905,0.0,1.0,0.9523809523809523,1.0,0.0,1.0,1.0,1,0.0,0.0,0.0,1.0,1.0,0.0,0.0,0,1.0,1.0,0.0,0.0,0.0,
0201.jpg,P1,green plant,1.119544017150748,0.6222517678543522,1.0,0.7759196223161025,0.6212327141053822,0.3366010785102844,0.05240508830431024,0.7587375949932945,1,0.4483429805935239,0.797552146167187,0.6863974911799294,0.13234650879987933,0.0,0.8535213366258497,0.25578944830246914,1,5.775865727303629,0.6212327141053822,0.0841502696275711,0.3816423299177044,0.005271914857514541,0.957031
0201.jpg,P2,entire plant excluding pot,1.121157919656338,0.6253980114080325,1.0,0.7752483646275156,0.6251706218238865,0.3357509672641754,0.05227703349692936,0.6813992808629644,1,0.44884432663161605,0.7989978185885873,0.6871814974519797,0.13259781756231917,0.0,0.8528176585294993,0.25703221450617286,1,5.798184056291976,0.6251706218238865,0.08393774181604385,0.3825771789666443,0.005870273292531455,0.519531
0201.jpg,P3,leaves and stems,0.5904761904761905,0.0,1.0,0.9523809523809523,1.0,0.0,1.0,1.0,1,0.0,0.0,0.0,1.0,1.0,0.0,0.0,0,1.0,1.0,0.0,0.0,0.0,
0201.jpg,P4,crop seedling,0.5904761904761905,0.0,1.0,0.9523809523809523,1.0,0.0,1.0,1.0,1,0.0,0.0,0.0,1.0,1.0,0.0,0.0,0,1.0,1.0,0.0,0.0,0.0,
0201.jpg,P5,plant body without background,0.5904761904761905,0.0,1.0,0.9523809523809523,1.0,0.0,1.0,1.0,1,0.0,0.0,0.0,1.0,1.0,0.0,0.0,0,1.0,1.0,0.0,0.0,0.0,
0202.jpg,P1,green plant,1.2041209602060605,0.6287911807508985,1.0,0.7627476287138187,0.7412595378705724,0.2254233956336975,0.0520154028378503,0.7869439089323419,1,0.532476611612263,0.8815741821254678,0.9544706527701591,0.1327634277395015,0.0,0.9194995869157103,0.2583725163966049,1,6.220992694169301,0.7412595378705724,0.05635584890842438,0.38450149203586487,0.00508295439433143,0.957031
0202.jpg,P2,entire plant excluding pot,1.2055217778484908,0.6315977105797781,1.0,0.7642280339274856,0.7429295935317228,0.22373613715171814,0.05187357948040617,0.7617200495487525,1,0.5330234828103498,0.8832113734138652,0.9555677454744926,0.13341309519384456,0.0,0.9192123648824175,0.25948109567901234,1,6.170199354264618,0.7429295935317228,0.055934034287929535,0.3855527264617329,0.005251273092220198,0.664062
0202.jpg,P3,leaves and stems,0.5904761904761905,0.0,1.0,0.9523809523809523,1.0,0.0,1.0,1.0,1,0.0,0.0,0.0,1.0,1.0,0.0,0.0,0,1.0,1.0,0.0,0.0,0.0,
0202.jpg,P4,crop seedling,0.5904761904761905,0.0,1.0,0.9523809523809523,1.0,0.0,1.0,1.0,1,0.0,0.0,0.0,1.0,1.0,0.0,0.0,0,1.0,1.0,0.0,0.0,0.0,
0202.jpg,P5,plant body without background,0.5904761904761905,0.0,1.0,0.9523809523809523,1.0,0.0,1.0,1.0,1,0.0,0.0,0.0,1.0,1.0,0.0,0.0,0,1.0,1.0,0.0,0.0,0.0,
0203.jpg,P1,green plant,1.013380475420831,0.47924480387560553,1.0,0.7366890149561806,0.30750369229412705,0.14725583791732788,0.22619323235225705,0.13805933813550475,1,0.47924180561218294,0.8326610704233968,0.7037781350482315,0.04922605451131458,0.0,0.7589818300870673,0.19930169753086419,1,7.1484976617842335,0.30750369229412705,0.03681395947933197,0.08841997522212973,0.02897304922665944,0.945312
0203.jpg,P2,entire plant excluding pot,1.0300606746362089,0.4970603927371464,1.0,0.7707571508547516,0.31326247595222395,0.14955636858940125,0.22979517303883726,0.14212103219913222,1,0.48393339700950433,0.8444070234637331,0.7053858520900321,0.04809936796542361,0.0,0.7585129581061908,0.20633885513117284,1,5.948510471580406,0.31326247595222395,0.03738909214735031,0.08703403006911654,0.0281450249699525,0.910156
0203.jpg,P3,leaves and stems,0.5904761904761905,0.0,1.0,0.9523809523809523,1.0,0.0,1.0,1.0,1,0.0,0.0,0.0,1.0,1.0,0.0,0.0,0,1.0,1.0,0.0,0.0,0.0,
0203.jpg,P4,crop seedling,0.5904761904761905,0.0,1.0,0.9523809523809523,1.0,0.0,1.0,1.0,1,0.0,0.0,0.0,1.0,1.0,0.0,0.0,0,1.0,1.0,0.0,0.0,0.0,
0203.jpg,P5,plant body without background,0.5904761904761905,0.0,1.0,0.9523809523809523,1.0,0.0,1.0,1.0,1,0.0,0.0,0.0,1.0,1.0,0.0,0.0,0,1.0,1.0,0.0,0.0,0.0,
0204.jpg,P1,green plant,1.0796570146119133,0.42171750468823244,1.0,0.7559987622703601,0.7869353173777554,0.2118382602930069,0.47276812085411324,0.2318341115947764,1,0.4443590456860425,0.7725092752123903,0.5902255639097744,0.029560047302630323,0.0,0.7660821204873559,0.17657841435185184,1,6.455069767492033,0.7869353173777554,0.052959565073251724,0.04230403683705992,0.0172537163426218,0.941406
0204.jpg,P2,entire plant excluding pot,1.0941831231053278,0.4319482902601969,1.0,0.7720179186486148,0.802943838111935,0.22805823385715485,0.47388214082368574,0.2335811342818164,1,0.44718946692974754,0.7787459019748667,0.5906015037593985,0.029207058661759218,0.0,0.7708224816038028,0.18061957465277778,1,5.906134452175887,0.802943838111935,0.05701455846428871,0.04220458691529646,0.017124670672991883,0.925781
0204.jpg,P3,leaves and stems,0.9240123697131388,0.42236640979059226,1.0,0.7602859506393467,0.0,0.21454782783985138,0.47686390532544376,0.23147447328967094,1,0.4445723320591807,0.7729048439494357,0.5902255639097744,0.029451749392188652,0.0,0.7665055999077538,0.17683473186728396,1,6.305891859742266,0.0,0.053636956959962845,0.04194068743020226,0.017280523174554693,0.707031
0204.jpg,P4,crop seedling,0.5904761904761905,0.0,1.0,0.9523809523809523,1.0,0.0,1.0,1.0,1,0.0,0.0,0.0,1.0,1.0,0.0,0.0,0,1.0,1.0,0.0,0.0,0.0,
0204.jpg,P5,plant body without background,0.5904761904761905,0.0,1.0,0.9523809523809523,1.0,0.0,1.0,1.0,1,0.0,0.0,0.0,1.0,1.0,0.0,0.0,0,1.0,1.0,0.0,0.0,0.0,
0205.jpg,P1,green plant,1.0709688763266214,0.3967486985271136,1.0,0.75691599328741,0.7278782810899506,0.2692902386188507,1.0,1.0,1,0.44080223402195645,0.7418098434364383,0.5736196319018405,0.02299959430347113,0.0,0.8481713336791312,0.16671573591820987,1,6.423011506384912,0.7278782810899506,0.06732255965471268,0.01706311871432528,0.0,0.941406
0205.jpg,P2,entire plant excluding pot,1.081466047284417,0.4053587474605407,1.0,0.7662083420009288,0.7347814756883466,0.2857169806957245,1.0,1.0,1,0.44305293811530905,0.7467427182870129,0.5740030674846626,0.022748147434189264,0.0,0.8519687879787208,0.17011670524691358,1,6.102561018548341,0.7347814756883466,0.07142924517393112,0.017191158711169822,0.0,0.902344
0205.jpg,P3,leaves and stems,1.0706753596062106,0.39641844672995774,1.0,0.7547785738602851,0.7302000826084843,0.26831090450286865,1.0,1.0,1,0.4407337580658914,0.7416206353614154,0.5736196319018405,0.02292062458159185,0.0,0.8479118932154228,0.16658528645833334,1,6.4978375018130015,0.7302000826084843,0.06707772612571716,0.016988185058531908,0.0,0.695312
0205.jpg,P4,crop seedling,0.5904761904761905,0.0,1.0,0.9523809523809523,1.0,0.0,1.0,1.0,1,0.0,0.0,0.0,1.0,1.0,0.0,0.0,0,1.0,1.0,0.0,0.0,0.0,
0205.jpg,P5,plant body without background,0.5904761904761905,0.0,1.0,0.9523809523809523,1.0,0.0,1.0,1.0,1,0.0,0.0,0.0,1.0,1.0,0.0,0.0,0,1.0,1.0,0.0,0.0,0.0,
0206.jpg,P1,green plant,1.076164643340267,0.38682557821534613,1.0,0.7573521666200906,0.7517005211320955,0.2859005033969879,0.9621604674362264,1.0,1,0.43980888946736296,0.7311103565062815,0.5479041916167665,0.021514541996717755,0.0,0.9175187279816175,0.16279610339506173,1,6.407793997944115,0.7517005211320955,0.07147512584924698,0.020786553466795428,0.0,0.921875
0206.jpg,P2,entire plant excluding pot,1.084587115258365,0.3929953654867947,1.0,0.7638883736220354,0.7627857013844218,0.29619526863098145,0.9547598314117525,1.0,1,0.4414141734335183,0.7345700903323596,0.5482784431137725,0.02131396341507906,0.0,0.920187110812371,0.16523316936728394,1,6.18183584228212,0.7627857013844218,0.07404881715774536,0.020947676412430408,0.0,0.875000
0206.jpg,P3,leaves and stems,1.078279789844418,0.38826653822862944,1.0,0.7605687506208112,0.752426702661929,0.28910353779792786,0.9638760847915777,1.0,1,0.4402066839825588,0.7319183808158153,0.5482784431137725,0.021489767287052486,0.0,0.9179206112266018,0.16336528260030864,1,6.296110619421427,0.752426702661929,0.07227588444948196,0.020749555171632534,0.0,0.789062
0206.jpg,P4,crop seedling,0.5904761904761905,0.0,1.0,0.9523809523809523,1.0,0.0,1.0,1.0,1,0.0,0.0,0.0,1.0,1.0,0.0,0.0,0,1.0,1.0,0.0,0.0,0.0,
0206.jpg,P5,plant body without background,0.9207039748888277,0.38302890344194407,1.0,0.7498310735593976,0.0,0.2765689790248871,0.961553167786682,1.0,1,0.43881818368358194,0.7289813553653601,0.5475299401197605,0.02161890246864949,0.0,0.9160499082474387,0.16129641685956791,1,6.672674293239606,0.0,0.06914224475622177,0.02079968187930399,0.0,0.363281
0207.jpg,P1,green plant,1.0788612328678147,0.38264096440850126,1.0,0.7559927957546053,0.7356580674501049,0.2699280381202698,0.3247017381903871,1.0,1,0.4500172597211183,0.7318242571260776,0.5861244019138756,0.029157869377653214,0.0,0.9712373819578948,0.16114318094135802,1,6.455278558622646,0.7356580674501049,0.06748200953006744,0.06159498902427528,0.0,0.921875
0207.jpg,P2,entire plant excluding pot,1.0881589462222268,0.3905334329582747,1.0,0.7642302781636113,0.7452370765350107,0.28234004974365234,0.32682706839062536,1.0,1,0.45169077874211694,0.7363091998389042,0.5865231259968102,0.030109127421016936,0.0,0.9744113434537971,0.16426070601851853,1,6.170122502943111,0.7452370765350107,0.07058501243591309,0.061194441753202336,0.0,0.824219
0207.jpg,P3,leaves and stems,1.0792354157799617,0.3825509234841381,1.0,0.7543691066833969,0.7395026147723813,0.2696104943752289,0.32476814271132065,1.0,1,0.45002878791693257,0.7317730908293693,0.5861244019138756,0.028937559259173337,0.0,0.9708708155990776,0.16110761477623456,1,6.512220374360917,0.7395026147723813,0.06740262359380722,0.06158239485261818,0.0,0.777344
0207.jpg,P4,crop seedling,0.5904761904761905,0.0,1.0,0.9523809523809523,1.0,0.0,1.0,1.0,1,0.0,0.0,0.0,1.0,1.0,0.0,0.0,0,1.0,1.0,0.0,0.0,0.0,
0207.jpg,P5,plant body without background,0.3904761904761905,0.0,1.0,0.9523809523809523,0.0,0.0,1.0,1.0,1,0.0,0.0,0.0,1.0,1.0,0.0,0.0,0,1.0,0.0,0.0,0.0,0.0,
