# 3D point list with one line of data per point:
#   POINT3D_ID, X, Y, Z, R, G, B, ERROR, TRACK[] as (IMAGE_ID, POINT2D_IDX)
# Number of points: 2603, mean track length: 3.6019976949673453
2111 -4.5027807347833297 -11.442924978427454 231.19177061013434 104 151 96 0.41667924952425234 110 7277 121 4416 124 6260 114 5521
2110 28.706507220264431 -14.550571885689337 259.73863469158334 86 75 71 0.12777275882018047 110 6675 121 6078 124 6103 114 5519
2109 31.642648637479315 -15.427704286311963 256.97188437402804 89 84 79 0.84197312878087016 110 7151 121 11296 124 10950 114 5508
2108 -14.943281129920504 -12.625742387825937 243.21765193970262 136 139 144 0.93764541032905591 110 2515 114 5507
2107 -6.8386626771363277 -13.235178965664337 247.21380097501117 73 76 80 0.9926210183980968 110 7268 121 6079 124 6122 114 5506
2106 2.05721719691708 -6.9009700720138669 229.73422393055364 91 92 84 0.15557556905123041 110 5781 114 5498
2105 15.581272849239642 -7.6365815878465737 229.86414212748662 164 184 173 0.12052534510704541 110 3868 121 5906 124 6059 114 5492
2104 -3.7705250456290518 -7.3260088466074089 236.76188859161132 122 123 117 0.099043095047971388 110 5825 114 5490
2103 25.732777807486478 -9.2356723607286764 249.39017782920678 62 58 55 1.0655530406063551 110 6004 114 5486
2102 26.969935566348529 -12.087292675546312 258.12185505960252 136 132 130 0.24623686590293559 110 6651 121 6169 124 4206 114 5485
2101 35.885484168678552 -9.1290797008018316 233.14979602167705 82 88 102 0.3855087092109768 110 5930 114 5482
2100 24.881841842155421 -9.5139243097204744 250.06601758244503 154 153 149 0.52556954584287618 110 6016 121 5947 114 5468
2099 31.350309067235955 -8.6031220375234891 255.55719611342323 166 165 163 0.23213466725188253 110 5974 121 6037 124 11526 114 5464
2098 30.175031964576988 -9.0068749554666407 251.84656905620699 158 157 153 0.39376800219170788 110 6873 124 5942 114 5460 121 9949
2097 2.9691877933876647 -6.2562877134950119 234.0132757732585 82 82 74 0.15052177984098339 110 5787 114 5455 121 6051 124 6030
2096 22.745195613278806 -8.6827664000862619 251.61363269028303 126 122 123 0.43258601490358894 110 5435 121 5909 124 5925 114 5449
2095 9.3180932314948457 -6.8623789041964152 226.6873979713252 166 198 185 0.70628964912235592 110 5783 124 6087 114 5440
2094 32.004839847286512 -9.1887748216747589 258.89055380137421 41 40 36 0.36668416974824003 110 3991 121 3578 124 4192 114 5439
2093 26.965939033071177 -8.5586693726369312 249.09046974834581 36 35 33 0.85938493564799012 110 5975 114 5438 121 9939 124 9512
2092 -1.4728048370769644 -8.5241398852437467 230.06778406732053 129 171 137 0.6036256705810874 110 5981 121 5956 124 5905 114 5432
2091 -9.7640913521515724 -8.8200749152796707 241.19290035989624 61 61 59 0.36988995197370667 110 4000 121 5957 114 5431 124 5906
2090 6.3500042046542218 -9.3769196340741772 236.62021856222373 74 79 77 0.60909676069101637 110 6014 121 9814 124 9538 114 5426
2089 33.878966845845973 -11.961026385791639 261.76420176949819 141 134 126 0.24323054841241831 110 4626 121 11114 124 6226 114 5420
2088 34.015784015191706 -11.925033355498957 260.23711084065201 92 82 73 0.3365760011767514 110 7280 121 11113 114 5419
2087 30.851337198534043 -12.179901888571759 257.54769426828688 56 51 54 0.2303929096651646 110 3961 121 6171 124 6195 114 5417
2086 32.915051765712938 -12.306648607762698 259.99544412057395 132 127 122 0.3366481476065416 110 6634 121 6168 124 6194 114 5415
2085 2.2227359702040399 -8.9097987882271408 226.28106941934951 86 119 94 0.95359856804170717 110 6001 124 5974 114 5410 121 9823
2084 24.478121011778356 -11.208764991052583 251.21072671788266 156 155 153 0.28685426587873475 110 5941 121 11088 124 10732 114 5404
2083 35.28903770418718 -10.699227220391512 260.67394594180536 91 88 82 0.032075690772996143 110 5964 124 5992 114 5394
2082 6.5541071367319894 -8.4574511677501931 224.86819413520234 110 143 120 0.47982690296443065 110 6030 121 5954 124 5908 114 5393
2081 29.900519013304574 -10.138140438390582 254.01647426768952 105 100 96 0.47365123962473943 110 6958 121 5946 124 5978 114 5391
2080 21.205913677090656 -9.1304427448962819 242.9837732225495 4 4 6 0.70437513619408065 110 6006 124 5903 114 5389 121 5895
2079 7.4672735899401843 -7.7984410754456581 225.33317573807369 197 223 204 0.20183209207251424 110 4590 124 5926 114 5387 121 5879
2078 -9.4442909937210171 -7.9519924250262104 240.33062677610411 16 14 17 0.82895099536558114 110 5818 121 5881 124 5923 114 5384
2077 24.559477816324168 -10.368447240222855 250.42059375764529 136 135 131 0.3635893295358556 110 6937 121 5931 124 5948 114 5379
2076 23.2362813210521 -10.286557059622391 252.28080824239694 140 136 133 0.50408884346406935 110 5901 121 5925 124 4237 114 5375
2075 5.4805785517050145 -8.7272007769457076 236.1797865309714 119 120 115 0.30819014028114722 110 6026 121 9768 124 9502 114 5374
2074 10.803848360042904 -8.4095895604647701 230.23690313345185 179 211 198 1.4823517373262214 110 6031 121 9750 114 5369 124 9533
2073 22.394257464721388 -9.9916555361822699 250.77050585051009 83 83 81 0.23175566036159798 110 4025 121 5965 114 5368
2072 5.8468841611612596 -8.8146769513883321 236.76716578211449 185 185 183 0.44095455771920333 110 6024 121 9835 124 9503 114 5367
2071 17.521877250139976 -3.624727968776607 236.55032943878339 215 216 211 0.01361628415228212 110 6229 114 5351
2070 -21.186374597848573 -14.897131779210703 242.87453246394406 0 0 0 1.4111666888081742 110 4712 114 5342
2069 -6.1113599028019916 -54.427877468776906 232.5513729189195 171 204 174 0.36794829205650065 110 4851 114 5231 121 4661 124 4651
2068 -10.888658625792734 -54.97705958953371 232.16294962204699 180 191 169 0.74303052224403165 110 4905 121 4675 124 4725 114 5223
2067 -12.877429814887801 -53.310406402623684 235.50845731267387 28 54 41 0.65804576788618419 110 4942 114 5201 121 7452 124 8368
2066 -14.386972304029797 -54.175998636392499 239.53541463256437 68 103 83 0.67707173253118857 110 3189 114 5200 121 2818 124 4659
2065 -9.9614621051017807 -53.411567851252165 229.94781838062289 127 130 91 0.75207325754904764 110 3138 121 2837 124 2688 114 5186
2064 -3.939789959104663 -54.293787333342365 233.14218585395122 130 163 146 0.20492322268782273 110 8374 114 5184
2063 -4.4145641216105087 -54.439832873133852 235.59450551885934 130 162 149 0.37778813424268104 110 3103 114 5178
2062 -6.3691481976503042 -54.327210368496175 235.53183199448179 110 149 128 0.13252304689328603 110 3216 114 5177
2061 -7.0978644762693417 -53.663402020717086 234.06896619095843 127 166 144 0.82158645501444383 110 4955 114 5173 124 4675
2060 24.659325193953297 -17.629402025740397 213.49267286140929 20 31 18 0.51044448506927509 110 7230 121 6997 114 5124 124 7229
2059 18.102383997546198 -3.312533261835739 237.94146818496529 168 167 165 0.59639654430214806 110 7657 114 5022 121 9641
2058 22.922676774469359 -38.888664234222475 226.44320558819831 130 161 146 0.39659857654957814 110 3409 121 3098 114 4839 124 4894
2057 18.494775356451047 -38.514395819913013 224.99009928262745 179 212 180 0.54924073835976328 110 4639 121 3063 124 4891 114 4836
2056 -0.63694462571469446 -40.024100404687282 235.51708146917892 60 106 42 0.207986037787213 110 5087 114 4830 121 3053 124 3633
2055 -9.0915552361744734 -40.13533521166601 237.11633543272882 128 167 138 1.7908475316025845 110 5077 121 9280 124 7526 114 4829
2054 11.832779613735768 -39.536658522982066 230.09356458973659 187 212 197 0.34713189879898476 110 3413 124 7797 114 4828 121 4861
2053 -10.427344801550563 -40.161649591803304 237.40336667964192 171 203 185 0.56803447653070771 110 5081 121 4805 114 4827
2052 23.060670508766417 -51.619500092362593 225.37093082836839 168 202 167 0.63560237097817873 110 2922 121 4614 124 4673 114 4826
2050 15.646582292450118 -39.342842023277143 227.0492048577803 134 175 142 0.26687776052121487 110 4980 121 9495 114 4820
2049 22.561495125634615 -39.146272592911174 224.29106258676134 128 161 144 0.42030834202670436 110 3397 121 4838 114 4813 124 5387
2048 20.924707146896907 -37.998955635397564 225.93638598768379 192 224 203 0.50125660360462354 110 5091 121 4810 124 4909 114 4807
2047 9.5748498694297179 -37.128513668912859 222.7166842148194 191 212 203 0.25055847543293441 110 3287 121 4940 124 4849 114 4802
2046 -1.0084323911836544 -38.487605824340292 231.86730624791392 153 199 150 0.53085099486725806 110 3291 121 2923 124 4846 114 4801
2045 -7.2949837493586891 -38.978343389912382 235.99332885268836 80 111 86 0.2802948292684963 110 4693 121 4922 114 4800
2044 23.95513479994024 -37.7970867618386 223.4303177967345 186 221 191 0.39574056345502956 110 5082 114 4798 121 3071 124 4877
2043 13.710930914132797 -38.395808677389532 228.41915933351567 114 150 121 0.4261740015503282 110 8919 114 4796 121 9235
2042 11.479414083579591 -38.720630419435054 227.6919880570459 49 75 61 0.6566149535400414 110 3273 114 4793 121 3059
2041 9.0376453984471734 -37.535809087517265 222.33144346715974 171 193 180 0.47930678897351936 110 8920 124 7508 114 4790
2040 -9.2258524676844029 -41.604987633069513 235.93766956856223 145 187 142 0.25916942791746855 110 5034 124 7861 114 4773 121 5089
2039 20.559496313729571 -40.904942931889423 226.09909550342979 173 205 171 0.60636138876453449 110 5198 121 9217 124 4816 114 4770
2038 24.666235193635494 -41.032668771347346 225.91182049111316 113 152 118 0.39479166987343395 110 3365 124 3988 114 4767
2037 14.764991929997805 -40.650989722409527 224.8081661334929 88 123 95 1.0636312788101208 110 3421 124 4818 114 4762 121 5077
2036 19.815495907379169 -41.325373551851754 226.95862992525505 204 231 210 0.16974644300460651 110 3364 114 4751
2035 -12.03212877560423 -41.209333134097953 231.76894877570493 121 163 123 0.035979914643745808 110 5025 114 4750
2034 -6.2398030967657663 -39.63873289121446 230.98723479908267 194 219 198 1.1141230429072895 110 3416 124 4893 114 4740 121 4869
2033 20.69655153082617 -39.347900010479286 223.9544886608486 169 193 179 0.46739048165016384 110 5036 124 7850 114 4734 121 9396
2032 13.963287270289403 -35.173270125393273 228.39317498549653 67 99 69 0.84687475437354454 110 6535 121 4762 124 6873 114 4709
2031 14.767772127610499 -35.833254283285562 231.22251579010788 65 94 64 0.46571036866857829 110 3327 121 2983 124 6882 114 4705
2030 -14.528854032155317 -35.584933799715827 235.67114127429204 63 99 73 0.029401707308499479 110 8571 114 4700
2029 19.422700230473904 -35.234913455234292 224.40618056712174 149 174 162 0.79709230267305653 110 8544 114 4688 121 4907 124 6939
2028 16.4383484120875 -35.43709478183353 227.5470241117433 143 171 146 0.31261536770856535 110 6463 121 4807 124 6940 114 4687
2027 4.3301327270857906 -35.423482535896198 228.80511534283414 160 191 161 0.44719405284395208 110 3335 114 4684 124 6884 121 4859
2026 27.717254303274654 -34.247414330578607 218.35452989029474 150 183 164 0.66894755378027482 110 6451 114 4681 121 4901 124 6952
2025 7.8278518348234245 -34.803845328091377 225.28786246677353 69 100 84 0.22001760813917134 110 3337 121 5106 114 4679
2024 11.668312143674907 -33.052306385929199 223.6222717408709 61 89 77 0.60273875688505263 110 6505 114 4677 121 8552 124 7014
2023 -18.471231764158745 -34.705971156156828 239.91506160773523 114 153 126 0.5248669716660358 110 6523 114 4675 121 8504 124 8342
2022 24.2597486233031 -33.536101059769898 223.67649930635483 193 222 206 0.76947473896930729 110 3300 121 2950 114 4674 124 7028
2021 15.731539398676452 -33.499639205439543 225.05970255057127 187 204 184 1.4390795054434766 110 3305 114 4673 124 4350 121 8544
2020 -2.1989073941546335 -34.754704857016009 234.73282240049554 55 101 39 0.65930723036383032 110 6497 124 7018 114 4667 121 6870
2019 0.9861903415384502 -35.088078362561177 232.17029153179587 172 208 170 0.33552550774845247 110 7623 114 4655 121 8434
2018 27.061737183880197 -33.450275492485581 219.022468910128 124 153 135 0.75598338384185959 110 3339 124 6907 114 4648 121 6851
2017 3.2818764644107814 -34.816689798976512 231.40298503711637 50 84 59 0.36706837424182137 110 3303 114 4647
2016 11.485111582153102 -33.682472506723201 223.36095797758836 77 102 94 0.4676206153178859 110 6558 121 6844 114 4646
2015 15.134443704778757 -37.789915357290447 231.45694036146077 64 88 74 1.1531847092686114 110 5064 124 4870 114 4643 121 8605
2014 3.3720849419839145 -37.515809394312015 230.50642858226126 61 98 55 0.93092469365338593 110 6477 114 4639 121 4949 124 3601
2013 0.45535639827473662 -37.337036483342487 230.42709581826026 84 131 76 1.1745156807436679 110 3259 121 2942 124 2158 114 4638
2012 8.4758429947679392 -37.503316566317871 228.80726551172319 185 200 195 0.29777450400898398 110 3246 121 4944 124 4828 114 4633
2011 14.773833369790657 -36.677088891955769 231.98559636828455 63 91 58 1.1069686209670597 110 8555 124 7564 114 4629 121 8665
2010 3.3386984903240835 -37.940700512098168 230.72710719834677 154 193 148 0.2145210811424367 110 5061 114 4622 121 9365 124 7449
2009 22.120657687406837 -35.190105671653171 214.07725133664272 144 171 155 1.8779643965932173 110 5060 121 4953 114 4621 124 4830
2008 -4.2886846235212417 -38.113975497737641 233.88549409322744 77 129 74 0.8531359948545465 110 3254 114 4614 121 4957 124 7485
2007 16.466887706605256 -36.481366922900619 230.40430368084773 166 197 164 0.03775880029432517 110 3283 114 4611
2006 8.4535384437435699 -35.211067752123128 224.24207877753346 75 107 94 0.26415857779503277 110 6457 121 4900 114 4608
2005 26.60347837204208 -34.853759420886732 219.10518722736444 115 146 128 0.34381859461447639 110 8882 114 4607 121 8668 124 7582
2004 12.573961675631972 -36.359371363690379 229.11525720087971 157 181 167 0.32207735358693196 110 6441 121 8674 124 6961 114 4605
2003 2.1434186238430195 -36.919194382023917 234.27434119563296 68 108 56 1.1841900251679962 110 8552 121 2912 114 4604 124 2146
2002 10.756911158685936 -35.597639011559309 224.41951811576055 90 122 101 1.1193110690212484 110 6437 121 4880 124 6962 114 4603
2001 -18.558058905431892 -36.424310909675889 235.91627041432787 86 129 94 1.6605824452253688 110 8536 114 4601 124 8187 121 8626
2000 15.41197403900814 -36.679765210625064 229.19177925389261 175 203 178 0.12872239076273792 110 6492 121 4884 114 4599 124 6925
1999 31.28785490025934 -34.766269171193208 214.82105638680483 118 159 111 2.1293678790628046 110 6472 122 3369 114 4598
1998 2.1998896657316944 -37.54904355060291 232.41720509401253 194 227 191 0.15386207296576726 110 6467 121 4897 124 4856 114 4596
1997 24.42007273432273 -36.189087370036802 222.18242836505968 187 218 200 0.58865779745951274 110 5070 121 4899 124 4869 114 4587
1996 -6.4487779453778193 -36.768742827014684 232.36632738606821 60 105 62 0.0029159582851300461 110 6449 114 4580
1995 27.813762199480422 -37.026095854050318 241.83654561152562 201 220 211 1.6018452853880072 110 3329 114 4578 124 3627
1994 -10.667520257381051 -46.808176008582564 229.55115199422008 145 182 170 1.2519549946003015 110 4789 121 1739 124 3040 114 4577
1993 12.925696836980816 -48.906817189107343 234.57684645319972 178 214 181 0.20933240005080678 110 4736 124 4462 114 4574 121 4516
1992 15.290014086296971 -48.894251240381934 233.29678131164346 194 226 190 0.19819566258392871 110 4761 114 4569 121 4484 124 4524
1991 13.937214010022023 -48.040984574516557 229.18415969600045 108 150 100 1.0753354520589886 110 4725 124 4522 114 4566 121 4483
1990 -20.295036687046075 -50.055314621233492 242.52479816985038 109 151 131 0.77513808497394299 110 8144 114 4562 124 11380 121 4476
1989 -9.3574725802094907 -48.154907533386691 231.03774923576987 144 191 147 0.16188530022546202 110 7964 121 7844 114 4555 124 9044
1988 12.16565557807232 -49.680909596687364 233.52915308581163 109 141 110 0.6484120425209946 110 3227 121 2862 114 4554
1987 -8.3801827617825584 -50.753649574103122 239.0138036340775 115 162 130 0.85547757834205174 110 7935 114 4548 124 9100
1986 -15.354836482954862 -50.410057158863204 243.82065058200089 37 70 43 0.73066189464056164 110 3214 114 4547
1985 28.41703000992225 -44.637645831454329 217.89376929839932 144 171 151 1.8059953408274645 110 3074 121 4445 114 4543
1984 24.119126863869422 -47.996408548211356 234.12389482840649 58 90 64 0.63564133266437273 110 4817 121 2716 114 4542
1983 -5.8289857155183213 -48.649395151300659 239.64222929598765 168 199 193 1.1863424337941277 110 4787 114 4534 121 4440
1982 30.00862526152677 -45.564325505489691 221.05382274774999 171 201 168 0.18352663001608913 110 3198 124 4449 114 4533 121 4499
1981 -20.135811452526529 -48.255872307951336 240.59610497531921 111 148 130 0.38632564874341285 110 4795 124 4988 114 4532 121 2708
1980 15.172705014955914 -48.699472362158197 234.39985998434383 116 154 114 0.37454438669772089 110 4743 121 2741 124 3018 114 4528
1979 -18.620905128485695 -47.906201397886036 237.62262122523165 100 140 114 0.4296802025044309 110 3077 114 4518 121 2709 124 3149
1978 -9.9246852904730662 -51.141390137882709 231.98408617095834 136 180 144 0.71189649892208418 110 4597 114 4504 121 4748 124 4401
1977 22.543591134881122 -51.656461274726553 227.54825275657365 150 191 148 0.22754935644433427 110 3183 121 2835 124 4660 114 4489
1976 19.597740975019409 -49.483543225226065 228.38379595334754 136 173 136 0.65856394789927908 110 3166 124 4359 114 4477 121 4712
1975 -15.875684186287279 -52.062059276227387 240.7399895859499 79 121 92 1.2191446189562321 110 4722 121 4718 114 4462 124 4394
1974 -3.7475225401034025 -51.978657906586889 237.88294819871953 89 131 108 1.0093914478439743 110 4929 114 4461 121 4775 124 4373
1973 -21.830089014181649 -22.265070783483797 237.14475468273071 104 108 117 0.29597462697955818 110 7193 124 10154 114 4458
1972 -14.356291952823506 -51.15308481204297 238.68815603012641 109 145 117 0.60645609483074603 110 3224 121 2849 124 4512 114 4452
1971 -6.6079332097731838 -50.245851552316026 233.26946976123648 123 166 136 0.33845825072884883 110 3174 114 4451
1970 0.85639259190671546 -42.651134238192085 228.81773556939694 150 198 122 0.14363355390676386 110 5236 124 8917 114 4447 121 8977
1969 28.914739252392593 -42.356655162964529 221.8759911007898 191 221 201 0.47263935196249951 110 5114 124 8987 114 4440 121 5041
1968 26.946275705534529 -42.030568300159523 220.08153059685938 194 225 209 0.9093738365330517 110 3374 121 2771 124 3153 114 4439
1967 16.013614058972546 -43.316278285595757 227.9032461298587 93 139 102 0.45966786800181597 110 5136 124 5108 114 4436
1966 10.223765756549405 -44.177546415570042 232.91059613853113 177 188 194 0.51886485891355572 110 3385 121 4984 114 4435 124 5097
1965 -2.1963299463124368 -43.603903864264801 231.7956436459823 131 161 133 0.87135080543372112 110 8811 124 9005 114 4434 121 9005
1964 4.2629750005910356 -43.413475382001536 228.48308658840656 134 164 140 1.6660516050683107 110 5217 114 4423 121 9177
1963 -10.448282511748561 -43.933666524643066 234.62041013814547 146 180 150 0.035086321783961316 110 5407 114 4416
1962 26.450346896457301 -40.668938665911391 219.59193174463314 171 204 181 0.91894163035013454 110 5186 121 5109 114 4411 124 5055
1961 2.9544748357784791 -41.581108943532925 227.69638223738622 125 176 107 0.6839383944915739 110 3366 114 4410 124 7784
1960 17.881042582382097 -41.861684523098766 226.66768229774206 132 176 143 0.52773723478780454 110 5183 124 4802 114 4409 121 5140
1959 8.3745871709008988 -41.881850024177218 227.23830432132942 114 137 131 0.47559849367377877 110 3359 124 3112 114 4403 121 5144
1958 29.307817746779239 -37.717655780237308 200.44455363570981 0 0 0 1.1925084766205936 110 3357 124 9014 114 4399
1957 21.647392429227132 -43.298333968557252 229.90616507608755 184 214 201 0.75595903474110981 110 5204 114 4395 121 9832 124 9010
1956 2.8429664794101628 -43.199121441871704 232.60097164249183 160 203 133 0.30062821679846435 110 4680 121 5122 124 5058 114 4390
1955 17.569230417997893 -42.429558546966355 227.06083699294641 143 186 155 0.47518730795527653 110 5226 114 4387 121 8969 124 8923
1954 7.2651480190465518 -40.267864524007592 218.07465736802129 140 151 156 0.46079920301141897 110 4163 114 4383
1953 1.2193947554037856 -46.129731031355135 233.99765199698786 99 143 110 1.248432882389475 110 3117 124 8872 114 4374 121 9133
1952 13.766957219857868 -47.519236269216059 234.1559420375645 47 72 43 0.68465450065407762 110 3102 114 4365 121 4470 124 4474
1951 10.522696365737167 -47.952833836024936 236.82546280017982 83 88 85 1.5969950926059557 110 4839 124 9165 114 4364
1950 0.8483818675999163 -45.683774260770846 228.42115998591549 106 153 107 0.55208509187529264 110 3133 114 4361
1949 13.551582076910339 -36.654176971596705 230.63694682185212 187 211 189 0.047102436573491509 110 6445 114 4360
1948 15.089237736828222 -38.550750799156262 227.14300391199282 145 185 156 0.28895590781114694 110 5086 124 7529 114 4358
1947 -0.90283671534052079 -47.047496770233643 235.57339074099636 81 126 91 1.1728068552492656 110 2011 124 2463 114 4355 121 3642
1946 1.6900599952312854 -45.123261127147849 227.15726573179427 105 147 110 0.33248428720344769 110 5152 114 4350
1945 -8.9255395700856219 -44.190987598596827 234.07902629117342 123 168 128 0.18585159828273046 110 8851 114 4347
1944 1.999893596632023 -43.504528993259079 228.69847249774728 151 192 143 0.23990729858240378 110 5218 121 9174 114 4346 124 8972
1943 -21.299570956434234 -44.374844551138189 236.08547833349519 144 162 142 0.74117528135906618 110 5225 114 4342
1942 -20.673559114751274 -44.323068728515722 235.63335905060063 35 68 47 1.55670806939523 110 5224 124 5042 114 4340 121 5040
1941 15.942983678948361 -43.972913566151021 227.20156805860481 172 210 183 0.5859310478479488 110 5121 114 4338 124 8813
1940 -0.40774735730672207 -44.337811378400197 230.92633161315658 155 192 158 0.18107792917934409 110 3373 121 5028 124 5079 114 4335
1939 -21.17017243634206 -44.502167147446741 234.59730254838587 54 85 65 0.14222198135429692 110 5211 114 4321
1938 1.7295562928358141 -44.004350688050195 228.65674799050464 157 194 160 0.33532628275008725 110 5123 114 4318
1937 -5.8642647040018652 -45.160780286330976 233.74289826582796 97 137 106 1.7456321845738856 110 3123 121 4776 114 4314 124 5091
1936 -14.376950910087718 -26.140700671807984 232.93740860753377 179 202 181 0.21348441245643951 110 6707 114 4311 121 6731 124 7261
1935 20.217350009153197 -38.717514439890373 225.1554814383056 202 229 210 0.2928868178428416 110 3412 124 4899 114 4306 121 9467
1934 24.897199731474053 -33.977789713058655 218.45131830812764 168 194 181 0.8744840652936835 110 3326 121 2981 124 3577 114 4301
1933 -6.0114519254272833 -39.202674391483718 230.19112128322664 77 118 78 0.74193949424063543 110 3271 121 3100 114 4297
1932 3.1311185723300281 -8.1344895991974937 228.8884045374127 29 28 23 0.84445332060004152 110 5968 121 3615 124 5941 114 4288
1931 -10.37274205736237 -15.36400113760379 241.07734169899663 191 190 186 0.80392992662108576 110 4446 114 4282 121 7070 124 6158
1930 -11.74941849845793 -19.564682436630488 235.65705712145194 123 156 135 1.2725027005754979 110 4588 121 4141 124 7145 114 4273 124 3467
1929 17.697410022240945 -2.807349727866185 237.23560364850866 172 170 173 0.29693409453785974 110 4168 121 6443 124 6480 114 4271
1928 14.02551117838064 -0.98168363313487483 229.84241136231492 110 117 128 0.60939481683791152 110 4152 121 6579 124 6669 114 4267
1927 25.412270714267919 -26.800578874346403 219.89109731067541 87 128 86 0.56194548796488242 110 6396 121 4109 114 4266 124 3409
1926 15.49845053298375 -33.668429791554217 229.31421023520573 221 241 229 0.22506384533723361 110 3315 121 2962 124 3752 114 4259
1925 13.063726421305633 -21.132421504084999 214.96594667665778 121 155 131 0.35501214747689669 110 4305 121 4226 124 3538 114 4251
1924 18.04639741124182 -39.430906579997611 226.07979396833147 98 137 107 0.48645973002179044 110 4658 114 4246 121 3088 124 4273
1923 8.7840592837132316 -41.716712462190578 226.74728185670676 159 187 173 0.87015784653324069 110 5176 114 4242 121 9066 124 7744
1922 -3.6784332955035199 -24.212320207247458 224.1605338740639 115 156 113 0.30502307030405412 110 2681 121 7246 124 7418 114 4234
1921 -3.9057034449804235 -48.601730556298868 233.43879455117926 190 217 200 0.076552810423942325 110 3206 114 4225
1920 -3.4462553847929751 -14.423855767704561 221.20030584733883 202 225 217 0.85591363352559613 110 4447 121 3627 124 4161 114 4221
1919 -1.274353670936049 -16.060523441752082 226.81114385459335 206 234 217 0.47141907332091915 110 4468 121 7125 114 4215
1918 0.39203510620635723 -50.649526913998635 230.85338241504624 94 140 101 0.73918820839415023 110 1176 121 1046 114 4208 124 1051
1917 27.846027213334434 -30.000546873289775 215.05168202787382 117 151 127 0.50161138902174529 110 4352 121 4273 124 3800 114 4204
1916 -14.956341642593227 -21.026226206255167 234.38142486476212 179 208 187 0.17890314510513328 110 4547 121 7295 124 7135 114 4203
1915 -16.859722097839121 -14.724796996787868 238.37610856161135 79 86 94 0.60906959990327425 110 2787 121 3632 114 4198 124 1900
1914 35.519864451664581 -20.002811504867832 213.58766430238737 140 173 154 0.45601699636226345 110 4576 121 4289 124 3569 114 4191
1913 -21.740368417896335 -20.886248881419359 238.28899204687517 121 124 139 0.65011914117118275 110 2897 121 7290 124 3478 114 4183
1912 -20.62292937365623 -19.855448692722323 242.83067920636557 123 127 138 0.73099054441007916 110 2887 121 2546 124 2058 114 4182
1911 35.225086485461752 -20.427555696100526 213.26208396194605 211 238 224 0.13892496757910394 110 2863 121 4269 124 3523 114 4180
1910 17.227944870500618 -19.881360374531706 213.15966436552702 88 128 104 0.61636915074260989 110 2853 121 4282 124 3564 114 4179
1909 19.297110020143496 -16.738806625183344 223.56381431572962 59 65 61 0.42733681855925221 110 4571 121 2580 124 4141 114 4176
1908 11.756537760883743 -20.552891395227213 211.84373311052292 92 132 97 0.34720478391615484 110 4311 121 4233 124 2299 114 4173
1907 -13.23150316920864 -14.903329831081138 248.11527976522015 113 112 108 0.55841410485761978 110 6582 121 3641 114 4164
1906 26.611325776624533 -22.054358050646446 214.65508682635237 176 207 190 0.54719974252560921 110 2708 121 4247 124 2193 114 4157
1905 34.741825263957722 -20.895586570822946 214.0077063662317 198 222 213 0.21730033639859819 110 4289 121 4238 124 3535 114 4150
1904 32.473785328227059 -20.955969167492384 215.30099163451948 149 179 169 0.4334276024124768 110 4303 124 3532 114 4149
1903 -14.244484474076579 -21.344596063688943 233.59058589425604 144 180 146 1.6460317806710068 110 2968 124 7143 114 4147
1902 -17.985670367399802 -23.75709397150537 251.54141871584258 158 168 167 0.96786882445676703 110 6819 121 4243 114 4146 124 7116
1901 -1.6099622119324042 -13.964731623825717 226.16462598367119 125 149 133 0.29860901208566781 110 4512 121 3638 124 2571 114 4144
1900 26.995694123308112 -21.103250308239453 215.97598051745038 195 221 210 0.55209559338034164 110 2869 121 4234 124 7130 114 4142
1899 26.257292490268551 -20.869533214530463 213.99919997309178 147 175 166 0.93479161499960339 110 4306 121 7274 114 4141
1898 21.408288902346904 -20.703934662690852 212.73983584865903 119 149 117 1.0374667111727294 110 2866 121 4219 124 3536 114 4139
1897 4.1122321440466267 -20.15459081900606 213.05700053133137 141 175 148 1.2151971215408945 110 2855 121 4299 124 3571 114 4137
1896 2.3857736400913905 -17.71181009256275 226.81107030564431 60 98 57 0.5377807343322919 110 4536 121 7021 124 7207 114 4132
1895 -21.97786452056377 -17.862445531557075 238.64833304222884 127 133 147 0.22518269491783671 110 4578 114 4130
1894 -13.567949755532974 -18.174943249166301 237.14578339190163 155 167 159 0.55386906629995258 110 4586 121 7020 124 7252 114 4126
1893 -0.96881359354289553 -18.399241240798585 226.98441098763934 171 187 177 0.89382592066218824 110 1644 121 4208 114 4117
1892 2.1831511524572575 -16.146142532847971 227.28455735220223 154 193 166 0.87435175154871025 110 2805 124 4126 114 4115 121 7115
1891 -1.5516244047874663 -16.087283563162419 224.87765760846807 77 95 87 0.68416582651129332 110 6598 121 3654 124 4115 114 4114
1890 -14.62392961918991 -17.331998355065465 240.77504065533793 170 181 175 0.20489903303541246 110 4565 121 3649 124 4133 114 4107
1889 -4.2418150170307154 -16.489916804175891 220.17562673094776 88 123 99 1.1580182597147661 110 4566 121 7010 124 7241 114 4105
1888 32.591716740602159 -16.651427691701695 212.65152373742197 0 5 0 0.94405431912784166 110 2883 121 4189 124 3489 114 4104
1887 1.1365236544989765 -17.285713673087439 227.49853266050363 72 116 67 0.71874483214521157 110 2815 121 2587 114 4096
1886 -20.580137974087823 -19.63009133227261 236.27957556358533 93 97 108 0.14898921001674556 110 4535 114 4094
1885 10.328654649356176 -23.911192130704482 214.51571471640582 97 138 104 1.1385515267470487 110 2677 121 3934 124 2197 114 4093
1884 -11.183417357891592 -16.589646405732417 241.74454419709804 188 189 184 0.376544862610181 110 4469 121 3664 124 4117 114 4092
1883 -21.600284942039536 -20.889544386862603 241.98760885558204 97 104 114 0.48170310386015558 110 2896 124 2045 114 4088
1882 33.863514553894241 -18.624152634493083 215.01801892218657 148 179 163 0.99596861417216298 110 6768 121 4350 124 3466 114 4085
1881 24.575779257836892 -19.418556095767215 215.02331137088419 177 208 190 0.26408896782732444 110 4553 121 4167 124 3546 114 4083
1880 34.227327790521713 -19.907983472629486 214.97067114090717 133 165 150 0.28701025435318328 110 4567 121 4153 124 3560 114 4078
1879 -12.637178066414451 -17.209302225445253 248.82569560386801 37 37 31 0.18949163077067979 110 4467 121 3661 124 4122 114 4069
1878 -6.448523407794494 -18.47698245764343 225.27342895884755 113 153 127 1.7076746555650353 110 2949 124 3504 114 4067
1877 -22.662215133463363 -21.666238101514558 241.33611548459291 100 104 116 0.40563920983185353 110 2847 121 2640 124 2028 114 4063
1876 -9.8249196985330709 -19.655898347381591 236.2080252463482 154 185 169 0.57433166007950398 110 4573 121 4144 114 4062 124 2056
1875 -19.178502139209211 -19.431690080326653 238.20104834982888 70 74 86 0.80398215510257465 110 6790 121 7057 114 4061 124 3506
1874 -18.725914562531067 -21.454924409521709 255.35755494373302 86 97 101 1.189903519995106 110 7186 121 2551 124 3460 114 4056
1873 26.237221549603948 -19.329350474288898 216.85764127060693 153 182 177 0.5332852995705023 110 2905 121 4123 124 3479 114 4055
1872 -6.4012419068641737 -27.328936045635938 227.2327426355636 82 123 93 0.15443699038945058 110 4284 114 4050
1871 30.9355418305468 -26.687715900936197 213.15791505958754 178 213 182 0.61930336303068967 110 4409 121 4042 124 2258 114 4048
1870 -9.0141110080632423 -27.126959849903919 225.22995160616 143 189 150 0.3125746728881193 110 4283 114 4047
1869 1.5106325493139947 -13.945948689354994 228.23905431937598 106 150 113 0.75883330279418659 110 4513 124 1901 114 4043
1868 -21.494043058103667 -29.41934036763077 244.47991712834249 89 93 94 0.98170764147046552 110 4279 121 6764 124 3408 114 4042
1867 -7.374954423476515 -27.320883329033766 223.31758692674188 135 182 130 0.22380731149901165 110 4274 121 6638 124 6780 114 4039
1866 29.887954653386572 -27.150302502007442 213.15318636194209 104 147 105 0.4970075111317212 110 2734 121 2445 124 2263 114 4038
1865 17.772137716550674 -28.373432089035376 223.28695176666395 98 140 104 0.073238243687478888 110 4403 114 4033
905 22.568037782373359 -51.80146735669355 225.31428884560503 109 148 117 0.21980959514424775 110 1255 121 1026 124 1099 114 1125
904 1.1258816697108658 -51.517897675654829 227.04257182222392 202 216 207 0.17379396226051289 110 1198 121 1055 124 1096 114 1124
903 -1.0280452712393953 -51.262759330672289 227.23342597676708 99 141 119 0.55783792246057406 110 1197 121 1053 124 1102 114 1123
902 -1.6107957792253447 -51.806609774641586 231.14457267132798 119 158 137 0.37465724728759414 110 1194 124 1055 114 1121
901 -0.38116197419490938 -52.821788311931073 227.43012120640472 104 149 126 0.17417578679055737 110 1257 121 1020 124 1093 114 1120
900 4.4372310079173873 -43.773958265340212 228.44991544202389 202 217 208 0.33981611982663962 110 1358 121 1938 124 2489 114 1114
899 2.8643860857164656 -44.935251432215168 229.12730590093929 86 131 100 0.27595240151174377 110 1325 121 1183 124 1152 114 1112
898 -21.3530523902581 -44.665263233499729 233.38972174613778 168 192 175 0.30853279955673313 110 2064 121 1885 124 2490 114 1108
897 18.14366148693782 -44.288806729367167 226.80209629806922 161 190 174 0.49441628900611595 110 1324 121 1178 124 1160 114 1103
896 -13.859297260028294 -45.023593693633671 235.86213468972011 75 116 82 0.32057624390593531 110 733 121 629 114 1102 124 655
895 21.596053601598378 -45.806153907129776 230.88322720317223 96 141 108 0.61715659696949754 110 1334 121 1186 124 2459 114 1100
894 -21.081553176244508 -45.732096054825362 234.77636396520489 97 142 109 0.61198426063978495 110 1368 121 1184 124 1162 114 1092
2517 20.072806783249028 -9.1549935311631767 243.59783658762365 172 174 171 0.18165003227667528 110 6003 114 7801 121 5899
893 -21.877731686125866 -47.102708192883263 237.342844342859 178 200 177 0.44714404280503395 110 1329 121 1907 124 1169 114 1090
892 -11.910418479088563 -46.305723324218995 232.898039373334 74 112 87 0.20294395502890389 110 1330 114 1087
891 -14.624298431856944 -47.291882522961217 238.40102949505544 34 61 42 0.16626628974472304 110 2035 121 2683 124 2461 114 1086
890 0.054606961592910751 -44.569426350791858 224.01189455089457 76 123 77 1.3694085059793606 110 2037 121 1149 124 1168 114 1085
889 3.8823530845511574 -45.222301729526549 227.14211910463911 188 204 201 1.3825073447084144 110 509 121 1904 124 2462 114 1084
888 -13.377037156062505 -46.781600164936783 237.44023519300822 78 120 82 0.26733382187677812 110 727 114 1083
2511 30.47130351527716 -11.53141052665492 252.01253699980907 168 166 167 0.38638914765327048 110 6282 121 6154 124 10745 114 7789
887 -1.2736027533693164 -56.62078208209055 227.8013251653565 124 164 112 0.44041246572893661 110 1152 114 1080
886 40.394013435058056 -20.811202661972214 221.35848647241295 0 0 0 0.79191835494335294 110 4313 114 1073 124 7154
885 -4.5651294995220226 -51.751635718775439 233.78732657625144 107 146 127 0.42515272958508998 110 745 114 1069
884 -21.610550081759303 -32.220935852333298 243.60329454543665 184 190 196 0.36277831218458956 110 1779 121 938 124 1530 114 1066
883 16.846441294048748 -18.069048167185088 211.86821848819977 117 158 124 0.072675283718459813 110 1135 114 1061
882 -4.5253188079164879 -0.15557434489808858 230.26670636324175 157 163 173 0.5685369249731097 110 992 121 1495 124 1467 114 1060
881 7.2365950968965818 -16.90082938684596 209.33508835187294 117 158 117 1.0252476898556537 110 604 121 1454 124 981 114 1052
880 19.196197602426597 -18.199085856725404 211.85850280488091 167 188 156 0.17568642841260454 110 672 121 964 124 604 114 1051
879 28.198879530798255 -15.419043627179271 256.22391010351919 76 72 68 0.1578427671927948 110 1110 121 826 124 1008 114 1049
878 32.121394759261264 -19.22802137085133 213.89789101998571 141 175 159 0.35605374768449533 110 1129 121 957 124 1000 114 1048
877 -11.397081451043739 -20.101521884017338 236.00135293521035 192 217 206 0.74430924143376831 110 1173 121 1420 124 1604 114 1047
876 29.877284262694399 -19.561424234094229 214.38724658743635 200 225 220 0.53632622361813942 110 1037 121 963 124 998 114 1046
875 21.661531901790323 -19.360982943935255 212.94011073454266 7 21 0 0.36296821900931886 110 1128 121 1427 124 1598 114 1045
874 11.431243287320385 -18.816971968328602 210.96044665073276 125 164 130 0.74820254404248354 110 1132 124 1001 114 1044
873 26.660273663697396 -20.147355244224872 216.65990370527103 205 227 224 0.42706263449849635 110 1121 121 911 124 993 114 1043
872 -5.8664777366044936 -20.4132690100917 228.94093126087145 45 76 47 1.4096701045028124 110 1131 114 1042 121 4156 124 1986
871 -7.3462042154942102 -20.329043418028821 224.71514770092048 213 232 230 0.48366840167595293 110 1911 124 995 114 1041
870 34.086612132878777 -20.743543854217073 215.04408132513868 131 167 148 0.35202272679608093 110 715 121 905 114 1040
869 25.267036176731178 -20.613681826000786 215.31145598061664 189 213 207 0.40703918102515269 110 1043 121 906 124 946 114 1039
868 9.6024216045360973 -19.823249204941867 212.43409028869257 163 201 162 0.61693892587696908 110 1123 121 910 124 1612 114 1038
867 6.6096508644378789 -19.695470459669636 211.23008677158896 125 167 131 0.50768832701877664 110 1146 121 1434 124 992 114 1037
866 29.433776886845596 -20.768514584504491 213.70906937881892 132 168 150 0.93011800748676599 110 1113 124 944 114 1036
865 -1.2312647921431989 -20.221073671294047 216.45617818576301 26 40 14 0.52986636165210177 110 1122 121 907 124 997 114 1035
864 -3.565054098754441 -12.265020979602031 222.87490724566837 22 45 29 0.55687906748695137 110 585 121 828 124 860 114 1032
863 29.791490646218211 -16.12193164761614 255.11377618835508 60 61 57 0.22323504694107121 110 1108 121 948 124 988 114 1031
862 6.8832387967500939 -12.626580978252958 222.83627794493006 104 152 102 0.64937724124852436 110 964 121 827 124 858 114 1029
861 1.3553710104834853 -13.383313677593149 227.42218837770614 114 164 112 0.68261013242580793 110 958 124 948 114 1028
2484 -10.948547589825887 -14.949773616813227 244.3070419030999 88 87 82 0.76658202891513283 110 7332 124 11051 114 7594 121 10165
127 -0.74397826377496912 -41.108107917611711 231.52812727918538 99 150 84 0.19523198453507354 124 7713 122 6377
860 -16.185207335766187 -14.571753501047688 245.85649391165862 156 159 164 0.52896602199878473 110 588 121 950 124 529 114 1025
2483 4.3530403726432088 -14.289416640182507 225.92235696486264 135 155 154 0.3570697283126858 110 7326 114 7586 121 11272 124 11009
126 11.625033774507417 -25.589837878102912 217.87426349472804 37 72 43 0.60769388253643708 124 7345 122 3178 110 4250 114 3907
859 -17.988721946664022 -14.351086646327627 237.07632075915092 92 96 108 0.82690196660621818 110 956 121 946 124 970 114 1024
2482 1.7075208892296239 -13.023398658118857 226.27026242673904 119 160 122 0.8238220795236002 110 7342 121 6147 114 7582 124 6099
125 12.760064168415308 -24.120865148050701 216.74444603471505 113 153 119 0.59873298317472801 124 7289 122 4681 121 7209 114 6348
858 -11.347082919554349 -17.761334471673347 233.93153758260686 2 4 0 0.28580634469296995 110 1091 121 967 124 972 114 1022
2620 12.296589366772032 -50.557698633186035 235.74746663997968 197 221 195 0.26547621081464506 110 7952 114 8563 124 8499 121 7855
263 2.2457696177981465 -57.711876164980488 232.66001593714876 147 188 147 0.75806174411994642 121 1083 122 745 124 1089 110 1271 114 1381
2481 4.9262833802766526 -13.840301284267699 228.3646405818447 168 179 180 0.27676038060993619 110 7311 121 11223 114 7573
124 14.131439455648984 -19.34947283879567 211.69220056716554 131 172 142 0.70307430053667141 124 7139 122 4573 121 4151
857 -11.013359558069787 -16.180560836572806 245.00287403338658 165 164 162 0.23907283791774256 110 1104 121 932 124 985 114 1021
2619 17.341129530273104 -51.169268640722699 233.06727339155364 152 177 155 0.16580201022297744 110 8028 121 7806 124 8557 114 8522
262 7.2835631780868253 -55.954590399478278 233.57118943015158 114 160 113 1.6835860437481909 122 1080 110 1264
2480 29.82753720400612 -16.571538483396395 254.56353780743041 137 133 129 0.18994737519182156 110 7155 121 11258 114 7570
123 17.949677646115997 -19.894454096685333 211.26252237648549 127 155 141 1.6235050413027872 124 7121 122 4576 114 4197 121 4280
856 -3.1054359168263406 -14.899734588019301 219.88478623472224 64 91 77 0.24764482767597357 110 1105 121 939 124 984 114 1020
2618 -14.252194576386495 -55.404123168981833 240.5688545100262 122 156 140 0.824939820122922 110 8011 114 5179 121 7350 124 8410
261 8.0243556589731924 -54.928294640006236 234.24561555103492 25 32 16 0.86647520825896207 122 593 110 1260
2479 -4.592472593660534 -1.3503118169220867 229.30882229379759 155 161 173 0.3015543888675476 110 6247 114 7556 124 9929 121 10282
122 -3.776456643131886 -34.604743104609128 236.11259744858026 54 102 40 0.71259679990698177 124 7056 122 6117
855 -19.228932360793451 -15.787662871551724 238.69074071949581 97 99 109 0.4677305923374262 110 1106 121 941 114 1019
2617 22.996905024704592 -52.794295538403624 227.06195380560885 164 196 173 0.34356152096743026 110 4847 121 4678 114 5172
260 5.0874534373437648 -61.871866595590475 236.50071268117429 94 134 108 1.5025391887866573 121 1740 122 744 124 1070 110 1242 114 1367
2478 15.39726561699154 -2.3486503068331976 235.38891557882914 112 112 108 0.44193374673355657 110 7689 114 7555 124 10041 121 10300
121 16.613569333131803 -0.2837675631910393 228.25283504589797 114 123 132 0.25890982142124869 124 6652 122 4396 121 6606
854 2.3389792548730015 -15.905137651418592 228.49987386946768 147 184 160 0.55837578154467749 110 1100 121 936 124 982 114 1018
2616 19.746429664847966 -52.016667539156835 229.95254598354879 171 208 177 0.21448844722299165 110 4947 121 4638 114 4484 124 8361
259 9.5587486778200841 -63.268143433177642 242.13362051053869 110 145 125 1.7034766697903521 122 741 110 1241 114 824 124 2362 121 1788
2477 35.524978423521318 -9.0180098822278882 235.14874700719798 188 196 207 0.32151800523018126 110 6891 124 9568 114 7550 121 9748
120 1.3096998627852092 -4.2167807348483031 232.87342021670426 86 87 82 0.7905256467998244 124 6530 122 4278 121 9534 110 3931 114 3791
853 3.8903128355198149 -30.268486192070807 227.83310293087956 166 193 163 0.38739810311257405 110 717 121 955 124 953 114 1017
2615 -2.6038726617753221 -55.696808556244733 234.40288265710137 159 194 169 0.76102624472257374 110 4903 121 5627 124 4728 114 4262
258 2.426210113564566 -58.528899145652915 233.3487434036216 116 161 122 0.95664945115884792 122 1663 110 1238
2476 22.578168130893634 -2.8942484141276204 231.77299197241692 125 129 141 0.76189431223965065 110 6167 121 9669 124 6486 114 7543
119 7.6097787078481787 11.389523746437149 258.88103541431758 189 174 169 0.37725583804375606 124 6350 122 6389 121 6542 110 6083 114 5668
852 -17.568247919887344 -16.109462570113504 239.36517086446358 87 91 103 0.44869462118946007 110 1103 114 1016 124 1411
2614 -1.6653723522850448 -57.396228211362349 229.72805230724748 148 184 147 0.63133808346607911 110 3729 114 3362 121 5688 124 4537
257 4.8070720285390687 -59.908405741199381 233.85191822141931 93 137 102 0.52834290425248087 122 738 110 1233
2475 3.6435151719362993 -2.2324850756099184 232.86366205819644 182 187 184 0.3834991256176028 110 6276 124 9988 114 7541 121 9662
118 6.2494556751394379 16.867998414879519 268.58647067955042 153 143 141 0.98313084612618729 124 6344 122 4473 121 6311
851 1.4792411300577284 -15.892284350490909 226.42646333066946 72 114 73 0.77013546427445378 110 598 121 943 124 978 114 1014
2613 -3.0180767122185377 -57.294317747962722 228.46722957504906 135 174 130 0.74613285791807715 110 2417 124 2395 114 2179
256 12.012039165597809 -62.850985378708629 241.61337743690757 88 136 74 0.77815510651541386 122 1152 110 1225 114 1395
2474 3.0430230074580629 -2.1999626245428257 233.14424448526688 114 115 112 0.14304321019843852 110 6265 114 7540 121 9654 124 6514
117 7.2380177405254864 17.931571166723121 269.93980976974672 149 146 142 0.011883240809802261 124 6337 122 4429
850 14.977637324458057 -15.942732301984201 209.71424245957587 191 216 187 0.30644288034617712 110 602 121 605 124 974 114 1013
2612 28.246132079128348 -54.597034244115591 218.68457219967894 155 186 155 0.51652663753493233 110 3726 121 1768 124 2393 114 2174
255 10.267054620960044 -23.103391087602422 214.35055310449204 138 177 153 0.33484785505534942 121 894 122 882 124 933 110 1048 114 971
2473 20.048720057589392 -3.0223537927917126 236.88462603485766 101 102 106 0.21080739783051392 110 7702 121 9680 124 9406 114 7539
116 -4.5225654218357896 -13.214828094461719 223.948607766648 194 214 214 0.34597270773260602 124 6165 122 4638 121 6116
849 -2.9226123723236865 -16.478794115486021 221.40429616610041 40 64 42 0.33522464527111384 110 601 121 514 124 599 114 1012
2611 -1.1730971003465331 -56.501581856219325 232.00520192557599 148 184 151 0.94235479676434408 110 4881 121 2725 124 3317 114 2169
254 -7.3988921348208221 -69.615032699607625 238.27499538933 111 149 128 0.11209465026649035 122 1085 110 910 114 839
2472 15.888541351959907 -1.4695136988239119 234.4277338398652 131 133 136 0.26350390245593175 110 7884 121 10321 114 7537
115 -1.7756192160592787 -5.4834002447871271 233.8634016136356 209 208 203 0.95266816859662862 124 6038 122 4210 121 5984 110 2428 114 3809
848 5.6155294589700704 -16.040616451041291 209.60049469636746 192 213 192 0.4159261523397233 110 1094 121 1437 124 973 114 1011
2610 11.289114264061689 -52.48177129578437 232.66123262391187 135 175 138 0.67791333002253007 110 2307 124 2302 114 2135
253 21.101046050982553 -61.411734173686639 231.12895128420709 92 140 78 0.86449590416138322 121 771 122 3414 124 796 110 879 114 819
2471 19.782265432386211 -1.7118812769733767 230.44040155247345 173 179 191 0.35683181774611339 110 4138 114 7529 121 10331 124 9955
114 2.811987220951671 -5.4070293087359822 235.34212544849598 54 53 51 0.10961704789891025 124 6034 122 5542 121 5969
847 -6.122321440374253 -13.143014684465872 239.92726722205586 194 209 206 0.46424552746471864 110 954 121 611 124 859 114 1010
2609 25.233404720910951 -54.466130492597088 223.14710016555699 99 137 115 0.65202846511548884 110 892 121 642 124 1083 114 699
252 -4.8397356790880384 -78.84279879971875 236.78922964052893 136 178 130 0.93785970871172331 121 745 122 1125 124 775 110 862 114 797
2470 8.5352651013897454 -3.3101964609144945 233.18147026762162 72 69 62 0.23243684138908721 110 7660 114 7502 121 9715 124 9371
113 -2.8096881112115644 -5.1149060927043557 234.0651988352918 160 161 158 0.31621623199235921 124 6026 122 4225 121 5976
846 -4.2979447072950094 -25.512625157196009 221.09806990544919 105 149 99 0.50971523831355914 110 1034 121 1705 124 1651 114 1009
2469 11.427321002815981 -3.7165436345816523 232.95724687089475 116 118 106 0.55813822954333503 110 6227 114 7495 121 6485 124 6559
112 -1.9466468011422717 -5.027907387837292 234.58231867459057 59 58 54 0.69844841296959914 124 6022 122 2837 121 5974 110 5841 114 7231
845 27.857658400630122 -25.983082394700599 215.56256368450588 77 124 70 0.5925589818239414 110 1057 121 923 124 968 114 1007
2607 10.585772658420211 -48.496044560600694 241.11710743307447 52 57 56 0.36068284406489098 110 99 121 82 124 79 114 82
250 -8.320175020550888 -35.424804702645936 230.86349125334269 178 203 197 0.37146914571054979 121 1592 122 684 124 1574 110 774 114 713
2468 10.37177888207313 -3.7345374840914567 234.61320110208459 163 163 151 0.26496563829250724 110 6226 121 9732 114 7494 124 9452
111 -2.1301558493679686 -69.806458915005251 238.24734091139828 87 128 84 1.06072594783187 124 5880 122 2664 121 3421 110 2287
844 -9.290499405651218 -16.475835470837502 239.7661479347164 184 202 144 1.0732571702353724 110 1624 121 935 114 1006
2606 -6.2035873372659456 -54.516126769744837 237.71363473857059 175 207 192 0.88880239186327881 110 4858 114 8875 124 8459
249 20.169724340961885 -68.113164788506168 225.60631541815042 165 195 167 0.27181302338348823 121 487 122 710 110 527
2467 8.0839528025934886 -3.7026950296342003 234.21108151183455 153 152 147 0.14896855826731967 110 7650 114 7493
110 -5.5365867496640693 -70.527370818289882 237.98469437715323 107 143 117 0.12966227268597702 124 5859 122 3985
843 -11.299399111771624 -27.013190548363735 226.41008254992482 202 222 220 0.77247770551474493 110 1080 121 921 124 969 114 1003
2605 -4.0627471713503649 -51.661225582057483 233.03446099309534 141 180 159 1.1605464960768843 110 4917 124 8529 114 8860 121 4750
248 -3.5489487786517824 -62.14545962582406 232.98372745652642 114 161 119 0.53186404706742874 122 761 124 507 110 478 114 509
2466 15.0787866422408 -2.9388010175817834 234.13932758725451 153 152 147 0.011290862892289991 110 7706 114 7486
109 -1.0323363367292571 -72.920389405237074 238.92683456299284 99 141 103 0.85620331214534851 124 5793 122 3972 121 3157
842 17.461567886886751 -28.063425718463257 224.41883230138009 158 183 161 0.27148493509210425 110 1075 121 918 114 1002
2604 22.775375374529439 -41.801454625901904 224.75429504282849 177 214 171 0.27397934979726402 110 5230 121 5115 124 5063 114 8828
247 16.791700900407079 -60.920459771375413 239.89299032716727 102 144 93 0.55105626412533715 122 764 110 470
2465 19.590038563339355 -3.2385332528445856 236.81573041003759 106 104 108 0.21362796378230664 110 7546 124 6494 114 7485
108 -3.302607620936667 -68.211692925034754 238.63837059018354 24 55 40 0.44937819062363626 124 5578 122 2635 121 5694
841 -10.3860915472223 -27.059929036706112 224.67198283287064 86 140 88 0.1902611280735802 110 1079 121 920 124 967 114 1001
2603 -6.2036957750411093 -54.238360799409691 227.91343966683451 143 156 109 0.36981517718155921 110 7575 114 8751
246 24.599264278790855 -50.314888865031854 224.80007578533184 0 0 0 1.7405804199592338 121 377 122 254 124 487 110 272 114 259
2464 29.511525287401863 -3.5205418061262859 231.74975166599987 193 195 207 0.11905591658953014 110 6182 124 9375 114 7483
840 21.408179267170361 -28.215495863376464 223.90315954000275 157 182 170 0.72061863031267614 110 1074 121 917 124 962 114 1000
2463 20.008883567470708 -3.55669101993792 237.0932011263838 135 133 134 0.51585861067309591 110 7651 121 9714 124 9379 114 7480
106 -18.61739175821155 -47.162920137062038 238.08493838145543 139 175 159 1.0021992470328134 124 5011 122 6358 110 3147 114 2892
839 17.969151603144571 -12.79668246833744 227.27599372889503 2 2 0 1.3199775536600737 110 965 121 1401 114 998 124 1416
2601 19.907120062736716 -42.345606044108344 228.29860257299816 120 152 137 1.2624049177093692 110 5235 114 8723 121 5117 124 5054
244 18.822659324811969 -8.5142341938620589 227.52203410986849 171 175 173 0.69065854941386395 121 133 122 194 124 141 110 212
2462 4.3014789720080691 -2.6753081321815744 232.6912303808692 121 121 120 0.35276435419217866 110 7714 121 9623 124 10010 114 7473
105 1.2939517502978577 -59.986077758592408 233.35512624526618 146 189 144 0.50164603193006396 124 4588 122 3802 110 5634
838 31.096317463657105 -27.870759570890836 215.87131454539394 115 160 116 0.53322099333563966 110 1068 121 916 124 958 114 997
2461 9.0597514225471336 -2.8481757901083107 230.63682112998282 171 166 160 0.21688451165916645 110 6189 114 7471 121 9632
104 27.904639266380173 -13.970160688423658 256.71709224352537 164 151 140 0.69450683006015801 124 4056 122 1827 121 3689 110 4527 114 3687
837 13.179002858901692 -28.160730030736026 218.27838844814639 102 148 102 0.67070820880462811 110 708 121 518 124 581 114 996
2460 26.352745613427537 -3.666031153423575 231.7245083440726 190 193 200 0.012782011442456796 110 7656 114 7469
103 -14.005041525615967 -42.279342164607165 236.86438745411311 99 145 108 1.0280341271017346 124 3939 122 6730
836 -8.095039199092632 -13.962117796066799 244.35579391337154 185 194 192 0.32621918355088342 110 587 121 825 124 857 114 994
2598 -11.509388892703916 -55.310027563563708 231.39208278422137 100 124 114 0.34919565919069917 110 8384 114 8702
241 25.247402789850501 -67.167894077786329 224.87380162031641 134 173 126 1.2739113157970738 122 250 124 305 121 280 110 349 114 246
2459 14.610545839231973 61.669428891555178 241.35387896414088 123 159 237 1.0257519069011665 110 4207 121 6324 124 3855 114 7464
102 -2.6267123584893417 -4.7569194588533241 233.83835348834552 215 214 212 0.45404540302275564 124 3897 122 4232 121 5970 114 5832
2458 9.7443506611008033 20.383906197739087 286.59634331464173 0 0 0 0.1801362717990414 122 8162 114 7456
101 17.577172372836202 -4.7741216171731855 235.95956211221804 88 88 85 0.44898080612236047 124 3895 122 4541 121 3878 110 3918 114 3800
2457 -0.85008185131951375 15.654036853803095 278.37301242184469 149 129 120 0.11517290581074019 110 4642 114 7452
100 9.1578023966266446 11.147570538440471 257.8890095361682 230 226 215 0.35263125983037763 124 3813 122 2957 121 3814 110 4234 114 3688
2595 -0.66370576790682101 -42.776055551134206 230.05130600739707 77 128 59 1.3155020770897901 110 5184 121 4997 124 3093 114 8681
238 -5.794766010178142 -24.973412809355764 225.64385453935876 80 119 88 0.99271415285804532 122 7188 124 10583 121 10819 110 6715 114 6727
2456 3.1621642420101761 7.7020815979174388 254.65474456185979 181 164 157 0.19315285477514718 110 7905 124 10073 114 7451
2594 24.301368909642971 -41.334968697700859 218.80968863346271 117 154 120 0.32140609859532737 110 5212 114 8669
237 2.7856796107612336 6.7397382067391636 251.30772046202688 188 171 164 0.082589969282171383 122 6455 121 10366
2455 16.733345951489888 69.350773566374542 236.17392771576729 108 145 216 0.53653336645860328 110 6165 121 10171 114 7438
98 -13.486920401468765 -21.335445483515993 234.91875895618131 186 223 183 0.32015582563437472 124 3558 122 4752 121 4284 110 4563 114 2609
2454 18.311836520020826 -0.47810720593563888 229.65744718091963 178 184 196 0.32313811511194279 110 7858 124 10118 114 7417 121 10274
97 10.981962046774184 -25.522719692246049 217.32874177728908 47 80 56 0.85175029145409198 124 3451 122 4690 121 6713
2592 5.922259553368848 -42.223780013317935 227.40472991640721 167 189 177 0.39695832364599504 110 8805 114 8649 121 8994 124 8964
235 2.9630155423069597 -3.8728874873499586 233.99311354386447 75 72 65 0.22540628448725397 122 6401 124 6564 121 9691 110 6223 114 5793
2453 4.6135490418590841 1.3205390917118072 228.70963376924223 185 192 202 0.11832394040717009 110 6255 121 10418 124 10066 114 7385
96 11.401989966980816 -22.125273036316379 214.78540486452451 31 68 34 0.42321574196886119 124 3378 122 3220 121 4000 110 2706 114 2485
2452 23.044983067059707 -7.7812264278919656 250.57151498723886 63 64 59 1.5587661079139665 110 7101 114 7369 121 6026 124 9675
95 10.633545304287466 -22.685203281021998 214.14378301061592 118 156 126 0.98052543372893297 124 3338 122 4740 121 4017
2590 -2.2338176978063138 -44.499611951452771 232.62933831870257 108 140 116 1.2298533568962682 110 3377 124 8971 114 8629
233 -16.416779425079273 -47.23993245090174 238.30398567065785 72 106 89 1.3824317469806942 122 6242 121 7684
2451 18.824632795140904 -7.0863429563671785 241.10752123136774 109 106 101 0.20860632723800512 110 3879 121 9892 114 7367
94 3.3154533716940295 -58.858574330578946 233.47263645281714 116 158 122 0.99275310696062102 124 3331 122 2576 121 1775 110 2423 114 3359
2589 24.672949895247807 -43.14147198926684 222.87133791240839 156 192 148 0.48618793423427409 110 8112 114 8627 124 5010
232 14.457718523218045 -61.864704935186417 242.02991704953257 54 68 43 0.59056047377640497 122 7481 121 7491
2450 -3.7908592969016754 -6.1281398703723617 234.9728302638124 185 184 180 0.48912048740599612 110 5883 122 4372 114 7365 121 9893
93 0.89867956424883133 -60.221058727092696 232.79800732150059 90 131 89 0.51226337563789404 124 3309 122 2586 121 5515 110 3662
2588 -1.163857389996406 -44.033682498784835 230.97509482204194 208 237 212 0.55752093985938267 110 5135 124 11340 114 8626 121 9181
231 -8.7186610305525871 -23.052935346645274 228.26213798561756 204 236 216 0.75147020579793278 122 4678 124 7357 121 7190
2449 26.803587970745262 -8.0301433673737446 250.13641017688377 45 44 40 0.44768123618124983 110 7088 124 9698 114 7361 121 9955
92 4.6908954474178248 -60.944879653354675 235.5889962000071 142 179 148 0.71366512130009607 124 3308 122 2584 121 3360 114 2039
2587 -1.8761909338800984 -43.890870849943575 233.07529878994754 194 223 195 0.66177234871761415 110 5223 114 8620 124 5041 121 4966
230 -2.6191008001160179 -34.895484188946533 236.23957634282061 141 187 126 0.30718868796632942 122 3459 124 8315 121 6867 110 4610 114 2960
2448 20.205433090022918 -7.3252558646380521 239.87022414060797 195 195 194 0.23218762439908244 110 7079 114 7359 121 9867
91 -1.1083766379816054 -63.075451295030916 233.90400831217747 92 135 103 0.43690604011838763 124 3233 122 2998
2586 3.6162413301789562 -43.36717464406086 229.2433749559865 100 143 91 0.063552106732807201 110 8103 114 8612
229 -2.4432521047707887 -34.053397387806278 236.23141325517466 56 104 40 0.044674851652541606 122 5332 121 6837
2447 2.1854856371280427 -5.7263499330650278 234.11685382843294 85 86 78 0.015621102283253446 110 7015 114 7345
90 -5.4999440906071939 -61.395021292346186 232.45560987972954 157 198 158 1.0043775843858453 124 3207 122 3830 121 5600 110 2389
2585 4.8781879403036763 -43.118337144402574 226.84576963706073 72 86 88 1.0716516426379237 110 5216 114 8605 124 8985 121 9173
228 10.478282882453309 16.178528243316926 266.77615742026046 154 133 130 0.21152371194261807 122 4438 121 6545
2584 0.29402682811295577 -44.139346085176008 227.89669885710623 189 220 191 0.13153828365352199 110 3120 114 8600
227 9.930426428065136 16.342146410931331 266.92251169918006 185 169 165 0.24044467899852562 122 6510 124 6346 121 6544
2583 1.7092320525391518 -42.844523242008471 228.65297632486289 129 181 107 0.59764851865216839 110 5228 114 8591
226 9.8446540521195587 1.8124199385561268 227.99916769706292 118 122 133 0.20269263819284436 122 4399 124 6617 121 6519
2582 23.366132430245418 -42.793707509726012 225.18181511890074 165 204 159 0.19528957735677599 110 7637 121 10516 124 9026 114 8589
225 1.8625657418784582 -3.4799719866476742 232.88925199299504 182 182 173 0.37263763851219117 122 5769 124 6555 121 6518
2581 9.3647039337271707 -43.391720844937844 229.82444365157784 81 102 99 0.42774512518064828 110 5209 114 8588 121 4974 124 5043
224 1.7452119861931332 -2.8584091289536877 232.29061013212831 167 167 159 0.67549045166060728 122 4509 124 6487 121 6502 110 6191 114 7508
2580 8.7655989167539232 -42.907179900185639 227.57947058578776 84 103 101 0.44661841775548466 110 8900 121 9029 114 8584 124 9006
223 8.6159848740645302 17.700404311588631 269.43330117202214 199 191 189 0.48074967274538027 122 4430 124 6339 121 6306 110 6078 114 3702
2579 3.8471408957058153 -43.268904944976768 229.60835114690252 138 184 131 1.2107255628647502 110 8765 121 9007 114 8576
222 15.248726402834098 18.45035722674308 271.23276295572236 175 169 170 0.57436415840141386 122 4437 121 6305
2578 22.100014543075208 -43.788968370894359 229.30580239142785 129 174 135 0.46315455411293011 110 8090 124 11433 114 8574
221 5.7090306504620232 -5.4283017056166498 234.54747948239563 130 130 123 1.9680822103200362 122 4246 124 6032 121 5979 110 5889 114 5827 124 6037
2577 3.0906096931450886 -43.578350397775885 226.79975058476924 81 114 92 0.73341889062401344 110 5127 124 8841 114 8573
220 -2.4814608116517598 -7.5994557542938193 232.69668560022455 2 9 7 0.47507707383817122 122 6060 124 6060 121 5913 110 7570 114 7806
2576 -15.00335419639597 -50.288591159913253 240.81067397174138 66 94 72 0.76089820360151639 110 7956 124 4521 114 8553 121 4496 121 4324
219 -6.7688503804757936 -63.827563488521619 231.93824254780682 166 203 167 0.37226014461882073 122 6196 124 5664 121 5861
2575 -4.1608317077570858 -50.38209065819774 239.90560985475892 92 125 106 0.61700430393391703 110 3240 114 8550
218 -3.303188710404688 -66.631715467522682 237.02600277747339 119 158 131 0.94166445869380311 122 6309 124 11638 121 5775
2574 22.727176452038314 -42.401766821825653 227.12029503999503 134 169 129 0.70694943781572661 110 8823 121 8966 124 8921 114 8546
217 5.8869663445324818 -58.426920569512184 233.75852822160439 143 180 146 0.86892253206156156 122 2579 124 3325 121 5686 110 3728
2573 -17.708017265889339 -50.219774851859171 243.61509418697577 111 149 128 0.26060319524702369 110 8146 114 8542
216 3.8397870458777463 -55.41608139432681 232.75622380253637 108 154 99 1.0802500439033864 122 6170 121 5628
2572 10.916550573826356 -51.970278909016116 235.65690730856832 142 179 146 1.2852638507579326 122 7573 114 8536
215 -0.70038732034396201 -62.068324918783922 233.75950426003291 117 155 118 0.73882396689765029 122 3835 124 4278 121 5561 110 5616 114 5305
2571 -4.436414859116109 -51.044790460709827 234.44027805523817 93 130 112 0.013840270944465105 110 4934 114 8534
214 6.016022885520985 -60.525436147788788 235.31526955775217 133 168 142 0.78586491276444792 122 2598 124 4587 121 5550 110 5628
2570 -18.645872954578476 -51.695967874643408 242.07535727328536 146 182 165 1.0386950459246806 110 4756 114 8512 121 4705 124 4510
213 33.281677991148946 -79.349906961756133 228.85239339329647 214 241 225 1.1801439345632789 122 2618 124 5467 121 5360 110 4622
2569 13.658670608120429 -47.907732711150516 233.04300459962508 114 152 107 0.30743611331198328 110 8145 114 8506
212 21.630350554583902 -50.094300262893775 228.84475716793563 110 148 97 1.3177311015749096 122 3397 124 4422 121 4769 110 4911
2568 -1.2892486244294492 -45.916659109461641 229.08101697927998 132 177 144 0.46152735604182432 110 4799 121 4453 114 8484 124 4978
211 -3.1099361101335132 -52.008151637979353 228.74460347790222 160 194 176 1.5891101256467504 122 1679 124 4663 121 4620 110 3184 114 3376
2567 31.101924364124891 -45.892226251012907 219.52022631638386 152 172 143 0.98474828443412254 110 7978 124 9117 114 8468
210 -0.66522418251631421 -47.295268826956658 229.96140612325428 139 184 146 0.72376375334549881 122 4175 124 3050 121 4504 110 3080 114 2861
2566 16.326952712280679 -48.481571360825569 234.3647645455267 104 146 96 0.74690912832662038 110 4823 124 9066 114 8459
209 12.323636075232246 -24.543226900470284 216.47036167391772 141 176 147 0.77369988818953661 122 2900 124 3427 121 4384 110 2685 114 2458
2565 2.4658813847679939 -46.780922876520918 228.51056760125795 122 159 125 0.49505165475944213 122 6268 114 8457
208 14.647358025833004 -62.939047814779812 241.42571295827099 166 190 165 0.69266685014724472 122 3816 124 4605 121 4345
2564 15.310733567386764 -48.115970846846523 233.09449765107183 178 218 168 0.050733969635148618 110 8038 114 8453
207 8.582689987979645 -24.212287820655217 214.21422871005063 138 175 142 1.4390937706152314 122 3177 121 3974
2563 11.769862167521413 -48.82140153712389 237.32358824156441 80 92 80 0.51862697591652374 110 8143 121 4463 124 9060 114 8448
206 14.683089528814142 -24.65355949382036 219.32703228777717 127 166 127 0.2697539067086096 122 3172 124 3423 121 3932 110 4260
2562 -2.0737003617141148 -27.44641962392593 215.35560380246491 139 178 137 0.70141600164407325 110 6384 124 8016 114 8415
205 8.1848214576052669 -1.7930334159849863 232.59947138238982 170 169 165 0.88283008184262768 122 1947 124 3921 121 3866
2561 24.022181690879798 -28.582980013294105 219.33775284854221 135 159 140 0.97698980400794933 110 6425 124 8110 114 8414
204 -2.7856517638616705 -5.6237465100337918 234.10338429691043 207 203 200 0.58520617134108621 122 2928 124 2636 121 3865 110 3855 114 3677
2560 -4.501742949611141 -49.045327185456031 236.83746338066231 146 173 167 1.0241421273510225 110 7969 114 8412 124 9073 121 4513
203 8.9373754271940218 -3.1695649984050243 233.44365609419566 51 48 43 0.60853079769877871 122 3018 124 6493 121 3842 110 2459 114 3866
2559 30.182940687487488 -8.7001315603418288 252.75881399346864 34 33 29 0.20629697386443474 110 7058 121 9926 124 9508 114 8315
202 1.7633894633393137 -3.8318054735807583 232.68676035263348 210 209 204 0.52520452648190008 122 1849 124 3883 121 3833 110 4361 114 4041
2558 5.6186024631403946 -3.3080829910573493 232.19363596903634 115 112 97 1.7596696075188898 110 6170 121 9730 114 8310
201 0.77113566413468637 -3.8484634164523279 232.84035240355743 224 224 218 0.28711203274933678 122 2871 124 2714 121 3832
2557 20.392414001688621 -38.799004340965091 223.984302043897 130 159 140 0.44468327764135396 110 4973 114 8302 121 4873 124 4759
200 4.1322880060883316 13.468857103382216 264.05868983788429 183 168 163 0.66792687197345824 122 2958 124 3828 121 3752
2556 7.074283341729581 -34.092255642725704 228.46698818262047 113 145 142 1.2671417663427864 110 6513 114 8299 124 8161
199 0.97642586456959468 -61.078677050508205 233.15574562233553 116 156 112 1.5123416364350539 122 2545 121 3385 110 3650
2555 33.453980911723178 -79.559998202849826 220.27987905536389 188 211 191 2.6904763374201028 122 7514 114 8285
198 -2.5485153562238705 -58.131248169559221 231.30335745865176 116 156 117 0.42827419172320247 122 2595 124 4559 121 3379
2554 20.764566093814224 -32.193813290985311 226.67719571759875 149 185 159 1.5151794912213252 110 6339 124 8271 114 8267 121 8832 124 8292
197 -4.0980532570450272 -58.073618945828798 231.30862819989483 10 44 20 0.44229727063405144 122 2592 124 3328 121 3378 110 3727 114 3357
2553 21.391089518183197 -28.128163865383925 225.85328382215306 148 171 161 1.1471955147176587 110 8597 121 10364 124 10453 114 8263
196 -4.5461169639752885 -58.093096541535161 230.99591310713882 192 225 194 0.61495086338503846 122 2590 121 3376 110 3713 114 2168
2552 35.870294846683215 -12.142600462992949 235.69662766418298 166 172 184 0.74878952651932063 110 7250 114 8252 124 11422
195 0.78694791699308608 -59.625558616673359 232.3220383466242 162 198 162 0.40425460828305848 122 1719 121 3368 110 3716 114 2191
2551 -18.607896300491653 -54.410417333465041 240.75959791821487 0 0 0 0.43783664760737373 122 2747 114 8244
194 2.5941244159596537 -65.628320604346655 240.89986384046682 129 168 141 0.80593255456889767 122 1700 121 3355 110 2576
2550 -10.915540780281619 -48.220470435851801 227.46757919093292 93 126 112 0.39662668080139291 110 7975 114 8228
193 -2.9180416834113121 -62.179156559123285 232.75882448151881 103 145 108 0.56083769950410989 122 2565 121 3319 114 5312
2549 4.3089693645719178 -65.715725786787644 237.77181198357167 125 160 130 0.70582834866701472 122 6175 114 8088
192 6.4250798695714284 -55.30734929390092 232.49809690097587 109 150 110 1.6267753276905772 122 1681 121 2802 114 2212 110 3694 124 2374
2548 24.128065699456467 -12.840198135407336 257.62624625526269 90 90 92 0.19581357696675877 110 6645 121 11135 124 6269 114 7933
191 21.746332137055511 -46.597433564718841 228.84223395413204 203 231 213 0.3199267260502352 122 1772 124 3035 121 2720 110 2341 114 1835
2547 -13.91091408882199 -9.809500227930787 232.48260398036439 111 118 128 0.14709751584390479 110 4696 114 7931
190 21.061441461750878 -64.305849087547045 227.89910987470037 110 152 102 1.3346219932590617 122 1702 124 5589 121 2691 110 3811
835 11.632047753223322 -28.888593814791687 220.16938205246865 103 145 109 0.76984915672728316 110 638 121 558 124 582 114 993
834 32.924018592279396 -29.0413950662278 214.95251916116405 125 166 127 0.68394502237374877 110 1061 121 965 124 951 114 991
833 9.0831863387048237 -30.188447641938737 227.33548464807748 111 150 121 1.9228657704532426 110 1778 121 1576 114 990
832 -18.160283576233883 -30.181149177789781 233.14255460269379 160 178 168 0.60870808902289752 110 1070 121 1572 124 1520 114 989
831 21.412511673330897 -31.240091520148574 230.11632102480365 204 225 222 0.74978368921378946 110 1060 121 1583 124 950 114 988
830 -13.772870758215575 -30.127337615461492 229.8027887903657 174 202 197 0.2589591696653234 110 1067 121 956 124 957 114 987
829 30.688517437275767 -15.167037023012545 259.45002140630714 0 1 3 0.30662374001566506 110 955 121 830 124 856 114 986
828 34.77704835589855 -28.109230648377537 217.22079177872502 130 169 142 1.0983989790606934 110 637 121 915 124 947 114 985
827 7.1158696564541355 -20.840203115257829 212.8981504244021 156 191 159 1.0014531109018914 110 1115 124 942 114 983 121 1661
826 3.8151069665805548 -20.676921977582168 212.90039928902925 149 182 153 1.1082157607654135 110 1118 121 903 114 982
825 25.0978489048623 -21.636553872960182 213.97260520461487 105 146 113 0.41241785778034667 110 1055 121 1664 124 939 114 981
824 35.936007679235431 -22.57551238995638 216.47428702480315 145 178 157 0.6621088585228545 110 1052 114 980
823 19.189607482147871 -22.467165766123891 214.78865421085973 113 148 128 1.230787875442938 122 1988 114 975
822 -0.39196453570168605 -22.129881642620305 217.21153928873619 197 217 206 0.27166991574560717 110 1054 121 901 124 937 114 974
821 15.808196366499066 -26.105170888592859 221.07322372234364 169 197 175 0.771088698549945 110 1082 121 924 124 936 114 973
820 8.1188116543554951 -23.704660177495061 215.1522171663558 110 152 114 0.9551100019234039 110 1042 121 996 124 1640 114 968
819 -1.6279201134693229 -23.798339149007941 218.13493046082615 74 114 77 0.6128512637082475 110 1047 121 931 124 931 114 966
817 15.02884767347205 -25.551001454864497 219.65264078343543 87 122 90 0.29480396483676347 110 1085 121 925 124 925 114 962
816 5.7158880842342148 0.74571605939943597 229.21271458753014 200 209 222 0.64981015391822305 110 998 121 888 124 901 114 958
815 1.9950032029705844 0.86791845614415553 229.20038266202687 107 109 122 0.20538698316896692 110 999 121 887 124 915 114 957
814 14.982873915082939 -0.084475110573745946 228.90080921708082 111 117 129 0.49802858639507175 110 994 121 868 124 908 114 955
813 17.212674170536484 -0.39504240888133685 228.95436450002282 108 114 127 0.40729042614179328 110 1711 121 1494 124 1455 114 954
812 3.66552883218796 -0.33246234865588936 228.91611882850361 120 126 140 0.3603453243493237 110 991 114 951
811 0.90055551407800627 -0.23771057066703874 229.35999787825486 203 211 222 0.32604350318147091 110 980 124 1456 114 950
810 -1.9594466413945331 -0.34235318114076163 229.05738207141889 108 110 123 0.93587805233147425 110 990 121 1498 124 906 114 949
809 -2.0592234224341412 -1.2018232385745731 229.59276514267054 168 174 186 0.3706638541434758 110 983 121 877 124 904 114 946
808 24.769804152764117 -2.8982123352319995 231.06672385627041 118 124 138 0.56201092221815396 110 1025 121 874 124 853 114 943
807 -3.5085737195019346 -1.7045839854703764 229.29184122987613 163 169 181 0.82945491046056452 110 982 121 876 124 903 114 942
806 25.893681521913134 -3.4096915746206529 229.80183955001112 118 124 134 0.44704897910502789 110 1023 121 870 124 851 114 941
805 6.6317771340695311 -2.6444285591592789 232.46695871411976 182 182 174 0.3892127883178817 110 1028 121 873 124 854 114 940
804 12.159930731038292 15.733891941935411 265.94474050719157 162 138 134 0.99299187156640822 122 812 124 888 114 929
802 15.268887641812096 1.49484429584182 228.47136842421276 130 136 148 0.54966809241661807 110 1031 121 851 114 920
801 8.9193205073269137 1.6625989980038238 228.71982457992655 112 115 130 0.36044075293370859 110 1015 121 850 124 879 114 919
800 16.409996187757592 1.2138491381775574 229.3943517274605 116 118 131 0.32671785125982189 110 1003 121 849 124 921 114 918
799 5.0830327524793688 1.469553602381565 227.49760680203349 121 128 138 0.49931417107334219 110 984 124 923 114 916 121 848
798 14.696210618976217 0.78318242950377925 228.92392253305354 217 225 236 0.15838931034598724 110 623 124 916 114 914
797 3.3035960933746935 1.2221294754879206 228.63868074348167 109 113 125 0.1676708201536804 110 1005 124 919 114 913
796 22.808193131115448 0.15074973306535849 230.36157838391304 167 170 175 0.46707804210310017 110 995 121 882 124 910 114 911
795 20.421558381900613 -9.842760473377675 242.56139765492989 164 165 166 0.61378585789151763 110 1613 121 1542 124 1388 114 907
794 4.0035117393130282 -9.4731919327736964 238.22287590339803 188 189 181 0.62186703629003215 110 939 121 802 124 833 114 906
793 5.4641295714568772 -10.149175737261016 237.03722254472865 16 12 11 0.27335590400848769 110 934 121 801 124 875 114 904
792 13.922065649887362 -10.062196211489098 228.67740745873778 181 210 198 0.61784548201660616 110 931 121 811 124 874 114 903
791 -7.4761081091200463 -10.016718562346227 242.69038595658819 93 89 88 1.2765965271658772 110 1614 121 2200 124 1393 114 902
790 28.234307581467629 -12.508743190482356 255.28659211281965 147 134 120 0.38005939003436745 110 973 121 841 124 855 114 901
789 36.04275536768629 -11.876062553779496 236.80574937233578 143 149 161 0.46555535457598402 110 974 121 999 114 900
788 -3.5377430697619423 -10.144736471782199 229.22700936837131 81 124 80 0.9467478092621826 110 933 121 842 124 873 114 899
787 8.5727207787561603 -10.765779498317558 225.80950373541108 43 73 48 0.74632350274926507 110 928 124 869 114 896
786 29.119510624709779 -14.205135799216212 258.90877493240373 78 66 73 0.55339259940093122 110 962 121 833 124 862 114 895
785 -14.244431722189901 -11.22019326125212 236.26904208342063 73 72 85 0.67318815672933474 110 395 121 497 114 893 124 295
784 -6.84115620490544 -12.390563395876738 244.48421230931646 91 92 94 0.11722467937712698 110 976 124 865 114 892
783 -5.7055131074927452 -38.200668195806351 232.8927072207874 76 132 65 0.27431418471001107 110 813 121 699 124 737 114 891
782 29.51272904495405 -36.348621222780466 215.67035773676764 121 159 120 1.0794983360743713 110 485 121 697 124 728 114 890
781 -2.6373799622637639 -10.862695918958833 218.56205390122662 195 220 216 1.4055623020699222 110 580 114 886
780 -6.3332161555899651 -3.4128836373029361 229.94353296455222 99 103 115 0.64554475995089744 110 1024 121 985 114 883
779 9.3818829412457951 -5.3184976206987908 232.37754766398908 194 200 196 0.68600813745943467 110 1016 121 818 124 1484 114 879
778 19.16513447421729 -6.1396469039443264 237.77920767992489 197 196 191 0.25272517505762815 110 1014 121 816 124 845 114 878
777 10.78939675013082 -5.5759773249115794 230.27102555375413 12 16 5 0.27418308574123834 110 1732 121 817 124 847 114 877
776 1.5061358377131178 -5.3443383751963935 235.25591505943635 130 126 117 0.37070471645490805 110 1017 124 712 114 876
775 15.873720120294598 -6.3588301958202873 238.72795909952438 188 188 185 0.61199178886396577 110 1013 121 815 124 843 114 874
774 -11.99550057126622 -7.2675796298482496 233.67052920065348 92 95 106 0.92852615657887971 110 967 121 809 114 872
773 13.02696865937836 -6.3428440835901894 229.64103960549832 7 10 6 0.21160134781047166 110 1011 121 812 124 841 114 869
772 20.700992221553591 -7.2610653226401594 241.31822665271613 207 208 202 0.41862625566829814 110 953 121 799 124 840 114 867
771 27.449289982845546 -29.230289819227632 212.16546256284263 109 155 117 1.3125333422879017 110 789 114 866
770 33.208223266420262 -8.114094522386905 235.29714454883427 95 101 115 0.51788795281597177 110 947 121 810 124 839 114 864
769 -3.548412675375511 -6.6814218477080773 235.53177273029669 159 160 154 0.18607506273091162 110 1010 114 863
768 26.822133268040421 -8.842732331994398 251.46427807782391 148 147 143 0.29888085050628799 110 944 121 808 124 1014 114 862
767 31.503679548895835 -9.3796496486794894 258.74026640698361 18 17 15 0.40363977489705927 110 927 121 807 124 836 114 861
766 39.369514042484603 -61.747829846523331 228.5297206698371 0 0 0 1.6207132401962698 110 543 121 466 122 483 114 818
765 5.9524791823070045 -62.348845093770407 237.13707050024536 147 176 154 0.98047424265018812 122 1167 114 810
764 -15.145549958775984 -36.754626645437753 236.1352683988122 180 208 196 0.3712121038804081 110 772 121 664 124 702 114 759
763 -0.32494597080162108 -36.913977030794385 232.04182268790206 61 110 48 0.32799452370735643 110 767 121 705 124 699 114 757
762 -12.131038897597939 -37.924663765219904 234.16386386539278 208 229 222 0.54141976316442908 110 815 121 1631 114 754
761 31.398319767020208 -35.994183197598531 215.08422394486888 159 177 163 0.59763155547351843 110 808 121 1611 124 1122 114 753
760 8.9497046250754497 -37.986395068593538 227.01339927966922 79 110 97 1.4628904651343073 110 810 121 1600 124 734 114 750
759 -13.084023998554013 -40.02006561355924 236.35402365158444 188 213 207 0.43353090615127698 110 807 121 691 124 726 114 747
758 13.582204082462004 -39.957496135084099 231.04264405200021 64 92 78 0.49494193318962926 110 489 124 453 114 746
757 28.453814905210209 -40.352367283723211 218.84551375854275 128 161 139 0.40778918258842101 110 805 121 685 124 672 114 743
756 16.927648209877066 -41.584898785437936 226.75097207024729 181 208 194 0.73564126420926879 110 794 124 673 114 741
755 -4.9380001223128982 -41.796084609886485 231.15050904493731 86 128 92 0.68070941339128122 110 797 121 1146 124 719 114 740
754 14.963897315883521 -41.819694237883205 227.02608545193132 209 230 225 0.23577422010930835 110 793 121 636 114 738
752 -0.18620910950505015 -32.230868523083956 234.74946583059096 51 84 42 0.87209713788310006 110 790 121 880 124 917 114 734
751 -15.67953922353427 -31.205201299796705 230.99339869403019 149 175 164 0.33028147066610858 110 1065 121 951 124 949 114 733
750 18.480135253974542 -32.08461952391022 225.6325068150897 178 205 191 0.46433245754820346 110 783 121 683 124 714 114 732
749 9.7118913672197937 -32.252868943273761 227.12458302185337 16 33 23 0.29878139759099653 110 785 121 682 124 713 114 731
748 10.455142337684393 -32.744163470036909 226.70299935593371 199 220 211 0.1879891282759415 110 653 121 679 124 711 114 729
747 6.2402451920874862 -32.400970952541172 222.1894027667831 7 19 7 1.252196592511909 110 654 124 710 114 728 121 678
746 29.76548172669067 -32.202548874589532 216.83769705492401 96 142 95 0.77253294584190491 110 706 121 675 124 709 114 726
745 28.348651169916771 -34.821521892661586 217.98647826397547 155 184 162 0.8711197200430757 110 665 121 534 114 724
744 5.8787251463957162 -33.782867236114129 226.15038735312015 154 183 153 0.56427666619733508 110 778 114 723
743 14.403719097690841 -34.958842179186021 231.16116196224777 218 225 216 1.0536434205724108 110 292 121 1622 114 722
742 -9.7454369526663154 -34.285646395874288 230.08283293505951 190 211 204 0.11201107478948269 110 655 121 661 124 707 114 721
741 3.811870998267584 -35.147520726307761 231.77859259795531 101 133 112 0.16749837745418772 110 776 114 720
740 -15.621127206666095 -34.70541026033532 233.29911013517633 69 103 81 0.46342309110563912 110 707 121 670 114 719
739 4.6428957116858713 -34.463136343148534 226.5170147402622 63 101 63 0.31819466248674011 110 777 121 669 124 706 114 718
738 20.536239856234001 -35.507884322501788 224.52072769102867 105 147 108 0.42044060123830101 110 769 121 663 124 1010 114 712
737 -19.085049296691196 -34.475692496157421 236.93485562183832 73 113 75 0.2839951690392688 110 782 121 677 114 711
736 15.96304422343913 -48.51188895197977 233.25730167701442 114 158 109 0.56735974066353823 110 757 121 615 124 681 114 708
735 -9.1958612706479457 -46.857377394287006 227.75233806670835 87 136 89 2.0662614356056768 110 760 121 617 114 707 110 1208 124 1071
734 1.6605644991442687 -47.422882351975126 228.37031598461886 94 142 99 0.5092561444224859 110 758 121 626 124 683 114 706
733 18.112861466010273 -48.985593504914831 232.23808506385029 36 41 31 0.28373861529699868 110 755 121 659 124 676 114 704
732 2.5848638368108205 -48.317067030168239 228.05558660219833 205 216 212 0.2800807232881769 110 741 121 658 124 675 114 701
731 -8.7647074110663965 -55.662144807753826 234.51669180027343 0 0 0 1.6515553321052543 110 895 121 643 114 696
730 -17.327628198835544 -50.591351228819228 238.6317584581673 150 183 173 0.42768749771859993 110 753 121 657 124 684 114 695
729 -10.835363042718123 -50.278652826129964 230.25147495844683 210 230 218 0.36944240428479408 110 746 121 652 124 685 114 693
728 -14.145244929887918 -54.723702582022391 234.91960006652221 137 165 154 0.16479099426240518 110 898 121 646 124 688 114 691
727 -16.575123295251217 -52.846657236210461 231.45251183592359 0 0 0 1.9220739774612632 110 1438 114 689 121 1796 124 2305
726 20.85640475339774 -49.055135360614216 227.60723378080212 109 148 99 0.57760569279009355 110 747 121 656 114 688
725 -4.6221946850470381 -43.395342283481284 233.38402018481145 74 118 80 0.49775391042660583 110 724 121 633 124 668 114 685
724 27.339780562955671 -43.13708818640287 221.63609016095728 180 209 189 0.32661882580948387 110 719 121 1177 114 681
723 -10.444840739287264 -44.853825506309164 234.78860415278373 78 118 83 0.10278320369981339 110 734 121 630 124 665 114 680
722 -11.596057751401515 -45.308331733244124 237.00194997061729 183 211 189 0.70611055231664721 110 1356 121 1894 114 679 124 2487
721 -20.199718591347246 -44.801085081033683 235.88589907303836 41 72 55 0.3128299223979415 110 738 121 1173 114 678 124 1163
720 -14.194822851550354 -45.854207656142016 235.92597345145714 113 156 129 0.18619617675550823 110 723 114 677
719 13.22289464870612 -47.698918486293188 235.65093243292938 167 193 162 0.44654794906396111 110 764 121 619 124 689 114 674
718 22.591272500597785 -45.390695359331978 227.08387103792748 76 123 79 0.21212420007610724 110 726 121 622 124 417 114 672
717 17.503928279718551 -46.215545229516266 228.89173720259322 117 159 119 0.15100956243256725 110 754 114 671
716 -0.28539934014198587 -45.305044000539532 224.73343775493967 134 178 142 0.38062178174621064 110 1338 121 618 124 692 114 670
715 -4.4754171685713429 -78.545612703756717 237.48808764796982 133 176 123 0.61345220817166579 122 281 114 660
714 3.5052517194207398 -42.928417982868503 231.39167593752092 93 144 76 0.41409146029529853 110 500 121 528 124 837 114 659
713 1.9924898085762397 -20.445767246971315 222.1453416849906 90 140 78 0.83083358055491308 110 1127 121 586 124 609 114 656
712 -16.645247205489422 -46.797229624881666 238.09874293419873 108 143 124 0.54137345925110048 110 507 121 424 124 416 114 653
711 6.8387312871163513 1.7197887329812092 228.82312169594431 115 119 130 0.48929125171744259 110 622 121 535 124 557 114 646
710 1.5410029228717037 -14.913473713837112 228.40791605030756 147 182 161 0.47259349910169896 110 1109 124 986 114 645
709 37.629867033454204 -25.163112705381511 213.92562134911213 144 183 136 0.72929083483996004 110 694 121 597 124 571 114 640
708 33.450625033149493 -24.876706005480756 216.10170591042458 196 225 212 1.044936864772243 110 692 121 595 124 624 114 639
707 4.6573296876807948 -23.034215073527321 212.78764194053656 134 169 139 0.88071702013191044 110 691 121 593 114 637
706 13.197608771684038 -22.390047624929846 215.56474580227462 142 177 149 0.3808257142350237 110 689 121 590 124 618 114 636
705 26.348079703054161 -21.936027402260709 215.52778567525399 157 188 171 0.33487905799500228 110 687 121 587 114 635
704 31.151249470935113 -21.99032604300417 213.89460426592822 131 165 144 0.60882088266194179 110 688 121 588 124 617 114 634
703 -21.415105666029408 -22.531725459549751 237.99445693988466 98 102 113 0.32124068428524799 110 682 121 585 114 633
702 28.58403308565682 -21.313467755354861 213.84873941951369 128 167 138 0.31850349151163798 110 686 124 615 114 631
701 -22.912827670009822 -22.367210023642244 241.71631437613848 176 181 183 0.78621183331739519 110 679 121 272 124 610 114 630
700 -12.63708716815413 -21.721572937073702 233.50514148027202 89 137 76 0.455765540254922 110 680 114 629
699 -16.63340224995023 -21.990355197436582 241.67353116250146 67 95 72 2.3173957909042384 110 678 121 909 114 626
698 -8.9869560290890806 -20.898251298175239 233.17402558622328 85 127 89 0.63546510146132762 110 676 124 608 114 625
697 10.717445576560014 -19.598173653728907 213.06313957398515 70 99 80 1.2510419735278573 110 380 121 589 114 624
696 -10.728110671641131 -20.905267846848254 233.98987504620226 63 103 68 0.55790853889316361 110 677 121 596 124 607 114 623
695 8.7787253905127116 -18.135909726648727 205.80755045188246 111 153 115 1.1374090183570922 110 675 124 991 114 622 121 1424
694 9.9476648218671304 -18.251087210726251 209.87210461693434 130 171 141 0.72834955792993228 110 674 124 606 114 621
693 -8.8496837907482373 -19.776419794325001 233.47047569624667 172 200 186 0.41396576121646461 110 671 121 525 124 603 114 620
692 22.915476672139878 -18.388848950768359 212.86290815287487 2 4 0 0.7815388974358044 110 673 121 519 124 1003 114 618
691 13.839891689948836 -17.540022557117108 209.94591924693302 108 153 110 0.48586754490277728 110 375 121 313 124 325 114 617
690 35.509664334538776 -18.383417995055435 212.19712713918946 6 13 3 1.4214137713358355 110 378 121 962 124 605 114 615
689 21.820447135377464 -20.517967926341854 211.77909083613488 217 233 223 0.24380166595158623 110 382 121 583 124 613 114 613
688 -11.21408029340799 -32.858780261378051 230.39837691064986 173 189 179 0.26168480589116361 110 651 121 565 124 595 114 612
687 -4.7397556064524942 -33.553137543873945 233.18039218744295 65 116 47 0.71167936683508992 110 413 121 569 124 612 114 611
686 -15.037057101012165 -33.526074362271707 236.64458271552559 70 107 89 1.2605455084161969 110 784 121 548 124 593 114 610
685 23.102609982817302 -31.90252761680588 219.63993999766811 123 164 129 0.56112181642834724 110 417 121 568 124 545 114 609
684 11.585859377134279 -31.980261371574453 224.72572065300378 54 77 67 0.3692501451188408 110 650 121 563 124 592 114 606
683 28.635078961196545 -30.840163433730048 214.55996613412475 106 149 104 0.63933274893564651 110 636 124 596 114 605
682 31.867713236353463 -30.909424183302423 214.39313472375716 119 164 121 1.2532306258608858 110 414 121 347 124 597 114 604
681 29.595404981143417 -30.186663667897911 216.44816118648134 160 194 167 0.95394846981792458 110 649 114 602 121 1590 124 2094
680 22.745021161136748 -30.88433031061227 225.15198213120502 221 237 237 0.69349122124756057 110 648 121 562 124 589 114 601
679 -7.9918683054955704 -29.3487778201591 222.42444729226077 90 140 79 0.65687543276130289 110 639 121 560 124 585 114 600
678 28.660731290074764 -28.463096890650558 214.99381065813034 102 149 105 0.92886238733608661 110 447 121 559 124 956 114 597
677 33.208634226525724 -28.168587164858774 213.44347765326884 180 208 194 0.54236366545109693 110 641 121 557 124 583 114 596
676 16.424747553312766 -28.244824865999899 221.90340866817391 152 175 156 0.43257288522496967 110 607 121 552 114 593
675 15.366982201189153 -27.697280667096276 221.7325150147997 87 132 93 0.90137145467546831 110 696 121 549 124 577 114 590
674 1.2581562519173208 -28.134584464851251 229.67449429890891 64 97 71 0.5255598234351635 110 695 121 602 124 573 114 589
673 28.578672302762254 -26.803749066545262 215.74957471010958 152 194 141 0.37779916127553609 110 697 121 580 124 574 114 588
672 33.71255794750688 -26.579423686858796 212.87683852271579 176 208 188 1.6621577479725538 110 698 124 576 114 587
671 16.501829181468828 -26.808220873019451 219.10257738755666 76 121 78 1.4109698673295761 110 445 121 1683 124 964 114 585
670 29.379261285525537 -26.138693406372269 215.03577072674645 106 154 97 0.70559899187019326 110 452 121 601 124 403 114 584
669 -9.3850235051223869 -28.690858399164519 224.05591719953455 100 151 96 0.63072787419137366 110 652 121 555 124 580 114 583
668 15.37394655239544 -8.2767421248729303 228.27389138920768 180 208 194 0.70660314176875971 110 576 121 494 124 361 114 582
667 16.043112900497906 -7.3288416705564217 226.18178441085527 10 11 5 0.37600929683124068 110 399 121 492 124 515 114 580
666 13.753959694206184 -7.1353246577757572 228.0574502605547 180 208 194 0.28605673450916913 110 589 121 506 124 528 114 579
665 15.072078125486772 -7.2955066928114718 231.80143956056361 34 34 34 0.86935074187469852 110 951 121 400 124 569 114 578
664 24.178806286198181 -8.3569104375940189 249.0110205503064 83 83 81 0.50469906901631778 110 574 121 493 124 516 114 577
663 23.696568347516333 -7.0155199755641053 241.79119025587218 150 152 149 0.35449641867292447 110 396 121 546 114 576
662 27.430587007415372 -7.2407372194062001 253.38845066968619 3 3 3 0.76467278461147714 110 397 114 574
661 24.201495529704438 -5.8848661701873999 240.95702235561333 22 22 22 0.24745346781718155 110 393 121 330 124 356 114 573
660 7.8053651416256571 -3.9823798959504195 234.50439862635193 182 182 174 1.003870877812215 110 390 121 542 124 544 114 571
659 5.2306860292256374 -2.6518375102935692 231.60008167300555 91 88 81 0.57376365950729025 110 627 121 540 124 561 114 567
658 21.75694494131368 -1.0961439888089548 230.23369306843759 179 186 193 1.640193420367801 110 391 121 1499 114 565 124 1502
657 12.842920393329136 63.964308192588547 238.72261915394745 93 128 210 0.67634842200770395 110 615 114 561
656 -9.864489234247209 -23.755118384633871 229.25346896364454 193 210 216 0.79820415583648563 110 690 121 592 124 619 114 558
655 23.610357092607348 -37.508710285308787 224.10232984435521 129 165 137 0.49701131598098508 110 429 121 354 124 451 114 556
654 -16.968571568456557 -48.806026613314735 235.28196657005699 80 120 96 0.71481260074112396 110 496 121 429 124 421 114 555
653 -3.665211156453557 -2.7589385499825578 229.67009265044575 104 108 119 0.61066897971486267 110 385 121 319 124 562 114 554
652 -10.316265108929528 -17.741663367930347 235.70021651859662 174 202 188 0.31640118023335267 110 603 121 515 124 600 114 553
651 9.7732536916899662 -15.172967158514307 208.9964570148282 206 228 214 0.31014834097534083 110 367 121 512 124 541 114 552
650 -10.375896079924157 -16.991350173958988 240.10775958637416 75 81 73 1.5362958373105524 110 599 121 511 124 540 114 551
649 -2.2639570246889962 -15.287655319236428 218.0214428678436 215 233 228 1.9479629066807322 110 365 121 508 124 537 114 550
648 36.177619896419543 -15.945367522506505 212.97150884671848 13 20 26 0.85093677683135249 110 1095 121 513 124 632 114 548
647 -14.92099990580828 -16.491627205242928 244.53962887091834 14 15 10 0.75665283927378713 110 596 121 507 124 536 114 547
646 -5.7653940274511655 -14.281369333385877 223.18944757664016 206 224 226 0.25024680543635136 110 592 121 491 124 534 114 542
645 -0.90238943459616761 -14.32295571778814 227.39611679831205 87 130 85 0.94282671203790835 110 610 121 505 124 531 114 541
644 -4.2795439021609898 -13.53219330099081 222.28555795191846 211 230 229 0.14791309208873518 110 573 121 504 124 530 114 540
643 29.237461584226882 -10.431806325655707 256.88945364252078 62 58 55 0.96734351387554329 110 935 121 805 124 834 114 539
642 20.709072277624823 -13.125881457016483 211.99099162310614 5 4 9 2.3739820480989882 110 371 121 301 124 326 114 537
641 -11.951600875618279 -13.254256522155723 243.84649121338944 177 177 172 0.24237579513224564 110 586 124 524 114 535
640 29.33456514482917 -15.404085398055775 257.24471843966597 155 144 140 0.21666567716752125 110 591 121 503 124 527 114 532
639 1.7630941012702463 -11.807836148137094 227.77117293220104 14 18 14 0.24630621416619436 110 583 121 499 124 523 114 531
638 3.5213956273964651 -11.403018485335833 226.82781329870883 12 13 5 0.21504352357363787 110 582 121 498 124 522 114 528
637 0.91860789703807044 -11.02961566158339 226.0892767221244 207 224 223 0.16719698991339033 110 579 121 376 124 520 114 527
636 -12.879870842615748 -9.4580529823084216 232.80145947093825 94 97 102 1.2175212457608819 110 402 121 496 124 363 114 526
635 16.582280186930394 -9.8770819148765518 228.23420092273136 190 216 208 0.46624951840462192 110 577 121 495 124 517 114 525
634 33.546138634127438 -64.066537342889745 221.71930784593692 17 33 13 0.48577139180581269 110 542 121 479 122 240 124 467 114 521
633 25.475965787501618 -59.669246910306242 227.24571784663593 102 145 99 0.60134670903544019 110 882 121 773 122 747 114 503
632 12.751974340023381 -61.779487358762808 242.65610193930883 201 215 190 0.63210237246465595 110 471 121 397 122 481 124 497 114 497
631 -4.5620663000473645 -47.418487519820538 231.97812155376084 177 201 201 0.21097833199041538 110 278 121 427 124 406 114 494
630 -8.5274628967700963 -73.95722602217198 242.19028616460278 141 176 154 1.3600453486523585 110 515 121 490 122 599 124 475 114 478
629 -16.878936450612898 -43.930270385758298 233.49077793984534 108 148 121 0.62979635856611105 110 503 121 420 124 411 114 465
628 31.272098905755463 -41.296781348379255 217.23431741991735 175 197 174 0.4957628547498642 110 504 121 527 124 410 114 462
627 -10.769120092783309 -43.712872672662776 237.57795928624742 196 221 205 1.1275775000189332 110 295 114 460
626 5.7453583130388513 -42.162770224841928 228.01865118251769 183 207 200 0.60874738280431062 110 498 121 418 124 413 114 459
625 -19.178283114974906 -42.159416816804445 233.82985805792899 194 210 186 0.46737696881483981 110 495 121 417 124 409 114 458
624 4.87245647271358 -41.525801604419897 227.73298996653836 101 154 84 0.69663812031332206 110 497 121 401 124 414 114 457
623 7.8968592672410063 -40.704554901852632 224.86814390452167 212 226 226 0.5086947070089689 110 480 121 415 124 384 114 456
622 30.573486040048124 -38.968090289464499 214.06789015211962 208 229 203 0.29369578655207934 110 294 121 414 124 415 114 455
621 -5.3918620221395566 -41.146089415520173 231.86786110855601 195 216 201 0.29675682475459458 110 493 124 457 114 454
620 4.5106569908323637 -45.081144644881483 230.56651929294452 4 7 0 0.46096138193948366 110 302 121 243 124 299 114 452
619 -7.0875938383395996 -40.78323202128751 237.26820562260954 224 243 225 0.31264123890018441 110 488 121 409 114 449
618 27.295816029969085 -37.702899055081403 216.19211272433833 135 170 146 1.1065375857804653 110 492 121 410 124 454 114 448
617 10.289623997544311 -38.236830429290166 222.95483426556481 94 122 108 0.92981144215775802 110 487 121 407 114 447
616 22.561860336024576 -37.46045787305578 225.0635882566946 193 220 209 0.4318350707157475 110 481 121 403 124 450 114 446
615 25.007220090568794 -36.918597141732512 224.91397224530178 181 207 196 0.55735589196845792 110 684 121 701 124 694 114 445
614 5.5114850936436923 -36.271579003612871 227.37131725937658 73 116 70 1.5150895873580494 110 667 121 673 124 446 114 444
613 22.530088389845343 -35.629589462939308 223.70918468770074 207 233 222 0.11315858495124341 110 666 124 445 114 443
612 -17.360770342816828 -35.95789170788769 235.98832361287245 79 124 83 0.59959661192516167 110 660 121 667 114 441
611 12.749756046153841 -35.309539192265255 227.8719244803741 55 81 71 0.19432751356638778 110 661 121 575 124 440 114 440
610 -6.8380115422254963 -35.378874675597835 234.71573664265563 7 13 6 0.24566806789326362 110 657 121 574 124 439 114 436
609 -5.4202906642792437 -55.720668813070887 233.76144322036842 155 183 158 0.74519274742861941 110 465 121 395 122 750 124 493 114 434
608 -10.14036296754422 -55.182089539177767 233.48238286830093 0 0 0 0.49313163252843972 110 273 121 385 124 491 114 432
607 -11.80923839057186 -51.042745862468799 231.43438142229419 74 105 94 0.79145912790740525 110 458 121 378 124 500 114 426
606 -13.69914985667787 -51.518630059378594 238.22299975827474 87 118 102 0.79080977024579591 110 457 121 380 124 427 114 423
605 -10.546815500584845 -49.36866040274333 230.03157311524294 205 223 207 0.54495224045534618 110 311 121 251 124 543 114 422
604 24.14557361254656 -46.522632906321249 230.94132960088987 101 141 107 1.0176854978757093 110 306 121 426 114 420
603 14.832352590389219 -46.775510914048844 233.25442625273087 185 212 175 0.31877752299037826 110 510 121 425 124 418 114 419
602 3.1838128436769679 -46.371157984753552 223.07740859648146 36 35 30 0.99137372225849862 110 759 121 1168 124 674 114 417
601 -11.714892671391482 -49.388047983787978 237.37661771388861 67 101 87 1.7206099245364423 110 309 121 428 124 420 114 416
600 -11.697249319722935 -49.895065260961651 234.11444246759649 75 107 96 0.47861758875562421 110 751 121 384 124 677 114 415
599 11.012363756251347 -50.790051427269454 235.79793293320412 187 215 193 0.19858160502929723 110 456 121 382 124 429 114 414
598 13.690274277539247 -45.701569639153448 230.54535196483693 20 31 18 0.25787898427146122 110 304 121 423 124 383 114 412
597 36.466076973456197 -32.002712753204669 212.47276263523153 200 226 206 0.30383327772050073 110 423 114 410
596 -17.148295358130074 -34.112039790506913 237.22840934160533 73 108 89 1.8605731187165537 110 412 124 372 114 409
595 -9.7891069284110959 -32.788046614199288 232.53776912498492 6 11 5 0.61733765244489436 110 241 121 209 124 219 114 408
594 0.62605038323825801 -32.905462709108619 231.52105155676441 55 90 50 0.66559701156274742 110 411 124 371 114 407
593 1.5567312480929028 -30.091632495611965 231.10953915432921 54 84 56 0.85749119028164089 110 260 114 403
592 -10.550501657101268 -25.765631285730436 224.78693647423611 160 191 185 0.54651462259473671 110 257 121 370 124 397 114 400
591 35.5500988063595 -25.662462757396963 214.49203895826244 134 175 128 0.83674050955594204 110 444 121 372 124 402 114 399
590 -0.12468991144243374 -24.452943142880393 218.45104061606517 185 210 195 0.75140547681773429 110 434 121 368 124 623 114 398
589 -6.5076894624573738 -25.252651754281157 226.88963464985514 152 189 156 0.37208376901770018 110 433 121 367 124 396 114 397
588 39.07665739833579 -24.987640892162602 213.99628786245057 137 180 127 0.48210172578717048 110 443 121 369 124 398 114 396
587 -4.8304590041222157 -24.230107028506346 222.60253019251931 79 119 82 0.69006927946579799 110 438 121 366 124 391 114 395
586 40.991075217639775 -23.690027032099145 212.31382553037858 0 0 0 1.4757032812201896 110 437 121 359 114 394 124 230 124 622
585 -11.25128000653854 -24.015426379293871 229.74895131441275 85 130 75 0.92122147262076282 110 441 121 364 124 399 114 393
584 -3.1125919050081445 -28.455046969773253 225.09470786569582 94 144 82 0.86673610267827206 110 449 124 546 114 392
583 31.028667673902003 -42.742336499826358 216.7934806474284 178 205 174 0.46581493190017331 110 265 121 244 124 387 114 390
582 -3.6346970557735485 -42.442474059923342 232.01610459334097 193 217 201 0.37811428691066873 110 293 121 352 124 386 114 389
581 20.163479032987144 -47.536880282158727 234.82914568479293 134 170 156 1.0347719944335996 110 307 121 277 124 264 114 388
580 -10.347613743066905 -41.5737542888346 234.61809630031362 84 132 80 1.0260803807425305 110 232 114 387
579 15.229436165673983 -44.74090308936659 233.65220134086587 183 197 185 1.1590962388469894 110 505 121 422 124 408 114 386
2533 -10.682080480697795 -11.936221533618573 240.94655920783899 72 70 71 0.014437307049097398 110 7274 114 7877
176 3.8683469876742431 -55.447419883640002 231.44710306053275 103 152 97 1.5727207673789287 122 1180 124 821 121 973 110 467 114 698
2531 -11.098719506203501 -12.499356965662338 246.37848594452123 186 186 184 0.57153902445009386 110 6630 121 6104 124 6243 114 7871
174 18.510742065395874 -67.359460350742054 228.1522956112118 195 224 196 0.69549097288015749 122 2228 124 809 121 787 110 562 114 251
2530 38.465455189766949 -13.836659043836535 237.53941791887507 166 173 187 0.23309894424696814 110 7315 121 11302 124 10979 114 7869
173 22.752180376933509 -67.839770814068459 224.80834564943953 145 181 135 1.3920439341899422 122 1108 124 816 121 780 110 843 114 784
2529 38.952595216822608 -12.663069435560997 238.10494874335342 155 163 176 0.49934652793012146 110 7262 121 6090 114 7866 124 10626
172 -9.3400115944410409 -78.12556347334089 238.73343632309641 135 176 132 0.71419814258600645 122 1120 124 784 121 752 110 868 114 735
2528 37.090018467210626 -12.368105185688318 235.2178299959966 97 100 115 0.071989038448142764 110 7563 114 7864
171 19.218899933394368 -76.406111577350131 229.12370905290419 107 154 102 1.1115740778164305 122 722 121 746 110 537
2527 28.827600958159717 -13.451566997647758 256.04182374235711 103 94 97 0.40564901047010116 110 7261 121 10961 124 10622 114 7863
170 26.33586478579225 -78.511692990576734 229.04805717021438 138 172 148 1.18078075051675 122 720 124 770 121 739 110 854 114 794
2526 34.673206338383629 -14.273218192668292 262.60388132066942 113 108 104 0.51141280623366192 110 7372 121 11035 114 7857
169 4.3034063794048647 -73.172485817553266 237.38179481366689 57 96 67 0.92236213456033467 122 698 124 758 121 727
2525 37.337487458704643 -12.858370030716431 237.03466937087686 160 166 182 0.0085322284482811442 110 6685 114 7852
168 16.759009357977494 -73.64058306402012 229.45201221857778 114 160 114 0.75908665488886973 122 731 124 742 121 713 110 819 114 767
2524 39.437239988009779 -13.034349675039756 236.82292819501359 92 100 113 0.52803682540828267 110 6666 121 11039 124 10714 114 7849
167 -4.8133392521300058 -77.29796140466118 237.40799698665091 185 213 190 0.73219348679292151 122 587 124 750 121 608 110 870 114 807
2523 36.873614263598711 -12.680450378661794 231.59788343186548 110 117 133 0.54635536245726624 110 6683 114 7844 124 6115
166 -8.3180601970424419 -34.625886332271627 231.69444073570153 52 70 54 0.88338847104255058 122 1073 124 436 121 572 110 1088 114 438
2522 35.30356649741617 -9.4848833888695232 233.90064030982973 209 219 228 0.19918158072035733 110 6850 121 9848 124 9540 114 7839
165 -4.6156131246551633 -70.826789616837743 238.13763625509364 199 222 214 0.49603804914168714 122 704 124 819 121 484 110 564 114 471
2521 24.157181664809389 -9.9863292933224788 250.93075894150073 169 168 164 0.10658072721903709 110 6852 124 9549 114 7836
164 39.212045746619125 -77.277393031936597 228.46631760441079 122 165 112 0.6119699548223867 122 580 124 654 121 458 110 541 114 661
2520 10.242606576652527 -8.3837317590524272 226.78567747483018 150 176 175 0.4378847447911024 110 7057 121 9759 124 5901 114 7830
163 23.248883633185024 -66.868897908586689 225.13358704716751 184 217 172 0.97136109154551042 122 465 124 251 121 288 110 337 114 253
2519 35.214245948107745 -9.5218682024649457 234.98545019416025 87 95 106 0.35177192318774619 110 6849 121 9851 124 9542 114 7808
162 -5.541680261268505 -74.432336020512309 238.13773508860152 118 163 108 1.9074052254671947 122 313 121 287 110 356
2518 6.4278969106223576 -7.9572037642050848 232.04028439523918 82 87 84 0.60732887447892581 110 7051 121 9781 124 9513 114 7807
161 -4.2348207112930547 -73.501562382470496 238.89791830310691 108 157 103 0.80247771047537075 122 613 124 310 121 285 114 304
2516 -1.7932203994976825 -7.7005778658008941 230.31922575414671 99 134 109 0.80414235198775541 110 7099 121 9786 114 7800
159 41.860474070858373 -68.27348602496653 228.32311642531315 210 230 221 1.5469638262791505 122 242 121 279 110 351
2515 24.036788089196218 -9.7705802160107229 251.60662838023927 89 87 83 0.32545415640316877 110 6863 121 9833 124 9579 114 7799
158 32.195460168097348 -82.322818848286815 227.84401867929591 185 210 193 0.43919282258349845 122 291 121 267 110 319
2514 10.652210604758428 -7.9933592479083844 229.16384384292562 152 176 170 0.50449673895855196 110 5989 121 10362 114 7796
157 2.055166653098035 -56.357594021445152 231.7824203696405 120 167 117 0.88771652328063144 122 264 121 223 110 277 114 269
2112 29.911685311160166 -15.393995661739382 251.99756213765085 55 54 49 0.36322806721735484 110 7521 121 11337 124 11033 114 5527
2113 -11.80709720533927 -12.3624625812232 242.07216521626074 171 168 160 0.58260497329064875 110 6640 121 6062 124 10614 114 5529
2114 -7.9739878206952595 -12.38636747409117 238.67388278075126 13 17 16 0.46626240787161516 110 7294 121 6071 114 5531
2115 -4.6922528312788288 -12.307249871232836 220.15845504223131 136 163 144 1.2197478970420756 110 4486 114 5536
2116 -18.883505538620248 -12.859975723761195 234.05824987306082 102 108 122 0.85341599226774656 110 7271 121 9665 114 5540
2117 2.0354688479023411 -13.35791228955962 227.94975489541537 121 163 125 0.94202403364823872 110 6669 114 5543 124 6110 121 6111
2118 6.6182022160412988 -12.953999227551533 227.61765605357456 122 156 127 0.75401871713088664 110 4529 121 3717 114 5558
2119 -4.2354472406649251 -12.230480820776213 223.64434173635192 97 135 88 0.43959503248731963 110 7241 121 11027 114 5560
2120 1.4646538329143295 -9.9194749401710904 227.16089025215285 197 218 210 0.14617402369837662 110 5911 114 5577
2121 0.58709554693048271 -10.15999039647825 227.98934860483416 158 187 165 0.078556596219551411 110 5965 124 10736 114 5578
2123 10.141974004000675 -10.668254551510158 228.19727571314263 93 132 107 0.29570308194069744 110 5940 121 6226 124 6189 114 5581
2124 34.301278885533769 -13.675878013473302 261.1850740609537 132 126 121 0.24762850050987303 110 4493 121 6217 114 5582 124 6251
2125 34.777061078195295 -13.91232746303608 261.6079249807907 46 41 37 0.26569952260055818 110 6681 121 10963 124 6116 114 5584
2126 12.764621000576414 -10.027559742617404 229.6849321061209 170 206 186 0.92535900366316381 110 4015 121 6198 124 6213 114 5586
2127 -2.3329651991723646 -9.5184609785272087 232.56432374492954 188 217 199 0.51182082589824229 110 5927 121 6185 114 5588 124 5946
2128 -1.1732363948694564 -9.627802322615759 231.89069933761499 145 185 149 0.27489685730061103 110 4029 114 5590
2129 33.221575257292855 -12.313314887842628 255.3629470541552 88 80 69 0.90572765412122391 110 3969 114 5591 121 3517
2130 -14.17563056222853 -10.352900895137898 234.71223185221743 171 175 187 0.46399220687025305 110 3974 121 11156 124 10740 114 5594
2131 -10.530429167896042 -11.569423267500943 243.52400021308154 69 64 68 0.32761877014322432 110 7591 114 5605 121 10978
2132 37.981092190547059 -12.992309840643074 236.31004311892042 198 206 219 0.48052092685854053 110 4488 121 6068 124 10709 114 5607
2133 4.2910057299893065 -11.180773394294011 225.41992875547101 171 171 163 0.33815070136784692 110 6654 121 6219 124 6263 114 5615
2134 -4.3994677613272231 -5.8082710086084317 235.24841262603337 206 207 202 0.33327680974652485 110 5874 121 3861 114 5619
2135 -10.845462618371043 -11.357476937349132 242.723096273929 127 123 124 0.61990970447523663 110 3939 121 6202 114 5620 124 6201
2136 33.60984108587931 -13.80464803175647 258.48489845452389 66 58 54 0.25797686155583521 110 4487 121 3545 124 4111 114 5628
2137 -0.22591697482877282 8.2062362367723125 258.74379659261007 181 166 163 0.41222913222107049 110 6262 121 10363 124 6353 114 5638
2138 4.7081048955230216 7.1121989062587625 253.2860825791515 191 176 169 0.6836602188698705 110 6260 124 10080 114 5639
2139 3.5477175335894975 7.0780922043460883 250.74624223502553 189 175 168 0.37837295037467555 110 7904 114 5640 121 5345 124 10081
2140 15.433761617560558 1.1274420169561643 230.04083130175746 127 136 145 0.30016956172409981 110 6250 121 6538 124 6578 114 5651
2141 14.794209005094341 58.978843437732245 245.59318502445424 84 115 195 0.90802061010719115 110 7917 121 3765 114 5658 124 3864
2142 9.0586748466445215 16.437636070617856 273.03087136900984 183 165 161 0.3355207278418017 110 4635 121 6546 124 6347 114 5665
2143 17.791314975462264 13.31701532878688 268.13782677657912 190 179 175 0.29027822502397732 110 6080 121 6549 124 9780 114 5666
2144 24.853117862350786 -1.3601487521062006 230.7869343523046 160 167 177 0.51661979595984664 110 6294 121 10248 124 9934 114 5669
2145 8.5698554983972901 -0.45270485769560026 228.64604606111629 194 201 209 0.24805444333464499 110 6235 121 6570 124 6658 114 5674
2146 24.642127443821547 -1.2764377881858042 232.17104089394536 117 123 135 0.56054183218092535 110 6297 124 6625 114 5676
2147 11.225651924702342 -0.73468804481826477 231.86812206652547 175 178 185 0.29905690817786851 110 2957 121 10224 114 5677
2148 23.012355699410637 -0.40551890519367767 231.55433895834068 122 126 135 0.27820890457946673 110 6237 121 6604 114 5690
2149 22.511484912134719 -0.1583987324687384 229.99171371473699 179 182 191 0.20119964496424847 110 4162 121 6600 124 6649 114 5693
2150 4.0243263169364063 1.4392169672796282 226.7328019076495 153 157 169 0.57254211482586415 110 6256 124 10062 114 5700 121 6534
2151 21.992791834968912 72.860817205231953 237.3164704335025 137 174 244 0.49304576236109399 110 4098 121 10119 124 6412 114 5723
2152 23.968718756597521 72.492040036385404 239.02700017389859 83 114 197 0.62326049451872778 110 6124 114 5727 124 3960
2153 20.886773743314013 71.127123803896936 238.34674693943776 103 139 213 1.7757743642931521 110 4128 121 10201 124 2519 114 5734
2154 18.807285890316766 61.291191581598156 240.14143833845185 88 124 202 0.41884379481375511 110 4206 114 5751
2155 18.229398994196451 65.42171454446536 237.18515062774074 100 136 212 0.56567531775586977 110 6064 114 5759
2156 19.389143737772592 67.577849439931242 236.56661059629931 104 140 214 0.96117150017524855 110 4055 124 3998 114 5768 121 6387
2157 20.675805339843635 -5.1340980851719218 237.796904332899 115 112 107 0.6962223909264208 110 5900 121 9561 114 5771
2158 9.3848230240815909 -4.5317230753140851 234.50674909061158 91 90 85 0.59546962136239912 110 5862 121 6000 124 6541 114 5772
2159 -4.9787421639599465 -3.7862833450670697 230.972576787138 179 184 188 0.49951597969564587 110 6228 121 6489 114 5775 124 6565
2160 22.927192469856905 -5.3096803079614263 241.24684480494196 53 49 50 0.82564018394447514 110 5892 121 9555 124 6021 114 5776
2161 14.233975376969456 -4.8763162650916305 236.44995784449202 112 111 106 0.15453436390840392 110 5838 121 6006 124 6548 114 5777
2162 6.10260331349195 -4.2317954630710606 233.4687533871882 127 127 120 0.93665617673811297 110 6199 114 5778 124 6529 121 5994
2163 20.499792879473659 -5.4236877232931286 235.93220374104735 183 180 176 0.18517810617754721 110 7740 121 9523 124 9271 114 5783
2164 -1.2991117977907152 -4.535800928016994 234.83025298718121 187 187 184 0.33332442238842441 110 7756 121 4425 124 6543 114 5784
2165 10.649974676765742 -3.8649034099213453 234.77890016984725 75 75 67 1.0111183345051609 110 6208 124 9458 114 5787
542 7.3763789175627235 -15.273538252466599 207.61643859089418 191 213 192 0.18621973270309278 110 368 121 308 124 331 114 327
2166 -5.557498567888052 -3.4597543315617894 230.05373372104592 177 185 195 0.069066113153694653 110 3902 114 5794
543 -12.883492795694576 -17.898515277990494 237.84836794768145 8 8 8 0.50540547990945583 110 282 121 298 124 333 114 328
2167 -7.1444806319319332 -4.1347804086225288 231.28519917633315 110 114 125 1.1236334958671828 110 7666 121 9536 124 6528 114 5795
544 -0.24916630572460513 -18.392744337759972 226.46921486505849 152 186 164 1.8433265527647422 110 374 121 193 124 201 114 329
2168 -1.011589404188773 -3.8558079536824481 232.98062789019127 194 193 189 0.39788601126962642 110 3890 121 6487 124 6566 114 5800
2169 18.841204476979605 -4.7521161304344162 236.15843407552015 172 171 166 0.69668726273093462 110 5853 121 5996 114 5801 124 6545
546 22.952626308665142 -19.370725823783978 213.02812892340194 201 225 205 0.32444148976079901 110 379 124 339 114 335
2170 15.267990864059627 -4.6322942090977328 235.57063330125362 136 136 127 0.18582450893098815 110 7781 114 5802 124 6542
547 2.9291024387456113 -14.625645257385477 227.10599614119926 102 148 101 0.32694037531301029 110 361 121 305 124 328 114 336
2171 1.0117759127373889 -5.5380415107165737 236.87169556756291 174 169 165 0.37710209026193331 110 5888 114 5804 124 9295 121 9592
548 38.034464917011007 -20.290762085516448 210.62454152739193 163 195 159 2.0817171369913074 110 1032 121 908 124 598 114 337
2172 28.87119629535356 -7.6625878577001902 255.79414331209438 29 27 30 0.40816610984349927 110 5812 121 9903 124 9603 114 5809
549 3.8925250926232358 -19.602114449104718 211.00694313033685 159 190 163 0.63886793361742444 110 189 124 197 114 338
2173 30.148983807397549 -6.5288094968253292 233.47688119305815 184 192 203 0.34536914763028409 110 5770 121 9580 124 9622 114 5812
550 -20.267960189807781 -22.660333523609605 247.13817367474161 65 71 82 0.64439662035114798 110 381 121 271 124 340 114 339
2174 20.124069999961097 -6.7544455572611017 238.42375477054696 206 208 203 0.26049327824492186 110 3836 124 4219 114 5814
551 1.3649380881495434 -22.263577321220705 225.79669319530581 170 182 170 0.578618341808813 110 213 121 361 124 344 114 341
2175 28.302160228521316 -7.7720468095314184 252.97441661582479 97 95 96 0.2358402875076345 110 7098 121 9915 114 5816 124 9618
552 2.9760344786567319 -21.550919045359851 218.34558155842973 64 100 64 0.71542055105363556 110 685 121 349 124 616 114 342
2176 29.397093034428718 -7.9888792871354308 255.48745223381931 33 31 32 0.36517027750707087 110 5994 121 6019 124 9685 114 5817
553 -5.9466237807626463 -22.804174032155458 228.43233972454789 83 125 79 0.73629107397889071 110 432 121 360 124 346 114 345
2177 18.173480436388392 -6.7305957147169133 236.03919573162608 219 219 214 0.75696971899496535 110 5768 114 5818 121 6053 124 6073
554 29.910402942099978 -23.053874987545228 215.40739519385195 110 154 119 0.54530037095215222 110 439 121 363 124 393 114 347
2178 13.891112484489142 -3.9668658948383619 233.22992061832809 189 187 175 0.50832938564138042 110 6201 121 6478 124 6562 114 5820
555 11.761357895380433 -10.495860520525472 228.66953037426597 180 207 202 0.23443881019352544 110 403 121 334 124 364 114 348
2179 3.983628811217804 -5.5294126196611302 236.12370828878284 109 108 104 0.86437453343691073 110 3856 114 5822 121 5980 124 6036
556 -7.4893649283649006 -6.9880123504264535 244.65448855035061 126 122 121 1.4274097183768015 110 383 121 331 124 360 114 349
2181 30.535047539517677 -6.4778983939825538 232.35298386182461 195 203 214 0.16289573929618262 110 5769 121 9579 124 9333 114 5824
558 16.437819082475599 -2.1821163113415292 237.12801941929084 193 193 190 0.3677563398509951 110 384 121 328 124 352 114 351
2182 23.796524470045995 -6.3338758952752539 237.71523755840823 12 12 12 0.18116688835896244 110 5793 121 5990 124 6012 114 5826
559 -5.8425119115509592 -5.6949307366510542 233.34556930605905 152 154 149 0.74987673188963333 110 392 124 357 114 353
2183 24.528136922834623 -6.3071743973581329 239.19428657849932 5 5 5 0.3702563588058419 110 3844 124 4214 114 5830
560 13.764076205436343 -5.1099632959340209 184.90172931439329 162 159 154 2.4200216554267806 124 567 114 354
2184 12.714068158347247 -1.9592558117618695 233.81120814953817 109 108 104 0.58362412993517188 110 7871 114 5842 121 10671 124 10027
561 1.0091135984210977 -6.3966772861427685 232.84707932342337 199 201 187 0.22925274300839377 110 394 121 547 124 550 114 355
2442 -5.1740676257168783 -7.2326265844122855 239.50811061527239 44 43 39 0.81918050029614253 110 5833 114 7326 124 9678 121 9965
85 2.01772934242774 -4.2905206604907873 234.81570458497603 91 90 88 0.89223608659700804 124 2640 122 2872 121 3829 110 3932 114 3792
2185 23.246666503806345 -2.4418140084800859 233.35062526972791 115 119 131 0.3334394337399697 110 7686 121 6430 124 6519 114 5843
562 -4.9094205605828956 -9.1289780718986417 239.07120495446142 150 152 138 0.97505259839288905 110 400 121 333 124 362 114 357
2443 9.934781814557951 -6.0852978109136018 231.89668859793736 170 201 185 1.2777127643992046 110 5786 121 6042 124 6007 114 7333
86 12.146769821838447 -0.10923208870843201 228.45335627179037 161 169 180 0.33642285279774681 124 2692 122 1969 121 2406
2186 26.875195598694184 -2.3804850769365067 230.38165991318306 114 116 119 0.40295074374504791 110 6216 121 10299 124 6516 114 5845
2444 31.166752987800884 -7.7309962311964053 251.16521949774017 148 148 154 1.3892653622760789 110 5816 121 9914 114 7336 124 9610
87 0.089972786801292171 -4.4957196104938264 233.7994739773539 151 152 147 0.87413254697524712 124 2712 122 2205 121 2380 110 2475 114 3783
2187 23.270208580928553 -2.3718322355850576 230.63173701404259 195 201 215 0.19094014479968482 110 6280 121 6429 124 6517 114 5846
564 4.535422099295781 -10.637640887526773 227.83593236358743 167 166 162 0.41987305576098422 110 578 121 335 124 519 114 361
2445 32.822089519794687 -6.907981121148107 231.03569323986417 158 164 178 2.0194476027997537 110 6986 121 9895 114 7337
88 -1.5446700769072816 -4.4333229172214397 233.58510101481042 183 183 181 1.1176075121804361 124 2718 122 1824 121 1458 110 1772 114 2252
2188 19.294007839772679 -2.4360618435735888 231.95125023959204 70 74 79 0.87824001175863076 110 6198 121 10302 114 5848
565 2.0882306940688884 -10.642843851707818 231.02908848086034 184 195 191 0.092822714683785335 110 404 114 362
2446 23.44615953143866 -7.2928929519040722 248.64549222625561 90 91 86 0.50731161760807586 110 5824 121 9899 124 9594 114 7340
89 18.029182207374806 -75.103818364802763 229.0820746719881 91 137 90 0.40550809022720002 124 2877 122 2177 110 3633 114 3302 121 2043
2189 10.904984351096351 -2.2751290331162357 232.49591762107727 125 125 113 0.1822667631775628 110 6278 121 6432 124 6513 114 5851
566 17.384386370384199 -11.629122688916635 227.87840393818439 190 211 204 0.29266180054408975 110 405 121 338 124 365 114 363
2190 14.176615874982929 -2.6591993693597225 237.20553318180535 105 105 97 0.071948282075194103 110 6192 114 5853
2191 8.0054808391918417 -1.2718600042676895 231.23246089896702 63 63 61 0.30261628421240822 110 4146 121 3912 114 5859 124 3915
568 6.8361656117607454 -14.125573698658398 221.74120170006347 160 194 173 0.42705619867122802 110 360 121 303 124 327 114 369
2192 12.258849200835893 -1.453985790573969 232.71322439285711 185 185 185 0.27798016000538373 110 6292 124 6635 114 5860 121 6455
569 25.802147318238127 -44.308309791303216 224.02744552628255 149 181 134 0.15318642585240677 110 305 121 245 124 358 114 371
2193 21.865720602282472 -1.7402127750499843 227.63055540654369 168 174 186 0.36704890345479024 110 6283 121 6459 124 6641 114 5863
570 -18.908349367036905 -36.272969495237035 244.27529286651219 70 112 78 1.4847155324945904 110 407 121 199 124 375 114 372
2194 18.756407902382797 -3.3683803342360323 238.12280419438449 170 169 167 0.97584744372383092 110 6177 121 9638 114 5870 124 6502
571 35.81388518929495 -33.326512174962083 211.05289192759523 0 0 0 1.3069069333434367 110 426 121 356 124 303 114 376
2195 14.190081211519113 -3.131128663656213 234.08513567986972 226 223 216 0.11333225469349312 110 3906 114 5872
572 33.020560959268664 -34.779305725484193 213.3331778442215 141 173 131 0.95161312620444016 110 428 121 399 124 378 114 377
2196 11.610613229973589 -3.0197849825968066 233.8143091832994 102 103 89 0.328711280978006 110 6168 124 3889 114 5873
573 -13.603310423840375 -37.374292263501957 233.87060548567439 182 207 201 0.94820487846399659 110 427 124 447 114 378
2197 27.76991132848282 -3.4645032054976812 229.7885491194809 215 216 219 0.22290059430811704 110 3895 124 3877 114 5878
574 31.191144887533639 -36.660295346892958 213.4756810462338 0 0 0 1.2159512473310385 110 424 121 353 124 452 114 381
2198 4.3693685806341085 -3.1046160433205117 229.61860215543766 194 194 191 1.1304428522939103 110 3909 121 9718 124 3116 114 5879
575 -11.169970727481843 -34.115009242695891 229.46712049859181 75 114 87 0.61532795503828686 110 419 121 351 124 374 114 382
2199 24.185743985296039 -4.2754485002123612 238.58416636265741 190 191 196 0.14680961544701854 110 5867 121 6477 124 6568 114 5880
576 15.979062240833704 -42.911110450503472 227.87915793465294 90 137 99 0.52981775864384317 110 299 121 240 124 388 114 383
2200 20.719691871477796 -4.2184831981956865 236.76158267681615 205 205 203 0.50387014683758902 110 3930 121 3835 114 5882 124 3886
577 5.5067565659169917 -38.80375233886312 225.89977960736579 68 112 63 0.54274413319262182 110 431 121 341 124 380 114 384
2201 13.006428707352171 -3.8852101025782719 233.93444931754411 186 182 174 0.069054480830514492 110 6218 121 6476 124 6551 114 5883
578 0.52916603604223067 -44.258425949741415 230.85841405147812 144 174 146 0.64125361933799185 110 300 121 241 124 382 114 385
2202 -12.286365736598508 -14.440760442000743 245.86326013127788 187 187 179 0.55085497597814759 110 6678 121 6117 124 10958 114 5886
2203 29.134831944658096 -3.5264638290298995 231.12828119797481 105 108 118 0.498848601727095 110 6183 124 9374 114 5887 121 9648
2204 28.706265557321501 -3.4499804135940995 230.3929174431473 207 207 217 0.16132137688545745 110 3896 121 6504 124 4338 114 5889
2205 11.987066165523514 -2.8424548248736952 233.40285869342253 176 176 165 0.45489911963532331 110 6187 114 5890 124 9402
2206 -6.419858283450635 -1.9154818302616829 230.08060404503453 112 116 128 0.16379929474671814 110 6274 114 5892
2207 7.851186359857846 -2.5088791479205441 233.61152706014681 152 149 144 0.46644227262528098 110 6197 114 5893 121 9652 124 9995
2208 8.6413420113359329 -2.5108091768279346 233.60619844224956 120 117 110 0.5014866512996019 110 7687 114 5895
2209 -4.7980569937330699 -1.6985919955886373 228.68536023706409 135 141 153 0.55955335988419497 110 6289 114 5899 121 6428
2210 -20.905063565384765 -29.493843445229565 242.14865497107928 106 109 119 0.91870112088935463 110 8642 121 8450 114 5903
2211 20.932718734703425 -28.854543180895771 226.68420112350191 201 223 220 0.46509708184199794 110 6365 121 8786 114 5906 124 8067
2212 21.769380349029809 -28.804316222701896 225.87670636746364 131 151 138 0.60987833608273156 110 6376 121 8791 124 5336 114 5908
2213 -5.0779575297615525 -27.532465530768267 222.82367428645759 157 197 163 0.26793864986731719 110 2779 121 6646 124 6844 114 5912
2214 -8.5736038867051505 -27.086762431839503 222.33773377805659 93 143 92 0.82570291288934483 110 2756 114 5935
2215 22.497406843694961 -29.642751403901929 226.48082622631242 204 219 214 0.53869080082932685 110 6418 121 8798 124 8120 114 5938
2216 -12.196669689502702 -29.016708866750751 228.64642792296118 164 185 190 0.4856052878903459 110 6383 121 6680 124 6831 114 5942
2217 16.749053545050916 -29.378533252737174 224.09245327378414 135 168 149 0.60602183088675354 110 6420 121 6659 124 8121 114 5946
53 30.677656131391785 -69.10764278317977 223.14830623078709 20 36 19 1.2116489735157374 124 899 122 609 121 725 110 818 114 761
2410 8.4503388895978269 -33.643681423441627 222.00115936222375 44 61 53 0.62282738762336509 110 8574 114 7147 124 8133
2218 20.616139203898857 -30.043541580800877 227.01248892498276 196 222 213 0.30825870132674305 110 6403 121 6666 124 6676 114 5950
1 30.828696855337743 -71.764954978437075 227.97162593933683 163 187 171 1.1295443517760959 124 0 122 1 121 2 110 1 114 1
2358 -4.8090691334373368 -18.156571917074263 221.92685903204551 124 163 136 0.6186791037352849 110 4554 114 6680 121 7052 124 10353
1110 8.3650614448194212 -27.453783054887086 218.97735290031301 110 150 121 1.3166221463762822 110 2785 121 4031 114 1712
2219 -5.7621965417883487 -28.530123107558289 222.28511496368569 129 173 139 0.40539478870081624 110 4389 121 8814 124 6836 114 5952
2 -1.0268823549215778 -55.638884547448328 229.18147695483091 155 191 152 2.0735861017130874 124 15 122 16 121 16 110 19 114 9
2359 -19.638226290894252 -18.3386860599154 237.88884163574721 83 87 99 0.21397314428823544 110 7212 114 6692 121 6984
1111 2.8482262765768267 -29.134029977175189 228.11276295605475 178 202 188 0.16012025017954867 110 1071 121 977 124 960 114 1714
2220 15.993634923016618 -29.416928920062915 226.97562333250445 110 142 112 1.4098469699306948 110 4434 114 5957
3 -8.2753149656505585 -57.557160493507894 232.76151431888266 0 0 0 0.91198360919552468 124 25 122 31 121 23 110 27 114 23
2360 -17.503609527809541 -20.991110806414412 247.64118908781538 126 144 135 0.058783869624618901 110 7622 114 6695
1112 -10.0707946001721 -24.911799222752432 227.02447745959381 104 154 94 0.5873591403673506 110 1956 114 1716
2221 19.454113738350745 -29.450728978142841 226.9741628994278 213 235 223 1.4489625736493037 110 4430 124 8038 114 5958
2248 25.710404473162704 -31.176740415954967 219.91129788795072 102 132 120 1.9493665632718866 110 4376 114 6063 124 3808 121 6940
30 1.7632518154740646 -59.831321315150305 233.48246199419344 97 143 98 0.9023071981197115 124 499 122 236 110 472 114 501
2387 1.2057890845972334 -33.954736338898464 233.1794754559169 57 93 55 0.35584243531927062 110 8464 121 8496 114 7012 124 5391
1139 -16.408768298299556 -18.203571168026677 245.45951409122276 93 120 104 0.24164179998216218 110 1631 121 2583 124 1924 114 1754
2222 -13.239407487951572 -28.373121699665514 228.27319422911219 120 168 110 0.61179917729861444 110 6393 124 6851 114 5960
2249 1.5890121858337869 -32.561818631237692 231.54280054509351 93 127 92 0.29816737611024968 110 8494 114 6069 121 8845 124 7981
31 37.142859358996517 -59.313583091832072 229.30843360402673 0 0 0 1.3495076052596147 124 501 122 267 121 476 110 700 114 266
2388 -11.386992378439354 -33.393626453980197 229.60055919670759 88 121 102 0.27678510257562172 110 5424 114 7042
1140 27.336544365457549 -17.25674778556764 214.60504608894712 209 222 209 0.11347762264178404 110 1642 121 1436 124 1633 114 1755
5 41.130253532209423 -66.898159016893473 228.39623117601792 205 227 206 1.161569542325076 124 111 122 106
2362 18.666722106374969 -25.277481119950409 222.37067003775383 167 191 169 0.44552556183713288 110 6760 114 6718 121 10776 124 10600
1114 -11.004124117282496 -28.270822940517085 223.67509337967698 134 171 163 1.4791780862445043 110 1814 121 2510 124 2600 114 1718
2223 0.8674444125163504 -29.572547183128037 233.66207484161026 174 203 175 0.23797145425032129 110 6366 114 5964 121 8790 124 8060
2250 14.629239004591994 -34.048910063173459 231.0820048556505 151 181 148 0.6277044293939873 110 6504 121 6809 124 7024 114 6072
32 2.5082334065638534 -62.235773466094336 235.60282513333308 87 129 96 0.36961640265128737 124 503 122 450 121 464 110 475 114 505
2389 -9.8305325695677759 -34.305733068907408 234.81882411448885 147 169 158 0.21008068442461747 110 8462 114 7043 124 8298 121 8554
1141 4.9022286405173432 -16.178151955918228 211.48691342641382 66 92 78 1.0245544008038898 110 1092 121 1438 124 1038 114 1756
6 -4.9561211545966595 -57.523147410988202 231.4296941217132 207 235 210 0.71887922454771203 124 159 122 235 110 161 114 138
2363 -22.597989044897069 -26.421498087113978 240.52635998188515 131 136 144 0.31469225146762519 110 8599 121 7220 124 10579 114 6721
1115 -19.737116519361376 -29.424370857150357 234.9308892937249 1 6 7 0.18624753197786098 110 1815 121 1694 124 1553 114 1719
2224 27.718076933975038 -27.776424179859163 215.88155899715076 124 169 128 0.49696188045881828 110 6382 124 6837 114 5967
2251 27.233993332708284 -33.313072167795013 224.40220554193701 118 149 134 0.17796119428891216 110 6511 114 6073
33 23.907235016856987 -60.895147432320542 228.41142383763659 100 149 86 1.5640025921749963 124 506 122 456 121 769 110 1009 114 506
2390 -8.918925264398915 -31.501096597201546 225.76868020151002 151 184 158 0.61105621945877064 110 6298 121 6943 114 7052
1142 7.5027872570747984 -18.109514369450803 210.59448568153417 173 204 176 0.2712040135381335 110 1112 121 1417 124 1004 114 1762
7 -1.6958059363051174 -43.674601208257542 230.77975703033604 169 199 173 0.36747172829119246 124 169 122 383 121 189 110 175 114 148
2364 -17.582958940389151 -24.20572108846709 227.55117958977181 113 120 136 0.22514441481551306 110 8653 114 6740
1116 -13.092048179057251 -29.101210260517412 230.21487017832328 109 155 116 0.66378238231098874 110 1816 121 914 124 1557 114 1720
2225 29.12792763236197 -25.353730846058369 215.13571922925729 173 209 172 0.21769187209870328 110 4239 121 6705 124 7347 114 5970
2252 11.460752154293013 -33.04673313457895 225.27548099936485 133 163 147 0.2373427343059846 110 3317 121 6805 124 7050 114 6074
34 5.6710168455637655 -64.580719013880881 238.84777396541921 137 165 151 1.0716403688888601 124 508 122 453 121 467 110 558 114 511
2391 5.1381103848778729 -32.092565002671876 227.18795318863573 15 39 7 0.23256143597540679 110 4382 114 7053
1143 9.5746547089271257 -16.44680295855332 210.29236158759448 127 169 130 0.54061227517039079 110 1634 121 2591 124 1626 114 1763
8 40.272935985395264 -77.298647599240198 227.22172323987763 202 226 210 1.15088717933695 124 178 122 169 121 167 110 119 114 101
2365 -14.954656291008394 -25.440310040422958 239.4438130485884 63 98 65 1.152958933121343 110 6719 114 6795 124 10495
1117 24.341919600480647 -29.061100061309691 220.82582104550269 138 165 148 0.58049653070726892 110 1777 121 1571 124 2115 114 1721
2226 23.119637587641975 -25.905144282442137 220.04849460591061 73 106 80 0.583462082471357 110 4241 124 3450 114 5974 121 6709
2253 31.587239027886003 -32.078137710536019 214.57164380692757 169 204 174 0.5478425975765665 110 2096 114 6082 124 3608
35 -7.3500277681902233 -62.385374775248927 231.38938725048536 101 149 101 0.49290177745163161 124 509 122 460 121 468 110 466 114 814
2392 7.9071804732136437 -33.07068859569668 232.96141487076747 90 115 102 0.22843006135258093 110 8517 121 6952 124 7011 114 7054
1144 -17.526707270899671 -19.217070483072177 249.10460086999694 182 192 188 0.41160933146944834 110 2882 121 2594 124 1915 114 1764
9 3.7290261762739534 -75.317974507884045 236.73571447781018 188 214 205 0.75059446448352729 124 182 122 159 121 172 110 188 114 166
2366 -22.536413384256878 -24.183771643369976 241.7809289893936 131 135 146 0.2793049872702138 110 6806 124 10217 114 6809 121 10900
1118 -1.7372610058120677 -26.872777368338042 211.89239761485817 202 231 211 1.1509567105674214 110 4411 121 2446 114 1722
2227 -19.98104281252095 -26.884677177700365 237.82349199965302 69 73 84 0.71105058151167311 110 6711 124 7269 114 5980
10 -19.862167159375748 -40.598714273288849 239.06712220762003 137 180 144 0.85285526136948098 124 223 122 376 121 204 110 233 114 219
2367 15.040496062935093 -38.548795149837765 228.71819495950928 100 136 111 1.0517013134052384 110 3277 124 7513 114 6811
1119 -8.4100480379686058 -28.414817678340139 222.57991304267375 149 192 145 0.22179524450057075 110 1818 121 2512 124 3741 114 1724
2228 18.955063307990926 -26.748027739538166 225.24511237417744 133 176 131 0.34991170780361991 110 6731 121 7571 114 5982 124 10432
11 1.5869395324369471 -55.002091585452199 231.84672060894536 200 224 208 0.55587777357251611 124 239 122 143 121 220 110 165
2368 8.9632826524622384 -38.419844038434263 227.48097608976946 69 97 82 0.30783839640416821 110 7646 121 9290 124 7514 114 6812
1120 22.050921983370436 -28.906527411826701 217.76606750989981 209 225 219 1.4052063213093924 110 644 114 1726 121 904 124 955
2229 -0.99018363701833001 -24.25294571742074 218.64597800431736 133 179 144 0.20872620084372093 110 4317 114 5989 121 10815
12 24.318860965450479 -63.035196739598163 228.06445357130752 149 186 148 1.250216334722452 124 250 122 237 121 231 110 290 114 230
2369 13.616561684864045 -38.965492494271651 231.06578376015185 63 100 67 0.72266827243863396 110 5073 124 7507 114 6822 121 9285
1121 -2.61830258295941 -17.912615151941068 217.94172703536 32 55 27 0.40239995242061055 110 1089 121 966 114 1728 124 1006
2230 -10.619019044123222 -25.26258369916285 228.27397086383164 115 153 131 0.96329657233012755 110 6705 121 7219 124 7279 114 5992
13 25.82872071898705 -51.76163717034617 223.24109699017234 215 239 207 1.2686739143701924 124 262 122 473 121 255 110 275 114 427
2370 30.31193028391171 -35.550907686120965 212.24452861544145 97 120 97 1.3691881103923866 110 5099 124 4903 114 6834 121 4938
1122 6.410757960338815 -17.755032233541552 210.56406273316119 148 186 148 0.59605593722675421 110 1862 121 1415 124 1602 114 1731
2231 19.712176989826808 -26.244767339534551 224.89610472976216 180 210 179 0.22719247318934319 110 4502 121 3956 124 3444 114 6001
2303 3.142344736271689 -14.17926780867003 229.12098255326856 124 153 123 0.2707972043800394 110 4460 114 6265
2304 -16.696469086498031 -14.587105642316713 243.80307779110584 95 99 110 0.85305853404383181 110 6679 114 6266 124 11032
2305 -1.2647110952593088 -13.844136006426437 226.47157111777764 181 214 186 0.60426174068952387 110 6581 124 6176 114 6267
2306 -10.413936880533939 -15.906986820322457 240.81520843854449 184 184 177 0.23386353970501678 110 7162 121 7139 124 7182 114 6279
2307 -17.405030497410539 -17.246185451950311 251.18289290585918 150 153 158 0.22594876513563239 110 6619 114 6283
2308 -11.678071356981121 -16.139182083700263 245.02037523795539 59 57 45 0.098823535048381067 110 6629 114 6293
2309 -13.743351933191045 -16.201784913029154 249.08100621221422 143 142 138 0.63945290282283729 110 6574 124 7189 114 6296 121 3626
2310 22.532444335753514 -21.867176328529325 212.04481199591433 111 146 118 0.37194790451148019 110 2707 124 2606 114 6307
2311 13.950510755730788 -22.273559889141247 215.29821183728598 152 181 159 0.61863128415101765 110 4290 121 10739 124 7375 114 6310
2312 -22.778942730322772 -23.924037322956206 241.04307443499704 92 96 106 0.44665242763782875 110 8694 121 7320 124 7393 114 6313
2313 -22.663716412495098 -23.024116475550947 240.77921381436542 113 117 127 0.53380963123486702 110 6818 124 7128 114 6328 121 5407
2314 17.047090150029607 -22.000888174745164 215.92483242739004 124 156 135 0.62441521259670885 110 6810 124 10223 114 6335
2315 12.767988793373931 -23.70495316204935 216.4639339010333 40 73 40 0.28579632588007969 110 4322 121 10745 124 7280 114 6340
2316 17.621488826508795 -24.310161761755705 219.25221669231959 158 178 169 0.80875846570614318 110 2676 124 3358 114 6342 121 3936
2317 16.305576060691827 -24.455486656710722 220.52128445032855 127 158 127 0.22505735894952444 110 6702 121 10807 124 10518 114 6343
2318 -5.2250897273144687 -24.153201242602677 226.50025518825112 91 131 96 1.5896457819547434 110 2722 114 6346
2319 -22.057339602087023 -25.298090038339154 243.15133906297763 103 106 115 0.30461480114958295 110 8600 121 10133 114 6357
2321 16.309288801060667 -23.673408555183517 220.3706417833902 126 153 134 0.5952973499343035 110 6718 121 10710 124 7411 114 6364
2322 25.174691310365944 -19.751642617464256 214.19036171729175 191 218 208 0.22369978021993184 110 4583 124 3559 114 6375
2323 26.217429978847694 -20.584540341887596 218.06093970981323 161 187 186 0.88098267539507513 110 2858 114 6378 121 4278 124 1862 114 2603
2324 -17.159100508137687 -21.882056896125761 245.68087370336855 64 88 72 0.16987621007079629 110 6778 121 7294 124 7080 114 6380
2325 -18.603293294727827 -21.410581519506813 247.05644396867331 80 87 98 0.34502263696861796 110 7179 121 7277 124 7068 114 6390
2326 23.954269828909034 -19.400871264253762 213.37043505884014 125 160 136 0.5894132509316683 110 4558 124 7134 114 6393
2327 37.885751902012089 -20.071011902777069 215.9695759748206 129 154 122 0.2499344653041676 110 7514 121 10539 124 7151 114 6394
2328 -21.141465736568982 -20.226142606211344 239.63938010168391 175 179 190 0.10798247928635814 110 6784 124 10331 114 6399 121 10557
2329 36.230218143221713 -21.360829393530711 213.58594254612916 139 169 157 1.1666837953982285 110 6809 121 7328 114 6408 124 10264
2330 -12.272182705260537 -22.218519671241516 234.38176600756006 88 132 91 1.0442960974800126 110 6823 114 6413
2320 -5.0978064376786127 -23.725448621182675 227.26495393736701 146 182 145 0.375428976393898 110 6725 121 10756 124 10526 114 6363
2122 17.747211123135109 -10.898190519398577 227.94191793350362 170 182 175 0.16909710393689747 110 3983 121 6235 124 6187 114 5579
2379 -0.88781199788148002 -39.640526371403347 231.94689644711249 130 179 114 0.2011571429832949 110 8762 114 6894
137 -1.2417035770398566 -5.7446116541725756 234.30735787323894 60 56 55 0.33435056333197838 124 9352 122 5620 121 9568
2494 -18.456516705083452 -15.482557322125286 235.79055190563267 101 105 116 0.46350428822232781 110 6563 114 7675
2355 -20.084825876250566 -30.341497967245612 234.85559616877919 81 115 101 1.3815349900755749 110 8701 121 6672 124 8098 114 6617
139 2.5259891670293344 -2.6788397404811715 232.60526324593161 184 184 172 0.13125832120890643 124 9398 122 8748 121 9624
2496 -14.472370282082142 -18.009487983532853 239.0063141398428 156 173 163 0.45508905911915298 110 7220 114 7688 121 10646
2357 -5.2424220995042567 -17.957636791894227 223.34139463958627 129 169 145 0.42090904695082254 110 6613 121 10512 124 10289 114 6671
84 -2.1991994503794365 -66.325928251975398 235.82946466807087 107 150 123 0.52442520880339882 124 2564 122 2231 121 1303
2441 34.014739464325892 -8.432769560860125 233.73974762346265 173 180 196 0.20651900197361273 110 7095 124 9528 114 7325
2302 -8.6075731140113145 -14.747731966905704 243.9673770463711 49 48 44 0.80174631274883046 110 4475 121 6125 124 4146 114 6263
2356 -20.534434055427408 -20.735244402889737 239.49467872493616 98 101 113 0.022347371464211688 110 7181 114 6645
138 1.3452880065005219 -3.3627289397616327 232.48670230927084 175 176 171 0.31879060174689505 124 9378 122 5761 121 9724
2495 -18.207198211917596 -15.535595843493663 236.51268691931023 140 147 157 0.1757370461618214 110 6571 114 7676
143 15.377153103827416 -7.9409402621305736 227.83327200812013 110 142 129 0.26442746612288109 124 9516 122 8307
2500 -10.188957208419387 -15.711590681574453 241.40597694942812 35 35 24 0.31479207660855718 110 7168 121 7080 124 5324 114 7737
2361 -16.695516809262781 -24.454623911851304 249.2626228556467 174 199 178 0.35971087068287133 110 6800 121 7341 114 6707 124 11343
2332 12.865519299829559 -20.44681753864749 212.90424366594928 74 109 85 0.38088258656372226 110 4509 121 4329 122 5094 114 6421
2345 -9.5946437526208328 -29.286483894599645 220.1219061511141 104 140 117 1.0996948108144702 110 6419 121 8733 114 6543 124 6684
2344 24.950585250248309 -30.945920602542106 222.21865892145678 195 216 205 0.59951831453356907 110 6362 121 6955 124 7960 114 6534
2343 26.244370534246883 -27.227195157931511 218.84299993435408 175 214 170 0.22941491906389003 110 4641 114 6524
2342 -24.269495777887631 -29.022581991133872 253.26442969733347 182 187 184 0.31127578887851598 110 6754 121 8311 114 6503
2341 26.672113057997553 -26.36780215804685 217.89510289869409 154 193 148 0.20374128974500877 110 6743 114 6496 121 7635 124 10423
2340 -0.34191778142576862 -42.194573824385664 229.13644867423679 112 164 92 1.7844593692884099 110 5173 121 8980 114 6493
2339 24.794093930573197 -28.360714113189307 219.63571157413023 137 164 137 0.32479394893543317 110 8702 121 8772 124 8037 114 6480
2338 -22.426495657135238 -30.675375938286869 246.87708798627094 77 81 91 0.33834067560359898 110 8605 124 11400 114 6477 121 6618
2337 -14.172465031989962 -28.919366021607104 230.83058092621792 135 179 130 1.0666213248972767 110 8650 121 8792 124 8049 114 6473
2336 16.487040485345606 -29.485494148079788 225.36352579095472 125 152 135 1.362809498824832 110 6424 121 6657 124 6712 114 6464
2335 -19.527030687894577 -28.64079675221954 233.93824818563132 70 75 79 0.55513511946476091 110 8623 121 8866 124 10446 114 6443
2334 -13.00424483622019 -21.241440050962694 233.64768156782856 71 114 69 0.4101160068641998 110 4555 114 6432
2333 35.140462223606562 -20.983225813483866 213.91088833752332 155 185 177 0.23064194529608689 110 4301 121 4236 124 3537 114 6425
2331 36.499186510158722 -21.532346866914487 213.59714136447232 187 218 201 0.41279155326617722 110 6811 121 4222 124 4280 114 6414
2354 -19.219334034779635 -31.214352679628348 240.1345288446179 71 103 80 0.77998312436267458 110 6429 124 8117 114 6614
136 2.0892427790076473 -4.9028654904184235 234.13323207067063 39 40 32 0.42088261783956499 124 9303 122 5548 121 9513
2493 40.805629304586908 -15.047835912743491 238.41359399903075 50 57 75 0.21652700776001294 110 7169 121 11221 124 6149 114 7642
2353 24.601480515325299 -30.426149434106176 223.76750032605983 104 125 116 0.49382174853381355 110 6326 121 6888 124 6756 114 6611
135 2.1403227650528653 -4.6406386627533598 233.81375897954854 228 227 222 0.31779808221919387 124 9289 122 5603 121 9556
2492 27.706079428407961 -15.829510028637701 254.81457935065947 138 137 133 0.45423177325698244 122 6026 124 11048 114 7641 110 6568
2352 15.983222874895715 -30.016088636308439 222.96492960023957 142 176 152 0.4599507093446471 110 8665 121 6925 124 7949 114 6601
134 5.7440926605287626 -5.0593260760390093 234.33745880107551 194 194 184 0.25781604471597969 124 9261 122 8404 121 9518
2491 10.005062923302528 -11.894051285563554 223.59691521126263 75 107 93 0.85774242649600019 110 6647 121 11029 114 7629 124 10630
2351 22.312742235591969 -29.85206433551911 226.33686311199099 164 184 176 0.19645637982926675 110 8671 121 8713 114 6599
133 -18.15740609970393 -47.81967329585791 238.22617919498094 84 116 94 0.19215275533313009 124 9156 122 8108
2490 9.8449193579173997 -12.198984385489888 226.54947592840099 111 149 124 0.67908346228516747 110 7245 121 11014 114 7628 124 10699
2350 0.44986100467185669 -30.586269148098769 232.9861060739816 206 231 202 0.31111542333566622 110 8716 114 6583 121 8717 124 8076
132 -8.8108552275167504 -46.466198242691064 231.02379259387698 83 135 90 2.1064270773861993 124 9151 122 7555
2489 39.008382759782499 -14.02781616837752 237.67634069776992 99 105 117 0.3847091372955862 110 7339 121 11320 114 7627
2349 23.48293683901726 -30.916840275323654 220.62856693764664 198 224 215 0.92085274075845958 110 6356 124 6997 114 6572 121 4306
131 22.899267671762328 -48.518670918569534 226.9508876681499 22 31 19 1.8287569521356577 124 8495 122 7379 121 9678
2488 30.105630583955605 -15.401561727251538 256.0434117459709 104 106 101 0.20329754255321902 110 7153 121 11345 124 10955 114 7617
2348 -16.58559579909517 -31.777798196514983 233.57950418655085 105 134 129 0.56315405402363961 110 8658 121 6964 124 7913 114 6563
130 11.782986167062663 -40.441979420028595 230.59629778327476 219 246 231 0.25475110262758555 124 7845 122 3563 121 9393 110 5038 114 4731
2487 3.9020571370556048 -13.437436749893077 223.38953534455331 146 161 157 0.85279791864662857 110 7320 114 7604 124 10953 121 11215
2347 11.119832519303122 -31.505087472220172 224.99293255946876 71 100 80 0.15450866854126921 110 6361 124 6994 114 6560 121 6976
129 -14.301139232093339 -43.122151084287964 235.99833639737207 167 207 180 0.15025300597842756 124 7786 122 7323 121 9072
2486 -14.350196003114034 -14.884501950836714 247.72073838974958 156 155 151 0.42726297342909375 110 7316 121 11189 124 10986 114 7599
2346 -15.400397493107068 -31.250816127194476 229.15830773000545 107 141 130 0.2127718920733776 110 8659 114 6557
128 -9.8040914136901627 -43.39832731287963 236.62327337716198 178 216 181 0.44917169576323285 124 7746 122 7310 121 9080
2485 -8.9734839942273759 -14.959848231431423 244.5279563324321 142 138 130 0.11162703816273378 110 6585 121 7094 124 6181 114 7596
70 -2.4344174409096735 -73.125574366403882 239.09266628221789 120 161 131 1.2975716972962017 124 1758 122 2614 121 1329 110 1539
2427 23.969289693796132 -4.7439994435296216 240.33759149999557 184 185 185 0.30033122962052256 110 7771 121 9709 124 9283 114 7250
2288 -15.500156125598915 -17.601652122128638 239.41852945989322 130 153 140 1.0026380584072028 110 7125 124 10911 114 6200 121 4415
67 12.683806061384759 16.596922623176798 267.31875405168182 183 172 166 0.76634642769007333 124 1474 122 1325 121 1478 110 2655 114 1529
2424 5.1868819761698877 -4.1108311854430992 234.89512051031758 124 124 112 1.0285990401780927 110 6202 114 7239 124 6571
2285 -11.30560331209719 -17.397742449253755 239.2398180753317 67 70 56 1.209926716095493 110 7120 121 7002 124 10909 114 6193
66 19.488788080089446 -66.205108969537832 227.24384279819623 130 167 129 1.0735286772775203 124 1305 122 1144 121 1287 110 1555
2423 4.5308894031064773 -4.0718312129707357 233.49411556890078 83 83 73 0.48467930399609283 110 6203 114 7236
2284 0.47671522624114637 -17.03690453454421 228.8023648807189 86 133 81 1.7158238194035973 110 6604 124 10912 114 6186 121 7006
65 -3.9293635687017558 -63.034292022870936 233.46462583303838 152 189 156 0.70203794528619956 124 1304 122 1191 121 1073 110 2225 114 2059
2422 29.640967083679378 -7.1534606321187768 256.98849488938976 53 52 57 0.37540270488911182 110 5831 121 9578 124 9336 114 7229
2283 -15.564437680998267 -18.538568468480623 239.21868210553012 67 91 78 0.81474943901197894 110 7211 121 6983 114 6181 124 7210
64 22.21745097014804 -62.146549478702049 229.73514160651342 133 176 117 1.3096318836308045 124 1295 122 1166 121 2109
2421 31.52737895213625 -6.5437014116303924 231.93388650153221 120 126 137 0.428829307790079 110 6974 124 9621 114 7221 121 9583
2282 -16.848224888793659 -19.152567261109809 247.10925678059678 74 101 83 0.067787831103797117 110 4537 114 6180
63 22.293839960251635 -65.894368162377333 226.62659174211825 169 205 157 0.63842597996258421 124 1293 122 1200 110 1155 114 840
2420 31.675215674949172 -6.5285242569070343 230.75911304675282 168 174 187 0.43234056883578575 110 5773 124 9626 114 7217
2281 -16.221760194679192 -18.833113874371751 244.08236370150956 137 163 150 0.93672502640501421 110 7209 121 4175 124 3487 114 6179
62 -11.925752075149417 -77.584330154983419 239.06390849847344 170 206 162 1.1115211215306982 124 1199 122 718 121 1009 114 1335
2419 9.3928723129009892 -5.6363981399595326 229.38724327954543 129 155 142 0.42384487581202712 110 7577 114 7212 124 11332 121 9616
2280 0.97483492616718759 -17.57165246642894 225.46431215409541 174 215 165 0.015248242219626441 110 4549 114 6177
61 25.134808651777256 -51.846133111297348 223.24281541814776 135 173 132 0.69567309840718283 124 1103 122 985 121 1018 110 897 114 1128
2418 20.166317904492356 -6.2831485211245282 238.16842220871249 100 101 93 0.6132364070268882 110 7022 121 9573 114 7210
2279 32.606799283256542 -17.553760659061417 215.97318251640147 131 154 136 0.22489909221065679 110 4539 121 6987 124 3501 114 6174
60 -17.624357536230711 -54.296872367083331 240.31944401589729 186 207 195 1.3167761660089601 124 1095 122 2154 121 1004
2417 6.6100583945292373 -4.9221685410170082 234.6226200798146 166 165 160 0.24658655543529479 110 7770 114 7202
2278 -13.62513317031507 -17.806933192969666 238.23786465975701 0 4 0 0.39570976720828677 110 6607 121 7016 124 7246 114 6171
59 -0.35130401746752205 -58.465300799164531 231.57002565988248 109 155 107 0.90030448788834483 124 1086 122 1163 121 1087 110 1228
2416 13.662835407802243 -5.2611105203104236 233.45982371892248 124 125 120 0.74327765542606494 110 7716 121 9529 114 7201
2277 24.77781636077831 -31.17416105606668 226.48932158430156 208 226 220 0.47423351105321093 110 4345 121 4024 114 6165 124 3793
58 7.5540539431292455 -61.163980850848397 238.08798140167585 142 169 150 0.28580016927971053 124 1076 122 2568 121 1094
2415 -0.59317909440986893 -4.8751443455516279 235.36709086202052 144 144 143 0.54322033372157474 110 7772 121 9519 114 7197
2276 8.8893590396350746 -29.883517742014682 221.19575489341881 158 183 162 0.23356945862609696 110 6409 121 6887 124 5338 114 6164
57 15.25748876376764 -62.732330438990175 240.85715307502451 83 121 78 0.5557681884704111 124 1052 122 2577 121 1100 110 1240 114 1394
2414 -6.1501521487946338 -4.6934991114302562 234.78188907257297 156 161 173 0.84488569399520153 110 7782 124 9291 114 7190
2275 20.497164699565747 -31.159879055584948 225.87122933937053 167 198 183 0.3381462017773928 110 6306 121 3983 124 6729 114 6159
56 26.477907522168827 -53.655526757776016 221.6930771229882 207 230 202 1.8054724931375183 124 1024 122 594 121 1030 114 697
2413 11.20406559562633 -34.554263812830527 225.00694272808178 89 117 105 0.77952244530651338 110 8586 121 4534 124 6868 114 7182
2274 17.934565975764762 -30.726826357829026 223.59528000678085 145 169 156 1.328835088765336 110 6301 124 7924 114 6157 121 8905
55 13.023918859310841 -0.35083869422988745 228.59360733813182 200 208 219 0.35592521726525089 124 907 122 1303 121 879 110 988 114 952
2412 19.666758436434151 -35.053048127157616 224.95885574418008 201 227 216 0.15935890268836655 110 6462 121 8658 124 8202 114 7171
2273 13.148011065294936 -31.116067762745242 224.66160886015692 120 149 128 1.1897883017425408 110 6302 121 8957 124 10783 114 6141
54 11.617390520816022 -2.3106040186291668 233.39041689053653 180 180 172 0.20125859107156679 124 902 122 838 121 875 110 1030 114 1074
2411 17.05397998545935 -34.590686944055356 226.14078710797489 150 177 158 0.55505680641987121 110 8587 124 8168 114 7148 121 8486
2272 24.77642234912409 -31.124382365081178 223.16830485494629 97 114 106 0.68486257325879973 110 6359 121 6968 124 6989 114 6139
52 -5.2714299006340477 -66.415106549828053 235.23360815078686 195 222 207 0.46502793205140425 124 826 122 711 121 796 110 920 114 850
2409 23.042432907446614 -36.151285486837743 224.85679441076039 150 176 165 0.39420434670587717 110 8856 121 8571 124 7666 114 7139
2270 -7.682469328972565 -30.198381500679755 224.44743022381815 128 175 122 0.83328372031440268 110 4650 121 5415 124 6746 114 6137
51 -5.4290027242225589 -72.886021204191124 241.52753469376643 145 181 153 1.1613729599066316 124 813 122 700 121 778 114 779
2408 6.2429613532815162 -35.897239608979469 224.43230773517942 101 145 96 0.93334133246969275 110 3266 124 6922 114 7125
2269 -18.830560880413813 -30.177972401908388 235.41138843346798 162 185 169 0.23347042649076888 110 6375 121 8805 124 8036 114 6130
50 3.5937697905976917 -72.880653287904849 238.23131789909823 215 239 226 1.5738212644210143 124 810 122 929 110 838
2407 -4.4336177823308018 -37.556575928449007 235.79786145619511 74 125 68 0.34239419642131175 110 6443 114 7124 124 6923 121 8569
2268 11.219066603167349 -29.265648642223393 221.23994658191316 129 170 130 0.36902739733481649 110 4421 124 6677 114 6128 121 8725
49 0.51049397721337342 -56.565612106627917 231.34685750984139 104 155 97 0.47087567631230298 124 808 122 1157 110 893 114 834
2406 15.069694783536878 -37.306540318119545 230.59167150954357 170 191 176 0.4694478094996738 110 8841 121 8621 124 7631 114 7122
2267 24.366691152905904 -29.12676930416761 217.42578812575718 81 116 84 1.5185468184267701 110 2017 124 3715 114 6124 121 2520
48 5.2905853945118766 -57.865528525259592 234.06110981836994 109 154 110 0.9928790473032777 124 805 122 748 121 639 110 890 114 510
2405 -21.419530865502967 -37.170230175467076 242.12914717645938 93 130 80 0.43301394050225794 110 8588 114 7109
2266 17.641703144017619 -30.087760336278453 224.9362663654569 136 174 137 0.39399655561309904 110 6406 121 8704 124 7935 114 6123
47 2.0639387046475468 -60.962620321987693 234.47219715987887 181 210 185 0.66897101394896286 124 799 122 770 121 1817 110 884 114 825
2404 13.519728919236448 -35.588625672432272 225.33197805379962 76 106 78 0.59547794002494192 110 8547 114 7108
2265 -20.600560232051428 -30.666390070218327 237.46810863190652 142 167 158 0.21678159511873452 110 6381 121 6664 124 6702 114 6121
46 22.883600862630633 -62.104836191359475 229.42152508069518 113 162 80 1.4844797076002965 124 791 122 1720 121 764 110 876 114 816
2403 17.032260851078647 -35.807641876857922 225.49744771837479 72 106 65 0.24846768558547183 110 6442 121 4921 124 6916 114 7104
2264 26.726314999490562 -30.088873725633984 219.72105944641746 146 182 144 0.62479899247205428 110 2105 121 6886 124 2135 114 6120
45 -4.4870177083610061 -63.623520666012546 232.62034765771585 106 148 113 1.0149580406493282 124 788 122 755 121 1169 110 874 114 857
2402 15.607952145913549 -32.697447066695325 226.60473646408315 156 185 157 0.43952127700453492 110 6524 124 6984 114 7087 121 8867
2263 -2.2793610412213443 -28.911111874789089 217.73031084109795 136 172 141 1.7218612542711378 110 4428 121 8755 124 7932 114 6119
2262 23.591903585546163 -30.778299538697674 225.47054838548723 133 150 144 0.21945223876647663 110 4596 114 6116 121 6894 124 6760
43 17.580841286581268 -73.872672746382747 229.37738495822293 144 187 141 0.69975569142630067 124 741 122 1138 110 872 114 766
2400 22.426634639117633 -32.972410374353935 226.28623924504458 208 234 219 0.41497377448284412 110 6506 121 8516 114 7080 124 8344
2261 19.417496003918043 -30.560116797077352 225.48046727464919 114 146 132 0.80753193193483608 110 6323 121 8728 124 6751 114 6111
42 1.5472197439503368 -40.23908797934952 230.87688720825557 68 112 59 0.80014004678262618 124 721 122 971 121 687 110 802 114 1246
2399 -0.82276642228005048 -33.134199728869802 231.75832157796185 53 98 31 1.1247405556770533 110 2078 114 7078 121 2493
2260 17.593053871560812 -30.222368449528378 223.36383011798611 103 133 105 0.81211793346676775 110 6414 121 6898 114 6109
41 -17.801418905221421 -42.533640465269812 234.79256009251171 88 135 92 1.4666938958120652 124 717 122 622 110 796 121 1108 114 749
2398 -14.373661258027996 -32.613699606922388 231.65746007198052 106 145 127 0.20778857910098736 110 8497 124 8279 114 7076 121 8854
2259 12.081203584198066 -29.905773076454686 223.12595508104107 143 180 148 0.97399914001384214 110 4362 114 6108 124 11407 121 8745
40 28.437264346965645 -41.992031779978952 221.94611191214946 193 220 201 0.23479835500269036 124 667 110 737 121 632 114 686
2397 15.702616191492222 -32.630799704000381 224.53909565920969 128 153 122 0.4520704942370255 110 6519 121 6839 114 7075 124 7042
2258 -11.125762349288642 -32.164915312526141 228.56774080452669 166 182 172 0.48479921532368325 110 4386 124 5389 114 6100
39 -17.513749617225855 -47.574235933740162 238.09923711150287 20 38 27 0.37876967286038826 124 657 122 1013 110 720 114 700
2396 19.097490982507363 -32.188374361624405 222.54346267701942 112 141 129 0.70316291110217277 110 4608 114 7070 124 6986 121 6830
2257 19.118157043884363 -32.930768636041343 226.0356358189442 232 253 247 0.17191249114994511 110 3318 114 6099 121 6795 124 7044
2256 30.370616729752594 -31.494478913709447 214.62620200992396 179 216 184 0.21563151839378478 110 6502 121 6797 124 7053 114 6097
37 11.872604616490669 -6.2393903280613427 228.23430892660647 190 216 203 0.5803190805377727 124 568 122 782 121 545 110 634 114 868
2394 -16.135778357435303 -31.928539385870273 232.42746066171216 94 127 118 1.4826272953760542 110 6331 121 8951 114 7061 124 7990
1146 10.014252263713104 -16.990083319391211 207.47241916492382 120 160 126 1.0061814621998184 110 1174 121 1455 124 1608 114 1769
2255 19.14789695153295 -32.05177675411278 220.35052513883699 170 198 186 1.556961896710584 110 8463 121 8878 114 6095 124 8322
36 12.190764780171477 -5.2794042381596364 228.11606510905645 2 1 0 0.9445972125925195 124 566 122 785 121 819 110 631 114 880
2393 26.39007505458699 -31.413747187662644 219.05405532351858 103 131 121 0.43590025325691589 110 6415 114 7057 124 6975
1145 25.563050600042104 -17.772535226743997 215.55093408243476 3 11 2 0.7471893797687309 110 1646 121 1452 124 2059 114 1766
2254 14.528031001661285 -34.048589052609074 232.53434077174654 48 76 49 0.60179231347490214 110 6500 114 6092 121 8494 124 8296
29 -2.3587148470341979 -58.784413463076092 231.50888482906308 136 176 139 0.65857478861484742 124 496 122 772 110 469 114 500
2386 20.482242633284656 -40.193514612148455 226.14340202901684 168 194 168 0.68575011318231605 110 8820 114 6982 124 4729 121 9380
1138 -3.8011166186909997 -16.382982717092091 221.68571797995008 211 230 220 0.66557847569321416 110 1628 121 1244 124 1620 114 1752
2247 4.4896149854229854 -32.326353460283379 226.33333580585895 82 126 66 0.44647708918251733 110 6335 114 6062 124 6971
2301 2.0789527253974236 -13.923632951254183 230.73857642581564 180 211 180 0.88355771177144427 110 4514 121 11225 124 10959 114 6256
83 -12.992560245256522 -21.539783921308665 234.31715004218862 61 110 55 0.39394883662746133 124 2561 122 3215 121 4276
2440 26.722137328339777 -8.3858897245061854 251.76102456154555 90 86 83 0.082047108564747395 110 7038 114 7301 121 9969
28 8.3963939688444142 -55.771882996262981 234.09500370176377 174 196 175 0.29150173473571467 124 492 122 510 121 394 110 280 114 431
2385 -5.3482168911541539 -41.072392426421658 233.93627747532432 183 213 194 1.0207863130437886 110 4988 121 4955 114 6978 124 7856
1137 37.254708470456876 -16.725716923067985 212.30031857446622 20 27 35 2.1045817827644058 110 1641 114 1751
2246 -7.8468608387348224 -30.621398024733498 223.17019225430664 186 223 190 0.22252239684803687 110 4349 114 6061 124 6723
2300 -3.7428654691551539 -14.125415320123807 221.56690334420972 102 121 117 0.67058614327097177 110 4454 121 2674 124 4154 114 6252
82 3.3823499084273974 -58.224125092272295 235.44761564690981 99 142 101 0.89083556262681152 124 2386 122 2661 121 2698 110 3733 114 2172
2439 26.722955190891714 -8.3271900448173053 248.96120493950608 173 171 167 0.28488354808644645 110 5976 114 7299 121 9973
27 4.7813045972853176 -54.556699028843667 232.468913988308 207 230 214 0.422968497724868 124 489 122 265 121 392 110 462 114 430
2384 19.854540298886459 -38.73345507445439 223.50618693007584 144 173 154 0.39290966289212059 110 4983 114 6972
1136 -18.621465698921369 -17.636565513427652 235.4017626735415 109 113 122 1.3671046688218331 110 1093 124 1623 114 1750 121 1439
2245 10.378542048562251 -31.291451814234104 223.75201440223788 59 85 71 0.55339209546232304 110 2084 124 3801 114 6058
2299 0.88515976420466425 -14.672235562246277 226.62844397810466 83 129 83 0.22079936047030038 110 7144 114 6250 121 11246
81 23.991092490148837 -59.945979193309988 228.65125113994915 120 154 132 0.8676461617987985 124 2370 122 2578 110 2387 114 3399
2438 11.671243508255751 -7.1178438349126862 230.23768049258604 107 141 124 0.7329629041922745 110 5823 121 9957 124 9633 114 7291
26 -3.5424056261682462 -66.219096889407965 236.49992479063539 171 204 183 0.42510175128718508 124 472 122 714 121 471 110 550 114 517
2383 -10.941643010824558 -40.489182132193619 237.72805710860729 173 201 192 0.5518266228768991 110 8753 121 9438 124 7831 114 6971
1135 -1.5089028973626963 -19.570874320981201 218.21876153058795 161 189 165 0.39380173674089075 110 1908 121 2634 124 2073 114 1749
2244 13.792794761050459 -31.141783752679526 222.6417816586987 102 133 109 1.6554987131711385 110 4388 114 6054 121 10987 124 7961
2298 -2.553752413354752 -13.992420971848459 227.02077291914202 182 201 199 0.22681416479772884 110 4511 121 7097 124 6186 114 6245
80 5.0050322914344809 -58.858630251315091 234.3873211814475 149 189 154 0.25273853616363079 124 2358 122 1158 121 1772 110 2419 114 1383
2437 11.210526605072376 -7.0585685444264534 226.20080965644846 160 198 175 0.4964952979890464 110 6985 121 9962 124 9686 114 7286
25 -4.0943503961760337 -67.012058882540998 236.22415357610248 27 47 38 0.52491603855734581 124 464 122 602 121 478 110 555 114 520
2382 24.110603089475322 -41.890083762135106 226.51793406341852 172 205 176 0.38925869489636233 110 8809 114 6932 121 9077 124 8951
1134 12.710749054038422 -19.067452234071464 211.8326869264597 142 178 150 0.9946007272757893 110 1130 121 984 124 999 114 1747
2243 -13.673628424984262 -31.661425914105418 231.46144191746646 39 58 52 0.41657357612631007 110 6321 121 6967 124 6724 114 6053
2297 -16.377156049534893 -15.81750112108638 251.50132868217983 93 96 99 0.82600498080809537 110 4716 121 5403 124 11021 114 6236
79 1.1332492857497212 -58.968996013743151 231.56369659209017 93 138 90 1.0805057387297656 124 2350 122 1716 121 1089 110 1230
2436 -6.159792564584091 -7.0071679170370187 239.07630263114436 178 179 174 0.52870637160159284 110 6995 124 9600 114 7283 121 9953
24 22.820099045437228 -47.990125825700474 227.31818720982523 184 208 156 0.86383830153984653 124 425 122 413 121 660 110 752 114 705
2381 28.744458995128731 -39.554444195406482 218.82743285987854 168 196 181 0.36584072449336186 110 3367 121 5067 124 4820 114 6905
1133 24.589706789044119 -19.602350215212212 212.82547238188366 126 163 145 0.50771695817335449 110 2849 121 1429 124 1609 114 1746
2242 -13.976020839388852 -31.840625611233058 228.3011927986276 85 127 107 0.9100654316232295 110 6309 114 6049 124 3802 121 4154
2296 27.433696811921465 -17.738890807440885 211.87581431970207 191 216 197 0.51191169033605688 110 6785 121 4346 124 3511 114 6234
78 -21.112453146556156 -48.600634798193795 239.48334404428459 102 143 107 1.0546763610922396 124 2321 122 2777 121 1742 110 2005 114 2156
2435 19.072855477738035 -7.788783943735619 238.13595326325239 113 110 106 0.35844126443323243 110 5996 114 7280 124 9652 121 9970
23 38.98289165799531 -79.320296278589012 227.2805587930124 0 0 0 0.84020904584158429 124 292 122 229 121 264 114 280
2380 13.092317252388408 -37.62977142502136 229.23668531421887 75 109 84 1.2433976045187081 110 8937 124 7494 114 6899
1132 32.714097447478842 -19.956135959270998 215.57000976054712 201 224 218 0.6252202320844592 110 1924 121 1428 124 1610 114 1743
2241 25.106029971806112 -32.562860634714426 224.36524526620295 199 222 212 0.18759116614063231 110 3995 121 6832 124 7039 114 6048
2295 -8.957251303559449 -18.826563564772968 236.17233344504893 191 222 206 0.44436857384141748 110 4533 121 4210 114 6233 124 3482
77 27.24670550023491 -30.14992083915671 217.15192541360733 156 192 158 0.24896434747336207 124 2091 122 3701 121 2534 114 1941
2434 22.401443125973287 -5.1136446234325259 238.22680367833235 175 174 172 0.5124870019034663 110 7720 114 7276 121 9550
2240 18.068981243735994 -32.626049653743564 226.33758418261294 187 216 202 0.35923495098188496 110 6525 114 6046 121 10967 124 6983
2294 -13.903450920285318 -19.214082121003518 240.57192323486765 179 196 188 0.3655931279460598 110 6793 121 6996 124 7219 114 6232
76 27.92930400807802 -17.425878585167791 214.54604889870475 13 27 7 0.46713602604922483 124 2061 122 2132 121 2597 114 2559
2433 21.050695505962398 -5.1317815068529216 238.1288104681895 199 198 193 0.80614915530935027 110 7722 121 9559 114 7275
21 31.30086497882661 -78.764688069424096 229.54217925859729 210 232 229 0.35477421985875923 124 290 122 276 121 261 110 333 114 289
2378 5.5899445086041659 -37.33317398691311 226.90280598617554 62 104 54 0.59195817094423886 110 5062 114 6893 121 4924 124 4834
1130 4.9513587345205048 -18.343617166298309 209.70963519686217 132 173 128 0.34263019104771586 110 1903 121 958 114 1741
2239 -13.126154458825447 -31.804982663356871 228.89232082522227 111 141 128 0.27270565150155945 110 6304 114 6041
2293 0.87613820574777446 -18.338861041716779 225.33070365633634 150 195 138 0.009091287896217895 110 4559 114 6231
75 17.303217650210218 -75.985617124727398 228.17322991990375 228 243 236 0.66367862978580305 124 1987 122 1148 121 2055 110 3072 114 2767
2432 30.338013823099516 -7.6180354570937014 257.05818010296622 19 17 18 0.1462903725519917 110 7073 121 6054 124 6080 114 7269
20 32.175805421233697 -78.007225393391863 229.82531793553392 100 150 97 0.7511873933450397 124 288 122 316 121 259 110 331 114 320
2377 -6.8795167482966644 -38.245375518457507 234.13978485396837 75 113 79 1.0002009447863669 110 6479 121 9317 124 7500 114 6892
1129 -2.5026373344107768 -18.831147952120848 219.7201630351388 109 150 113 0.86401095061038158 110 1912 121 4132 124 3463 114 1740
2238 20.099911622430408 -32.619139653893576 227.47135604332388 126 158 142 1.0045534820908077 110 6527 121 8844 114 6040 124 8249
2292 27.583778766006077 -18.709953271006402 214.86384588579622 155 181 172 0.90889465983526929 110 4580 124 3469 114 6221 121 2553
74 -2.6866018357572585 -12.470919256329225 225.50066351551956 211 230 236 1.3629694949447817 124 1969 122 1453 121 2254 110 1595
2431 23.821786928816771 -5.3711386282428615 239.83860888806578 146 146 146 0.28695164864897249 110 5890 121 9504 114 7267 124 9264
19 28.122212145906936 -77.999636083500306 230.4189961911687 109 155 109 0.40827476635761195 124 287 122 167 121 297 110 329 114 319
2376 17.224998589240681 -37.42117465997741 225.53882956095944 43 75 38 0.32819050879474387 110 5039 114 6891 121 9355
1128 2.5005473849028736 -18.85036503581189 226.28048246784249 102 157 76 0.49235329699457248 110 1918 121 981 124 1600 114 1739
2237 -22.724189864618435 -27.309254811345912 240.14356544304991 91 92 94 0.95373287443132448 110 8712 121 4092 124 7329 114 6034
2291 -3.7975277251112791 -15.486151119526735 220.84237441671226 85 116 98 0.46628115126347003 110 2803 121 7124 124 4123 114 6220
73 -2.510673973955345 -63.252462912152758 233.45933258720183 108 148 113 0.50404841918233168 124 1831 122 2561 110 2228
2430 20.465279094624975 -4.3364880386153786 237.62703921682768 134 133 130 0.76688089158552142 110 7749 121 6482 114 7254
18 -4.5419623875894022 -80.141799050089361 236.93970386967447 168 199 179 1.1363927303619261 124 286 122 283 121 268 110 328 114 322
2375 23.400089273387128 -36.539338838662836 224.13034479080474 171 199 176 0.51530285674073029 110 5068 121 8603 114 6881 124 7480
1127 -14.835687804767876 -19.842670668455415 236.87888802970119 108 135 128 0.16843828706056421 110 1900 121 961 114 1738
2236 19.533369623169175 -26.979970384362677 225.65133832019387 168 197 166 0.087400598419455008 110 6737 121 6773 124 7322 114 6032
2290 38.050438799135328 -19.426711990688993 214.84340718176946 124 131 133 0.035883271252174137 110 4541 114 6215
72 -2.2522157640050726 -63.802911166681142 233.56980080435616 139 179 149 0.48985763890627398 124 1790 122 1196 121 1080 110 1514 114 2370
2429 7.1144451219962273 -3.7354978945549835 234.05357915331453 194 191 184 0.51805748397975393 110 6225 114 7253 124 9456 121 9738
17 -5.2697583269524113 -55.866120484184442 230.42796363054549 0 0 0 1.6090617570042101 124 278 122 170
2374 -10.128011205054072 -37.444568851760231 235.31177423094371 148 187 158 0.56811139089027296 110 8872 114 6880 124 7654
1126 -6.9244069266981549 -19.940418999554595 234.06332399396288 154 195 155 0.34368532596989304 110 1910 121 1418 124 1603 114 1737
2235 20.927777643946477 -27.020820734472395 224.57637451824573 215 226 218 0.84880642307689769 110 4282 124 6798 114 6028 121 7838
2289 -17.499211183648004 -21.082454746556646 251.11194181832641 68 92 72 0.81918513913069824 110 6782 121 7026 114 6203 124 10329
71 -6.7513061957015674 -70.215831331427154 238.17422218158151 171 203 182 0.30119722662839188 124 1769 122 1088 121 2122 110 1444 114 2071
2428 25.326083243085442 -4.8166206176807593 244.07079836917649 30 30 34 0.6090175774722143 110 5843 121 6491 124 6540 114 7252
15 23.489024787303482 -48.628774034660495 226.69193266140277 0 0 0 1.4261737140077033 124 268 122 351 121 250 110 312 114 258
2372 -12.530634709228396 -39.452275689567124 234.80046666095049 159 186 182 0.92527586388027261 110 8909 124 7511 114 6846
1124 31.503925563531453 -19.263808622680486 215.21565903947052 201 223 219 0.36184894491341668 110 1914 121 1423 124 1607 114 1734
2233 21.31557636122314 -27.701344158328592 225.36853940989508 227 246 234 0.22815430085812841 110 2780 121 4101 124 3416 114 6014
2287 -1.8131281256731382 -17.27846104080167 230.73222184182049 10 24 12 0.50349179393640697 110 4568 121 7009 124 7244 114 6199
69 6.227652674169545 -23.456460609028777 214.17084800066027 126 161 137 0.39947606162426419 124 1648 122 1371 121 892 114 967
2426 -0.3854718367515193 -3.4909975916301721 232.84455742155896 129 129 127 0.23894809660171221 110 7647 121 9735 114 7249
14 29.321578580097921 -45.780391411840483 222.29102997150318 155 183 160 0.97980239707231831 124 266 122 628
2371 1.7634453963613124 -38.920369581545629 228.52978442062658 79 124 70 0.54232977856770537 110 8756 114 6838 124 7818
1123 -4.6524552961969743 -18.526110611865324 220.74857184593571 72 113 83 0.88796090802411143 110 1087 121 2550 124 2054 114 1733
2232 24.975284734740605 -26.88009713949949 218.95990680377361 128 169 127 0.38255805374137852 110 6394 121 8973 124 10451 114 6007
2286 -0.99785991394279527 -16.495924979078847 223.15950456272839 100 142 106 0.40704481260049441 110 6601 114 6197
68 -2.416529318288807 -4.1294172770612763 233.23826343735644 36 32 32 0.25577875469591321 124 1516 122 1343 121 1469 110 1769 114 1312
2425 13.004889787390615 -4.2622490786661009 233.07583248001538 150 148 143 0.85809579615559928 110 6212 124 9429 114 7240
156 34.802195219667368 -81.438288172855394 227.8969760291838 201 226 205 1.0587953916010149 122 163 124 174 121 162
2513 36.444475183993021 -10.626629731004586 234.47170361335546 177 185 198 0.26714741841283107 110 5942 124 10738 114 7794 121 11110
557 29.845486427284417 -9.4585475150862521 255.67625021793663 172 171 167 0.20354607825336585 110 401 114 350
1125 -16.315757666420708 -26.156703127195939 247.81968200057707 64 89 72 0.39900277396578454 110 1951 121 1636 124 2229 114 1736
2234 22.446558350338591 -27.786609755214002 224.4676176706551 186 209 197 0.5323130558199215 110 6389 121 9378 114 6017 124 10450
16 23.430880422645629 -49.68786417470092 224.97490745018712 188 211 171 0.99702587831797873 124 269 122 469 121 253 110 271 114 424
2373 23.331881327294429 -36.942229914794702 223.77372233285831 208 233 212 0.3430933397607413 110 5045 121 9316 114 6870 124 7462
155 28.642310875402519 -82.14585220025252 228.35494818790227 180 209 188 1.4927217510779884 122 91 121 161 110 178 114 156
2512 34.291720002706683 -10.738890929907129 236.48378246981773 89 94 102 0.22420709003671901 110 6930 121 11112 114 7792 124 10741
153 0.38090247606696281 -65.015377822657854 236.13591772311256 98 123 109 0.50065673301195579 124 11724 122 2550 121 5856
2510 36.081023650099077 -12.749534809910573 262.78558537189213 129 126 121 0.51677264390516042 110 7290 121 6188 124 6205 114 7782
140 2.7687236309496122 -2.9505799884492578 232.71201683276249 215 213 198 0.9306878023023234 124 9409 122 4518 121 6506
2497 2.7000242814761766 -16.82922102176456 227.01239847823825 142 177 144 0.38718602826992327 110 6602 121 7001 124 7237 114 7696
141 5.4982692526523111 -3.845828689978493 233.63075806578559 175 171 162 0.41679970961420798 124 9461 122 5803 121 6480
2498 -13.815334261172152 -15.597868827549723 246.13518167809852 83 82 78 1.2277344261734275 110 6572 114 7705 121 11244 124 6155
142 8.770326804399712 -3.9152618020912082 233.574641031906 221 220 215 0.26178413353920782 124 9463 122 5692
2499 -12.39947902325766 -16.37906903702622 247.87944211183418 38 38 29 0.56702815549195029 110 7160 124 10843 114 7733 121 10615
144 0.10217262980753285 -9.1194483363026837 230.10873615969913 170 207 173 0.063837937939765735 124 9539 122 5843 121 9824
2501 -8.8229322829633361 -15.815869109535438 242.15485810246312 154 163 130 0.051735769611835132 110 7166 114 7739
145 9.1671741633848089 10.699860174610334 257.31835500313827 158 144 139 1.1437425895842113 124 9785 122 4470 110 7909
2502 6.7869544800631214 -14.303671060446868 219.33435670929589 95 140 108 1.8621953482949416 110 4444 114 7747 124 4156 121 7081
146 -5.1535607305041706 -2.0347684165837756 229.56991905365479 171 179 190 0.29860545886980105 124 10039 122 8396
2503 37.716596300059187 -10.547975346038815 236.47448311295855 148 154 166 0.33480994760088012 110 6905 121 11093 124 10729 114 7755
147 3.9293218854557632 7.3013870377625247 251.85588548328153 189 174 171 0.15982210072805347 124 10078 122 8136
2504 14.473539164053019 -9.5389918505880846 233.2540188810062 129 163 143 0.49850167634475895 110 5922 121 10419 124 9535 114 7756
148 -10.847732552780499 -26.447405522574428 225.70263289320178 156 186 174 0.38265525572285214 124 10421 122 7699 121 7360
2505 22.995302744182368 -10.59659605010067 251.4555352225513 66 65 61 0.17826401083813948 110 6962 121 11247 124 10751 114 7762
149 -7.2088091709228745 -25.610522347424105 226.35952608902366 107 153 104 0.47019786382262263 124 10602 122 7143
2506 23.579293116654235 -10.637909980047402 252.31712900148813 58 57 53 0.26162488979068332 110 6949 121 11260 124 10750 114 7763
150 27.391853227316837 -12.521730932269428 258.01149029544342 103 95 92 1.1951241239232397 124 10790 122 5777 121 6237 110 7300
2507 23.852358087726962 -10.636995831558039 252.22427763943378 188 187 183 0.28468798535471479 110 6963 124 10754 114 7764
151 27.539791636960093 -14.740323513094477 255.19966622028844 80 73 61 1.1562851854812202 124 10981 122 4228 121 4353 110 7313 114 5526
2508 16.293404392166757 -8.9981550262011485 229.49814798951979 18 36 35 0.66638061560983852 110 6887 121 9857 114 7770
152 18.409578151020071 -0.84972454811916509 227.84663962608346 110 118 131 0.50903676153214117 124 11563 122 4393
2509 -7.5617283453052835 -8.5480524312990696 239.7629753818207 107 106 104 0.6847641512100191 110 7066 114 7771 121 9742 124 9484
906 0.6084675205740675 -51.849534751885045 226.49826395888584 34 40 28 0.52534645811306058 110 1199 121 1057 124 1097 114 1127
907 -8.7600023361102402 -53.037896506904168 230.99327071525119 115 160 126 0.49664306954229537 110 1213 124 1098 114 1129
908 -12.495861799803668 -53.757273625668141 233.74517299881484 14 33 31 0.81499157042481551 110 1252 121 1017 114 1130
2532 -12.62971964319371 -12.363252396070193 246.66512723184047 136 133 126 0.86005068011588071 110 7303 121 11031 124 10659 114 7873
909 -9.0016512161415712 -54.670734772062396 233.29177318313106 164 184 165 0.97705848575086263 110 1259 121 1024 124 1105 114 1135
910 -1.2776262003002907 -55.590944819275556 230.53894623496407 209 235 206 0.1779138420501036 110 1266 121 1031 124 1077 114 1142
2534 37.356254748337726 -13.427772273785298 238.48505443660576 142 149 165 0.31599325713145732 110 7363 121 11000 124 10670 114 7882
177 -1.1174070841442534 -61.688030363549942 233.4145282282019 11 34 17 0.55800060286154129 122 1216 124 1298 121 1065 110 880 114 1363
911 -0.13013756598165391 -48.320561730704469 225.01399157191872 96 141 109 0.24248902143477996 110 749 114 1143
983 -4.3507824665812098 -12.736938981476586 223.79099130373388 39 60 40 0.48636939591579559 110 2829 114 1315 121 2245 124 1964
984 -13.238964958357483 -15.138602005680969 243.41788228534065 147 148 143 0.3603722765455562 110 1648 121 2256 114 1316
2608 5.1657201344886143 -54.161258516079556 234.20200843731541 30 36 26 1.361884089426961 110 899 121 1019 124 1100 114 690
985 -1.9285238412393366 -20.551898662158408 217.22469662617166 140 183 140 0.46433263218822596 110 1875 121 2648 124 1244 114 1331
986 -4.1372366295489575 -79.026764417605108 236.45669488508616 187 215 190 0.8933722382919459 122 2163 114 1347
987 3.1894194731549543 -58.519994010961497 234.17765050680987 166 202 171 0.44708127932198771 110 2415 121 1770 122 746 124 2392 114 1382
988 -1.8071161815756986 -11.321888823979229 222.54758606257599 36 60 44 1.233259525594149 110 977 114 1449 121 1393 124 1375
989 0.14775993974265461 -10.453855532064722 224.68738652252071 24 52 31 0.27704857029681229 110 1574 121 1503 124 1361 114 1450
990 14.196971133434879 -11.264497426367495 227.72779278130784 125 162 143 0.53319534206091868 110 1583 114 1451
991 12.649067253668814 -11.392015801213695 229.05684878328685 95 143 99 0.4555794589136582 110 978 124 866 114 1452
992 9.4636165185559467 -11.214863374619485 227.4665887794616 183 213 198 0.35513681581145534 110 1581 121 1518 124 1367 114 1453
993 -4.9231147284474339 -11.037818881777824 230.9863856500441 85 125 88 0.90168281167476361 110 2496 121 1519 114 1454
994 31.372864970167267 -15.203836462324141 257.78681763632733 122 120 121 0.81159747924828085 110 2788 121 2241 124 1905 114 1462
995 1.3958401014964876 -12.538786849598715 228.10697378123695 168 196 184 0.27617322834603986 110 1593 121 1400 124 1423 114 1467
996 -7.0929872108428809 -13.645161192324863 243.3555208268738 43 43 41 0.44083694905590437 110 2830 121 2243 124 1966 114 1470
997 -10.302676286110767 -13.609546815368347 245.04815526063894 167 167 157 0.20417403762154002 110 1611 121 1392 124 1425 114 1471
2621 -0.1366988281585991 -55.868405411200122 233.02792269828507 148 175 156 1.0222100346047458 110 7585 121 7578 124 8708 114 8709
264 -17.247397233681106 -40.764993735781118 236.63487335474741 139 184 155 1.0171468205914265 121 4374 122 980 124 3639 110 1312 114 3120
998 9.0630847101157013 -9.9756618474623906 229.32847937564281 174 204 197 0.29023176855709204 110 1618 121 1506 124 1395 114 1473
2622 -1.0361981356572239 -54.9902003078343 234.27017690341154 112 147 133 0.304726031963438 110 8362 114 8733 124 4709
265 -19.022705311308577 -44.601805123234335 236.30750652747707 91 133 108 0.72829832560308871 122 1003 110 1349 114 1105
999 9.5061861294764451 -8.5380522368281664 226.60577335877696 77 119 88 0.32313520709180099 110 1603 121 1539 124 1382 114 1474
2623 23.577983432511317 -52.835102759376632 225.17519719765951 124 158 137 0.78281758798863121 110 4906 121 7394 114 8891 124 8728
266 -16.254720107739683 -45.41913154378198 235.92005591113585 37 66 44 0.79194114573741581 122 1005 124 3164 110 1361 121 4551 114 1107
1000 -14.086448567445389 -8.2331158846489583 235.0252986912393 129 133 144 0.60637117863155177 110 2524 114 1476 121 3612 124 2663
2624 24.201597108352356 -45.533712665397076 243.92672857463234 166 204 164 0.34437024812788669 110 8845 114 8900
267 22.284586110103561 -63.368757008623639 227.70036612780183 136 174 132 0.30717024454874742 122 1692 110 1480 114 1427
1001 8.1721921778168145 -8.9551347189391475 227.42910459933933 51 79 64 0.43433236085315519 110 1605 121 1543 124 1385 114 1477
2626 5.8765917382872495 -52.730379732829171 238.01463066932223 32 35 24 1.4537159889428439 110 18 121 15 124 14 114 10
269 10.307910892879871 -16.556984807537859 209.40411537620349 165 199 172 0.40941308141756066 121 1444 122 1431 124 1629 110 1623 114 1765
1003 15.459500367231254 -9.9330085099154548 229.03747823296999 203 228 222 0.38939653487695053 110 1617 121 1505 124 1960 114 1480
2627 5.8836793480778589 -20.56958885852691 213.36866372159562 158 191 164 0.37632596402322327 110 10 114 13
270 17.844415433736522 -21.469336436705433 213.77001562735748 120 160 136 0.92235963108406249 121 1665 122 1469 124 1662 110 1888 114 2359
1004 1.4760569359763211 -9.3929777461721091 227.67223922919101 83 119 93 0.94972797763269634 110 1598 121 1546 124 1391 114 1481
2628 38.008388603286896 -17.710009254411236 205.88095530275089 0 0 0 1.7294967872065801 110 33 121 29 114 29
271 -19.542111061581231 -43.100817443043418 235.8070455761937 96 142 106 1.476933143003111 121 5102 122 2679 124 11352 110 2055
1005 25.88738890750825 -11.853490852557094 254.62227816667229 41 40 37 0.47805094994141745 110 1580 121 1509 124 1360 114 1482
2629 -20.17626529467341 -17.804570642853143 254.70548976601251 115 119 130 2.8768959971030115 110 15 121 31 114 30
272 -6.2711834373968092 -64.099173638350138 238.01784886473035 120 161 125 1.3745477728252835 122 1189 124 1825 110 2223 114 2058
1006 0.51677040906631944 -9.5629009527054816 231.13793311381744 73 114 75 0.28351204736713326 110 1612 121 1514 124 1392 114 1483
2631 29.332281210904249 -55.103980091112753 221.35208749936689 221 240 223 0.65111503583648678 110 283 121 225 124 281 114 272
274 10.161888329969758 -60.710152154037743 238.66967730938734 141 170 158 1.8897447723649705 121 5667 122 2581 110 2371 124 4630 114 2185
1008 -6.1318368908351522 -9.919445820959865 237.88887848401978 45 46 41 0.64012984516010141 110 938 121 1504 124 1394 114 1488
2632 20.659027024736986 -79.117382163151177 227.43339113158916 0 0 0 2.328153718318994 122 161 124 291 114 281
275 6.6277128632976208 -56.059404055793856 233.37308880299955 153 192 159 0.58539172526423833 122 1685 110 2404 114 2216
1009 -14.245787550785613 -9.4704865116842143 233.58128897435819 197 205 214 0.3346527331827458 110 1610 121 2201 124 1390 114 1490
2633 31.172363489475444 -13.826437038939638 208.7256928966475 5 7 6 2.245659644918947 110 363 124 194 114 368
276 0.84472720167426496 -58.771972145776374 233.27191811445957 138 181 135 0.79866005695542908 122 1668 124 1091 110 2422
1010 37.177892561622791 -11.727517678464437 231.55570261082832 147 153 165 1.4069320044330853 110 1586 121 1517 114 1493 124 1372
2634 14.998906297339019 -50.498852388872763 235.9707493667315 98 141 96 0.65725526880506757 110 455 121 386 124 428 114 413
277 13.916035811089374 -23.607983675073875 217.37533848374858 135 177 141 0.45946023669373426 121 2619 122 1383 124 2239 110 2670 114 3945
1011 10.646424595747606 -13.912266223624069 215.25522267104444 162 197 174 1.6188118050903184 110 1663 121 2259 114 1498 124 1891
2635 22.191901869070591 -44.633458291834231 239.99888715478411 192 214 211 1.912446230546597 110 502 121 637 114 737 121 419
278 12.100617602497241 -23.54146967833756 215.57182135474196 122 161 132 0.52114208215063507 122 2054 110 2671
1012 7.5605067401124284 -14.177825070673256 210.61183923306353 104 149 104 1.8392580546330362 110 4312 124 4165 114 1507
2652 -1.9321155211967598 -58.079403997161329 230.87432318186009 131 167 133 0.57905241883560599 110 4676 124 3329 114 3358 121 3377
295 -1.2037201372032416 -42.561656930080332 230.77403218695 98 150 87 0.72042352831814416 121 8988 122 7326 110 5177 124 11328 114 4384
1029 26.567704167290533 -1.2402870855870529 232.3361963258923 127 130 137 0.858449883375767 110 1755 121 2409 124 2701 114 1557
2653 37.974019504170407 -14.140640177234701 215.81938521212948 0 0 0 3.0111742389926608 110 4481 114 3622
296 -8.3127203275180133 -45.643832068593412 230.85487839674451 116 163 127 1.8656953923628965 122 7360 124 4943 110 5410
1030 0.67110204375730065 -0.95226991753454859 228.13202033543931 109 115 129 0.12468496744183197 110 1751 114 1561
2654 24.363570535052435 -38.891982749146386 223.47917827874221 187 216 188 0.31474789903147982 110 3398 114 4823
297 24.513609588122666 59.74533274354647 224.25112385213492 136 170 247 1.8041204666996762 121 10042 110 6049 124 9749
1031 24.818077106290424 -2.0554969111651604 231.83550845291057 175 182 188 0.4453846946483897 110 1748 121 1463 124 1508 114 1562
2655 11.766848746710219 -53.847900270915261 233.05874206568816 105 145 111 0.84472338325471974 110 3130 114 5189 124 3280
298 21.597911379477132 67.636930812243577 231.3198274593897 144 176 249 1.0723274954601749 121 6414 124 9867 110 6161
1032 22.643585097573386 -1.9570255041144424 229.30285262666379 130 136 148 0.29210164786754605 110 1758 121 1462 124 1497 114 1563
2656 10.92229180938781 -53.518905134446662 233.28102002413857 114 158 111 0.64332978494112669 110 4863 124 4672 114 5198 121 7361
299 -4.6525227897530756 -66.563415444743995 234.99556995478477 131 159 147 1.3165548927100468 121 8416 122 2643 124 11683 110 8320 114 5252
1033 -5.0297281820053499 -0.91519615950829603 230.69867381197218 116 122 136 0.36520723246772563 110 2605 124 2700 114 1564
2657 -1.971040025790844 -55.825626613108511 234.89584857690014 176 207 176 0.80584709116558129 110 4902 114 5226 124 8696 121 7568
300 7.3859855842322881 -54.297184907872577 233.47652498202606 61 68 61 0.2279646838580775 122 6156 110 8371
1034 25.345735160123379 -2.4232140900578685 230.26696507332545 161 167 179 0.44054038298061043 110 1763 121 1464 124 1510 114 1565
2658 10.556939714598199 -5.8286482961950874 238.46972815518069 139 161 148 2.2866513944867806 110 5875 121 9606 114 5823
301 18.308217801277667 69.41209272083465 245.13363523817722 115 151 225 0.54224332877722148 121 5 124 5 110 6 114 6
1035 12.227244460694367 16.362265264539218 269.73377522234284 162 137 133 0.57244909604604899 110 1676 124 1475 114 1568 121 1483
2659 -15.560022218655323 -29.689903776114463 222.60818005674201 139 159 150 2.3135946673608001 110 6402 124 6691 114 6138
302 25.170327336301963 66.833705054854278 241.64105174228743 118 154 231 0.40052621921051368 121 78 110 85
1036 16.673151202507771 72.286968881602789 236.62157800300648 192 217 255 0.052616416064970403 110 1713 114 1576
2660 14.107672629994992 -51.90348766316356 235.83785299806124 119 154 122 0.13045184451126757 110 8025 114 8531
1037 20.114847740637007 74.38152951006586 238.18010894589298 95 115 172 1.0514594095587224 110 2547 124 2586 114 1578
2661 -0.88070980279692157 -44.873131531145184 244.23904225493501 130 178 117 1.96398466935094 110 8776 114 8708
304 22.572034839455569 79.008189522039643 244.36994013599917 127 133 159 1.6905862774163933 121 66 124 113 110 124 114 81
1038 20.689505207749988 72.723258270994279 235.39123416080966 107 142 218 0.55204936141244654 110 2292 124 1461 114 1579
187 38.917907203369062 -74.667229019618048 230.149329550706 190 223 193 1.147134707558078 122 2259 124 2021 121 2032 110 1390 114 2780
2544 15.285425909548543 -41.128216698372185 228.24468234683152 207 243 213 0.65937799740768055 110 5202 121 5070 124 4814 114 7925
2662 -3.5543553484462067 -58.249951693835001 232.43713692073106 141 179 140 1.1195152441590317 110 8346 114 8766 124 8608
305 10.098035257148263 71.454265868494346 242.06209814298197 138 176 241 0.61928113935486084 121 105 124 106 110 125 114 222
1039 9.0382581197597158 2.5450116497760917 229.11616188115767 146 148 160 1.0065736867263999 110 950 121 1484 114 1586
2535 32.686758062600191 -14.395873678508165 257.14058522643677 86 82 81 0.37368987188838287 110 7360 121 11001 124 10667 114 7885
178 -0.59977293163371903 -59.457061715433142 232.63380196525134 162 196 159 0.64859687897051876 122 1165 121 1091 110 1232 114 2188
912 -15.735306690234154 -49.228888875135333 237.26076044188932 100 139 111 0.30169834224254322 110 1211 121 1092 124 1048 114 1148
981 26.933797191882292 -69.348998681006691 223.77548507722776 216 240 216 0.643834546547843 110 831 121 1342 122 707 124 1215 114 1301
188 6.9022526640407396 -66.080753402457447 239.22992402570276 195 222 191 0.44852367257301323 122 1219 124 1792 121 2063 110 1485 114 1378
2545 26.647915514289604 -13.211646977659617 261.2062553744878 136 134 123 0.25175425357242687 110 7246 121 10970 124 10649 114 7928
2663 -4.1245870619917939 -58.799085710317634 232.16276162336061 162 199 158 0.70343204231597989 110 5579 114 8783 121 5668 124 4624
1040 7.0932624192252574 2.6396022536089521 228.83362057783251 165 169 180 0.020438948671134792 110 1680 114 1587
2536 15.380470735553269 -10.507201317485643 228.48192360246352 123 155 142 0.61238642227424367 110 3946 121 11086 114 7897 124 10808
179 20.615736980553567 -77.235937902458431 228.40556466121333 122 165 120 1.4263889632964082 122 1150 124 1213 121 1209 110 1457 114 1348
913 -14.168912549530136 -51.015506067215725 244.49251456717741 100 137 103 0.9803584456724157 110 2585 114 1149
189 12.251615115451303 -24.118266415198374 216.70349774823484 5 32 9 0.52755698197785761 122 2055 124 2195 121 2524 110 2679 114 2451
2546 26.396252315721409 -12.822119158195282 255.92089661099951 90 86 74 0.73661875846557179 110 7265 121 11134 114 7929
2664 -0.46926229086384458 -59.728207888445318 226.03094181247815 115 158 111 0.039733408235211126 110 8424 114 8842
307 10.383565629047483 76.580353343354631 247.07696773215918 129 132 163 1.0426333030204449 121 104 124 114 110 207 114 107
1041 33.565732949184493 -7.4596810640880076 234.1082910029688 148 154 168 0.3178269474445945 110 1746 124 1493 114 1590
2537 36.068584203826177 -11.626187237855445 235.64327503836842 184 190 202 0.26957708831958871 110 6635 121 11176 124 10796 114 7899
180 2.0178764911252087 -57.014638703193818 232.06975713657371 101 147 101 1.0105604767793865 122 1156 124 1087 121 1246
914 -5.1644232466267121 -48.809977483229183 232.48060878806913 177 204 199 0.40754540238954529 110 1219 121 1038 114 1151
2651 25.039899996523957 -35.304855456626271 205.65608484710046 199 227 205 1.5164390229784097 110 3415 124 3636 114 3080
294 -17.111897313934097 -41.877050779750739 233.91033703073248 104 147 118 1.0840743377820663 122 4002 110 5013 114 4414
1028 18.604619334975428 -0.77702363617285752 228.82463513795136 130 136 150 0.50580273095104633 110 2612 121 1497 114 1556
2650 -5.5973805624213044 -58.617732867250986 229.40279276605347 38 54 18 0.76314107518581265 110 2370 121 2697 124 1243 114 2189
293 8.1032265425443164 -56.435730554408607 233.2416505679044 103 147 109 0.68305964937123231 122 3886 110 4875 114 3324
1027 1.9053776448381037 0.07421892077846072 229.06001973536593 180 186 202 0.1748465848677685 110 1695 114 1555
2649 9.9751633278318721 -49.956616581512307 244.10136871750089 141 160 147 0.14050574146127717 110 2345 121 2714 114 2148
292 -2.90079249906589 -35.20216458268527 235.68526528692678 54 101 42 0.22173301545561178 122 3485 110 4617 114 2985
1026 6.2604763270304664 2.5315993834165371 229.14140515002933 198 202 212 0.10061651617219688 110 952 114 1554
2648 10.671341777137791 -49.71317000067328 243.58772579058683 19 25 20 0.50592785153030673 110 2343 121 2721 124 2555 114 2145
291 21.546115033827707 -21.150948439603642 212.9288147629324 180 210 187 0.54059107032211351 121 4225 122 3119 124 3363 110 4477 114 4165
1025 21.85003967870599 -0.40321177063455516 227.97345330675282 113 115 128 0.69804186527446233 110 1697 121 1493 114 1552
2647 -7.2005295934706295 -53.289574786522586 244.58263850039782 127 167 140 0.35460505016144822 110 2310 114 2125
290 4.4988683936180971 -23.737567192572957 213.79404931834677 130 164 140 1.0404992524192878 122 4693 110 4318 114 5987
1024 8.4975992544803702 0.33252549270478149 228.49656214877027 124 132 139 0.75679834083044861 110 1692 121 1491 114 1551
2646 14.526634215211159 -51.845315879329817 236.09473487802831 194 216 192 0.57464461960650493 110 2587 114 2124 121 2887 124 4275
1023 8.4896087310965527 0.93156265334605959 228.94497935509332 215 223 236 0.65797808505798971 110 1688 114 1549
2645 5.2638293948717436 -19.805723729057451 205.37276516107607 183 211 188 1.9808435878483528 110 681 121 4231 124 3531 114 1807
288 -3.2712578771563825 -59.12065680848319 231.32457786938267 13 47 20 0.64561881545705035 121 1784 122 1178 124 3300 110 4119 114 3352
1022 -3.2215829093892427 0.30021478594474355 230.09164087725921 155 157 170 0.53090084927285996 110 1693 121 2405 124 2691 114 1542
2644 0.055763677533439769 -16.450618719003884 232.12102795012751 133 180 134 2.108267140502659 110 1086 121 2572 124 1930 114 1512
287 -3.271806501011715 -65.255095939241144 235.14070484221529 107 142 128 1.1336875836012521 122 2553 124 5541 110 4104 114 2681
1021 -14.336087851877833 -15.442026579905528 249.56250423271797 82 81 79 0.46301582799702323 110 1662 114 1540
2643 -6.6214182520325746 -60.275294584336507 229.39748061466292 123 164 126 0.4442933873307342 110 2384 121 1063 124 1296 114 1361
286 0.3040209864194075 -64.62939918746055 236.21679440698833 162 186 169 0.39444825671289879 122 2564 124 5666 110 3805 121 5799
1020 -14.963213530651348 -14.98453678285397 249.33018629352057 179 178 175 0.6145523446100245 110 1658 121 1370 124 1398 114 1534
2642 -0.4886600066117156 -8.3313057314483956 223.40355396215051 153 185 154 2.7735251566896437 110 4003 114 1313 121 3611
285 -4.8061252218849599 -67.528357224756192 236.24967833808614 110 142 133 1.4554195557474465 121 8402 122 6450 124 11655 110 3753 114 2095
1019 27.051642212168836 -10.674036039884296 254.64450776508778 51 50 48 0.40407372407224895 110 2490 121 2179 124 2650 114 1531
2641 9.7892032326780729 -52.759538331142423 236.92001479051913 26 34 23 0.83247037972611315 110 1193 121 1729 124 2297 114 1164
1018 -15.525323821596015 -14.512272855413089 250.13861738170414 20 19 25 0.10039556763683469 110 1655 121 1411 124 1434 114 1525
2640 15.18568391272286 -51.861250836978087 235.29359055848013 91 132 97 0.43170540550933939 110 1191 121 1048 114 1158
283 0.15145589172475379 -38.045974486396858 232.85679638495907 162 206 155 0.31146795506440966 121 4956 122 2364 124 4872 110 3250 114 4231
1017 -0.51056221289221881 -13.278139187847897 227.35603904633055 212 229 225 0.34738861337715754 110 1653 121 2246 124 1907 114 1524
2639 1.8795966491314287 -56.131245530682044 232.27122541007134 105 151 102 0.43584915033224103 110 1267 121 1032 124 1078 114 1141
282 1.4670222726688587 -45.859074052729312 229.50306186689238 128 175 138 0.4539167396063743 122 2671 110 3129 114 4357
1016 0.12239732308253118 -13.141768675015649 227.72973436109464 111 156 108 0.76326777462743756 110 1651 121 1410 124 1430 114 1521
2638 5.0626674023295344 -55.226087032169801 232.06392814605465 131 168 134 0.90676385002607207 110 1250 114 1138 121 1028
281 20.189049117464986 -22.193128234310592 214.07854858296358 126 164 139 0.70575336688574863 122 3207 124 3381 110 2712 114 3928
1015 11.503958282485343 -14.996868376245249 206.28756234159394 24 47 19 0.13951639177957506 110 1625 121 1387 124 1507 114 1515
2637 35.194968006497923 7.0550817215816588 307.0024187999461 148 140 138 3.6550475481227402 110 5383 114 928
280 19.700949698783976 -21.86869240766525 213.95576823166775 57 90 72 0.460958002631636 122 1985 110 2704 114 2460
2636 28.408719701615187 -55.558468366693802 221.18654049957738 137 173 136 0.058485046908652062 110 873 121 523 114 833
279 20.496289003866377 -21.734758169051521 213.61860597287532 60 96 70 0.36629004442763136 121 4253 122 2025 124 2113 110 2701 114 2471
1013 12.228998560889558 -14.648849166743974 209.39197408987675 17 35 19 0.56871433804343619 110 2802 121 1382 124 1931 114 1510
980 -14.922685764277228 -41.092553080290585 234.74817121160473 207 229 225 0.96386178219873386 110 1319 114 1257
2602 -8.0952704031461789 -53.403168045787368 229.89761486550401 131 164 137 0.35625242894333792 110 8008 114 8725
979 -13.183206747961483 -40.853866866084608 233.84725906498548 180 205 201 0.40258877552147287 110 1993 114 1256
978 13.508546955645533 -41.441701414488939 232.92532803880189 198 204 201 1.032068616536717 110 1282 114 1255 124 4743 121 5087
2600 -5.4758538932070371 -56.373564901783318 233.81251266364791 0 0 0 1.2825671835001211 122 6373 114 8711
977 17.975509426048387 -40.306272599213479 226.46767968033191 87 130 100 0.35749348952698057 110 1280 121 1846 124 1123 114 1253
975 -13.945687414371681 -44.450470891294458 236.86456528093328 158 190 173 0.48237037260849541 110 1296 114 1249 121 1932 124 2477
2597 0.47991946066331631 -44.683865390488258 228.55487376166712 112 153 119 0.50088146364640795 110 4615 114 8691 124 4925
974 -18.114709852385893 -40.09082199946284 233.49953352482959 95 143 93 1.9665337804232028 110 1309 121 3087 114 1248
2596 11.537141202014878 -43.327834919371853 231.86286240802869 186 199 208 0.54702949658177058 110 8832 114 8686 121 5375 124 11346
973 20.278840416790256 -39.423473209637983 223.98301234623401 219 242 225 0.11204047228475358 110 1277 114 1245
972 18.718461804671076 -39.232204734442504 224.39685661633627 116 162 109 1.5093134854776724 110 1320 114 1244 121 3085 114 3069
971 -12.084570146971735 -40.414782116816099 236.70091168100367 115 156 135 0.65244459752488104 110 2577 121 1129 124 1115 114 1243
2593 18.124469473101797 -45.979638544902905 229.69147021578041 190 230 203 0.41232789894145416 110 4793 124 4981 114 8651 121 4582
970 -3.1544981142735944 -40.054409614132666 233.05052095224156 94 147 92 0.41690759392388355 110 1310 121 1130 114 1242
969 -8.6118209803088117 -40.26682759897286 235.99786477568568 29 51 33 0.64629883093355367 110 1306 121 1833 124 2438 114 1240
2591 15.639973355707237 -45.119808352062641 226.7256472928982 155 193 159 0.27865298673184274 110 8075 114 8646 121 7698
968 -11.220464090273817 -39.802803484748154 235.36642037380847 116 153 136 1.1831104526017229 110 1303 114 1238
967 18.758247641956814 -40.61427811120744 228.69264303463319 203 226 219 0.13893122351916859 110 1279 121 1136 124 1111 114 1237
966 0.19071125181839269 -43.134602010175293 229.33634441174732 102 153 81 0.45266816016566558 110 1297 121 1122 124 1185 114 1235
965 2.1968447540015252 -42.529163218021687 226.7363909741016 99 149 78 0.25432793329979575 110 1145 121 1121 124 1184 114 1232
964 -11.785623426237395 -43.897395376478066 236.8626929835161 181 207 196 0.65772985755950308 110 1293 121 1909 114 1230
963 21.84189881799502 -42.931293739370943 226.74814182243347 91 136 97 0.17956014476023091 110 1355 121 1124 114 1228 124 1189
962 26.338708606396779 -42.260574592057331 222.91670637237172 134 171 141 0.42315688732469764 110 732 124 1188 114 1227
961 -9.4529227945306058 -42.779785805404266 236.54045654781243 204 230 197 0.91073095318664521 110 1288 121 1147 124 2412 114 1222
960 -2.3196459697372354 -41.127601785358962 227.2929922763432 92 145 73 0.42917487024246859 110 1274 114 1221
959 23.40310659755491 -41.115687242717506 223.37705620365875 131 168 135 0.23817439084251141 110 1290 124 1240 114 1220 121 1111
958 21.332721640415308 -41.401028155121985 225.50784313858244 123 162 118 0.26841715955616668 110 1289 121 1107 124 1178 114 1219
957 30.451278781894501 -40.027713718729309 217.35013997048787 140 177 134 0.29725375360128137 110 1292 121 1110 124 1179 114 1218
956 -16.611469235587045 -41.145576369192412 232.31033962331429 179 208 186 0.38294226926991048 110 1278 114 1214
955 23.27071147973999 -42.271429219255026 225.27447041978346 195 229 194 0.38458742079309338 110 1350 121 1926 124 2435 114 1213
954 -14.827637805397123 -34.407383754615935 232.63294210201957 70 105 85 0.17928420252460023 110 1871 114 1211
953 11.007823288885943 -33.672318921026125 222.51476970288547 163 187 174 0.11172714731051561 110 1826 121 1623 124 1570 114 1210
952 28.258924349147726 -33.887986618067096 222.04637394928679 104 142 119 0.3990431054458029 110 1834 121 1613 124 1572 114 1208
951 6.5951845527012507 -33.796179892499524 225.71981157255033 161 189 185 0.48489963766474908 110 766 121 1619 124 1566 114 1207
950 28.95981483563644 -32.55189822920611 215.2386024302748 200 226 197 0.35656208436145409 110 1142 121 1620 124 1569 114 1206
949 15.51340102652745 -34.303338931073334 229.13839051171823 104 126 114 0.18092631556800029 110 1430 121 1617 124 1565 114 1205
948 19.339240976566142 -33.492875706396987 223.54993499957214 186 214 200 0.2225048283478662 110 1825 124 2176 114 1204 121 1852
947 16.551770905049558 -33.655877642723617 227.58176145918739 138 173 142 0.53802048441290795 110 1872 121 1614 124 1562 114 1201
946 -10.666020826883868 -33.04563429385621 230.5897664789199 174 194 183 0.24003388471716164 110 1859 121 2339 124 2104 114 1200
945 9.2909115222153265 -33.696130357521263 230.3746246793817 127 149 138 0.22540627333642876 110 780 121 1568 124 1568 114 1199
944 33.177572407650672 -31.339770353042358 213.38439619679991 123 162 131 0.90793943143373113 110 1869 121 1566 124 1561 114 1198
943 20.609322423754978 -32.622931348406773 224.24056085241867 111 147 120 0.63990587435899626 110 1866 121 1258 124 2108 114 1196
942 28.228671186878142 -31.597662799480315 216.35237736796975 150 185 153 0.41083650784404518 110 1867 121 1564 124 1237 114 1195
941 -6.6193951320281981 -31.184896316622321 221.34244157636599 113 153 131 0.81451313469077324 110 1851 121 1559 124 1589 114 1194
940 15.226719750355226 -32.22780953326032 225.7180587253448 94 129 97 0.40945345179785742 110 1860 121 1547 124 1593 114 1193
939 33.380315985212519 -30.797111014172113 213.98101378936536 175 207 184 0.21152691249105521 110 1863 121 1561 124 1595 114 1192
938 2.87030414982189 -32.229300860272851 229.07529998891434 89 125 89 0.42774389034237553 110 1855 121 1554 124 1578 114 1191
937 35.208173757681095 -31.823052603443529 212.50901301471765 145 177 154 0.5048678548414719 110 2098 124 1567 114 1190 121 1616
936 2.482513525818673 -38.268788307792605 228.28766946162742 66 111 57 0.63201485561523796 110 1302 124 1112 114 1188
935 -12.587420032920713 -39.069636955753595 237.11736462468087 135 170 153 0.0075412720088548837 110 2143 114 1185
934 -0.5130331717657306 -38.264953870898566 232.82600266162785 76 122 61 1.0417947762378843 110 1343 114 1183 124 1145 121 1602
933 26.067756707851174 -35.470538889619277 223.87074058979152 183 211 196 0.50002925419655775 110 1839 121 1601 124 1133 114 1178
932 7.0328428532984537 -36.433220641921757 225.2347791415948 169 191 168 0.5009330999396111 110 816 121 1599 124 1132 114 1177
931 -2.0534695617882108 -37.340642255050057 232.83143813461109 108 158 106 1.0534120488049588 110 1833 124 1138 114 1176
930 10.932227548174549 -36.128904487777667 223.77481249383658 149 169 157 0.3359979629091695 110 1807 121 1604 124 1140 114 1175
929 19.374540666834484 -36.396884920760129 225.71416723603798 121 160 139 0.47375645105353376 110 1828 121 1605 124 1141 114 1174
928 29.706644338490509 -34.542562375395022 214.79083502293233 210 233 217 0.10907871310032231 110 1832 121 1607 124 1139 114 1171
927 6.3934515337775331 -35.52976303718637 224.86476632230796 208 230 209 0.23191651520403167 110 1845 121 1603 124 1668 114 1170
926 -16.023688460050625 -36.495351231775039 235.67095022872951 86 132 94 0.73762965233487865 110 1836 121 1596 124 2153 114 1169
925 -18.498280895362019 -36.170411860957671 236.30734903235196 156 186 158 1.2643857537889875 110 2169 114 1168 121 5081 124 6871
924 27.587269489070646 -34.961192110546236 220.44524851891515 121 156 134 0.8495732265920436 110 1842 124 1134 114 1167
923 -11.579045292444324 -37.470429321563323 234.59105604928533 83 124 95 0.7128585468155757 110 1824 121 1876 114 1166
922 -8.2853848040924145 -51.316388165785732 234.30812045801014 86 134 96 1.1167355012337898 110 3160 124 1049 114 1163 121 2882
921 -17.408671751481968 -52.650624259218716 242.0436629054615 162 194 179 0.62059784057796219 110 2308 114 1162 121 1722 124 2343
2543 8.1409438754014776 -10.332100595113005 224.5156049441207 85 119 86 0.52115169743168999 110 6914 114 7924 124 10809
186 5.1041945748252973 -74.981009192355657 236.90856837306592 32 68 41 0.86105955338776885 122 1137 124 2953 121 1956 110 3482 114 3288
920 22.778100510095904 -51.001034129414769 230.55757699525037 109 153 95 0.99974584983226333 110 930 121 1049 124 2294 114 1160
2542 5.0190337677004253 -10.650496999370556 231.19546809346684 204 204 202 0.022849540426443528 110 6898 114 7923
185 22.613622597906634 -48.834799545180076 226.54071597413011 20 35 12 0.73278589504829017 122 2670 124 2339 121 1762 110 2364 114 2117
919 11.464455728860134 -50.379434969691964 231.82998397745649 128 161 134 0.41049731125719641 110 1188 124 4345 114 1157
2541 35.468779988778266 -13.555011680292976 259.28002540371835 126 121 118 0.44145910856834608 110 7259 121 10995 124 10621 114 7922
184 23.044791071537368 -47.520947556640913 230.01908398625889 56 85 56 0.75929181284885772 121 1748 110 1212 114 2150
918 -3.8479854457707949 -49.836201882753429 231.70284185506367 96 138 115 0.44413980254361252 110 1172 121 1042 124 1046 114 1156
2540 14.788238354495661 -11.080479679144094 228.39115646501898 152 183 175 0.2401075300655838 110 6658 121 6211 114 7915 124 6204
183 6.0780295794517514 -24.047257351929691 213.95880446631031 182 209 190 1.7186913342684362 122 2036 124 1644 121 1654 110 1040 114 965
917 30.883414321743679 -46.632404096555597 222.93928373972932 172 191 172 0.7032310629275984 110 1222 121 1754 124 1042 114 1155
2539 36.95253301807265 -11.425299557646861 236.30536997384539 99 105 119 0.5139713628408219 110 7306 124 10778 114 7911
182 1.1504666902517526 -2.7369993896378402 232.3152855046969 206 207 202 0.16677866998227997 122 1329 124 1512 121 1467 110 1027 114 938
916 -13.080823097602483 -50.485776399503322 236.90150525175395 110 145 125 0.38766421629852282 110 1178 121 1761 114 1154
2538 37.458330465218971 -13.103808772232673 260.31799253254076 146 150 153 0.90690262873291105 110 6693 114 7901 121 6201
181 -2.7488127191426148 -70.955542461875538 239.8029554382567 198 222 206 0.62252671913529289 122 1093 121 1302 110 905
915 17.773230956379908 -45.187414670588588 212.05464178117097 98 139 97 1.3099549747896138 110 1177 114 1152 124 2333
2401 -12.738470607992582 -32.211681303420768 229.74588149916977 64 91 80 1.5284931545110241 110 8498 114 7081 124 7969 121 8837
2395 3.7565327578970691 -31.957531328233319 227.56051637806087 177 215 174 0.17765013185034917 110 6357 114 7064 121 10997 124 7973
1131 38.146992936367973 -19.967946081289938 214.64844910437142 30 45 33 0.71240530715998773 110 1878 121 933 124 994 114 1742
1113 0.45565737364859066 -30.169291117706759 234.58816492384051 56 86 56 0.26676507345104494 110 1823 121 1679 114 1717
1109 -0.74519265519362143 -26.830036627711703 218.79430834802031 183 206 188 0.55878781681252998 110 1801 121 2437 124 2244 114 1711
1108 -17.806504190184885 -28.577123155607257 236.6693125946133 99 106 117 0.15316729815503902 110 1913 114 1710
1107 31.760166481885616 -27.469535553727276 216.4305716139462 189 221 199 0.5316947130566293 110 1819 121 2336 124 1555 114 1709
1106 19.801065321487609 -27.703653654659892 224.51994703787801 103 138 107 0.5992659380359513 110 1806 121 1697 124 1549 114 1706
1105 13.278721220322128 -27.011816146508412 221.31786452253388 90 132 92 0.31581941650525214 110 1802 121 1686 124 1547 114 1705
1104 -3.8122801099622836 -29.991042471022325 220.35296312203536 221 245 231 0.36766218851096688 110 1141 121 1588 124 1535 114 1703
1103 27.900181657529213 -30.629761758157276 216.45779264271371 205 229 207 0.20915427180595991 110 786 121 1553 124 1590 114 1701
1102 3.6044484388766902 -31.33580958129939 227.69989479839793 67 106 61 0.26533668509073416 110 742 121 952 124 656 114 1700
1101 35.836037901033656 -30.081507482436955 212.99659542874087 147 182 152 0.60030743116585006 110 1858 121 2482 124 2088 114 1698
1100 23.276963255110292 -31.294748752974968 223.29067292673247 105 138 121 0.39576378187381173 110 1856 121 1256 124 1587 114 1697
1099 -11.94396789066664 -31.638234336195588 231.3116678637812 6 11 6 0.57453420230998187 110 1790 121 995 114 1695
1098 26.487472027370906 -30.515583335408621 218.30370024762169 96 138 101 0.63594003662001219 110 1854 121 1549 124 1584 114 1694
1097 -5.2818045030200969 -28.784539313296865 222.08082556264003 76 126 77 0.54044306476372306 110 1786 121 926 124 1519 114 1693
1096 -20.126047122801467 -30.954741341974053 236.01002530611052 82 119 101 0.53830491218078835 110 1774 121 1577 124 1524 114 1690
1095 17.059261655355009 -30.811324966111776 225.73357305914033 100 140 104 0.42181473508356371 110 1792 114 1689
1094 21.793500967760227 -31.02605614277385 227.00688507776016 90 129 102 0.6740254614592982 110 1795 121 1585 124 2129 114 1687
1093 -0.89174845828251215 -31.262564482877057 234.03328602084056 47 79 40 1.6412113629472904 110 1782 121 1581 124 3711 114 1686 110 6404 121 4098
1092 23.61198577011039 -29.944444483974184 221.28851359413434 201 221 212 0.31296728678931951 110 1773 121 1582 124 1534 114 1684
1091 6.2591518410419695 -29.511545557866825 221.64510961653343 137 161 138 1.4319076557775119 110 643 124 1532 114 1682
1090 19.023577955668756 -31.124683278428716 224.45849922639798 122 153 137 0.20944537043183395 110 1812 114 1681
1089 11.699961002495904 -24.93916599132249 216.8437200456537 106 145 109 1.0724916252269181 121 1699 122 2067 124 1638 114 1680
1088 30.441713988924494 -25.130916293092483 214.51276166099154 143 183 147 0.32462040334324771 110 1942 121 1704 124 1657 114 1679
1087 20.937119658344205 -25.531207508524549 220.44424060579564 94 124 100 0.94464234876682096 110 1943 121 1250 124 1650 114 1678
1086 1.2272582136218655 -26.168540780302894 231.26902689189896 170 193 170 0.19425793271298322 110 1930 121 1656 124 1645 114 1677
1085 -17.93962537184289 -27.689241695437836 250.423610216513 190 194 203 0.46626857867784433 110 1957 114 1675 121 2451 124 2575
1084 16.186404301657262 -24.945165499318328 218.90483660401901 79 114 84 1.3430486603250724 110 1036 121 2459 114 1674
1083 -22.277788450045051 -25.558888591678738 241.85970562890611 188 192 201 0.17840164622414623 110 1948 121 1638 124 1672 114 1665
1082 -7.0618382198706211 -24.173401969886573 226.15071741367802 96 149 81 0.30745929370146574 110 1950 121 1639 114 1664
1081 15.918024231770753 -23.955871424026093 219.55989791507065 88 121 92 1.253422926691814 110 1045 114 1662
1080 19.514908896969516 -24.431644619001261 222.65675426334002 100 133 116 1.0218932664903684 110 1959 121 1642 114 1660
1079 19.099160292249888 -25.070967509855212 223.27865256873304 188 204 191 0.9595166684673172 110 1039 121 1649 124 2202 114 1658
1078 -0.77769996946754549 -25.28143234819715 214.0764891987896 44 65 47 2.0535307934123792 110 4249 124 2276 114 1655 121 2476
1077 -3.5308227648773491 -26.164921338905526 222.6279880217711 69 112 66 0.5279211380135661 110 1083 121 1682 124 1540 114 1654
1076 15.814674906314998 -31.508941939190628 225.28747879795807 209 231 213 0.45701346764597589 110 1853 121 1550 124 1585 114 1653
1075 -13.153933794298927 -26.443499915639403 228.42266762525182 96 143 88 0.41326558516243511 110 1938 124 1653 114 1651
1074 -9.6461588757487515 -26.1233025282909 225.41085395671769 95 151 78 2.439328131010936 110 1935 121 2475 124 2270 114 1650
1073 -0.021465237012566109 -25.605044676203292 219.40996859057037 29 51 34 0.32968956211147366 110 1046 121 1681 124 1656 114 1649
1072 -12.477331482564706 -26.568316495778774 231.23289042913368 184 211 194 0.34790855701940471 110 2694 121 3985 114 1648 124 3440
1071 -7.9086158557835642 -25.395986783995472 226.85497174399202 87 140 71 1.3203575028308023 110 1041 121 1655 124 1643 114 1647
1070 13.39181549129256 -31.228412761661662 223.8279361573309 166 189 173 0.14227499469380828 110 788 121 1551 124 1582 114 1644
1069 -14.516305372513706 -31.394808791008899 230.69750379764182 170 195 183 0.64042569456009724 110 1787 121 2533 124 2133 114 1643
1068 19.95167436985016 -26.162985118111632 221.8268915433116 107 137 111 0.59131914212647985 110 1941 121 1680 124 1588 114 1641
1067 -10.25127002819597 -25.83776325259738 228.27267390703673 175 204 193 0.62432235474058684 110 1038 121 1700 124 1647 114 1639
1066 21.312993580516913 -25.222889598948669 216.35250504443408 82 117 84 1.6573142245739565 110 1084 121 2463 124 1654 114 1636
1065 -11.633831951468013 -5.4163173795565385 231.86767322425746 89 91 103 0.59545217253589044 110 1729 121 1479 124 1477 114 1634
1064 8.5336129785493089 -5.9653154329539397 227.59329468734728 21 22 20 0.23367634608604096 110 1723 121 1480 124 1490 114 1633
1063 31.71063751501524 -6.9201793625634709 232.78603717266603 120 126 142 0.14410710549063857 110 1739 124 1491 114 1632
1062 9.934646008956614 -5.7705986012768831 227.64888422218172 137 164 150 0.65407707733840603 110 1154 121 1000 114 1631
1061 7.1953152471932365 -5.7228826106521717 230.86869057959703 214 216 211 0.30765617487127872 110 2432 121 1477 124 2633 114 1630
1060 5.9937634645448403 -5.3778725650581238 236.55088211968987 160 160 152 0.3405687371066824 110 1730 114 1628
1059 20.583483853392369 -5.801217901089414 238.95065334301987 172 171 163 1.6542747108739764 110 1735 121 1476 114 1626
1058 -7.8681167990706538 -4.3437790746961689 232.0821717550896 107 111 122 0.59633136553168353 110 1736 114 1625
1057 35.478709905419407 -30.634897116776656 213.55745830691581 189 219 195 0.50841476405668085 110 1861 124 1594 114 1624
1056 31.205885796678526 -5.5837076311444358 232.28371040010492 219 224 230 0.37555894583725624 110 1733 121 2386 124 2637 114 1623
1055 28.139090470491073 -5.3625168598970339 232.05974922154709 157 166 175 0.21169062712371381 110 2441 121 1473 124 1483 114 1622
1054 9.3862990224975675 -3.8997981013159402 233.34501713681072 170 170 163 0.51511550236914871 110 1021 114 1618
1053 19.554229198301513 -4.0945436585335084 235.19560485295247 214 216 204 0.57029092378336754 110 1771 121 1468 124 1515 114 1617
1052 13.494295775398273 -3.7886493449541563 233.8713894778825 136 132 123 0.95355454923417615 110 2466 114 1616 121 6475 124 6561
1051 26.477464022281428 -2.6592888196174358 230.91563387682189 215 219 220 0.13137206947829447 110 1765 121 2418 124 2679 114 1613
1050 24.139470235086012 -10.202041845115664 250.79952468828481 159 158 154 0.21694582772023369 110 1615 121 1541 124 1387 114 1609
1049 29.789056069615587 -9.7463434141589538 249.39552234036822 191 190 186 0.7967574928796699 110 1169 121 1538 124 1383 114 1605
1048 33.80318506823604 -8.9901561029764565 231.55190758670682 91 98 116 0.60725157437555299 110 1608 121 806 124 835 114 1604
1047 -3.671622057917364 -7.6686955633819105 236.02683091773838 78 82 72 0.50153321940030371 110 1745 114 1603 121 2194 124 2669
1046 6.990238968529761 -7.2653532206904998 224.13097829197966 82 111 89 0.32263569566972244 110 949 121 1531 124 1426 114 1600
1045 -8.5065836653312008 -7.3755282650821856 240.20012499844293 136 136 134 0.40070145646258931 110 2454 121 2235 114 1597
1044 -6.1421411937215735 -7.4028414353329355 239.03687338296635 159 160 155 0.37555203071239346 110 1740 121 1529 124 1494 114 1596
1043 5.1685559806179029 -7.4342755236426976 234.98461991640468 193 194 186 0.53815458036278574 110 1742 124 6048 114 1595 121 5958
1042 6.6019715984083795 -7.2234669442672512 232.88648000182835 198 202 196 2.1799722070825203 110 1741 121 2231 124 2614 114 1594
1007 10.081945631911648 -9.9819810291696669 227.85726098200399 163 195 184 0.17415253670985667 110 1621 121 1507 124 1356 114 1487
1002 35.100741738908127 -12.081224075331221 259.56937673727896 70 65 61 0.039376362281502472 110 2594 114 1479
976 -0.53689486481838489 -40.189085849245359 229.02107356943984 70 121 55 0.65272742695880204 110 1322 114 1251 121 1840 124 2399
268 31.898323288850378 -63.145792035877896 221.99275489552463 178 198 179 1.4795175722139966 121 2088 122 1217 124 1858 110 1490 114 3410
273 18.827363950072012 -65.938333209048139 227.41322147701283 203 222 201 0.25854821756963564 121 3449 122 2236 124 2798 110 2281 114 2105
310 23.602317645556898 72.977999603620631 239.21269824237069 144 177 248 0.63235288126112044 121 327 124 355 110 436
311 20.777144975481058 70.365355019516329 240.52299459648813 112 148 226 0.61456177975560233 121 866 124 552 110 612
312 17.700403390929015 69.016523482824255 242.63346958994936 97 135 210 1.2057519141309381 121 323 110 613 114 343
313 19.405785394399157 67.535626499628961 241.01738378219477 116 153 226 0.062448374556021681 121 529 124 553 110 614
314 16.156974732109962 63.573903604417843 248.70723300771539 101 138 218 0.93170953410908586 121 532 124 891 110 616
316 21.528871523405183 73.899207919106644 236.9575209038446 182 208 255 0.59905782258243234 121 1259 124 1459 110 1063 114 1581
317 16.042211123249022 65.784200458635496 241.51857015230399 107 144 224 0.76028638748715927 121 862 124 1037 110 1096 114 932
318 12.627706495912713 68.671111626173669 237.3750745781968 117 150 227 1.4851240018349268 121 865 124 895 110 1134 114 933
320 17.056742615324342 69.234389536748878 238.14734865076107 143 177 249 0.84013224867742609 121 2314 124 2516 110 1706 114 2327
321 18.184005717237987 63.76727628391275 239.66159928387358 102 139 217 0.63248198604206129 121 1036 124 1469 110 1712
322 19.927185788405737 73.367633831532601 238.53546474751477 119 155 229 1.1448422718412261 121 2351 124 2526 110 1714 114 1566
323 19.587838677341658 73.4027544461578 236.83143626898641 180 208 255 0.92532377349903316 121 3793 110 1718 124 3954 114 2332
324 22.478062216827109 74.183520183099731 236.60596707263821 181 208 255 0.54249954387661947 121 3798 124 3102 110 1719 114 1457
325 10.983801472416811 65.484476778236612 239.90571948923321 141 175 249 0.17301665793926932 121 1056 124 1466 110 1720
327 21.60115159441623 70.511809226831417 240.30386896429371 147 181 255 0.81894063155206231 121 3821 124 2517 110 2546
328 12.036528274039448 71.118887996442993 236.79136385775746 184 208 255 0.73317014793580682 121 3781 124 4296 110 2557 114 2334
329 10.286821192812798 70.558486857297339 236.97282595717624 192 218 255 0.59978123249004034 121 3826 124 4033 110 2559 114 2337
330 15.625260667861765 69.543941960594452 238.08069347297905 113 151 222 1.671374305510728 121 3817 110 2562 124 4045
331 12.514900528846859 66.644837766956826 239.47250374301083 154 188 255 1.1262139083394849 121 3762 124 2508 110 2568 114 3769
332 19.726862954564158 66.3487369457076 240.12636887373247 138 174 249 0.27818753234789412 121 6271 124 2505 110 2573
333 16.556961188800241 65.752745880494217 238.50864593943911 99 137 212 0.78477180189261031 121 2310 124 2503 110 2575 114 3767
334 15.862806931605316 66.001435810948195 239.629157864885 155 189 255 1.010329285961469 121 2311 124 2502 110 2591 114 2346
335 22.887543899055657 62.646005100473928 241.32255286205563 138 174 250 0.79324927190355243 121 1132 124 1470 110 2647
338 19.732985589540419 65.722479250931627 239.89283436839992 104 141 212 0.71338544150729499 121 6278 124 4012 110 3304
340 24.797432855295124 67.733289340351931 245.8527141398568 145 182 253 1.5910872726904921 121 6272 110 4040 124 4317
341 19.711089341361014 67.610650021500859 242.87408504624648 104 141 212 0.59905685844360901 121 3803 124 4009 110 4046
342 12.968684493417944 65.409604740037679 238.56297024049883 141 178 249 0.52936868224274358 121 6280 124 4013 110 4049
343 18.764339844478432 67.53273336850809 237.02319893308973 159 194 255 0.87602675130650853 121 6389 124 2511 110 4053 114 3775
344 14.64279440018141 64.140303463231589 239.22467067695163 149 181 254 0.22049338203999119 121 6246 110 4062 124 6289 114 5740
345 16.026451578521645 63.188922072972041 241.32552274483021 87 124 195 0.73358517362854836 121 3730 124 3846 110 4065 114 3711
346 21.574697663803175 64.233906070191765 241.10775184675293 151 188 255 0.3451151636035813 121 6248 124 6293 110 4074 114 4213
347 17.202669682433257 67.94058591792745 234.35122581879378 119 156 227 0.97548609791734331 121 3801 124 4048 110 4075
348 18.543208024478073 65.12081946160572 241.03319767193659 110 147 217 0.22907054303752483 121 3722 124 4020 110 4078
349 16.477813148612722 64.588289644703693 237.9229961965755 143 181 255 0.48319383577287239 121 6283 124 6325 110 4081 114 5737
350 18.422700387886579 65.710648891104313 241.67419584271576 149 183 254 0.91084376667591649 121 3740 124 4017 110 4082 114 5755
351 23.956801634139421 65.732939212659829 240.63156350890375 139 175 249 0.35915790699916855 121 3746 124 4014 110 4084
352 20.824851858723267 67.117953366156797 244.81649500856233 104 139 216 0.71275303768434839 121 6277 124 9882 110 4085
353 21.438250390277194 71.983156940468319 233.40296770866004 116 150 222 0.37464983111790678 121 6367 124 9455 110 4087
354 19.308180231503318 71.550332117001915 236.72973177367359 107 144 214 1.30905783759411 121 3785 110 4088 124 3964 114 3744
355 22.985399311251292 71.92218328946015 237.66709329351687 108 145 225 0.11570404697178034 121 6374 124 3961 110 4090
356 23.041311199601441 72.563952951543584 237.18682632390247 115 150 222 0.54896881943837772 121 6359 124 6415 110 4097
357 22.327506733527013 67.970468178151009 234.2114100805583 151 186 255 0.90287652993440981 121 6419 110 4113 124 4046
358 21.899650885608057 68.910238152739481 236.86187134874976 144 177 254 0.32271572625606448 121 4321 124 6460 110 4114
359 12.929067022274168 69.120920537665853 236.70368371537984 160 193 255 0.73451897174531666 121 6418 124 6459 110 4115 114 5712
360 21.351986320007395 70.714183238638853 239.45567378330318 110 144 218 1.4005312714164431 121 6355 110 4120 124 6398
361 16.517287911760764 69.340660042513449 234.79082862216478 154 188 255 0.79352456923321191 121 3824 110 4121 124 4036
362 21.153502044269928 71.059304692081895 239.88104704796856 146 180 254 1.0415356568689595 121 6353 124 6393 110 4123 114 5703
363 14.498997683162946 64.29188382043904 246.71190325791332 102 140 213 1.0789016936825429 121 3727 124 3849 110 4125
364 16.429772629112879 70.578636847972703 237.41791981867985 118 152 226 0.52211721471824546 121 6336 124 4032 110 4126 114 2336
365 23.189670365735587 71.195718825624155 238.89273955117739 113 148 224 0.79415621167899808 121 6340 124 4031 110 4127
366 12.370191258423043 71.175743275951049 238.24914824891553 128 162 230 0.40525963625639516 121 3777 124 4030 110 4129
367 16.066145894024672 72.455311662916898 241.9051113922965 122 156 227 0.229040335093223 121 2356 110 4131 124 2520
368 21.53718273763867 70.677236239626041 234.37932217916546 108 145 214 0.59054184890966666 121 3783 124 3963 110 4136
369 20.496325909082191 61.925674706971904 241.69492348484425 101 139 215 0.85672068522193445 121 3723 110 4208 114 3710
370 14.396058099483716 62.389080697821427 241.29205486832828 148 181 255 0.23328193513558029 121 6320 124 6307 110 4210
371 14.767610073249283 62.125056757341156 240.42122483438823 97 132 213 0.43226268719032007 121 6319 124 6308 110 4211
373 16.929267243938202 67.153439365106664 240.09762918711496 153 187 255 0.43362048474481724 121 3804 110 4672 124 6448
374 23.546626341608537 66.53902747910611 242.71876148078636 133 169 245 0.31862540742245982 121 9999 124 6316 110 6036
375 12.017113020818677 64.930073835029106 238.42340364215053 134 170 244 0.41437016324003428 121 10081 124 6324 110 6040 114 7427
376 16.769856573194762 65.116248682387209 241.16662697423632 102 139 217 0.45560460975833222 121 10092 124 6329 110 6044
377 16.297232982214499 67.244492694644777 239.82706745918222 162 196 255 0.57312224251009181 121 6401 110 6050 124 6446 114 7432
378 22.034729615503885 66.925596137743412 238.2440833091174 114 148 222 0.57309239982125337 121 4317 124 6440 110 6053 114 3772
379 19.073343596227517 66.695372439790688 240.00539206270321 139 175 250 0.34940109914655593 121 6268 110 6062
380 20.126062632171681 61.228482914246705 240.61562309957947 99 135 211 0.70731328414681549 121 10378 124 9797 110 6070
381 13.951840364353508 60.604566720802794 238.34251997206363 110 147 217 0.46261515111182144 121 4372 124 6366 110 6071
382 20.074393685645191 60.534090392179372 239.26098673101347 125 161 235 1.7660587203697875 121 10381 110 6072 124 9800 114 7462
383 14.372804651763373 62.009806179679238 241.35361523366763 102 138 212 0.70406677977541066 121 3736 124 6358 110 6076 114 5750
384 19.51537526271035 61.789424198513053 240.7581764867885 148 185 255 0.40676901094863177 121 6321 124 6359 110 6085
385 18.012841876942826 61.427890274663525 238.67953289467732 114 147 224 1.046204493293299 121 3724 124 3852 110 6086
386 15.262277506822489 63.723154688453704 241.0549434661861 95 132 203 0.55265186152539614 121 6257 110 6091 124 6296 114 5743
387 12.833243920590165 64.388816002200883 243.08776096326903 138 174 249 0.22751072451952517 121 6244 110 6092
388 15.310008470002671 64.681560806438597 243.0951645135803 145 179 253 0.296491723029565 121 6253 124 9756 110 6095
389 21.290624629413138 64.29343828319594 240.16397817489622 103 140 211 0.14061945407042448 121 6289 110 6098 124 6287 114 5739
390 23.26281949967921 70.115866100327935 235.7503576872671 135 169 241 0.71649058130923682 121 6344 110 6106 124 6386 114 7426
391 19.912474317992533 69.660148190651441 236.17862843943681 136 172 248 0.31675848697196074 121 10219 110 6113 124 9858
392 24.365594320899454 69.852037110149283 237.70620566576764 92 123 204 0.7819384614788788 121 6371 110 6115 124 6400 114 5706
393 22.998905819467566 70.91341848750649 236.57300349943421 145 178 254 0.29237574096433766 121 6379 124 6429 110 6118
394 23.743913770382225 72.44634769206499 240.27741860350415 105 139 213 0.50604681342279934 121 10130 124 10075 110 6120
395 24.763550502091416 69.427154881263775 241.97311995239207 111 145 218 0.94567745684672699 121 6394 110 6134 124 6471 114 5714
396 22.717007186447162 68.305149544823934 240.67482068934555 145 180 253 0.91570183112822645 121 6390 124 3999 110 6146
397 24.305167169552487 68.875757062231628 239.05879347382708 156 189 255 0.50503390773869572 121 6424 124 6470 110 6152
398 23.054749903936255 69.862405372688755 239.02460679856458 158 192 255 0.7212666687820577 121 10173 124 9870 110 6157 114 7441
399 23.388138799810971 69.962710749425725 239.10390759466807 103 141 212 0.68011223392131959 121 6410 110 6159 124 9864
400 17.846245688953946 68.744359138537902 234.58994394127436 151 183 255 0.64732417873785941 121 10174 110 6164 124 9865
402 9.6479765855005066 70.581219362392986 238.63436801273824 138 170 234 0.40140495700753692 121 10168 110 7814 124 9845
403 21.776694304721584 60.349901292937929 241.56966248417964 106 143 213 0.37699682827203174 121 10387 124 9804 110 7887
404 20.121486924916706 62.801991404726991 245.40766589610632 109 142 219 0.46606376862104248 121 10373 124 6361 110 7890
405 25.761481420535905 63.093495018919263 240.22057624107507 142 176 250 0.21602817687772782 121 10057 124 9710 110 7895
406 25.90271966094782 64.483729651065858 241.63699718134697 134 171 242 0.36981824098799931 121 10099 124 9748 110 7898
407 20.2313138031029 64.715171376133227 240.54135376641827 138 174 248 0.50572926433640086 121 10094 110 7900 124 9741
416 37.320657603238288 -49.634698544640088 226.66487515993899 0 0 0 1.1155987716263038 110 2 114 2
418 25.8470386058647 -26.835847609347443 219.56032035898093 138 179 135 0.70537311970776406 110 17 121 14 124 13 114 11
419 12.203824742611557 -23.183894429680084 213.71203905484396 108 148 113 0.83450367549802928 110 11 121 13 124 12 114 12
421 -8.3753851000562118 -20.928556632393082 232.33778450309828 104 136 120 1.2566050317313842 110 16 121 8 124 8 114 14
422 24.459248926770119 7.446773354305452 249.28142857816167 157 146 144 0.22113417657518311 110 37 114 17
423 17.916443028237325 -54.190913962522053 223.7659125304925 98 140 100 1.8091177726058971 110 28 121 24 124 26 114 24
424 25.770295396253989 -47.986667310430661 226.7097154511487 0 0 0 0.67846467241100727 110 29 121 25 124 27 114 25
425 29.799657181200246 -43.56650165970882 220.59432849236151 130 162 138 0.22915955959551024 110 30 121 26 124 28 114 26
426 3.0260692721567617 -41.192243180429415 242.69090587412845 91 137 88 1.2633805709856896 110 31 121 27 114 27
427 17.300390796488333 -33.772276458967333 229.41714075415393 145 174 156 1.4052080480777582 110 32 121 19 124 29 114 28
430 -8.0657016251318403 -12.321918625310968 246.42079272207715 94 92 93 1.6685241845002652 110 22 121 33 124 19 114 31
431 34.31904366459657 -12.014818453879171 220.2338624658401 141 148 163 0.89854683089482135 110 35 121 32 114 32
432 0.98545487236796347 -8.1270134355497241 225.30286344462479 87 127 91 1.910121245416234 110 48 121 34 114 35 124 35
433 26.686932713098731 -19.585442084584216 215.15130568178071 191 216 212 1.7684874096322771 110 46 121 36 124 30 114 36
434 28.508777158713492 -34.25534237624629 223.9913996608835 106 144 121 2.038219032043731 110 38 121 38 124 38 114 37
435 -18.103024967526046 -41.187206292228737 234.83917278733355 102 148 112 0.6342959249257214 110 40 114 38
436 20.984151581013446 -28.308332882841789 223.39961552214794 135 157 149 1.144681589937927 110 43 121 42 124 36 114 40
437 -5.9968793437045127 -53.500930568869137 231.74317929912488 162 197 175 0.84006708019256349 110 55 121 47 124 46 114 45
438 31.122074122644932 -35.852419090129615 207.2161352552738 0 0 0 1.8636929695888549 110 72 124 59 114 47
439 -11.667943012293486 -38.86868526338673 234.17877864468932 198 221 215 0.23222680055622236 110 56 121 49 124 48 114 48
440 -2.5024681631737531 -14.040512312065356 225.23926383715533 203 222 220 0.14506727071242217 110 61 124 51 114 50
441 15.860349358038816 -12.533164281873763 220.10559491969411 201 224 216 1.1264089099880124 110 62 121 51 124 52 114 52
442 31.377095496146765 -5.9867146795589044 232.30748366923041 172 179 187 0.81091678784254595 110 64 124 58 114 53
443 27.82226232207249 -3.6750829550436728 233.39373282119175 198 198 198 0.22473814585180424 110 65 121 52 124 53 114 54
444 22.394638275026946 -1.2401726048734645 227.72142432802715 159 165 175 1.1266523771183836 110 67 121 54 124 55 114 55
445 -12.238222773660173 -62.099349898148859 223.12945942661534 0 0 0 1.3273639687252861 110 53 121 57 114 61
447 -17.021624844065471 -52.165981643960848 234.64072153402259 165 192 185 1.3403325049585564 110 80 121 58 124 67 114 65
448 -8.5154607095798021 -50.255825682037148 229.99555870698578 91 139 101 0.59660349652998435 110 74 121 68 124 68 114 68
449 9.4909268117964807 -34.808396739995047 214.66851808745557 177 194 188 2.0549547109123303 110 105 121 69 114 71
450 4.2237892085582578 -36.098362580901032 221.88018272362069 85 125 75 0.51404836953508515 110 71 114 72
451 -11.953952828258231 -35.597734740947779 231.5574728440229 76 116 90 0.57835058328674038 110 89 121 70 124 73 114 73
452 22.873660026666322 -29.816278692720179 221.0837859042999 195 207 205 0.51132822635686614 110 95 121 71 124 71 114 74
453 -14.555529169490789 -24.993964094195565 242.07101173227511 88 130 83 1.995485783308566 110 59 114 75
454 18.89641135649817 -19.087486250528201 211.53024518524202 140 170 142 0.26384445301824755 110 92 114 76
455 -14.718767476850967 -8.9482301440085621 230.20962434264104 122 126 135 1.0107157452199533 110 68 124 61 114 78
456 27.443661084971758 -6.9368220058646139 249.47415921116399 9 9 11 1.6919712466875079 110 63 121 75 124 77 114 79
457 -2.6268175665000237 -24.530598560721995 221.5616450666268 74 111 78 0.62296228264193576 110 147 121 117 124 127 114 83
458 -3.5925237223908177 -44.087724393358549 229.2579400711042 87 131 96 0.60133176413089595 110 101 121 84 124 82 114 84
459 -0.75201643953140573 -41.621227189681605 230.99328678938929 113 161 99 1.6761775941343107 110 103 121 96 114 85
460 17.080324526918158 -37.854216594883617 234.82253315130055 79 120 80 0.5741729111614422 110 104 114 86
461 -15.624432990116816 -30.01952336884105 231.57419942311688 3 5 2 0.40060915917549467 110 96 121 87 124 90 114 87
462 -12.761802616763626 -30.11181110598994 230.87045053328407 201 221 222 0.14723914653540388 110 107 121 88 124 89 114 88
463 -8.5912313246783736 -25.063782093601521 221.19421295576751 104 158 82 1.5355601206605962 110 148 121 103 124 126 114 91
464 -3.7283320038214813 -4.8559783273263335 235.19761720393009 186 187 182 0.35703801507402727 110 130 121 100 124 108 114 92
465 -5.4470329827528596 -47.398567586948161 238.17702987163059 197 220 219 0.50413554980127384 110 100 121 81 124 81 114 93
466 8.347263102211528 -49.324471481755779 238.10713268013376 146 172 151 0.94266408552250947 110 98 121 80 124 93 114 94
467 -7.9624316483988675 -54.408579461529797 233.74449137927778 154 191 160 0.83957827393251838 110 109 121 92 114 95
468 8.1767098121869157 -2.1380871289126628 229.11686849639409 132 127 121 0.79541952376472369 110 126 121 108 124 117 114 103
469 6.1105670433495041 -11.123712813542825 222.42998183425527 170 193 182 1.22229754993934 110 134 121 113 124 121 114 104
470 19.169639617067116 -2.2845532592383755 234.16398986120325 151 156 162 2.1042734224232902 110 127 114 111
471 1.105909360434937 -3.3369020900359296 232.78302486000035 197 199 194 0.68995541866133747 110 129 121 110 124 118 114 112
472 2.8525590713501612 -5.0228004044130641 234.77852629515772 128 127 122 0.97029545824588248 110 131 121 111 124 119 114 113
473 -10.251043297590472 -11.078366847042625 243.6814098186006 100 95 99 0.28816651640444152 110 133 121 112 124 120 114 115
474 35.13688327089536 -24.181699505773178 214.88488332176129 182 207 201 0.79784593018645833 110 149 121 118 124 109 114 116
475 -11.729944114393652 -13.915718107092113 246.72122957572796 174 173 168 0.79188717925424923 110 94 121 114 124 123 114 117
476 11.251420967932868 -14.008397087785207 208.16005531879526 7 24 8 0.89249687546762679 110 122 121 119 124 124 114 118
477 8.6276207158884333 -14.098687806638969 207.00261891644638 2 14 0 0.35020919950064527 110 137 121 115 124 139 114 119
478 -5.757551970882135 -16.663712570486499 226.88117231504745 85 133 83 0.46916131741964334 110 140 121 125 124 136 114 120
479 32.030776593513089 -17.93689944057277 214.51529559831931 204 223 218 0.31745309269292388 110 142 121 124 124 133 114 122
480 -0.39314184286940612 -20.319846873953871 220.17324794727108 26 40 16 0.46080416081116365 110 144 121 122 124 131 114 124
481 0.68851041438321248 -23.329677938605315 219.698134095103 14 22 9 1.4347942638851416 110 205 121 121 124 128 114 125
482 3.5511838101956101 -23.165143403314957 216.99840090228616 147 179 150 1.857247746962607 110 93 121 72 124 72 114 126
483 -23.204531299044042 -26.144295238297261 248.73045037059941 120 123 138 0.9560781106521451 110 146 121 120 124 232 114 127
484 2.1238450129597402 -46.926331264269542 215.04780884031044 41 43 29 1.6779300734327487 110 313 124 165 114 131
485 -2.0267793692153253 -56.027625603183004 230.02811945033844 199 225 201 0.25882087099732753 110 151 121 153 124 161 114 139
486 -3.0458888666328758 -49.506607852841952 234.54215953120732 72 110 87 1.0065598232992081 110 97 121 91 124 94 114 145
487 -9.9692180477316317 -44.856906564642415 235.3829755562185 91 136 97 0.38592405470898117 110 174 121 179 124 168 114 147
488 8.5919100004313584 -45.474884438168303 241.10060906067116 130 146 145 0.91307314117124838 110 102 121 201 124 170 114 149
489 1.7389609526897702 -42.644873315100263 231.34244146877433 89 141 67 0.42817488313306812 110 229 124 171 114 150
490 -6.9429497435803507 -42.603047894203478 236.483074268308 77 117 73 0.34392007986844325 110 230 124 206 114 151
491 9.4907702653182522 -41.515274362145824 227.874994310348 57 89 66 0.27035506627774614 110 215 121 202 124 172 114 152
492 -20.760228393192907 -42.301168879831508 237.79928223834131 0 0 0 2.0088277492254614 110 267 121 203 124 83 114 153
493 30.40808289466025 -83.181908974589518 227.59424680834749 0 0 0 1.4717459760613589 121 160 122 160 124 104 114 155
494 5.9376866579990546 -15.08344184683928 210.52719058940198 0 1 0 1.0826933135899937 110 221 121 169 124 330 114 179
495 -5.7153454892250526 -26.65614585821373 227.67539254025698 93 135 98 0.6133102155162854 110 247 121 181 124 227 114 180
496 0.24819509860585251 -1.7177571774496605 231.01654747579659 126 132 144 0.87712151576725883 110 210 121 136 124 144 114 181
497 23.557831958305258 -24.681029262755708 217.88454220896509 94 131 98 0.75898286417300387 110 136 121 182 114 182
498 0.073595329410034202 -11.836641977386776 226.50991952543043 203 217 218 0.55989886671781375 110 108 121 132 124 211 114 184
499 -16.47822821676527 -12.695683307326375 234.67149389732225 92 95 104 1.5639512046543664 110 216 121 130 124 209 114 186
500 4.1485230163479416 -13.85712797405024 223.00081234672189 186 202 199 0.20330744570654463 110 220 114 188
501 16.778245867463646 -16.060998824807786 214.3810578735806 13 32 12 1.2624261432143375 110 369 121 197 124 204 114 193
502 -21.197267200819955 -17.403623807940875 238.60602021383707 137 138 158 0.54147924709479522 110 223 121 196 124 203 114 195
503 -14.773712628971571 -18.383190661654098 242.18811359240706 112 131 120 0.36683843134557403 110 224 121 195 124 202 114 196
504 27.257484562230228 -18.251113165895209 217.35562491758412 181 205 192 0.44613677030371479 110 143 121 194 124 132 114 197
505 34.35964920029123 -18.661259843212299 214.6962279258461 178 209 185 0.14241103474057801 110 226 121 191 124 199 114 198
506 -1.7145358080551205 -18.274941072633922 222.88070125321471 29 40 23 0.24634260875605507 110 225 121 192 124 200 114 199
507 36.854731496111683 -20.029421225572094 215.650603401589 173 205 180 0.34252937342300316 110 145 121 123 124 130 114 200
508 13.101943972092281 -18.619277358051363 211.21429429500176 133 173 138 0.57103734259787919 110 227 121 190 122 334 124 198 114 201
509 -3.9485986461098856 -21.139167687230071 227.49182559280197 87 125 102 1.7220527461166704 110 150 121 188 124 196 114 202
510 -6.3267193316825958 -21.540509692649071 229.44968452572971 217 238 233 1.3376440414677597 110 202 121 187 124 195 114 203
511 -2.8644912099928841 -22.397966679494679 223.60072975704517 72 106 81 0.42378242966694901 110 206 121 185 124 234 114 204
512 -7.7385087171843523 -38.542806889370901 239.51165883982662 79 119 85 1.1917022542220652 110 266 121 205 124 222 114 207
513 18.435685831264525 -36.910813339279485 229.51905939174679 213 234 229 0.78769232927248634 110 237 114 208
514 10.019452961173416 -34.630312543468754 228.01394567963214 5 10 4 1.123070993893913 110 238 121 86 124 217 114 209
515 -7.865577845645273 -34.400082655124173 237.6943301612929 215 233 231 1.1090110993797966 110 240 121 208 124 218 114 210
516 13.324672387375381 -33.197272402901127 227.84591463097323 45 69 56 0.39328929378774236 110 106 121 85 124 86 114 211
517 37.538628834098105 -29.965614507153497 212.09046919782637 186 215 185 1.1110556681879162 110 264 121 210 124 220 114 213
518 38.745359798205662 -29.759487814527127 210.77781071462468 0 0 0 1.8797198773905575 110 410 121 345 114 215
519 17.884182905619959 -29.108481094571573 222.72881688987852 104 147 104 0.82308746966696611 110 243 121 214 124 216 114 216
520 -16.516235322757854 -29.731056660665693 244.86345102220639 139 144 147 0.35592026466062859 110 453 121 215 124 404 114 217
521 35.346009513563516 -26.962301801488703 214.27384444193098 202 229 220 0.94633077934588183 110 259 124 400 114 218
522 -22.288179693016243 -28.53181632865709 243.3118380768945 202 203 204 0.60318038345641856 110 246 121 200 124 226 114 220
523 21.366199859116968 -28.128306926198864 229.89041129771124 203 215 209 0.89243819445005768 110 451 121 373 114 221 124 405
524 6.7944464645349436 18.190131122423534 274.3802692093621 173 169 168 0.91845148527784493 110 208 114 224
525 11.389889977618548 -49.260559789499467 235.10286502640221 185 210 188 0.52290208591007548 110 170 121 158 124 167 114 226
526 -11.380534192258255 -31.427816193435813 231.18090599700537 26 38 28 0.465495081262077 110 262 121 212 124 224 114 227
527 -8.9810217182511654 -15.65859751638885 248.24651324253608 62 60 50 0.95744623814722085 110 362 121 129 124 207 114 229
528 33.661361251029589 -59.520051885470338 220.08122263018646 17 31 14 0.41984605127551888 121 230 122 146 124 249 114 240
529 -18.95266642765462 -51.762052861046691 233.27006912950753 0 0 0 1.0329722960760965 110 270 114 260
530 -2.473817425696065 -52.231972685111771 230.30735138667785 81 120 93 0.46428809621607053 110 263 121 254 124 270 114 261
531 -9.2986604509152464 -51.891857404776026 230.04017989261851 101 152 96 0.61716925367319131 110 461 121 387 124 488 114 262
532 1.053421371359325 -53.343397046860289 230.34987050137531 40 46 32 0.62577752865291014 110 274 121 256 124 271 114 263
533 26.574513526398896 -52.943334199576583 223.01449917544718 0 0 0 1.131358682043772 121 229 122 260 124 276 114 265
534 17.362230118964071 -16.849164444844206 209.73783904743792 201 225 209 0.21043373930808909 110 359 121 310 124 334 114 277
536 10.94225440533452 -4.2654153517303035 230.97408421756822 175 175 165 0.49426210990883102 110 629 121 269 124 564 114 287
537 30.852489643337329 -16.460832309043756 211.67436083058945 0 2 0 1.3024338477236976 110 370 121 270 124 626 114 288
538 -19.363328439814374 -20.003727730296188 239.03678895018103 93 100 108 0.94758113962829604 110 670 121 600 124 602 114 290
539 40.384751955493492 -24.55796275745017 213.5629168406121 165 202 151 0.66243259587489611 110 442 121 374 124 297 114 292
540 -14.793972777107935 -50.047011890040956 239.23495703997401 56 81 60 0.3718785868707889 110 276 121 381 124 423 114 293
541 21.312861312733961 -14.339748462410654 202.96298598591113 3 5 3 0.93192474221822108 110 597 121 307 124 329 114 325
545 -17.0864193356546 -20.898468264785123 251.33482046215826 69 100 70 0.68609496974902839 110 376 121 314 124 337 114 333
563 0.9858986171309807 -47.634072251567964 234.50037374652069 77 128 72 1.3395916194851063 110 252 121 246 124 265 114 360
1147 18.467527064095346 -17.576423526641623 210.16759731729925 1 14 0 0.32643906446351134 110 1647 121 1425 124 1599 114 1771
1148 19.196094612786787 -21.450275678405681 214.9447866976017 119 159 132 0.15485013041707485 110 1885 114 1774
1149 7.4202893667530878 -33.046137893393428 236.46900893807708 91 127 107 0.32805433742337659 110 2071 124 2097 114 1778
1150 35.94641011658311 -22.941530148152914 214.7496886658538 194 222 208 0.35830566135489667 110 1953 124 1658 114 1782
1151 3.0142661886348021 -21.860929038058003 212.48223275435828 204 225 207 0.15098648235459239 110 1891 121 2609 124 2896 114 1784
1152 14.227585443386049 -22.951320207450468 218.00961152108604 62 93 68 1.4239520982357312 110 1899 121 7168 124 7437 114 1785
1153 17.898258015269651 -22.667219670849196 214.39766731071609 107 144 126 1.1958518964803404 110 1898 121 1675 124 1667 114 1786
1154 18.190357051061337 -19.599238239717842 211.84451868004814 206 223 215 0.32708407391062932 110 1124 121 1433 124 1611 114 1788
1155 -4.5002539318242967 -23.586650363077947 228.17414417960867 173 196 177 1.2693154020347552 110 2696 121 3979 114 1790 124 3385
1156 -7.2401591584175398 -23.576568432881515 227.36038816187633 120 170 99 0.78220723849439677 110 1894 121 1672 124 1665 114 1792
1157 39.364302627531394 -23.836453016153818 215.85399285236298 181 215 178 0.32063776832930269 110 1927 124 1031 114 1793
1158 -14.455054231243235 -24.527490641049635 234.618031076329 66 107 66 1.3911762539366106 110 1897 121 1678 114 1796 124 2224
1159 -17.973646902352577 -22.453273212926547 250.78961426906702 174 183 182 1.3018557076863309 110 1917 114 1797 121 2638 124 3551
1160 -9.1494693885685106 -21.053546395603355 232.25087033603799 62 102 68 0.8987735250953004 110 1915 121 2639 124 1744 114 1798
1161 13.37242675780697 -20.168664482420152 212.09105357284858 123 161 140 0.64530381771945533 110 1880 121 1662 124 1615 114 1801
1162 -11.145269783180469 -21.887865974872131 233.54292502335048 194 218 204 0.57168222316333595 110 1877 124 3513 114 1804
1164 -8.5213760342441383 -41.840933245022754 235.66659971169665 184 211 178 2.5786428194935165 110 3434 121 3014 122 4084 114 1808 124 3945 124 3660
1165 6.7497408194220858 -40.403915632862301 225.38381908631305 204 219 211 0.54564024261347255 110 1283 121 1911 124 2408 114 1810
1166 3.311404891289532 -40.234404226639072 229.90117803714747 104 151 99 0.19476871825279946 110 3399 114 1811
1167 -8.8128013642650096 -41.397234515380326 236.57125573752859 100 143 99 0.31147772199876256 110 1318 114 1812
1168 -13.666234252278505 -41.563722312899252 235.0881181762272 72 121 84 1.7408598212934934 110 3439 122 2737 114 1813
1169 -3.6591079292384627 -41.55193474694088 232.56521703625168 116 159 129 0.2964964799906149 110 1281 124 1125 114 1814
1170 -18.467517472521379 -41.134945947588612 235.7269148927607 136 178 140 0.60571090256200055 110 1991 124 1120 114 1815
1171 -15.823999976640799 -40.896897720174088 229.7457913766369 80 125 91 1.7936833012615554 110 5024 114 1816
1172 13.500842159237848 -40.900351722295852 232.92360495020137 61 80 68 0.83988173358087559 110 1987 121 1253 124 2397 114 1817
1173 19.269345358376697 -41.714227220698 227.59704137719845 147 181 167 0.57297787335040018 110 2043 124 1175 114 1818 121 1919
1174 -7.8679703005280057 -42.460281194626845 235.65366755595173 173 197 191 0.35051043499323392 110 1967 121 1914 124 2411 114 1819
1175 -12.510980685508109 -42.470232146702926 236.20799602508106 79 120 86 0.34125007557034381 110 1966 114 1820
1176 -7.5537491552168206 -39.679502977250522 234.65095405294119 65 88 68 0.18965191472552509 110 2155 114 1823
1177 26.468088645368315 -39.215148520816733 223.35217829957 163 195 173 0.39973408587255699 110 1997 124 2400 114 1825 121 4183
1178 -1.3173049964548837 -38.217548649201781 227.15364716757037 78 126 67 0.28113413439975055 110 2150 114 1830
1179 7.9819614166705177 -39.016661845886532 221.72029424924287 192 208 203 0.71825881392583835 110 1983 121 3037 114 1831 124 3652
1180 -4.8699861377433082 -40.10236787036429 230.92879186946436 109 155 111 0.59537227105141011 110 1314 124 1117 114 1834
1181 29.948834573693041 -37.58188436308609 215.28504918761297 138 170 135 0.46993389044436157 110 1287 124 2445 114 1837
1182 2.5373570818795517 -39.320368760501658 229.87372441704531 73 119 70 0.19767485118855999 110 1996 114 1839
1183 23.448657614092546 -39.466372131849639 222.26634069333591 179 210 189 0.43218800439842181 110 2006 124 2559 114 1842 121 1843
1184 2.434916276243106 -39.293040745056501 222.1851814503172 102 151 95 0.89549919540543998 110 1995 121 3020 124 2402 114 1843
1185 6.8038717709308703 -39.55802634527501 225.17048708762536 17 28 24 0.3485058091622889 110 1984 121 1838 124 2398 114 1845
1186 -3.9905313331356806 -40.505035475063536 231.90359971358387 102 153 110 0.16251100241766331 110 1317 114 1846
1187 -6.0694762615391173 -41.318704891587004 235.55012748467138 189 216 185 0.53037775078570348 110 1982 121 1842 124 2401 114 1849
1188 8.2278878894688177 -39.028150409232907 220.05389595881607 94 119 110 1.2021020512751068 110 1975 114 1851 121 3019 124 4740
1189 3.6294433413217129 -44.885310683078778 230.33415024384644 141 175 160 0.72790933123062629 110 1369 121 1170 124 2450 114 1856
1190 -13.141536659036197 -45.721773150582663 236.80111471446062 114 157 129 0.31356525839672855 110 2026 114 1858
1191 -12.619504056425889 -46.273497736495777 238.42343311498902 89 135 99 0.76007747192163388 110 2022 121 1893 124 2448 114 1861
1192 -11.299547671396411 -45.1056234131323 232.09793202351904 70 106 80 0.45859393570484847 110 3118 114 1862
1193 -17.908991584452167 -45.709526624706406 235.78516946196612 49 80 62 0.37275179217970072 110 3105 114 1864 121 4532 124 4960
1194 15.587669498908861 -46.104889616635859 231.38642569417425 33 56 30 0.47875991784788624 110 1323 121 1903 114 1867
1195 15.005838736589427 -44.514065496378123 227.51005276295149 67 84 72 0.40103150777073127 110 2031 121 1180 124 3168 114 1868
1196 -6.3450373177329213 -46.222183828199483 234.14635883498713 92 135 111 0.94337931356066496 110 2964 114 1870 121 5381 124 4945
1197 -20.532598281412145 -46.352917959328614 237.04821416480047 170 201 188 0.2883755724027961 110 2027 121 1901 124 3170 114 1871
1198 27.045735610004485 -45.320302066828077 224.95901049674058 183 212 184 0.27509717780634141 110 1203 121 1908 124 2469 114 1872
1199 -6.340072624901568 -46.786790217007308 233.77229811420474 185 215 207 0.52521356890301607 110 2025 121 2748 124 3145 114 1880
1200 22.781155190587821 -43.12511560359971 224.84265960031976 101 147 101 0.44678252411865532 110 1422 114 1881
1201 -19.998584298371323 -42.753513221280294 234.10310350383358 165 183 158 1.1299784985575458 110 1977 114 1882 121 9065
1202 -3.8145899112376562 -42.725812172302454 230.30973871761734 191 221 192 0.33750239570273005 110 1291 121 1923 124 2418 114 1883
1203 6.1668607884399842 -42.403349752958952 226.77161444642783 202 214 211 0.23166299705225929 110 2052 114 1885 121 3035 124 3097
1204 15.221633921601747 -42.295040333051972 224.30268821992289 98 143 113 0.47950272292110574 110 2060 121 1928 124 2479 114 1887
1205 -6.1906046415357681 -44.012467633436202 235.764842067003 115 161 114 0.088252391595258023 110 3350 114 1888
1206 -3.3329699975190752 -42.688144387810567 228.67062610237974 79 122 86 0.93077307817492505 110 2049 121 3033 124 2419 114 1890
1207 7.5285870805460533 -42.345846115691899 224.34694537382978 201 210 217 0.22244024961178333 110 2056 121 1931 114 1891 124 2480
1208 23.246492530079369 -42.095121332291527 220.6936553247414 94 137 92 0.045998923468385064 110 2066 114 1892
1209 -5.7244191108173714 -44.442497026341435 235.66380989263314 90 138 87 0.54611850158225439 110 1351 121 1934 124 2481 114 1893
1210 20.400279859369757 -42.795268944912799 227.86706913674004 94 136 116 0.31599294265559424 110 2059 121 3656 124 2475 114 1895
1211 23.55736600343727 -43.665557341413646 224.4423577605385 54 97 54 0.81445935542304737 110 1370 121 1886 124 2449 114 1901
1212 17.618982457952129 -43.874589869707421 226.14910591885086 104 148 113 0.62853438321080846 110 2023 121 1883 124 2496 114 1902
1213 -16.189636390156434 -45.119190097993275 237.42841445137702 101 144 117 0.20678027702733098 110 1354 114 1903
1214 24.639057347414827 -43.894840063170584 224.09325574507616 150 187 140 0.15142895951758997 110 2581 121 1892 124 2456 114 1904
1215 15.474940851222856 -44.271048461612033 225.98389715154514 191 219 197 0.41161425359036619 110 1327 121 1879 124 2452 114 1907
1216 21.312882612374121 -32.431694097288208 225.07179914146309 211 229 207 0.65531128988409637 110 2081 121 2495 124 3754 114 1908
1217 2.2548629528907238 -32.108946880896674 231.30361169635387 62 95 64 0.74727113861623984 110 1850 121 4296 124 3782 114 1909
1218 -13.013799654068611 -31.526056824932919 230.69352684653927 3 15 13 0.4279635657933768 110 2109 121 2537 124 2137 114 1910
1219 -9.393852935812955 -30.187373275200834 221.25921334211654 5 16 7 1.41351121490881 110 2110 121 4250 114 1914 124 3790
1220 16.663970487456446 -31.938246731196184 225.31363991311488 130 165 138 0.39955450250838592 110 2073 121 1555 124 1592 114 1915
1221 13.253924503132353 -31.987601924481531 225.71999833586614 59 86 70 1.374850152056931 110 2074 121 6945 114 1916
1222 -17.201915287613403 -32.445851850018613 235.11885370657697 127 160 153 0.95043135075171215 110 1798 121 2481 114 1917
1223 -9.8423586872512683 -30.109174736124871 221.47767802218456 179 200 191 0.17243855949491335 110 2099 121 4246 124 2131 114 1921
1224 24.100044023736665 -32.635283350854699 225.18623375641133 119 157 137 0.67027432642067419 110 2085 124 2106 114 1922
1225 -16.385037659004443 -32.706184078046867 233.86832916297931 138 171 162 0.68517051668068873 110 2128 114 1923 121 6954 124 6999
1226 16.825620586739053 -32.509917220935456 225.0718478841026 167 199 176 0.59974530913042801 110 4368 121 2687 124 3757 114 1924
1227 -2.1652931331588268 -34.17058073798345 239.07589679652818 99 146 86 0.37258408854944169 110 2079 114 1925
1228 1.8505146233995353 -33.012094863286102 230.72927172196685 59 93 60 0.505864991938338 110 2077 121 2492 124 2541 114 1927
1229 36.526811199049391 -30.923970670900832 210.45083473252907 149 161 115 0.73072828005684176 110 3313 121 2503 124 2168 114 1929
1230 34.901196378152946 -32.00758623771199 215.11492277670419 137 173 147 0.50451959968831483 110 2094 121 2956 124 3606 114 1931
1231 18.353421495409155 -32.706712899175926 222.40425977715222 139 171 158 0.8204093103941632 110 1868 114 1932
1232 35.59517427597649 -31.712931776124524 211.68424118346613 157 188 170 0.5919167915905077 110 2160 121 1851 124 2178 114 1933
1233 -17.052757363697477 -31.151280842623859 233.09671625847625 194 212 206 0.22456217908185166 110 1781 121 2526 124 2123 114 1934
1234 17.607649263839757 -31.009565943128997 225.43960443886178 208 226 214 0.31877489239109857 110 2107 121 4310 124 3794 114 1935
1235 20.032709265765142 -31.034500109208043 225.40900099812254 102 135 118 0.2394186756441905 110 2117 121 2529 124 2138 114 1936
1236 25.219623624998167 -30.589327335521055 220.59421537838006 100 127 110 0.23175689989216564 110 2122 121 2532 124 2090 114 1937
1237 -10.534211968598525 -30.062383924427539 226.64910973225014 100 139 112 1.5689464495623022 110 2748 124 2119 114 1938
1238 21.216897818000596 -31.216605104937731 225.53336522978503 189 215 202 0.41728081729630695 110 2123 121 2531 124 2089 114 1940
1239 18.650899071852177 -30.772335429020995 224.86198198552381 212 233 227 0.41092165463807395 110 2102 121 2528 124 2132 114 1943
1240 16.298509014233687 -29.95737519517359 222.41312487836154 162 193 177 0.71021263698308257 110 1429 121 2338 124 2122 114 1946
1241 33.559118390819435 -31.967912042905503 213.74201078417065 174 208 181 0.31203836868470181 110 2095 121 1730 124 2166 114 1947
1242 37.615136169266968 -29.406302121516564 215.05602948004591 155 187 163 0.61910409843690473 110 2115 121 2525 124 2134 114 1948
1243 30.599856004569787 -29.978557370685991 212.37667894875338 100 142 102 0.85887095147732806 110 787 121 1552 124 2099 114 1956
1244 8.0930798406146991 -32.723633074654131 234.15793114342358 206 222 211 1.0747380688595873 110 2070 114 1958 121 6973
1245 5.0300386703538171 -31.634868935503277 227.74218608850811 162 191 151 0.32921720454939218 110 2121 124 2092 114 1959 121 2480
1246 17.762782387107912 -36.299639289105272 224.12155884914964 205 228 220 0.43480635223161046 110 1248 121 1877 124 2159 114 1961
1247 33.183153139614035 -34.720242638628022 212.34164074215738 191 209 185 0.55580664899550958 110 1205 121 1597 114 1963
1248 3.1652027770382363 -37.307728287502549 230.00157588559571 60 97 53 0.21289559283419324 110 2134 114 1964
1249 31.832311304042786 -35.45120931717581 214.54347923482405 75 93 63 0.92211111279957692 110 2145 124 2424 114 1967
1250 27.917857726307261 -35.053082324364617 213.1375754042605 165 197 173 1.0495329639846287 110 812 114 1968 121 700 124 736
1251 -9.8763579521800633 -37.013935576391852 229.32554952962545 94 135 102 2.7806626866056421 110 3262 114 1970
1252 25.376278231092673 -36.684938654799545 221.24567141616564 94 135 104 0.27872246469083228 110 1301 121 1598 124 1149 114 1971
1253 -9.2196634859624851 -38.73536809161817 238.42841702214918 88 127 94 0.50408395722160637 110 3253 124 2162 114 1972 121 1834
1254 -3.6932799265149567 -38.161864343572937 238.74129052878232 70 121 65 0.92507464097792369 110 2130 114 1973 121 1875
1255 19.102568182992524 -38.30561644353125 229.2260197387069 198 225 207 0.26288546973469801 110 2149 121 1823 124 2428 114 1976
1256 6.9584418508694679 -37.275402981965016 225.19463749196348 2 15 2 0.20537198949787955 110 1321 121 1591 124 1148 114 1977
1257 15.633269889057971 -38.43989755617384 227.74584301973493 199 226 218 0.35631437418585005 110 1304 121 1826 124 2431 114 1980
1258 -7.6164370766550027 -39.42938157895842 236.78339638024835 192 214 194 0.75688451766921339 110 1359 121 1825 124 2429 114 1981
1259 23.018971168425626 -38.012681246509288 222.59415526869722 193 219 206 0.99179339366481445 110 2002 124 2436 114 1984 121 4802
1260 27.074718557083372 -32.872831546119571 218.3403878619136 222 237 224 0.2376179275561956 110 1827 121 1618 124 2182 114 1989
1261 18.304236154610987 -33.550200601999101 223.46264636501814 185 211 202 0.31834281678810228 110 2097 121 2702 124 2180 114 1990
1262 31.713223224401627 -32.386995850899687 213.78828673754609 164 197 168 0.16823281925940314 110 1829 114 1991
1263 17.128274403115473 -33.640051428620708 223.56136014727466 139 170 154 0.012032643610912637 110 2114 114 1992
1264 -10.381289241778562 -33.721981624250255 229.602436611033 78 111 92 0.67287996748124401 110 2086 121 2644 124 2169 114 1993
1265 19.297868902631677 -35.056704240513376 230.16748065609053 147 175 163 0.69034898830342228 110 2170 124 2183 114 1994
1266 25.572160423703131 -35.75085420901577 228.16610872652157 203 229 215 0.33318222776213496 110 1846 121 1865 124 1576 114 1998
1267 21.473343317552775 -38.655928442335764 226.0025736584245 174 205 189 0.53200667136729396 110 1299 114 1999 121 1629 124 1116
1268 -15.211503040896057 -36.115212563117545 236.75669804909069 71 106 82 0.20662048667996891 110 2166 121 1862 124 2187 114 2001
1269 5.778623062080146 -35.579265749457861 226.1986479018189 80 123 71 0.50796434952393121 110 2184 121 1866 124 2145 114 2005
1270 24.689952647253428 -35.261225289691005 220.5565888476302 197 222 217 0.26155947121048806 110 1835 121 1606 124 1137 114 2006
1271 29.595902685934941 -34.936095192443496 216.91970879465052 125 163 126 0.84407465503552237 110 3260 121 2900 124 6937 114 2008
1272 13.444195880131335 -37.044591796638564 229.92693766712227 164 190 166 0.043980333023977303 110 1249 114 2011
1273 -1.4587233587894728 -66.405151394054386 236.68204762159647 111 150 122 0.228476821941311 122 2233 114 2028
1274 20.112124123238036 -50.678976554260579 228.67975231859398 146 182 146 0.43938175620149927 110 2317 124 3057 114 2116 121 1725
1275 -5.2213417791478776 -49.783102984998834 234.10637781807446 119 150 144 0.8807181081976756 110 2361 124 3077 114 2118
1276 -5.737722177090518 -50.357278455613837 234.99282034504381 176 205 199 0.36813296091951564 110 1181 114 2121
1277 -7.4980784928239164 -51.308539662389698 237.60364657222175 98 143 112 1.1322397786976977 110 2363 114 2122 121 1719 124 3083
1278 -18.465536654927472 -51.913917007948136 241.53370708461864 170 202 193 0.50996095005486908 110 1185 121 1044 124 1047 114 2123
1279 20.733011804300421 -50.490124669981192 228.27684958125135 113 155 101 0.78726172152079021 110 2316 114 2127 121 2881
1280 23.161229844169227 -49.953777213881246 224.96356856806366 155 187 143 0.68653002920592998 121 3691 122 4162 124 2296 114 2128
1281 -16.501983509852288 -51.622659551007764 237.16915212589345 101 145 118 0.0080355947735722775 110 3164 114 2130
1282 15.258584519546302 -49.227778888157992 222.09499587846273 101 135 110 0.38964514888665935 110 4922 114 2131
1283 -0.1041438695220446 -50.29808615987573 227.25717839941041 174 212 181 0.10221141451590966 110 2314 121 1727 124 2295 114 2132
1284 -10.386037259462789 -50.866771800152023 230.52745480514628 90 135 94 0.97901718032646823 110 2313 121 1728 124 2306 114 2134
1285 23.949967854163333 -52.062887137318619 224.92088491353937 119 156 125 0.42716528668086501 110 2331 121 1016 124 2314 114 2141
1286 -15.059831600908799 -47.402649992330666 237.53986804847131 134 163 144 0.27693182929891724 110 3136 114 2143
1287 -16.329844166524811 -46.955067929858437 235.37991940513086 54 84 68 1.0031567796461278 110 2030 114 2144 124 4976
1288 -15.491417166645215 -47.339511826036293 237.18382972019023 47 74 58 1.3844561407239275 110 4803 114 2146
1289 15.471062185907041 -45.753396799231972 224.33741607073614 168 201 156 0.65885809752556079 110 761 114 2147 124 846
1290 28.949587576474862 -45.9409911544019 221.93334013446253 151 172 155 0.30332109492501691 110 2350 114 2151
1291 12.379582011310649 -47.764554441356594 232.33205581172058 155 188 157 0.2540174839106743 110 2583 121 1743 124 2324 114 2152
1292 -10.049806570918175 -45.727068220844679 226.4132656673678 65 105 77 0.97070572868042104 110 1341 121 1156 114 2153 124 2471
1293 21.392981970956807 -47.124343803636407 227.4782426151759 98 142 104 0.5185990941029387 110 1216 121 1751 124 2327 114 2154
1294 -4.1112005164935805 -53.108371343679373 231.92838142010243 168 200 187 0.4653197308337777 110 3178 121 1798 124 2309 114 2155
1295 -18.109798514127434 -49.175325671260808 240.5698641130802 151 185 170 0.51903384363578764 110 2340 121 1750 124 3046 114 2158
1296 -6.7767828390207789 -48.128676889466405 230.49545583938561 107 149 129 1.2969586725749567 110 3205 121 2733 124 3024 114 2162
1297 2.1627724710436365 -48.329691679081272 230.07960722302528 130 165 138 0.95269130298564275 110 2355 121 1757 124 2331 114 2163
1298 20.334496779855478 -49.368175856312007 231.93931420929968 98 139 97 0.33596939924935548 110 3225 114 2164 121 2865
1299 -7.4480816607866496 -52.884173180467883 231.37170931693268 158 193 171 0.73510086787155726 110 1200 121 2670 124 2293 114 2195
1300 -13.041696975217329 -53.811788060393589 233.46012665087866 90 122 111 1.1780382228039623 110 2329 121 1800 124 2311 114 2202
1301 -7.9193656738346752 -54.65973650240722 235.27475218266264 169 204 179 0.55305351766593402 110 3711 124 2690 114 2204 121 2838
1302 19.457331511332132 -51.528016246550827 216.92960574688118 92 133 93 0.59713074738111849 110 1261 114 2211
1303 -1.4564202171941252 -55.09674909855201 231.34292803110549 100 139 108 0.59652408175237959 110 2401 124 3268 114 2215 121 2821
1304 -3.222183219382261 -55.362902966384375 229.24350239655439 175 189 166 0.69990849729022175 110 2408 124 4303 114 2219 121 5615
1305 17.827863695281575 -7.7375866485349913 239.01969131657398 193 192 188 0.18987260257098026 110 1747 121 2232 124 1496 114 2220
1306 5.4287758457498958 -6.4684563115266798 235.70128652340426 114 114 106 1.1887362033149473 110 1737 121 2222 124 2629 114 2224
1307 -2.8451666907611988 -6.1385615445170751 234.36437288064138 72 71 67 0.49810519006801918 110 2439 114 2225 121 9590 124 9322
1308 8.9809030583235607 -6.3920763695347134 227.64269505988713 185 208 199 0.063430296886374679 110 2445 121 2223 124 2621 114 2226
1309 -11.228731596513962 -5.8842933289776926 232.40069394475563 145 147 159 0.32479356904959217 110 2433 124 4213 114 2227
1310 19.751924188037819 -7.4994215303945344 237.4291835383882 70 69 68 0.64313262478688671 110 2471 121 2230 124 2613 114 2229
1311 -6.1888140511320024 -6.3118616688186977 233.87001849046808 191 190 185 0.3334354595921134 110 2426 124 2626 114 2230
1312 3.765180040549752 -6.9199342501610035 235.31853249368251 171 171 163 0.30280036085099765 110 2450 121 2229 124 2618 114 2231
1313 21.51155688680301 -8.0243804511579118 243.30551935145797 11 9 10 0.18740516284302161 110 2519 121 2234 124 2627 114 2232
1314 -4.5583161602951243 -7.1108082170984988 239.75332522367557 73 72 68 0.89495718948991676 110 2451 121 3581 114 2235
1315 7.9753281207509525 -7.9230920106920815 226.28083118805895 78 112 88 0.098796967623454884 110 2523 114 2237
1316 6.7272042361053224 -8.0466891252584674 225.79743225963693 198 213 200 1.2415688413772283 110 4009 124 4194 114 2238 121 5896 114 5370
1317 -7.342168695000213 -8.0871033975782325 238.62763410908232 179 178 175 0.47266213060749412 110 2518 121 2181 114 2239 124 2667
1318 -8.662223447631753 -8.6143679874423817 239.51315352345983 62 58 54 0.83054619263596074 110 1602 114 2241 121 2188 124 2662
1319 10.281184842219949 -9.1023609491728337 231.02534272587758 181 208 203 0.40790693403454548 110 1606 121 1280 124 1384 114 2245
1320 -3.0241325330007318 -8.7712542167115615 234.29295601251667 101 144 102 0.60413968756843162 110 2532 121 2189 114 2246
1321 30.251994075547923 -7.1657344344094751 256.97075284330606 183 184 188 0.18659464872283557 110 2452 121 3860 124 4218 114 2247
1323 4.8735356239694116 -4.4878953142071252 234.22081971225367 218 218 208 0.024847052645961952 110 1724 114 2249
1324 15.282836860222325 -5.0727812904576668 235.62789559823474 197 197 187 0.23761795058462831 110 2482 124 3901 114 2250
1325 -5.9493138640621224 -3.9408390770924551 228.68192440855864 104 108 120 0.28758774005859317 110 2467 121 2379 124 2711 114 2251
1326 -4.3259209302590502 -4.2937803540662802 232.71352566073725 205 207 202 0.66391516842913723 110 2456 121 6003 114 2253
1327 27.303719216678175 -6.1954467691304433 248.70570081078276 121 122 124 0.39349553127323011 110 1435 121 1278 124 2635 114 2254
1328 9.9101028995252491 -4.8442680248163725 228.32142507756436 17 19 12 0.29158285600083356 110 1727 121 1472 124 1478 114 2255
1329 -9.1167625236073153 -4.3249499573788581 231.83504489060218 141 145 157 0.42308773801671251 110 2472 121 2381 124 2706 114 2256
1330 30.63960869669307 -5.9700026834821278 231.62374341382002 128 136 147 0.25399002179713409 110 2440 121 2213 114 2257
1331 -5.2246643886019468 -4.6756635540154052 233.18665498315897 74 78 76 0.14679694477376284 110 2478 121 2384 124 2697 114 2259
1332 18.647809543314146 -5.8091459531771328 236.34764895687272 200 201 195 0.49044795322376711 110 2437 121 2681 124 2634 114 2260
1333 13.403584742617475 -5.558613941036918 233.86621174205379 213 215 209 0.92763142991466663 110 1731 114 2262
1334 32.159660592103791 -6.3772607844954372 233.12560403809954 152 158 172 0.43637186594609073 110 1738 121 2216 124 1269 114 2264
1335 28.499407354173417 -7.3036896675159033 258.04271512298897 12 12 14 0.47665002195152967 110 2453 121 2218 124 2622 114 2265
1336 21.023481464043154 -6.4806393950550554 240.69919251254547 111 109 102 0.4054706453338755 110 2447 114 2269
1337 -0.017284568090037276 -5.7186465826534638 235.90369663288075 170 169 164 0.030398397490970903 110 2431 114 2271
1338 -10.267475850986179 -5.0848362428627185 231.63388829459399 129 132 147 0.18625655447536754 110 2598 121 2211 124 2638 114 2272
1339 -6.5780180237744146 -11.367347554431175 244.91181739513809 178 177 173 0.81628222084892454 110 2495 121 2272 124 1949 114 2277
1340 -14.050860685665018 -10.836396449164605 240.28146418246661 90 94 105 1.3034268611492528 110 1573 121 2271 114 2278 124 1952
1341 31.281421730611122 -14.72859770664444 261.91708991575564 99 97 100 0.32914261134224737 110 2841 121 2291 124 4064 114 2286
1342 12.15900045453232 -11.823462039839182 226.66333850424292 82 127 95 0.53118159214187655 110 2817 121 2669 124 1982 114 2289
1343 -3.4401190736820895 -11.490350512902342 227.77668153432489 93 136 105 0.63676402235225171 110 2503 121 2283 124 1939 114 2290
1344 -17.542127181057204 -11.286998277196165 233.71597454991812 90 96 107 0.24843876412560706 110 2499 114 2291
1345 -18.266555877474069 -11.372132434432961 235.56607455156814 127 133 145 1.2430127575694501 110 2500 121 1523 124 2593 114 2292
1346 9.0737341468721038 -12.063322010037149 226.63851701301269 45 77 56 0.26535917186702973 110 1424 121 1242 124 1979 114 2293
1347 -10.598950385168994 -12.583521444492039 243.42976412324862 173 171 169 0.23268995011143873 110 2514 121 2288 124 1981 114 2297
1348 5.8130440720383643 -12.967517850433664 239.02622398135483 24 25 21 0.37801701142252786 110 1594 121 2289 124 1977 114 2299
1349 -12.966279629556988 -12.747681999666341 245.65237669060295 83 82 80 0.37824587503760249 110 1587 114 2300
1350 -9.4500303386611328 -9.2186155540222643 245.8106155660181 145 146 141 0.91512339745924243 110 2534 114 2302 124 2660 121 3601
1351 -8.0438177768983792 -8.9848145649437807 239.71381947619454 166 165 160 0.49502868456737315 110 2533 114 2305 121 3602 124 2659
1352 34.323958190383095 -11.795432688314454 259.28358032386836 144 134 119 0.38693120285988891 110 3979 121 3532 124 4250 114 2306
1353 25.752092577729648 -11.139252013373394 252.78742849073288 172 171 167 0.56212584623580764 110 1575 121 3534 124 1958 114 2307
1354 14.980364062058655 -9.5226254586958383 228.9039461733469 163 194 181 0.66855434943275371 110 2543 121 2196 124 2651 114 2308
1355 32.860036244118895 -12.183098895361111 256.57553019505434 81 72 63 0.51531352495324967 110 6632 124 6199 114 2313 121 6170
1356 25.091525227920336 -5.5516467187204031 241.3738320021744 145 145 145 0.68645984355792744 110 2430 121 2385 114 2314 124 1485
1357 38.399826620554848 -11.498611814992589 237.085217198913 79 86 96 0.47281336933822599 110 3973 124 4089 114 2315
1358 12.923871442502678 -10.080196961969436 226.78509369633525 86 133 97 0.42165769797853192 110 1622 121 2205 124 1955 114 2316
1359 3.8522120864244136 -10.362639580796447 236.12615435135592 76 77 74 0.20639840959636488 110 2491 121 1238 124 1357 114 2319
1360 -11.20748754647547 -10.506024756577926 242.65206115173817 190 186 183 0.0079716786532500489 110 2489 114 2324
1361 11.101385538589891 2.6396864330417764 229.06158031514468 144 147 155 0.59841244470710997 110 2663 114 2328
1362 18.824975572479101 72.898666817087673 236.04893457060089 183 207 247 0.58861151663865041 110 2549 124 3955 114 2333 121 6368
1363 10.951194556890878 71.334251521848827 237.44368012615746 96 119 180 0.96306654903297639 110 1702 114 2335
1364 18.680447674102986 66.592878277922765 236.05901918503972 99 135 211 1.1188642431583085 110 4051 114 2343 124 9905
1365 11.483019183053093 -16.805793593622443 208.99131012156954 154 190 147 0.60531913165536322 110 1639 121 2598 124 2062 114 2354
1366 -1.1454030513313418 -43.659464000034006 232.09698268697542 210 234 212 0.3588574323024466 110 2054 121 1123 124 2478 114 2358
1367 7.1840569591143328 -19.33220566987298 212.41328108880984 153 193 159 0.54249695151949295 110 2861 121 4149 124 1990 114 2360
1368 12.045304741468673 -19.724892761870255 212.05572541111854 49 81 60 0.89817736072982901 110 1919 121 2641 124 1699 114 2363
1369 14.674107096538714 -47.267640189769381 231.11334992744017 124 164 110 0.34975969657904088 110 1207 121 1163 124 1064 114 2364
1370 2.3517804633369761 -48.607068808364119 226.73286136585497 44 46 30 1.7130261405064697 110 1182 121 2855 124 3079 114 2366
1371 3.5342003985148636 -13.013948422495115 227.87601298342176 121 153 122 0.26676925982338512 110 2816 121 1406 124 1429 114 2369
1372 -15.121794607840487 -11.140612738915204 235.9161709630593 118 120 133 0.16520158105638855 110 1576 114 2372
1373 -0.89552700183859202 -8.1551618930024912 231.71161210927727 83 128 87 1.2216527389853116 110 1600 121 1535 124 2666 114 2374
1374 -4.9213699964975461 -5.2036484440016659 233.54946173706799 219 222 215 0.51102102992593601 110 2483 121 2210 124 2639 114 2376
1375 29.535001563975626 -5.2709940056275526 231.05190724117767 128 134 146 0.5757628984967007 110 2484 121 1471 124 1481 114 2377
1376 -2.8809208110494375 -2.0037778784548612 229.46906963092286 98 103 115 0.40918686239157109 110 2623 121 2374 124 1509 114 2378
1377 28.700042660073034 -2.8511001329688721 229.5248679043946 103 106 115 0.94492589423029594 110 4164 121 2363 114 2381
1378 3.9587145291260173 -2.0622699675174707 233.10791185466513 129 133 132 0.75535133214679506 110 4186 114 2382 121 10303 124 6509
1379 -5.7602861512032462 -1.8225211144071292 230.85808991692795 116 122 134 0.86003540763794717 110 2617 121 2417 124 2680 114 2383
1380 9.318682012954925 -2.6698273981980676 233.61494208836518 169 166 159 0.30116128691125271 110 1764 121 1466 122 1344 124 1511 114 2384
1381 16.302021128575003 -3.0955651764128294 236.03438065177087 203 202 198 0.15532490511359004 110 2458 121 2364 124 2683 114 2385
1382 -1.4715102859595606 -2.1713591567504018 229.41678994557859 171 175 187 1.0617371288523305 110 2627 114 2386 121 6437 124 6503
1383 -4.5403100667467573 -2.0295320277001698 229.3308631101325 199 205 217 0.30998762355658982 110 2624 121 3850 124 3925 114 2387
1384 -8.4566635522412721 -2.0905613864805939 231.20642243254642 146 150 161 0.26538919678284656 110 2625 121 2362 124 2674 114 2388
1385 16.921617751061369 -3.2586605640560862 236.97447561189779 90 89 85 1.069824680161179 110 2462 121 6500 124 6478 114 2389
1386 11.149169747264095 -3.0524771327885798 234.34952370142909 113 110 101 0.51489254563852749 110 1766 114 2391
1387 6.0254037180547479 -1.8537713637194109 233.20353270587432 216 215 205 1.0925575492108961 110 2622 124 6644 114 2394 121 6469
1388 -4.5072746718174823 -2.6009929721980884 228.63311179627021 101 107 119 0.6216491616143629 110 2634 114 2397 124 2681
1389 15.231147329846024 -3.7847529352344553 234.54821696839204 208 205 200 0.32318403865994605 110 1768 121 2369 122 1946 124 2715 114 2398
1390 14.61370812920943 -3.8953833557291437 236.46892546289709 116 113 106 0.47223335490532198 110 2469 121 2371 114 2400
1391 -6.4853477874888217 -2.868996200241452 230.08238501249855 144 150 164 0.50882726184391269 110 4170 124 3874 114 2401 121 6512
1392 29.742875884935575 -4.626454752090198 231.71480925999467 162 166 178 0.35066746803043403 110 1726 121 2375 124 2708 114 2402
1393 30.740783872351777 -4.7354957620577958 231.80082106265363 106 110 121 0.33078080007472316 110 2599 121 2378 124 2720 114 2404
1394 25.470749050550506 -0.65431076501160923 232.01918616414656 148 149 156 0.3202093025227879 110 4154 121 3923 124 3906 114 2417
1395 5.0480994510757409 0.13140029422118465 228.01987264318257 104 111 122 0.58376946787493333 110 2609 124 2646 114 2418
1396 23.103894494546523 -1.4300479744237689 229.33529157831853 196 201 211 0.18347748525592111 110 2613 121 2411 124 2702 114 2421
1397 3.8915164495737891 -1.2487159833932886 229.5618907482918 172 177 182 0.057382027539547624 110 4147 114 2425 124 6631
1398 15.630630904506631 -1.8985181341216899 234.71076427680185 185 185 183 0.0085398670907077708 110 1759 114 2426
1399 8.7268803770822707 -1.6816009620222263 233.05816932099663 87 84 79 0.12113357763643134 110 2616 114 2427
1400 17.591530892458444 -2.2318726065330328 235.81939896352623 95 93 96 0.48059678018875834 110 2629 121 2415 114 2428
1401 -1.4047389071151815 -1.4381376585881185 230.2089892420417 110 118 131 0.62313134056104014 110 1756 114 2431
1402 31.185784159423783 -24.551019900257021 216.38805589657977 163 198 168 0.90951319012085885 110 1934 121 2450 124 3426 114 2433
1403 22.762956596233163 -22.479093510425336 213.88821427237298 194 221 191 0.26526561885167738 110 2719 121 3990 124 3333 114 2434
1404 15.409633523672239 -22.520072771573208 216.21470695617205 96 123 109 0.32675220033273494 110 2713 121 2610 124 2221 114 2435
1405 38.081122029018672 -23.063814348536859 214.95380395392522 197 226 208 0.75542100236176579 110 1954 114 2436 121 1677 124 1673
1406 -18.154546258738346 -25.866120897804841 250.84629975872423 94 101 112 0.36899896630341955 110 2715 121 2611 124 2222 114 2438
1407 -18.672371042313991 -25.87553778858307 250.26561165878914 176 184 187 0.073923296172532266 110 2716 121 3991 124 2223 114 2439
1408 4.1830132995080245 -22.752779638967361 213.67386235298386 138 172 145 0.75329419438508838 110 2720 121 2615 114 2441 124 2227
1409 -17.344153086760269 -28.10432931999998 258.68933259563119 148 160 161 0.5135578136801171 110 4315 114 2445
1410 28.769094685752357 -24.41220647396274 215.69221670308735 97 143 97 0.40428851806043625 110 2690 121 1651 124 2205 114 2448
1411 16.862327243161136 -24.664055629574591 219.94443626897376 93 120 103 0.4293292973525481 110 1928 121 1650 124 1642 114 2450
1412 31.835618628204575 -24.679075016463322 214.37962175615164 131 170 142 0.40508647481312127 110 2757 121 2457 124 3966 114 2454
1413 -7.0031331262460466 -24.711933807968993 224.74403942111149 152 194 151 0.53625418399838187 110 4321 124 7288 114 2455 121 4383
1414 -11.491220899707063 -24.892849462680427 225.49384547817164 200 231 215 1.6753701924438456 110 4320 121 10773 114 2456
1415 -18.5371681826221 -27.978493517016069 251.66503539808329 66 73 83 0.49986820420323169 110 4259 124 2201 114 2459
1416 26.97712649318991 -21.703053190207044 215.23641826766831 142 172 162 0.41432299632985697 110 2700 121 2601 124 2403 114 2464
1417 32.803605916496203 -21.625288675007639 212.45276307225356 195 222 207 0.8337459349794647 110 2705 121 2603 124 2171 114 2465
1418 13.4967434349479 -21.492067126656764 216.20328636140331 35 63 48 0.73631747955668925 110 2872 121 2600 114 2466
1419 21.801615848424511 -21.677550954107645 214.30137706907851 75 118 73 0.90956026082405672 110 2588 114 2468
1420 -12.603415957531563 -26.163667586752457 235.03559909137081 113 155 115 2.0323405897235993 110 2666 114 2473
1421 12.470985346981706 -21.829275683042194 215.05337546928908 72 112 75 0.36260292297833924 110 2698 121 4251 124 2190 114 2474
1422 14.712705962510183 -22.186601784216748 216.81821046937864 102 135 118 1.4471431547138494 110 2702 121 2605 124 3362 114 2477
1423 -14.843166972007831 -23.257087577938911 235.30517630404339 57 88 56 0.66940521317053603 110 2870 124 2319 114 2479
1424 9.0121885935354644 -21.518470304909258 211.93857590417261 140 181 141 0.38564696723910846 110 2697 121 2604 124 2189 114 2480
1425 -11.99586272750923 -23.318889360878334 232.65444746052157 179 214 189 0.49360249025321101 110 2875 114 2482 124 7364 121 7184
1426 30.274403633726237 -27.98194694427519 215.10856075493842 181 213 190 0.2367866548182746 110 2743 121 2511 124 2266 114 2486
1427 11.600736550152613 -27.014530284944595 220.91680240796157 118 162 112 0.60864192906753911 110 2776 121 6762 124 3412 114 2488
1428 7.6949097722035589 -26.482801631005369 217.14516455666356 70 109 78 0.57696576362544716 110 1800 124 3410 114 2489
1429 -21.926880163968139 -29.403839250986376 241.64428623319529 86 89 96 1.6639608912343382 110 2778 121 2438 114 2495 124 4336
1430 23.206329510086274 -28.209314754536805 218.89239467924622 166 184 172 0.44675856946864029 110 2739 121 2448 124 3748 114 2497
1431 8.1720218193871172 -27.850338268815758 218.43789312300456 155 187 167 0.59381527927213029 110 2732 121 4067 124 3722 114 2501
1432 7.2985374610320308 -27.862482774658567 218.32358009667323 180 205 184 0.66670548168402366 110 2580 114 2502
1433 -11.812333053413379 -29.029191317557991 230.00883972679893 209 228 226 0.70145457092412833 110 2730 121 2447 114 2504
1434 -20.469902289839592 -29.528036529178376 235.99274872517719 195 207 205 0.52236510585847507 110 4412 121 4068 124 2572 114 2505
1435 -18.594343118896013 -29.326519789901262 233.00340138065152 19 26 19 1.1399583499268453 110 2728 121 4065 124 6830 114 2507
1436 21.345047259868522 -29.915161505246786 225.90725842001257 203 220 216 0.19772944498165171 110 2751 121 4099 114 2509
1437 25.052522294533379 -29.229404592785201 219.83560776169492 155 190 159 0.24346251818878378 110 2753 121 2337 124 1526 114 2510
1438 -21.824257846290482 -27.090383788850097 243.96294017509709 183 186 193 0.25297212367369321 110 2682 121 3976 124 3424 114 2516
1439 20.482804642441824 -25.838889728317518 222.13676153202533 215 223 214 0.24005492759646954 110 1946 121 2462 124 2269 114 2517
1440 1.7068522947748983 -26.582904371105791 230.3498934459214 24 37 19 0.77754933522626735 110 1925 121 4015 124 2216 114 2519
1441 -6.170968222562446 -25.699404369216239 225.63719736859429 93 132 102 0.58903332915414386 110 2687 114 2520
1442 -8.4957431803090344 -25.77643900888846 225.82686754615264 114 170 99 0.35109515002182595 110 2689 121 2461 124 2209 114 2521
1443 13.421556494566186 -25.578499152153043 217.95552855544 86 126 91 0.64619229467193318 110 1446 121 2467 124 2273 114 2522
1444 -7.3306654078243225 -25.842295202605875 225.87970918943145 133 182 127 0.81432065408142018 110 1933 121 1702 114 2523
1445 -16.625555136580111 -29.299201004423121 254.92775959870986 166 174 178 0.64502662114766685 110 2758 114 2524 121 2465 124 2230
1446 -21.381167397684425 -27.637122986843075 241.20063052267108 211 213 212 0.68824578391455282 110 4255 121 6703 124 3441 114 2527
1447 1.9012819945447068 -27.245687090769948 230.33352221653621 161 187 162 0.32201363945254757 110 1940 121 2478 124 2279 114 2528
1448 35.993533830453131 -26.172356335615433 212.80448740706879 149 181 158 0.68396182476560841 110 1805 121 2426 124 2247 114 2529
1449 23.062287732965149 -26.683780595325103 219.15308930518671 69 97 73 0.71351200526863245 110 2775 121 2424 114 2530
1450 36.937450170232779 -26.456361180777186 213.71283707298193 154 186 165 0.32178703551291016 110 1428 121 2431 124 2249 114 2534
1451 14.874298145427888 -26.696702452549296 220.48263384108301 141 181 146 0.33541906224182555 110 2770 121 4113 114 2535
1452 26.021977525350049 -27.75867565476479 224.68753169003276 84 125 83 0.67624328900068065 110 1810 124 2602 114 2536
1453 22.568561438042998 -27.448961103787809 221.89858207954165 113 136 118 0.39114713851679006 110 2783 121 2433 124 2248 114 2537
1454 3.2518786327026228 -16.840259057581427 223.40244029897218 172 205 178 1.473496135329035 110 1630 121 2569 124 1909 114 2539
1455 -16.280551021631677 -16.22870039296695 249.38098092758131 181 183 182 0.64283701820005057 110 4483 121 2263 114 2540 124 4163
1456 -5.4846961912138772 -15.17403238526478 226.52822537043019 107 145 120 1.0646431180956291 110 1670 121 2677 124 1896 114 2541
1457 -20.951047782045823 -16.677120969103125 239.29448268990879 103 104 122 0.64554526460762107 110 2804 124 1929 114 2549
1458 -9.6020766172859986 -17.077856101717821 236.33079087377016 54 72 40 0.81464782786812251 110 2808 121 2577 124 4138 114 2550
1459 -15.165337658842207 -17.284392182921525 239.22271472463305 83 106 93 0.74149164687806124 110 2960 121 2578 124 1926 114 2552
1460 -8.3771789307150364 -17.147663978218688 226.65686739317474 206 227 218 0.45066785636600776 110 1632 121 2589 124 1921 114 2557
1461 16.5059300948536 -16.337077741915902 208.11458781591318 7 24 8 0.50350379604659068 110 1635 121 2592 124 1914 114 2558
1462 -15.486688636627337 -18.683174534583067 244.55181116815083 185 203 195 0.12691799500864109 110 2877 121 4178 124 1917 114 2560
1463 -12.251953304630039 -18.535244775193924 237.69817418732956 161 186 173 0.74401972793327975 110 2881 121 6981 114 2564 124 10268
1464 -15.203938779067585 -12.304747112617402 235.58053338658669 69 72 81 0.69399143540467856 110 975 121 2293 124 1418 114 2570
1465 7.5862982409255304 -12.539285366598211 222.70052247199524 126 173 120 0.50337547151418238 110 2826 124 4066 114 2574
1466 29.064490949861558 -16.659351890545434 253.80970498568826 181 180 180 0.3852266239108737 110 2786 121 3633 124 4145 114 2580
1467 42.396581119592625 -16.593918499920203 241.18580929451497 181 189 200 0.26353631231097807 110 4550 121 2261 124 1413 114 2584
1468 -10.729640352023559 -14.829462899642204 242.97838904600462 107 106 101 0.45352754514573423 110 2801 114 2585
1469 -17.604326655493175 -14.730364106697015 242.98236463440224 107 111 123 1.6500610276806593 110 2844 114 2586 121 7092
1470 -15.617049133037403 -15.723508499336704 246.74478563533501 165 165 165 0.21944643859430518 110 4445 121 4074 124 1893 114 2591
1471 26.624719722993706 -20.297820994734227 212.76105299875576 140 170 162 0.64286916734932686 110 1881 121 2645 124 2357 114 2592
1472 6.7721443436495026 -18.927584257150524 213.09098899410662 131 172 133 0.64704603118696835 110 1906 114 2593
1473 33.839288477262684 -20.192510370171902 215.54900882492646 198 226 212 0.40253441021046465 110 2857 121 4288 124 1849 114 2595
1474 0.50985991172207556 -20.023830124130463 223.91694886770483 151 181 148 0.39302213801033292 110 2900 121 4165 124 3481 114 2596
1475 -8.3017473868164977 -20.565026539402037 231.7807220405565 59 96 76 0.977822496798329 110 2898 121 2631 124 3128 114 2599
1476 34.779944080626564 -20.456231781382304 213.79259664988268 135 166 151 0.35019187701357557 110 2864 121 2692 124 3524 114 2604
1477 15.522815089830013 -19.856868105660599 212.00181205815039 78 116 91 0.61951297444140663 110 1921 121 4277 124 3570 114 2608
1478 20.529860105246247 -20.051739590531 210.97980825438171 127 164 123 0.29047194205501409 110 4522 121 3960 124 3260 114 2610
1479 24.0555561954111 -20.552266757797902 212.8645704800916 145 182 154 0.62896495601786251 110 2865 121 2649 124 2318 114 2612
1480 11.740089699987555 -20.103827549473017 212.15317326495372 137 171 146 0.22807394108171711 110 2854 121 4301 124 3515 114 2614
1481 38.353341644253035 -21.512191058160749 215.95422691028412 152 186 150 0.97214925081713344 110 4297 114 2616
1482 18.638500071758646 -20.520136376125553 212.82588113696818 108 143 121 0.68709105028039363 110 2862 121 4292 124 3526 114 2617
1483 -19.125415506863238 -23.55744789986019 250.8483295753137 81 88 96 1.2911191090212664 110 2860 121 2650 124 1798 114 2618
1484 -18.935207859128962 -18.628019268972725 239.03362821486508 82 88 96 0.4715772635867439 110 1637 121 2596 124 1272 114 2621
1485 -21.380667883462483 -18.7318900143995 240.98641674097013 132 139 151 0.68734101601950215 110 2879 124 3495 114 2622
1486 29.050447438636429 -17.912095534360375 211.80687276690298 211 234 228 0.46879899127309299 110 2889 121 2544 124 2055 114 2623
1487 33.147382301879766 -18.481867724261594 214.08481705604564 186 214 200 0.40812061294684254 110 2895 121 2548 124 2721 114 2625
1488 -19.090542829303743 -19.654936374624103 243.48492661947029 153 160 170 0.75219900782033755 110 2886 121 4049 124 2060 114 2627
1489 27.756452786562289 -18.38073023875387 212.46903215038361 210 232 225 0.28211044166358823 110 1902 121 2552 124 2037 114 2628
1490 33.710215855477692 -18.978871577756451 213.78235503815458 201 227 214 0.18371137629007961 110 2901 121 2559 124 2040 114 2631
1491 -5.3208688356900122 -19.745540021492257 231.27959506377701 162 194 179 0.9151471636910119 110 1907 121 4112 114 2635 124 7099
1492 20.217254247898577 -18.92439576292762 209.84093191446792 24 36 25 0.61538296833638217 110 2904 121 2584 124 2004 114 2640
1493 4.2218150298790365 -18.709687333949997 214.20037516524079 168 201 169 1.3954993884449927 110 1901 121 2560 124 2046 114 2641
1494 5.944449737946135 -18.468075595723846 209.73408583168097 173 209 171 0.5607460055606267 110 1904 121 4169 124 3471 114 2643
1495 -0.64245136048788742 -51.61206408170748 233.71246573574865 102 144 120 1.193659032877558 110 3159 114 2660 124 3055
1496 3.0949413909753569 -5.8211786081414916 234.20135788836109 171 171 163 0.46634146201041854 110 2435 121 2217 124 2631 114 2662
1497 9.3770848604103438 -39.433583582138326 223.98161294698815 60 88 74 0.26620384343020187 110 1275 114 2663 124 1121
1498 0.37712952449633841 -79.678045758599865 235.18054004277292 154 185 156 1.5071737503753233 110 2972 122 3420 114 2671
1499 -21.356177936950345 -17.876432658413894 237.87394156871528 104 110 126 0.21407707101924917 110 4577 114 2683
1500 17.31905072796091 -39.575877831098786 248.82225319205904 75 117 74 1.8181378802600636 110 2131 114 2695
1501 -11.063927346586354 -25.805010693116131 224.40789980522183 207 230 222 0.33200303129847031 110 2692 121 2466 124 2549 114 2697
1502 -15.154148095895145 -16.909397602155344 241.76456640060542 135 145 145 0.35974607649241708 110 4466 121 3659 124 4124 114 2698
1503 -17.688229758356226 -50.265951829094746 239.92032573874559 97 136 115 0.52804287036825659 110 4194 114 2699
1504 38.852000881958183 -22.229801144683893 214.31178379407592 148 181 150 0.58727461008916126 110 2718 121 4002 124 2220 114 2700
1505 -18.234437661907794 -32.37825111468991 236.6764184591799 114 147 136 1.3359874318534137 110 1791 114 2705
1506 -2.7193037129994315 -41.648320249079298 232.79445537921438 174 210 176 0.51363176662718346 110 3428 124 4805 114 2706 121 5062
1507 24.580387181786374 -32.956494912452179 225.52547585780019 208 232 218 0.35185462309741911 110 2089 121 2501 124 2127 114 2710
1508 -10.841261891262732 -17.390303714585979 234.03337492922356 154 167 158 0.76360366928446821 110 2813 124 7240 114 2711
1509 14.006132946942621 -24.024928379746168 215.46781583156925 78 115 79 0.72196689477175302 110 2678 121 2628 124 2196 114 2712
1510 19.82359660686387 -42.46788670662265 226.59635241179586 166 198 185 0.35992641972647221 110 3392 124 3098 114 2782 121 3036
1511 21.244157965364035 -43.861468735217343 231.43266941757051 205 234 229 0.47490718151781985 110 3379 114 2786 121 1930 124 2483
1512 9.6645713620215314 -42.525629378460998 228.42890228175895 60 88 72 0.35648143995971032 110 3353 121 4990 114 2790 124 3127
1513 -5.180417291199289 -44.145848746250238 234.53127863239644 192 220 190 0.046512453861146823 110 3391 124 3092 114 2791
1514 -20.793276383955099 -43.743292541208717 235.17125806679164 177 197 177 0.2367793292222333 110 2047 114 2794
1515 -11.17983540118443 -44.31313953098811 237.16348821095855 110 148 127 0.46823408468981242 110 2053 121 1927 124 2420 114 2800
1516 4.8535400848175509 -42.032937663245121 223.91183254105539 83 98 100 0.29428768600324601 110 3346 124 5033 114 2806
1517 23.914172728306575 -42.287473734532121 222.71951651534104 190 223 192 0.28960461032135754 110 2065 121 1933 124 3107 114 2807
1518 0.79575689536621086 -43.729222522875055 230.51713477551982 213 242 205 0.40216970223910314 110 3387 121 1936 124 3108 114 2808
1519 3.9773559821148519 -42.462286708591293 227.16413766522163 110 157 106 0.33047622427366075 110 3351 121 3034 124 3094 114 2809
1520 8.0164750289722342 -42.037545375070309 224.40210081255182 135 152 151 0.92160965414109619 110 3347 124 3100 114 2810 121 3031
1521 4.512852129441737 -42.544683148538496 228.02372450474286 215 244 216 0.34887197991145946 110 2051 121 3039 124 5069 114 2812
1522 20.809785289912494 -40.675132251416656 225.06641470506094 115 151 115 0.3182454263941189 110 1970 121 1912 124 2414 114 2815
1523 -7.3698957631212831 -41.706092799297508 235.30356332773411 169 186 179 0.38801589399075298 110 2003 114 2817
1524 0.74973049507958256 -48.435675196643764 224.74188494444789 137 179 129 1.4839622064347073 110 4746 121 2892 114 2819
1525 -7.9135819985516633 -41.626719577041364 235.47614214054212 136 170 140 0.59690131468888075 110 3438 121 5088 124 3657 114 2821
1526 23.673326667267471 -40.607395140071816 224.6966862691678 138 172 145 1.9746719169148976 110 3382 114 2822 124 2413 121 1143
1527 22.840426678942986 -40.67127046097724 226.56469369226113 132 168 142 0.68298105641773676 110 1969 121 3013 124 2406 114 2823
1528 28.967151502206715 -36.510647470849172 204.20926508744199 155 182 143 2.1277701084332943 110 5011 124 4810 114 2825 121 5100
1529 19.270935740022985 -40.500938613273242 227.46089316318128 127 164 130 0.89894493799146191 110 3430 114 2830 121 3016 124 4748
1530 19.645841257580795 -39.688076282082775 223.68434516739555 117 156 112 0.44566462503438087 110 3900 121 3023 124 3134 114 2831
1531 -6.6065506098609124 -41.216564820413822 236.25741229203126 90 113 106 0.29780806998803611 110 3400 121 3079 124 3646 114 2832
1532 25.683643974659439 -41.771831038324905 222.6264603384686 184 216 193 0.20061776830451797 110 2058 121 1925 114 2836
1533 11.546422970578309 -42.666484976759193 231.18943280966943 56 80 80 0.26348732615860626 110 3356 121 3047 124 3123 114 2841
1534 23.308953335639977 -41.551482141878687 226.77528575802944 162 199 168 0.76893521619279814 110 3360 114 2850 121 5130
1535 9.7670497444604933 -40.501824874589708 223.55800910629921 59 92 71 0.80247048032936596 110 1976 121 1915 114 2853
1536 -8.4825643120510836 -47.733445532181065 230.9605933904985 125 172 138 0.32345290657139181 110 4814 121 4515 124 4452 114 2858
1537 18.140591598608129 -47.581723853963545 228.0879371051013 179 198 178 0.17317789188450861 110 3210 121 4326 124 3021 114 2860
1538 29.411166066830525 -45.584404690792475 218.89815113941668 175 201 176 0.51058536319687264 110 2586 124 3020 114 2864 121 4514
1539 2.7639368300420393 -46.881221953412272 228.38472688425227 177 200 186 0.30866079079706316 110 2342 121 2749 124 3045 114 2867
1540 -16.386276483753594 -47.243045882050232 230.48066146345076 74 112 89 1.3464492374422854 110 4829 121 2743 114 2869
1541 31.390686421676211 -45.51279432263744 219.89826359011505 197 214 185 0.46581104430910564 110 2989 121 2747 124 3015 114 2871
1542 22.383072827191647 -47.20756945697827 228.86937218970246 147 182 150 0.64578721628459135 110 3134 114 2872 124 4450
1543 -2.4965346577098022 -47.117302391356866 234.09193226909986 139 180 150 0.13063534276316996 110 3083 114 2878
1544 -5.7875890474551488 -45.646936014776578 229.26136953415968 157 186 182 1.0436328837819819 110 5221 121 7686 114 2879 124 9169
1545 17.429719643306477 13.942059966448818 268.56190050297511 182 171 167 0.098410723768993541 110 4189 121 3753 124 3872 114 2881
1546 -9.0913387002049983 -48.992544491224372 229.1587229724615 114 160 123 0.25893281474285035 110 4677 121 4710 124 3080 114 2882
1547 17.649513628595376 -50.417866640514482 233.05579291145023 125 152 127 0.5616161734125612 110 4937 121 4707 124 4391 114 2888
1548 17.950898767211324 -49.650223325915441 231.59026373437501 116 142 113 0.95042835042654739 110 4726 114 2893 124 4511
1549 17.621675071566539 -49.556852744390127 231.76074849839031 45 61 48 0.65847226594117592 110 3223 124 3081 114 2894 121 2858
1550 -13.727777643182334 -51.401126855882403 243.50623174324582 66 99 81 1.8036153992871156 110 3233 121 2847 124 3073 114 2895
1551 -13.243446330128949 -51.091544646383952 242.92620416092558 104 142 121 1.2521394163521202 110 3239 124 3030 114 2896
1552 -4.6574946792525616 -48.475372725234891 232.04776817340263 115 148 141 0.1576370844218023 110 3203 114 2899
1553 -17.828416186618973 -49.569510283545256 239.81758620157686 93 134 118 0.29328627484207836 110 2348 124 2580 114 2901
1554 -10.982078770906446 -45.548641729137792 235.37217315765221 152 185 157 0.057513856838496392 110 2015 114 2904
1555 -15.749773284750535 -45.487211100880941 236.81788793192149 83 120 92 1.1713514975810799 110 5126 124 5087 114 2908 121 4548
1556 -17.136937775310528 -44.875680134790059 234.98920993452953 116 155 132 0.76793746135142305 110 5133 124 5117 114 2910
1557 -8.2419928776863145 -44.216574425338912 230.29114206075974 151 192 157 0.2939835795211555 110 5130 114 2911
1558 2.7367619104852725 -43.686309412621512 226.00732427493858 177 207 183 0.45312820411140409 110 2012 121 1887 124 2493 114 2912
1559 21.530490993301569 -44.767025314642154 229.48409117370679 171 207 181 0.10283564419723165 110 3109 114 2917 121 4560 124 4972
1560 20.709905875752479 -44.028925988624152 227.29196986691377 83 125 101 1.3822653959264466 110 1366 114 2925 124 2460 121 4546
1561 -16.095218184237723 -45.852756937511494 235.66560453854106 89 125 99 1.1310537229082438 110 5170 121 9114 114 2926
1562 16.398275213359003 -45.910312121033812 227.90841939440972 96 137 97 0.55847254773983468 110 2018 114 2928
1563 17.303254202779588 -46.067070978266791 229.14611960869161 109 149 112 0.31645483541438907 110 4778 114 2930 124 9153 121 7745
1564 21.838689104395609 -45.958165425704976 228.08659775121487 98 141 111 0.66196252881256001 110 3093 124 4995 114 2932 121 2781
1565 30.487164329585902 -41.975226604128729 209.0891196366249 0 0 0 1.2579842844301079 110 4686 114 2935
1566 -8.4322091459697948 -44.41467794593278 225.60950556932195 90 136 100 1.6983153772659434 110 5162 121 4607 124 4946 114 2936
1567 -1.5257277215687806 -43.312022651467423 227.6523098226825 139 169 141 0.42108608256638586 110 3383 114 2937 124 3110
1568 15.177920876619249 -45.907948253460589 231.11319847783636 196 216 188 0.57465429315120997 110 3128 121 2790 124 5004 114 2939
1569 21.903826866825931 -45.688837336645193 229.14887506037553 134 178 145 0.68912331683628825 110 3085 114 2941
1570 0.15646122620201516 -45.065210819785982 229.35488200996372 125 170 128 0.57137839561397974 110 4623 124 3169 114 2942 121 2763
1571 -12.020322622828434 -46.029146118278909 236.9895505440829 144 183 156 0.47272997177134979 110 3116 114 2947 124 4964 121 4525
1572 -19.135147944371219 -33.782836448373679 238.01794045764777 166 200 176 0.39337949885357454 110 3993 114 2948 124 8244 121 5416
1573 26.612791487972999 -32.848615332144924 218.27146021592313 101 132 116 0.39592074036161173 110 3301 124 7033 114 2950 121 6883
1574 -11.005201423614571 -33.401524182494121 230.33097420034511 72 100 85 0.87080745397597659 110 4366 121 2963 124 3761 114 2951
1575 17.972678024189875 -33.500871006579253 225.39203950530452 134 166 152 0.1545426354851509 110 3295 124 3779 114 2952
1576 26.998794943048523 -32.008983984929749 215.84012219094882 110 141 123 0.74187826647699673 110 2093 124 2173 114 2957 121 2507
1577 15.109717862335907 -33.911715576367563 231.01622249269036 97 127 101 0.55110977207537326 110 3314 121 2965 124 3768 114 2959
1578 1.558279940769614 -33.668653034899116 232.45903723536762 97 131 93 0.33217954866103361 110 4367 124 3759 114 2961 121 2967
1579 35.547762153669296 -31.408836969017056 212.7311582105531 193 223 199 0.30810510546537928 110 3310 114 2965
1580 -5.6581933024683178 -34.128436455503127 238.62963411411243 211 225 211 0.85666979620351458 110 2923 121 3800 124 3767 114 2966
1581 34.378559895193384 -31.178931726854191 213.13753880278153 186 218 197 0.68394363994411145 110 3316 121 6806 124 3766 114 2968
1582 8.4874575788126077 -34.208605348643353 223.08616775084599 29 47 38 0.94349478160114453 110 2168 121 2987 124 6867 114 2972
1583 2.3543674945362265 -35.110335605263785 231.61130192202415 53 88 50 0.92053923888730638 110 6556 121 6850 124 6895 114 2975
1584 17.545305642326966 -34.986464400829462 228.10876790725524 196 223 209 0.27919828187060025 110 3338 121 2991 124 3624 114 2976
1585 2.7899945184803148 -34.903796188721792 230.72041647863381 90 129 93 0.2328210577453376 110 4628 114 2979
1586 16.792415804643255 -34.447569109715921 226.773102672227 194 220 209 0.30650509778194268 110 2165 124 3620 114 2982 121 6847
1587 21.224754597074515 -34.871516817082032 228.81276840148425 97 137 103 0.48059024696938485 110 3343 114 2984 124 3623
1588 13.687373552164697 -34.617237910657835 229.7889918899445 44 65 52 0.57468417125156879 110 3298 124 3613 114 2987
1589 24.528439733928074 -33.872610228044486 223.55551974015353 119 155 131 0.26499730976170766 110 3296 121 2996 124 3618 114 2988
1590 4.9460068734095346 -33.326010371367985 224.10721642318171 100 144 93 0.48063999124955076 110 3311 114 2990 124 3677
1591 32.307332975297285 -32.312147861956639 213.67847432645002 122 163 133 0.37576929581379875 110 2162 124 3615 114 2992 121 1853
1592 34.904449345254733 -32.372614780563183 213.71081437690287 198 225 206 0.37503549107352313 110 2167 121 6843 124 6896 114 2993
1593 15.04329963378324 -30.77644952424961 221.7267533235736 89 127 93 0.81110982769195727 110 2119 121 4262 124 6742 114 2995
1594 10.245046858885217 -30.585272598963726 223.02660128723647 143 172 152 0.88925442232628094 110 2100 121 4245 124 2136 114 2998
1595 16.596349754949053 -31.209679556466174 226.15770361128236 91 128 98 0.44479094535069941 110 4344 114 2999
1596 -11.957134782269073 -30.664340922912906 229.61831038210858 187 202 205 0.21499209920105261 110 3953 121 3947 124 3717 114 3000
1597 -3.4025887854638412 -30.675020416178171 227.79424882381232 50 92 50 0.93775853132754161 110 1783 121 3942 124 1533 114 3001
1598 2.6237842359495622 -30.773857433320103 228.5984833209526 63 97 72 0.51550461464172581 110 4358 114 3004 121 3977 124 3720
1599 28.076703530079595 -29.428500285252007 215.53965396415444 104 149 114 0.76663225582893635 110 4348 121 6896 124 6758 114 3005
1600 -17.449996377598396 -30.977392583894137 231.70285721306607 73 102 94 1.0632095973811317 110 2754 121 4012 124 3718 114 3006
1601 -9.0320295436188829 -29.215043665880742 222.90216979756755 136 183 130 0.26482858022131828 110 2984 114 3009
1602 25.606251049820596 -29.775223387657086 218.86551811985453 96 130 100 0.60099602347513015 110 4350 121 3954 124 3788 114 3012
1603 26.880396219605867 -29.532078148010502 216.9296572083947 61 97 59 0.87129884835797167 110 2103 121 4005 114 3013
1604 -3.6839839172093631 -30.627351669954898 217.86144082395074 192 228 190 0.52265285294321384 110 2127 121 2488 114 3018
1605 -11.831757434420961 -32.124767687586868 229.79007620418983 145 168 152 0.37794552396516995 110 6314 121 6946 124 7968 114 3020
1606 35.712929096671836 -31.142717033186052 214.06910007800499 152 186 159 1.116821878837106 110 2087 114 3022 121 2499 124 2589
1607 17.568339279074483 -32.035942236354927 223.59915860910692 130 163 146 0.99165539477490205 110 4373 121 4184 124 3810 114 3023
1608 31.187732655249423 -31.060603037155055 215.51811752293207 177 211 186 0.51358509667726016 110 2083 121 3918 124 2105 114 3026
1609 7.2053774780925819 -35.023801716161728 228.17299796464633 146 178 163 0.63223395750478173 110 2173 121 2986 124 3625 114 3029
1610 19.031648112782346 -31.600110061118976 223.39336146505281 123 154 143 1.0973651808707405 110 4381 124 7002 114 3032 121 6938
1611 21.094446828459947 -32.156209324566113 226.10419015394154 102 136 109 1.2034365136816021 110 4375 121 4202 114 3034 124 6970
1612 26.120025143080252 -30.947676505715116 218.32843659644752 167 195 182 0.26210780577533666 110 2076 121 6942 124 7008 114 3035
1613 -12.50468689950605 -31.517309820405863 230.16354320193568 219 238 234 0.27323149423784743 110 2104 121 2536 124 2101 114 3036
1614 9.0792761530055248 -32.29672474553697 231.47026916701253 72 96 80 0.70838934466745007 110 4387 121 4285 114 3037 124 6743
1615 16.316919204027009 -31.504569784326229 225.22067402848302 180 208 184 0.28879146214619222 110 4384 121 8931 124 7962 114 3038
1616 10.475315235329164 -37.561030801587776 222.68393122773833 55 78 68 0.19226125198201938 110 2152 121 3068 124 3683 114 3042
1617 -15.240326440469918 -38.86667009468556 235.46354519528549 95 142 101 0.45284298082426433 110 5048 114 3045 121 4811 124 4827
1618 -14.307219975302843 -39.035629749522577 237.9711336479549 185 219 193 0.20445124822853333 110 3248 121 2927 124 3667 114 3050
1619 9.4113521985382711 -37.650541916456405 222.77241343697381 91 113 101 0.69932963968739859 110 3279 121 3061 124 3686 114 3052
1620 16.273528365686399 -38.368114069553712 229.00555640684823 101 140 119 0.6504983566404412 110 3281 124 3678 114 3053 121 3075
1621 -13.185075848344676 -38.094852761303642 233.50502121668498 189 220 205 0.99336051662877733 110 2138 114 3054 121 2935 124 3617
1622 -9.5862817005360377 -38.760965765719511 236.6334640581959 168 201 170 0.15203489439911394 110 2141 121 4925 114 3055 124 4831
1623 -11.054646653445067 -38.422647810859786 236.96250299493047 183 211 197 0.1880382824924941 110 3245 114 3062 121 4951 124 4863
1624 18.524245342656226 -39.525800340404778 228.06373293771213 220 245 229 0.28014535240456295 110 3922 121 4876 124 3643 114 3063
1625 -8.9337244332483881 -40.674700921563407 235.39737311493104 123 164 132 1.0016896706008986 110 3410 114 3065
1626 -18.799575695472281 -39.712242669139435 233.55900425744039 133 179 140 0.29749133016521861 110 2158 114 3068
1627 -9.5869380296247027 -40.45851816010758 236.04483763618396 107 147 123 0.25013872195229792 110 4715 114 3071
1628 6.8559035801010193 -39.362902062543547 227.28521837480525 164 195 170 0.030383544091613264 110 3405 114 3072
1629 27.641757016700655 -38.778125173752436 220.85945663640334 113 148 124 0.22257263253774404 110 1989 124 2409 114 3073
1630 -9.5460669214362639 -40.094940759157787 236.56856461873878 149 189 161 0.36213083200757895 110 5078 121 9282 114 3077 124 7531
1632 2.0573632193592268 -39.128705005599258 229.83746853470376 154 198 147 0.12382036221707812 110 3272 114 3081
1633 14.497887325270316 -39.291643880968287 230.80356478354273 73 94 87 0.56523160748597523 110 3418 121 3060 124 3647 114 3084
1634 -16.524860688912433 -39.392577163232978 237.60286662359593 140 179 142 0.52963458053113066 110 3289 114 3085 121 4816 124 4847
1635 -15.939908094051161 -36.026378420704042 236.4296523851441 146 181 159 0.4903239111702769 110 3297 121 2984 114 3086 124 6911
1636 -7.7152274046334561 -35.817471960320447 229.64720463301904 74 113 84 0.66307427307666311 110 2177 114 3087
1637 23.891385609340212 -35.551292193549934 222.49626328545338 185 213 191 0.813305702511947 110 3265 114 3088 124 3594 121 2906
1638 19.033678085178057 -35.492165429768704 225.01958408611037 182 208 197 0.46314956836395815 110 2185 121 2914 124 3585 114 3093
1639 33.308257336692186 -33.281356327526801 210.09036616366009 171 206 163 0.45040373869873596 110 2144 121 1869 124 3572 114 3094
1640 -2.6450273834345586 -36.484196442160886 235.13836626898478 62 109 54 1.2090909319365064 110 3331 114 3096 124 3575 121 4893
1641 15.083120514830581 -36.928143898980856 230.53821124790045 67 97 72 0.5684495854172783 110 3263 121 2902 124 3595 114 3098
1642 8.1014159587501524 -34.374973256359816 223.7323791815999 169 195 182 0.37876826961509069 110 2172 121 5044 124 6869 114 3104
1643 32.800004708634702 -33.21118641905921 213.10325304061723 171 204 173 0.67634721127352448 110 3324 121 2982 124 2573 114 3108
1644 15.086418296628709 -36.974710862715078 226.16048822019718 189 218 201 0.50283336783837285 110 2140 114 3117 121 4947 124 7493
1645 -2.6056648867256946 -37.822738221248599 234.66879697832223 120 168 121 0.3324981629926434 110 6466 114 3118 124 7622 121 8594
1646 31.566068194943508 -35.535387579781478 217.50664050396873 206 237 195 0.48592989559139382 110 1202 124 2164 114 3122
1647 -2.6819652111458248 -36.974079106858881 232.74217961835905 59 108 53 1.3787565328187998 110 1847 114 3123 124 1135
1648 14.337454401489069 -36.85455768746322 230.03842659371401 64 98 68 0.71112150586400735 110 6485 121 2901 114 3129
1649 -6.1534905258623436 -36.524044032872318 232.48525829422164 126 174 116 0.039227738502301046 110 6456 114 3130
1650 0.39451519074811758 -54.92712627466252 230.03608998881145 47 73 54 1.4480224292288748 110 4598 121 5631 124 4688 114 3328
1651 -4.7075245399733445 -55.45020000268147 233.74601686291399 159 185 158 0.71221103011226461 110 2399 121 1809 124 3263 114 3330
1652 -0.61179696134385686 -54.177083802304843 228.54783130524245 126 158 143 0.56030788570082346 110 3699 121 2841 124 3252 114 3331
1653 -1.3363793250402831 -54.137812816890339 230.47118674724902 161 189 174 0.42152197825094617 110 3702 121 2830 124 4710 114 3337
1654 -13.529137846491928 -54.792612909485477 235.00175771095945 56 88 77 1.1085736065245704 110 2332 121 2675 124 2316 114 3338
1655 -4.6723540556009704 -55.057255998970582 235.15655768670291 130 164 143 0.37570226938537965 110 3704 124 4656 114 3339 121 4660
1656 -14.939349143885432 -55.578784621920022 239.51198084556151 136 153 124 0.31752423744342706 110 4872 121 2823 124 3284 114 3353
1657 -5.1761057720685866 -52.628796780346327 233.44433638149496 128 161 150 0.33615630489253229 110 3191 124 4376 114 3366 121 4643
1658 -4.33593159588838 -52.469796663305111 233.7364445094228 154 184 172 0.88030929304660699 110 3196 124 3063 114 3367 121 4687
1659 -5.1587801728998919 -52.386337790810927 234.3748789595613 167 198 190 1.1147753372829088 110 3163 121 2876 124 3061 114 3369
1660 21.102827579112958 -51.386310923596106 227.97783728313976 142 180 148 0.24480863926168386 110 4945 121 2874 124 3064 114 3371
1661 -1.9671689285566156 -50.976622486312706 230.10733555615587 124 166 145 0.67608425192839761 110 3157 124 3056 114 3374 121 4747
1662 19.920211771690049 -51.03711324758423 227.55274864542679 103 143 108 1.0458382109519562 110 4625 124 4404 114 3375
1663 -1.5331405778564464 -46.395785379567499 211.71930286234587 88 130 106 0.6048896618480335 110 4935 114 3377
1664 -14.182913882283426 -52.107206441584061 239.39054348317853 51 84 66 1.2512975295734485 110 3165 121 2886 124 2342 114 3379
1665 -14.706192669971486 -52.445737427828902 242.22104070231612 111 150 119 0.88790114853400692 110 2366 114 3383 121 4720 124 4397
1666 -4.2368175864423518 -54.359975707126537 233.04681374669946 211 239 224 0.35585130905310203 110 3708 124 4633 114 3388 121 4694
1667 24.250330745897234 -52.174623879877096 221.28016052504938 176 208 185 0.25552523108330949 110 3698 121 4664 124 4713 114 3389
1668 23.903266811614465 -52.32518399902861 222.44951426961234 133 165 142 0.64041403715418099 110 3700 124 3254 114 3391 121 2833
1669 -15.54281984241813 -54.571902514493885 237.17272212468285 149 163 123 0.88369485342854293 110 4861 114 3393
1670 -3.5291374022375583 -54.219272192382277 234.03629711614428 170 201 186 0.28779931161042127 110 2330 121 2811 124 3281 114 3395
1671 23.755819833814325 -52.396488116453305 224.2365286041734 187 215 198 0.19881544340690394 110 2333 121 2839 124 3291 114 3398
1672 -11.751592350250007 -53.789885238997933 235.89681191760218 144 172 173 0.64767625802794537 110 4952 121 4618 124 4668 114 3403
1673 23.215007837198691 -52.26464484018166 226.07488635743499 116 154 129 0.47764818387244751 110 3822 121 2805 124 2312 114 3406
1674 -12.287854419310673 -52.52267977370331 232.1351322469562 148 174 172 0.19047969754577176 110 3190 121 2816 124 3066 114 3407
1675 -5.5970392225977692 -9.0684002261088725 237.08249732081455 172 172 162 0.36150492033538728 110 2535 121 2191 114 3504 124 4256
1676 35.3278359328067 -10.491995535437269 235.02445672880626 207 211 223 0.20457425525685138 110 3949 121 3535 124 4257 114 3505
1677 24.179772294321115 -10.824890834664656 251.2042012139427 81 80 76 1.2413571308980842 110 3952 124 2649 114 3509 121 3553
1678 31.478454483242594 -11.323394953538113 256.73136994075264 62 61 59 0.27407594720754741 110 2494 121 3539 124 4254 114 3511
1679 34.007861145024705 -11.365851894996526 259.79815276066682 93 84 76 0.46393084260892559 110 3942 121 6179 114 3516 124 5968
1680 2.3986421340048389 -8.1936031174705324 229.96958969954679 33 40 30 0.39993290561779232 110 2526 121 2185 124 2664 114 3522
1681 9.8913261914523236 -7.9624508291434717 224.01856385124864 186 212 210 0.91168268971714661 110 2525 121 2184 124 2665 114 3523
1682 25.100902488172718 -10.153938581387941 252.80392225447221 41 40 36 0.48929198712276423 110 4019 114 3524
1683 5.1578501310614628 -8.3741079074007718 235.66874015967576 168 168 160 0.74017321799205638 110 4008 121 5891 114 3525
1684 2.6345816686257391 -9.4198338413409299 227.25292213070139 51 58 48 0.21433667511364601 110 4032 121 3537 124 4245 114 3526
1685 -15.060622842957587 -9.8037815729562148 235.56121941640978 95 99 110 0.69497780254302932 110 4028 121 6196 124 4355 114 3527
1686 30.342766952536032 -12.753070654741897 259.41923696007245 99 90 91 0.51483781411582652 110 3963 121 3514 124 4094 114 3530
1687 -4.8493491618548701 -9.8695944579984936 234.07684890386929 85 113 93 0.48545687624206257 110 4022 121 3530 124 5961 114 3532
1688 15.665361312042672 -10.172897073722877 226.93152591312804 193 218 212 0.13498411102554486 110 3957 121 6157 114 3533
1689 -15.064801453602914 -9.2900296954921053 234.66268548101061 128 132 141 0.2017555469220354 110 6007 121 6182 124 5986 114 3536
1690 6.5629599204221005 -9.3748661172319174 221.98386338715426 190 215 200 0.50464950293627631 110 4030 121 6190 124 5958 114 3537
1691 23.194363284531992 -11.37268981460371 250.81072933529731 181 180 176 0.30544328664615461 110 3936 121 6155 124 6223 114 3543
1692 -14.101593967267865 -8.9225373326002462 232.19816619797564 91 95 104 1.6428219064533924 110 3994 124 5975 114 3544 121 11213
1693 8.8894018562760611 -35.144457270514614 224.29765085509547 147 173 161 0.68388986051973788 110 2179 121 2671 114 3546
1694 28.992380507666102 -11.67702255968447 257.07938304746449 74 65 61 0.63761750193009392 110 2486 121 3531 114 3547
1695 10.256090795831927 -6.6800432192009458 223.03876642244981 136 170 156 0.82587053311862046 110 3835 121 3583 124 2615 114 3555
1696 1.787146670099889 -6.7059899581228448 231.83403719667237 195 197 187 0.35773806745758324 110 5771 114 3556 121 3587 124 4231
1697 23.082214420219934 -8.1137477969670027 249.03646965208418 121 122 118 0.49556179353595009 110 3864 124 6042 114 3559 121 6029
1698 10.633562144550142 -6.2833345335571789 225.37398624041654 178 205 189 0.4668399586462893 110 2954 121 3854 124 2625 114 3564
1699 -8.0999486194625412 -5.5438148647125383 230.28154812746033 218 221 228 0.66196752604093079 110 3857 121 6004 114 3565 124 5995
1700 -4.9007639181456133 -5.8463296768048965 233.10812415950664 136 138 133 0.63537987539625052 110 3852 114 3567
1701 32.483859227768001 -7.2253792285041136 231.80746162520109 172 178 190 0.24867559099321465 110 3872 121 6016 124 6088 114 3568
1702 21.376018248585464 -7.1449280264912449 241.27475657612902 7 7 5 0.21602732946805223 110 5826 121 4339 124 4232 114 3569
1703 32.052905584316569 -8.1500956018704276 255.57376633519425 65 64 71 0.56124896626360155 110 3865 114 3570 121 3586 124 4178
1704 19.544778446615037 -6.7362410744610433 236.69022383416277 40 39 35 0.22761752063382434 110 5776 121 3855 124 4222 114 3571
1705 10.993085847904553 -7.8206816126171166 228.90030937595674 176 207 197 1.0650774924029982 110 3863 124 6065 114 3574
1706 8.5327327859346056 -37.77115387083871 227.41285987284746 71 99 87 0.14661305824656853 110 3288 114 3576
1707 -2.7359265637745462 -7.364099379302794 232.78783905256142 166 178 174 1.0192460307975293 110 3875 114 3581 121 9924 124 6050
1708 -0.020540876690173109 -7.4927649466994435 232.77295999798258 18 26 15 0.16029639809390828 110 3871 121 3566 124 4182 114 3582
1709 5.9749058503547188 -7.6358701582898396 233.93870824360013 141 142 134 0.11546843530209602 110 3870 114 3586
1710 -10.317227741436007 -39.456538274730065 236.13747581600478 126 161 141 1.3406705625437967 110 2148 124 2430 114 3587
1711 1.4196634185950745 -7.0509966148188479 230.93913404545947 57 64 51 0.66863461647998546 110 3881 114 3591 121 6034 124 4177
1712 28.319560200478609 -9.0141320289492235 251.09126151197154 176 174 171 0.52469540835569262 110 3992 121 3575 124 5943 114 3593
1713 9.7972229451303043 -38.202515017236905 222.09690394161979 69 98 83 0.46793600941489649 110 1999 121 1832 124 2441 114 3594
1714 -15.459890485145051 -13.980057974244048 254.34468010897251 42 46 49 0.28356969096582124 110 4489 121 3718 124 4063 114 3596
1715 -9.5405198978328922 -13.414834700903468 243.69410587154542 79 76 68 0.50983539485985652 110 4492 121 3720 124 4060 114 3598
1716 23.894028986572266 -28.234451429243371 219.29503207189188 25 47 26 0.35488907697875016 110 2738 121 4062 124 3747 114 3600
1717 -12.408634731933908 -13.007767035511106 243.37853320046563 180 181 176 0.39715965843330786 110 4505 121 3675 124 4114 114 3603
1718 -8.3361434387492928 -13.312149190823815 245.93341825613263 192 201 200 0.44080896646045553 110 4497 121 3676 124 4058 114 3605
1719 -19.100452295591314 -29.225598933620365 234.26299948595454 193 204 200 0.57663491754787854 110 4327 121 4071 124 3732 114 3609
1720 39.066540176501704 -14.38924721919094 237.51901612762776 197 204 214 0.21139104518829394 110 4456 121 3710 124 4083 114 3612
1721 3.1054870167992394 -12.056269447021664 227.91023439629538 194 215 201 0.27890078503665955 110 2820 121 6061 124 6175 114 3618
1723 7.6272002125674234 -13.074410959255543 216.34291899404386 67 108 67 0.54884895998504935 110 4519 121 4413 124 4327 114 3623
1724 39.599523595663413 -15.360603521153571 238.26664210900901 204 210 222 0.33327598163371386 110 4476 121 7093 124 6159 114 3628
1725 40.074877324024165 -15.088935553638432 236.46118204437664 153 158 180 0.22829444405101726 110 2795 121 3657 124 3115 114 3630
1726 -14.385244181997216 -13.969885081464355 250.34617662432296 109 108 113 0.33256522073148381 110 4532 124 4069 114 3632
1727 30.534826491887895 -15.811679805201306 254.95260339227008 143 141 136 0.28472882721915532 110 4442 121 6107 124 4149 114 3639
1728 29.60985545081083 -27.529881726460765 217.17741402098241 175 210 179 0.29911942931741553 110 2733 121 4033 124 3735 114 3640
1729 8.2388500746945965 -11.462580612372602 230.19373353364099 101 143 95 1.7755497474225477 110 2505 121 2280 114 3644 124 1943
1730 16.081273156387869 -11.64148438981066 229.1635569725633 206 230 223 1.0560403014257711 110 2510 121 3554 114 3645 124 1941
1731 -12.100711713233681 -11.405223162427863 245.12567024512103 49 48 41 0.1761490581388592 110 5944 121 3564 114 3646
1732 22.942668616253822 -13.05394075376477 253.22537028986653 161 159 161 0.14975718839240956 110 4506 121 3557 124 6244 114 3651
1733 -5.8721947165935484 -10.834792800933407 237.91025765657886 59 63 66 0.44651701730280391 110 5954 121 6224 124 10811 114 3652
1734 11.422546902879066 -11.325613909956083 226.77097058984387 136 168 157 0.48598068090041113 110 2506 114 3654
1735 -14.938758856297925 -32.421803079269004 233.81611394653467 77 116 97 1.5412476629343026 110 2113 114 3655 124 1583
1736 32.278299708148694 -13.806265576271624 260.37736549282801 112 111 116 0.41814469318196124 110 4491 121 3549 114 3656
1737 2.6614489307758622 -11.088983922804001 236.22663862472396 97 97 97 0.44526516443358133 110 3937 121 3527 124 4088 114 3657
1738 12.942471180094083 -10.791666392595475 227.28512811712889 168 205 185 0.041140122906982143 110 3938 114 3659
1739 14.760533331820662 -10.70903542134057 228.57623537176869 196 224 215 0.49319379339633351 110 3941 121 3515 114 3664 124 4238
1740 -13.467667334495772 -12.292492610283613 246.39676156276653 155 155 152 0.3594951793240011 110 2509 114 3670 121 3605 124 6278
1741 32.205948917042747 -14.92095499121714 258.49634872333752 59 58 62 0.30702809358216709 110 2843 121 2298 124 1962 114 3671
1742 39.233579553460906 -13.729029226544768 237.09572210686298 189 196 206 0.58043428780590511 110 4518 124 10976 114 3673
1743 -6.4539433008636458 -12.187618658360057 243.73431598996959 88 89 94 0.51172370022908198 110 3970 121 3540 124 4085 114 3676
1744 9.7503742751527387 -11.567759187592925 226.91577671431514 72 111 82 0.57052579749437748 110 3971 124 4101 114 3679
1745 29.679291771010174 -14.393897680168401 257.43428529308636 116 104 107 0.57596728658183494 110 4521 121 3670 124 4061 114 3681
1746 27.400596763819951 -14.126888469808948 255.89378920068651 90 76 64 0.65765836953517809 122 1825 114 3682
1747 -3.5719760672949392 -53.547145480286922 233.7335998923599 120 159 141 0.69163433488696047 110 3177 121 2806 124 2308 114 3693
1748 8.1452201902076542 -0.87821584166766675 230.79010626220725 190 193 200 1.5836690332374079 110 2958 124 6668 114 3714
1749 14.870732977596651 -1.1281750575536891 230.28459059642216 179 181 193 0.98261124154375412 110 4149 121 6582 124 6636 114 3715
1750 9.1271746902326765 -0.66027682674266419 229.23260486623931 218 225 231 0.2456869478028707 110 4156 121 6573 124 6662 114 3719
1751 24.932217228702811 -1.075846959662127 228.62083465058979 107 112 126 0.77627851615100352 110 6245 114 3723 121 3917 124 3910
1752 15.67973332776721 62.888747689894494 239.00055755603805 149 182 255 0.66442667953950596 110 2644 121 10060 114 3724 124 9715
1753 10.380739308597297 -0.32469974476846813 230.01368483232139 132 136 147 0.40030038151426112 110 4158 121 3922 124 3842 114 3725
1754 16.427314239781325 -0.16887225367980727 226.51827364621522 121 129 142 0.49761467945849686 110 4176 114 3726
1755 9.0806931922347935 0.20005389671089907 228.08108407661285 209 218 225 0.18413975218407791 110 4219 121 6588 124 6595 114 3727
1756 -3.9762122764342371 -49.880853924412563 227.67098034585615 129 168 147 0.55235879077172712 110 4928 114 3729
1757 2.5710435015262045 1.1306916367292112 229.12752221770094 146 150 162 0.017295250290251182 110 6251 114 3731
1758 12.722955198612832 70.319032856166814 236.31246106824602 138 172 246 0.68532140713202305 110 6108 124 6391 114 3738 121 10212
1759 17.588008107989548 72.666310514484508 236.12333876423617 150 182 247 0.98518394663460707 110 4099 114 3748
1760 17.325270628259798 64.973082565529737 240.42238243473201 127 163 241 0.91404747531761255 110 4079 121 3735 114 3764
1761 12.607961006463302 66.043158620981941 240.85343795898783 96 131 212 1.2023737774025627 110 2637 121 2313 114 3766 124 2499
1762 5.1973957188889521 -1.0407102221942681 230.66223681239177 116 120 129 0.67091513853903195 110 4151 121 6584 124 6671 114 3770
1763 13.771513640134396 -4.6908094883155815 235.00613371108244 197 197 189 0.33963076181359575 110 3910 121 3877 124 3893 114 3781
1764 21.948369861592681 -5.5878093163411524 238.6387102050148 187 187 184 0.16248381148964539 110 3854 121 3872 124 4144 114 3784
1765 -7.2271475766764084 -3.7120870610203451 230.38743373507003 171 175 186 0.38595287774361609 110 3891 121 9682 124 9462 114 3789
1766 -4.636022805176256 -3.8957046765996624 232.11795884399149 98 102 104 0.50731435277501036 110 3889 124 3885 114 3790 121 3831
1767 7.2628121323771877 -4.9326611140401537 234.83046704474765 93 92 87 0.15825947165083781 110 3917 121 3874 124 3900 114 3793
1768 31.520581291811883 -5.2107660945763712 232.26871483921701 106 110 122 0.37502671404949212 110 3911 124 2717 114 3796
1769 10.502318905611517 -4.4041375556854554 233.80791666110477 179 179 169 0.16260762049055921 110 3927 121 3830 124 3873 114 3797
1770 11.955373636226485 -4.4396052075136128 234.75450183026021 188 188 180 0.38826865117445808 110 3926 121 6233 124 6533 114 3798
1771 -6.8049473224625343 -3.4665745565760875 230.08933840503121 97 101 113 0.32227812312184201 110 3901 121 3836 114 3801 124 2716
1772 6.8479191170988285 -4.1887363293963498 234.24057234853026 97 97 87 0.16424957268204946 110 3933 121 6490 124 6570 114 3802
1773 30.388981546608466 -4.9943530672095777 232.55000814228251 164 170 182 0.54801801878299072 110 2481 121 3876 124 3898 114 3804
1774 -7.8279826873667977 -4.9926473124368984 231.50361361584567 194 199 205 0.029834220476362444 110 3916 114 3805
1775 4.2241659192259906 -5.9633971700983794 235.9613523679748 181 181 173 0.43166150136846398 110 2956 121 3862 114 3808
1776 5.4152781134113441 -5.870655746706821 234.18388586376915 186 188 177 0.59429888484459348 110 3848 114 3810
1777 -9.0307309805178946 -4.8446580766337624 229.86955438621933 98 102 115 0.57605206893909577 110 3921 121 3871 124 3902 114 3815
1778 -8.3072773786450558 -4.9673250779360778 231.59028724370205 97 101 112 0.052695885091830305 110 3919 114 3816
1779 -4.3959279678534608 -3.2802970526846402 230.25231900147591 195 200 207 0.10169528094631722 110 4355 121 3837 124 3878 114 3817
1780 31.292746241310205 -6.3431038069909684 232.35728154311184 203 210 218 0.22140083699422358 110 3840 124 4216 114 3818 121 3864
1781 1.9102518748846584 -5.0640959542157598 234.33965115991077 99 95 86 0.39870669951022297 110 3915 114 3819
1782 21.542533572429747 -5.9018323983557668 238.76604165371546 62 61 59 0.15183646127059161 110 3834 121 3868 124 4208 114 3823
1783 4.3049782900773756 -4.7733978443390486 230.63916893377862 146 145 140 1.5911331130080515 110 5854 114 3824
1784 1.6432762828404617 -4.6257734932368235 233.87995272304127 198 198 190 0.24198628604342381 110 2477 114 3826 121 6009 124 6546
1785 2.2319239093007894 -4.6581101377771557 232.72814109723689 174 171 164 0.34119668836978834 110 3924 114 3827
1786 9.5914805637037315 -2.1936770981247409 234.33505644099702 98 94 83 0.32428980923017775 110 4181 121 4393 114 3828
1787 28.607782289179077 -3.6073760071996159 233.17108303324949 182 181 187 1.0995068171291127 110 6231 114 3829 121 9713 124 9365
1788 1.1298744744287892 -2.1863523742542244 232.59207419574903 114 117 122 0.57512954706067343 110 4341 121 3848 124 3926 114 3832
1789 1.6842718054665125 -2.2015647938782239 232.7717610162052 97 98 102 0.65917490363978204 110 4184 121 6435 124 6518 114 3833
1790 27.760627212115434 -3.0287167685777758 231.77322882105344 185 186 188 0.2968024964519268 110 3907 114 3834
1791 2.4266853402229254 -1.9988275473574206 231.61282959968005 117 118 122 1.4370233107108847 110 2619 121 6433 124 6510 114 3835
1792 22.583449244993854 -2.7033655193667614 228.83147598824263 180 184 196 0.76264548895745676 110 4173 121 6442 124 6479 114 3838
1793 28.372622655571053 -2.8748243237704787 231.41003384177478 204 203 209 0.20959948543642304 110 4024 121 3847 124 3931 114 3841
1794 7.1567937571625757 -1.5392323792485012 231.59748810591827 202 203 201 0.43888386983490824 110 2615 121 3909 114 3845 124 3920
1795 14.083300378778841 -49.234964725330656 233.34511587762077 143 183 133 0.25819836561789877 110 4764 114 3846 121 4724 124 4491
1796 17.030092731216914 -1.9266158316584825 233.70140059878941 197 198 200 0.40649897724089334 110 2626 121 3906 124 3922 114 3847
1797 9.2593993647344615 -1.6324815405069106 234.67467289932412 180 177 171 0.61187640471738991 110 6287 121 10334 114 3848 124 9956
1798 -3.4181857579071981 -3.3559123227051528 230.79549337811676 159 163 166 0.19551968296801964 110 6171 114 3852 121 9733 124 9384
1799 -7.0408169796222371 -3.0470189788523787 228.94138014608791 150 154 168 0.74348212580387718 110 4165 121 6516 124 6500 114 3853
1800 3.7605422049571744 -3.5729881855988586 235.25954425745061 114 111 102 1.0055729118306551 110 2464 121 9731 124 9383 114 3854
1801 28.45970018184785 -4.5363152428497484 232.84913116426691 116 118 130 0.4613229875136951 110 2479 121 2376 124 2709 114 3855
1802 -5.4681241625761885 -2.8310100253796207 228.65734318141958 114 121 131 0.86394478977873956 110 4171 121 3827 124 3933 114 3858
1803 6.0379596218198595 -3.2812038453414871 234.13885158626604 196 194 179 1.1289596033598384 110 3904 124 3875 114 3859
1804 11.595615608535134 -29.617541294688198 221.41826556888361 104 144 109 0.31878375501067097 110 4417 124 3713 114 3863
1805 -7.7599153203986697 -2.5139897587078006 230.83533950789808 167 170 185 0.12471540936532703 110 4178 114 3864
1806 18.270963034855118 -3.605773280383942 237.6316379598162 118 117 115 0.70379038514522563 110 2465 121 3839 124 3880 114 3867
1807 -5.5947307993899269 -2.3569950695310418 229.97594790170692 209 216 226 0.23714157958705032 110 2628 121 3845 124 3928 114 3868
1808 -2.4043109126447044 -2.4642474538187789 229.73384393255978 146 152 164 0.55132291512998943 110 2632 121 3844 124 2671 114 3869
1809 -3.8788555106440126 -2.2617680556554678 227.48967542086305 99 106 119 1.0366901721505002 110 4183 124 3927 114 3870
1810 27.207943080201826 -3.4247192334192444 228.6695561363411 195 195 195 0.81118376741795006 110 6179 121 6505 114 3871 124 9367
1811 -0.61462703154805498 -24.407638251695293 219.65890906002031 116 157 131 0.45498579465043687 110 4316 121 7217 124 7293 114 3874
1812 10.64105791848929 -24.550152081511957 216.31810392599826 174 198 184 0.35383431728183379 110 2684 121 3975 124 3430 114 3877
1813 17.006437508974294 -25.419687436601041 221.40140215316387 161 191 165 0.15712937019941464 110 2695 121 3971 124 3422 114 3878
1814 29.437619646528411 -24.981058295417537 214.95550593419756 107 153 107 0.81258800258642827 110 2759 114 3879
1815 -3.568034804942652 -24.895814366951246 225.13614139818415 70 108 67 1.1917075010284637 110 2675 121 7211 114 3885 124 3357
1816 20.072451570876442 -25.814882950585378 222.7382861562603 102 132 106 0.38242865799924358 110 4238 124 7331 114 3886
1817 29.011987953786747 -24.644523423914592 214.75237696297825 191 222 198 0.13805384324372766 110 2711 121 3973 124 3436 114 3888
1818 -18.085013161054668 -28.458040212900418 261.61368218621203 123 127 136 0.16912376065151091 110 4277 121 3935 114 3893
1819 3.6222164697373382 -22.96772312528941 213.92538418668789 169 199 173 0.17617990171820258 110 2721 121 3951 114 3896 124 2233
1820 -5.6819215170918858 -6.4808637023834548 235.15520097222321 75 76 71 0.8965466912091562 110 2444 124 4205 114 3899 121 6027
1821 21.291460843971588 -26.974152353440594 224.28678138016701 134 152 138 0.45665671272606129 110 4281 121 2421 114 3900
1822 21.875785030187554 -26.464537702282254 222.21445443470162 201 223 202 0.63964588893438434 110 2769 124 3396 114 3902 121 6717
1823 -20.828099107646768 -27.749648650627666 243.34245683023295 153 156 165 0.065129224005137903 110 4702 114 3904
1824 -0.71694346589974889 -24.838207238390268 215.6861962326137 130 165 138 0.96964038502639938 110 1931 121 1703 124 2215 114 3905
1825 -22.059493044609773 -27.583960581153892 244.03951975080855 109 110 115 0.98837534297618557 110 4258 114 3910 124 2208
1826 11.318493166480422 -25.252120818324585 217.30430765112527 102 137 101 0.88430361494157028 110 4254 121 6714 124 3442 114 3914
1827 10.1031424917026 -21.858724601691229 212.80938264532335 154 190 162 0.21185613056355465 110 2703 121 3999 124 3375 114 3922
1828 10.803887007871117 -21.909043208271715 213.70625518925743 122 158 130 0.36610679961226777 110 4295 124 3374 114 3927
1829 4.5253683663243427 -21.57172022589565 210.99693114486541 126 162 126 0.73642193889466168 110 2699 121 7202 114 3931
1830 -12.797192915884887 -15.070731455608721 245.82974800307034 169 168 163 0.68632470970087534 110 4459 124 6142 114 3940 121 11256
1831 -4.5367552642927027 -21.892753891743862 222.66874632858276 138 169 151 0.90943866359119507 110 6804 121 10865 114 3941
1832 11.281864363199688 -22.4321061108054 213.34811796693575 110 153 113 0.63195028429106681 110 4334 114 3942
1833 -17.408692736924376 -26.8377180899938 255.69114559051781 147 158 158 0.77669738651842946 110 4314 121 4011 124 3343 114 3948
1834 -6.6484779214410512 -23.802371035670586 228.65236673667781 92 143 76 0.83759339083709738 110 4336 121 3986 124 3347 114 3950
1835 17.05137021013585 -23.357841139545105 217.44523514062459 71 96 79 0.67317363615820336 110 2724 121 4006 114 3951 124 2232
1836 27.90412561764262 -22.952788410147637 214.43192398305578 184 218 194 0.1097729382432457 110 2725 121 4020 124 3346 114 3956
1837 -9.9390552154424192 -12.6241033962761 242.7968658596572 75 70 69 1.4856768631687842 110 2819 114 3959 121 11051
1838 16.846857830483948 -22.564132683992952 214.91204989614681 158 180 167 0.49464127966733773 110 2717 121 3989 124 3334 114 3960
1839 23.246669751539521 -29.828328865535436 223.5620435177521 105 120 117 0.37823664402961066 110 2125 121 4089 124 3708 114 3965
1840 1.440348342104856 -29.948253104072784 229.44170563281614 55 85 57 0.88831707818972394 110 6426 114 3966
1841 15.999574161394436 -29.071749464198742 222.96949710685516 179 204 183 0.2994514959344699 110 4429 114 3972
1842 21.687038213791489 -29.621002477509531 226.27034165676824 114 134 122 0.19022833267669198 110 4424 121 4053 124 3699 114 3973
1843 16.115419564968914 -29.699792430019844 223.82487600389817 118 153 129 0.42040057008997039 110 4419 121 2516 124 2117 114 3976
1844 18.734153889869013 -28.758344189746214 222.56649722344542 101 136 107 0.48707838574629214 110 2740 114 3979
1845 24.413632597663025 -28.401508757028434 219.14097677087801 15 35 14 0.46404424486877049 110 2742 121 4061 124 3707 114 3980
1846 22.466087593184195 -29.121389256512945 225.17827402815445 157 172 169 0.16867176866314892 110 4435 114 3982
1847 -16.880042446327462 -28.572297138287354 232.56880422667422 18 25 31 0.3901086466500992 110 4271 124 3419 114 3985
1848 22.675755863056288 -27.943603580408055 219.28467621670211 128 148 137 0.80966838986655776 110 6372 121 6619 124 8064 114 3986
1849 -19.747237731766905 -30.600658319098436 236.91524155432654 138 169 151 0.61152055270801142 110 4390 121 8753 114 3991 124 8107
1850 18.579783332558677 -30.073623611780018 223.76256341904323 121 149 137 0.51180884462210774 110 6408 121 6909 124 6696 114 3992
1851 26.105302849691434 -29.228583332305266 216.77280489314285 72 110 73 0.534714824437314 110 2112 121 6923 114 3993
1852 28.55235456451787 -29.355315653057716 217.23668777897981 170 210 181 0.32175450554545204 110 2111 121 2522 124 2597 114 3994
1853 -5.5034585428472234 -27.578774157506913 222.60309077772698 79 118 91 1.0102817486763855 110 4270 121 4038 124 2252 114 3998
1854 18.103534083030372 -30.139140558870906 225.91326791935026 85 119 87 0.43211578048400251 110 4363 121 4097 124 3692 114 4002
1855 19.221736652169014 -30.281049102799575 226.36696835312145 195 218 210 0.77173446850899807 110 4359 121 6914 124 3712 114 4003
1856 11.645367812817417 -1.31346672597577 231.98612847612884 105 105 105 0.53009475731113009 110 2602 124 3914 114 4007 121 3913
1857 -7.1038970184496346 -5.6913817635437169 234.62543101308876 173 173 173 0.2437395431219552 110 2429 114 4009
1858 23.080296070883509 -27.331798428291989 220.97240606404318 170 189 170 0.68527561284999772 110 4266 121 4050 124 3557 114 4010
1859 31.463128620466264 -26.615567652461159 213.78590722725926 126 163 129 0.54423140851237228 110 2727 121 4048 124 3725 114 4012
1860 19.191003570788716 -27.531140791255769 224.57426380954425 180 204 180 0.057721164519738737 110 4269 121 6748 124 6774 114 4015
1861 37.803824196153556 -26.625421956838597 214.15870604777433 149 181 157 0.20584399565021189 110 4410 121 2435 124 3724 114 4016
1862 17.48704317252604 -27.612831466374249 223.99323535875547 169 197 172 0.27052770799105008 110 4267 121 6691 124 6784 114 4021
1863 23.670365291762192 -26.69052680508624 220.16501488215644 155 186 163 0.62079722826867001 110 2774 121 4117 124 3392 114 4023
1864 18.916086645197566 -26.958460372230217 223.02694943791403 99 133 102 0.58290208268924371 110 4280 121 4116 124 3404 114 4025
