图像,提示词编号,提示词文本,总分,面积得分,连通域得分,边界得分,时序得分,前背景对比得分,下方泄漏得分,侧边泄漏得分,语义门控启用,语义门控总修正,目标框得分,垂直覆盖得分,花盆重叠惩罚,侧边干扰惩罚,中心先验得分,面积比例,连通域数量,边界密度,时序IoU,前背景对比,下方区域占比,侧边区域占比,SAM3原始分数
0000.jpg,P1,green plant,1.363977835373074,0.5722488377090169,1.0,0.7118274572135602,1.0,1.0,1.0,0.693147813772349,1,0.5071625763885587,0.8481819911753878,0.6717408274785324,0.0,0.0,0.8938553053103714,0.23603829089506173,1,8.096696463901168,1.0,0.2844099998474121,0.0,0.0057707748917660475,0.925781
0000.jpg,P2,entire plant excluding pot,1.5142469070315916,0.8316289654633535,1.0,0.7263572025334047,1.0,1.0,0.4999599334004078,0.9707321289653383,1,0.60264967343224,0.9993144119326114,1.0,0.08445433822481835,0.0,0.982259307232714,0.33849344135802467,1,7.534661913234365,1.0,0.33709022402763367,0.04000320558484115,0.004120601225245762,0.929688
0000.jpg,P3,leaves and stems,1.365751441819762,0.5746829949015471,1.0,0.7156616391620058,1.0,1.0,1.0,0.7125585863162665,1,0.5076825150070514,0.8496002959321775,0.6721311475409836,0.0,0.0,0.8933880487341221,0.2369997829861111,1,7.946167442226925,1.0,0.28344032168388367,0.0,0.00561357350372958,0.726562
0000.jpg,P4,crop seedling,0.5904761904761905,0.0,1.0,0.9523809523809523,1.0,0.0,1.0,1.0,1,0.0,0.0,0.0,1.0,1.0,0.0,0.0,0,1.0,1.0,0.0,0.0,0.0,
0000.jpg,P5,plant body without background,1.3637957547952775,0.5704617542780122,1.0,0.7150159234811926,1.0,1.0,1.0,0.7428183807439825,1,0.5067002192434364,0.8471407153946977,0.6717408274785324,0.0,0.0,0.892876199091564,0.2353323929398148,1,7.971405031969292,1.0,0.2834055423736572,0.0,0.005384896367257002,0.470703
0001.jpg,P1,green plant,1.3253486941323458,0.58465983454446,1.0,0.7205357465916734,0.8081169917351142,1.0,1.0,0.3883139998056932,1,0.5026861795580962,0.8497482494719102,0.6656050955414012,0.0,0.0,0.8546537504547549,0.24094063464506174,1,7.757123910375499,0.8081169917351142,0.2881259620189667,0.0,0.010300942026302278,0.341797;0.933594
0001.jpg,P2,entire plant excluding pot,1.4869998509960631,0.8456561205852476,1.0,0.7304072280796473,0.842396331061075,1.0,0.7402607139151188,0.5453525083612041,1,0.6033079150508691,0.9993983188630011,1.0,0.0695447821788736,0.0,0.9438193810248082,0.34403416763117284,1,7.381985324245859,0.842396331061075,0.3422407805919647,0.027017508323821812,0.007334705422039931,0.894531
0001.jpg,P3,leaves and stems,1.326264460224067,0.5880932933856853,1.0,0.7162187311841208,0.8096709935742782,1.0,1.0,0.3852227333716695,1,0.5034678565952502,0.8517169263509387,0.6656050955414012,0.0,0.0,0.855580151749694,0.24229685088734568,1,7.924430246237904,0.8096709935742782,0.28844350576400757,0.0,0.010383603181956375,0.726562
0001.jpg,P4,crop seedling,0.5904761904761905,0.0,1.0,0.9523809523809523,1.0,0.0,1.0,1.0,1,0.0,0.0,0.0,1.0,1.0,0.0,0.0,0,1.0,1.0,0.0,0.0,0.0,
0001.jpg,P5,plant body without background,1.3256355109082667,0.584561857809814,1.0,0.721494140375947,0.8095377707209743,1.0,1.0,0.3897473057980202,1,0.5025167571269197,0.8496920715647035,0.6652070063694268,0.0,0.0,0.853872709327766,0.24090193383487654,1,7.720252848593693,0.8095377707209743,0.2878059148788452,0.0,0.010263060040427659,0.546875
0002.jpg,P1,green plant,1.2408695716276807,0.5136950719839037,1.0,0.7656488314645722,0.5569497901823713,1.0,1.0,0.13468250457596095,1,0.4736108329015113,0.8188905156834392,0.5878136200716846,0.0,0.0,0.8119270079940435,0.21290955343364198,1,6.121635896371684,0.5569497901823713,0.2767896354198456,0.0,0.02969947739384368,0.957031
0002.jpg,P2,entire plant excluding pot,1.4716942431184168,0.8197173142287857,1.0,0.7761636038542153,0.6610465590369818,1.0,1.0,0.21112395622831434,1,0.6203087476944203,0.9999396874146775,1.0,0.0006367899142302138,0.0,0.9052089407355235,0.33378833912037037,1,5.7677632662566145,0.6610465590369818,0.3287739157676697,0.0,0.018946215633029857,0.820312
0002.jpg,P3,leaves and stems,0.3904761904761905,0.0,1.0,0.9523809523809523,0.0,0.0,1.0,1.0,1,0.0,0.0,0.0,1.0,1.0,0.0,0.0,0,1.0,0.0,0.0,0.0,0.0,
0002.jpg,P4,crop seedling,0.5904761904761905,0.0,1.0,0.9523809523809523,1.0,0.0,1.0,1.0,1,0.0,0.0,0.0,1.0,1.0,0.0,0.0,0,1.0,1.0,0.0,0.0,0.0,
0002.jpg,P5,plant body without background,0.3904761904761905,0.0,1.0,0.9523809523809523,0.0,0.0,1.0,1.0,1,0.0,0.0,0.0,1.0,1.0,0.0,0.0,0,1.0,0.0,0.0,0.0,0.0,
0003.jpg,P1,green plant,0.8923516590745912,0.5709913170026566,1.0,0.7231160254821674,0.6384474971126121,1.0,1.0,1.0,1,0.10584069115510396,0.0,0.043461082576056895,0.0,0.0,0.9801769629141371,0.23554157021604938,1,7.65807878018493,0.6384474971126121,0.2516976296901703,0.0,0.00363212733329375,0.949219;0.343750
0003.jpg,P2,entire plant excluding pot,0.9967904809443155,0.8372237117127677,1.0,0.7360275270765372,0.6112042623659011,1.0,1.0,0.6342921272655855,1,0.1598993807132744,0.0,0.3785065191623864,0.003401712002774308,0.0,0.9278872086487714,0.34070336612654323,1,7.172896752162182,0.6112042623659011,0.3044275939464569,0.0,0.00630624254670144,0.722656
0003.jpg,P3,leaves and stems,0.5904761904761905,0.0,1.0,0.9523809523809523,1.0,0.0,1.0,1.0,1,0.0,0.0,0.0,1.0,1.0,0.0,0.0,0,1.0,1.0,0.0,0.0,0.0,
0003.jpg,P4,crop seedling,0.5904761904761905,0.0,1.0,0.9523809523809523,1.0,0.0,1.0,1.0,1,0.0,0.0,0.0,1.0,1.0,0.0,0.0,0,1.0,1.0,0.0,0.0,0.0,
0003.jpg,P5,plant body without background,0.5904761904761905,0.0,1.0,0.9523809523809523,1.0,0.0,1.0,1.0,1,0.0,0.0,0.0,1.0,1.0,0.0,0.0,0,1.0,1.0,0.0,0.0,0.0,
0004.jpg,P1,green plant,1.168741234633818,0.535116876172058,1.0,0.6868478325667597,0.6976804712522678,0.9665254950523376,1.0,0.8700028429282162,1,0.3915070996251334,0.6536628450850998,0.3947780678851175,0.0,0.0,0.916650516260274,0.22137116608796295,1,9.11853113849064,0.6976804712522678,0.2416313737630844,0.0,0.004597686125411937,0.515625;0.960938
0004.jpg,P2,entire plant excluding pot,1.2961727771400842,0.762229694092827,1.0,0.7076066943963835,0.7359834511601142,1.0,1.0,1.0,1,0.45500880921021924,0.7159339481272063,0.5971279373368146,0.00902439629366087,0.0,0.9965621753316868,0.3110807291666667,1,8.264288846307187,0.7359834511601142,0.29281216859817505,0.0,0.0034849633443246103,0.878906
0004.jpg,P3,leaves and stems,0.5904761904761905,0.0,1.0,0.9523809523809523,1.0,0.0,1.0,1.0,1,0.0,0.0,0.0,1.0,1.0,0.0,0.0,0,1.0,1.0,0.0,0.0,0.0,
0004.jpg,P4,crop seedling,0.5904761904761905,0.0,1.0,0.9523809523809523,1.0,0.0,1.0,1.0,1,0.0,0.0,0.0,1.0,1.0,0.0,0.0,0,1.0,1.0,0.0,0.0,0.0,
0004.jpg,P5,plant body without background,0.5904761904761905,0.0,1.0,0.9523809523809523,1.0,0.0,1.0,1.0,1,0.0,0.0,0.0,1.0,1.0,0.0,0.0,0,1.0,1.0,0.0,0.0,0.0,
0005.jpg,P1,green plant,1.0742948335513636,0.4737547492772307,1.0,0.6725770547413579,0.36212764337738584,0.9481471180915833,1.0,0.19925676334389472,1,0.3829735204538521,0.6330650982610808,0.4581717451523546,0.0,0.0,0.7892982193504997,0.19713312596450616,1,9.736369772071807,0.36212764337738584,0.2370367795228958,0.0,0.02007460089621375,0.953125
0005.jpg,P2,entire plant excluding pot,1.169143182037592,0.6504556375996249,1.0,0.6887555312209577,0.43751587286119287,1.0,0.5847306148320305,0.25695911794574205,1,0.4137977737012369,0.6801780569594119,0.6360110803324099,0.08194400783370008,0.0,0.8583666165571896,0.2669299768518518,1,9.037879324970323,0.43751587286119287,0.27605459094047546,0.034203784602154265,0.01556667859065665,0.867188
0005.jpg,P3,leaves and stems,0.5904761904761905,0.0,1.0,0.9523809523809523,1.0,0.0,1.0,1.0,1,0.0,0.0,0.0,1.0,1.0,0.0,0.0,0,1.0,1.0,0.0,0.0,0.0,
0005.jpg,P4,crop seedling,0.5904761904761905,0.0,1.0,0.9523809523809523,1.0,0.0,1.0,1.0,1,0.0,0.0,0.0,1.0,1.0,0.0,0.0,0,1.0,1.0,0.0,0.0,0.0,
0005.jpg,P5,plant body without background,0.5904761904761905,0.0,1.0,0.9523809523809523,1.0,0.0,1.0,1.0,1,0.0,0.0,0.0,1.0,1.0,0.0,0.0,0,1.0,1.0,0.0,0.0,0.0,
0006.jpg,P1,green plant,1.1376769302888041,0.4529894807782465,1.0,0.6705997323763649,0.6541880726006628,0.9880327582359314,1.0,0.21108846607172924,1,0.38451492149056293,0.6338483866801778,0.46587887740029543,0.0,0.0,0.7880978822044755,0.1889308449074074,1,9.82405007697688,0.6541880726006628,0.24700818955898285,0.0,0.018949401047050927,0.960938
0006.jpg,P2,entire plant excluding pot,1.2115704304395964,0.6210000463939678,1.0,0.6820831905471704,0.737818142135784,1.0,0.2819261340185597,0.27483292773938156,1,0.403390154624212,0.6808642011161121,0.6475627769571639,0.12363336527322777,0.0,0.8561639396325165,0.2552950183256173,1,9.321936498619628,0.737818142135784,0.2858660817146301,0.07094056771155301,0.014554296797336884,0.863281
0006.jpg,P3,leaves and stems,0.5904761904761905,0.0,1.0,0.9523809523809523,1.0,0.0,1.0,1.0,1,0.0,0.0,0.0,1.0,1.0,0.0,0.0,0,1.0,1.0,0.0,0.0,0.0,
0006.jpg,P4,crop seedling,0.5904761904761905,0.0,1.0,0.9523809523809523,1.0,0.0,1.0,1.0,1,0.0,0.0,0.0,1.0,1.0,0.0,0.0,0,1.0,1.0,0.0,0.0,0.0,
0006.jpg,P5,plant body without background,0.5904761904761905,0.0,1.0,0.9523809523809523,1.0,0.0,1.0,1.0,1,0.0,0.0,0.0,1.0,1.0,0.0,0.0,0,1.0,1.0,0.0,0.0,0.0,
0007.jpg,P1,green plant,1.160392248255397,0.4562721592240975,1.0,0.6553647822032853,0.8500784472215211,0.8963851928710938,1.0,0.21437812499999997,1,0.3887721319513974,0.656353448376665,0.4364185663279319,0.0,0.0,0.80493083080537,0.19022750289351853,1,10.517355437931164,0.8500784472215211,0.22409629821777344,0.0,0.018658620136732702,0.953125
0007.jpg,P2,entire plant excluding pot,1.2456887258672151,0.6261986125761838,1.0,0.6677041321922672,0.8771253613914515,1.0,0.3328630685982503,0.27705250178467133,1,0.4114831046352347,0.7115220842805934,0.6031310079648449,0.11161363677888231,0.0,0.873708847370196,0.2573484519675926,1,9.953386591055194,0.8771253613914515,0.26432204246520996,0.06008476724144797,0.014437696733411382,0.910156
0007.jpg,P3,leaves and stems,0.5904761904761905,0.0,1.0,0.9523809523809523,1.0,0.0,1.0,1.0,1,0.0,0.0,0.0,1.0,1.0,0.0,0.0,0,1.0,1.0,0.0,0.0,0.0,
0007.jpg,P4,crop seedling,0.5904761904761905,0.0,1.0,0.9523809523809523,1.0,0.0,1.0,1.0,1,0.0,0.0,0.0,1.0,1.0,0.0,0.0,0,1.0,1.0,0.0,0.0,0.0,
0007.jpg,P5,plant body without background,0.5904761904761905,0.0,1.0,0.9523809523809523,1.0,0.0,1.0,1.0,1,0.0,0.0,0.0,1.0,1.0,0.0,0.0,0,1.0,1.0,0.0,0.0,0.0,
0008.jpg,P1,green plant,1.1116473706677135,0.44545961771370524,1.0,0.6634849676105796,0.8187811997976167,0.7742453813552856,1.0,0.1965526776896365,1,0.37125313737227617,0.6230633101871245,0.40156657963446474,0.0,0.0,0.8089899447257899,0.18595654899691358,1,10.143863050923912,0.8187811997976167,0.1935613453388214,0.0,0.020350778463146348,0.322266;0.949219
0008.jpg,P2,entire plant excluding pot,1.2041897730698572,0.5924054906040006,1.0,0.6868339743586205,0.839760985999117,0.9335224628448486,0.5713658564128624,0.2938524084358779,1,0.39368519030853993,0.6614757244061253,0.5550913838120104,0.08418670494383189,0.0,0.8750824916338371,0.24400016878858025,1,9.119118661356852,0.839760985999117,0.23338061571121216,0.035003841716345456,0.013612275704294075,0.863281
0008.jpg,P3,leaves and stems,0.955780914228773,0.4306538375136739,1.0,0.6711230611153567,0.0,0.8248480558395386,1.0,0.22577398269543206,1,0.37045592333505906,0.6191930023608974,0.3986945169712794,0.0,0.0,0.8197335945391468,0.18010826581790124,1,9.800793861503562,0.0,0.20621201395988464,0.0,0.01771683323403999,0.447266
0008.jpg,P4,crop seedling,0.5904761904761905,0.0,1.0,0.9523809523809523,1.0,0.0,1.0,1.0,1,0.0,0.0,0.0,1.0,1.0,0.0,0.0,0,1.0,1.0,0.0,0.0,0.0,
0008.jpg,P5,plant body without background,0.5904761904761905,0.0,1.0,0.9523809523809523,1.0,0.0,1.0,1.0,1,0.0,0.0,0.0,1.0,1.0,0.0,0.0,0,1.0,1.0,0.0,0.0,0.0,
0009.jpg,P1,green plant,1.076574242024787,0.418022164107673,1.0,0.6595702349887015,0.7679892087180334,0.6769580841064453,1.0,0.3593308182324201,1,0.3720663036406164,0.6226637181309779,0.38590078328981725,0.0,0.0,0.8467186130260702,0.17511875482253086,1,10.322775254317841,0.7679892087180334,0.16923952102661133,0.0,0.011131803332862882,0.937500
0009.jpg,P2,entire plant excluding pot,1.166440818688604,0.5657570396741678,1.0,0.6687798905171164,0.798462545899744,0.8167375326156616,0.819919554586447,0.4626199235547062,1,0.39649341694726603,0.6635392663577944,0.5315926892950391,0.0736328489094136,0.0,0.9065784432175508,0.2334740306712963,1,9.905205410012442,0.798462545899744,0.2041843831539154,0.024392636921664403,0.008646406685783363,0.929688
0009.jpg,P3,leaves and stems,1.0688129180414259,0.42696277006172834,1.0,0.641306912504378,0.7626556109997489,0.6503109335899353,1.0,0.35436972378333137,1,0.3725656726102679,0.625137420893786,0.38798955613577024,0.0,0.0,0.8392945519300422,0.17865029417438272,1,11.186315958918447,0.7626556109997489,0.16257773339748383,0.0,0.011287646013590256,0.468750;0.671875
0009.jpg,P4,crop seedling,0.5904761904761905,0.0,1.0,0.9523809523809523,1.0,0.0,1.0,1.0,1,0.0,0.0,0.0,1.0,1.0,0.0,0.0,0,1.0,1.0,0.0,0.0,0.0,
0009.jpg,P5,plant body without background,0.5904761904761905,0.0,1.0,0.9523809523809523,1.0,0.0,1.0,1.0,1,0.0,0.0,0.0,1.0,1.0,0.0,0.0,0,1.0,1.0,0.0,0.0,0.0,
0010.jpg,P1,green plant,1.0584428761116818,0.39201651381075164,1.0,0.6634359319322183,0.6723937201491497,0.6331281661987305,1.0,1.0,1,0.38624800969351175,0.6481598870636862,0.3723237597911227,0.0,0.0,0.9237377245881948,0.1648465229552469,1,10.14609103512252,0.6723937201491497,0.15828204154968262,0.0,0.0,0.949219
0010.jpg,P2,entire plant excluding pot,1.146863741703463,0.5269838915260197,1.0,0.6760777041534592,0.7081575672622992,0.7662668228149414,0.9254308801718406,1.0,1,0.41136654455211913,0.6960754674291688,0.5093994778067885,0.0726252352175607,0.0,0.9783579551195629,0.21815863715277778,1,9.582398409429441,0.7081575672622992,0.19156670570373535,0.021611554605014106,0.0,0.839844
0010.jpg,P3,leaves and stems,1.056873043992534,0.39188465727066724,1.0,0.6649854480755696,0.667023439945928,0.6291061639785767,1.0,1.0,1,0.38627310213838556,0.6481130758804945,0.37258485639686684,0.0,0.0,0.9236825142877646,0.1647944396219136,1,10.075846107428175,0.667023439945928,0.15727654099464417,0.0,0.0,0.388672
0010.jpg,P4,crop seedling,0.5904761904761905,0.0,1.0,0.9523809523809523,1.0,0.0,1.0,1.0,1,0.0,0.0,0.0,1.0,1.0,0.0,0.0,0,1.0,1.0,0.0,0.0,0.0,
0010.jpg,P5,plant body without background,0.5904761904761905,0.0,1.0,0.9523809523809523,1.0,0.0,1.0,1.0,1,0.0,0.0,0.0,1.0,1.0,0.0,0.0,0,1.0,1.0,0.0,0.0,0.0,
0011.jpg,P1,green plant,1.0860545043372294,0.3768179110017189,1.0,0.6607998459832902,0.836968986222789,0.616303026676178,1.0,1.0,1,0.38787655036043417,0.6467855115168272,0.37068283680464015,0.0,0.0,0.9477871070470946,0.158843074845679,1,10.266350880029933,0.836968986222789,0.1540757566690445,0.0,0.0,0.945312
0011.jpg,P2,entire plant excluding pot,1.168380537239011,0.5069285728238787,1.0,0.67257921374018,0.8714895248649164,0.7351438403129578,0.8930137757976135,1.0,1,0.41115230689062443,0.6942779956986257,0.5043501186395992,0.07491277609434174,0.0,0.9984581986928006,0.2102367862654321,1,9.73627431746066,0.8714895248649164,0.18378596007823944,0.0223960710820352,0.0,0.800781
0011.jpg,P3,leaves and stems,1.0853259341601436,0.3766164635099234,1.0,0.6601735044411144,0.8356390662704992,0.6145898103713989,1.0,1.0,1,0.3879221652415562,0.6467119799423691,0.3709464803585552,0.0,0.0,0.9480260579718712,0.15876350308641976,1,10.295066168902785,0.8356390662704992,0.15364745259284973,0.0,0.0,0.554688
0011.jpg,P4,crop seedling,0.5904761904761905,0.0,1.0,0.9523809523809523,1.0,0.0,1.0,1.0,1,0.0,0.0,0.0,1.0,1.0,0.0,0.0,0,1.0,1.0,0.0,0.0,0.0,
0011.jpg,P5,plant body without background,0.5904761904761905,0.0,1.0,0.9523809523809523,1.0,0.0,1.0,1.0,1,0.0,0.0,0.0,1.0,1.0,0.0,0.0,0,1.0,1.0,0.0,0.0,0.0,
0012.jpg,P1,green plant,1.1122252356671787,0.37926580325050785,1.0,0.6757476819616242,0.777060299547908,0.5151484608650208,1.0,1.0,1,0.4427807865421667,0.7147201440011974,0.5652350081037277,0.0,0.0,0.908864346830766,0.15980999228395062,1,9.596845884757036,0.777060299547908,0.1287871152162552,0.0,0.0,0.964844
0012.jpg,P2,entire plant excluding pot,1.2085513924860107,0.5050233679090482,1.0,0.6886362818791555,0.7965236139429058,0.6201285719871521,1.0,1.0,1,0.48648902534235827,0.7814622756582317,0.766612641815235,0.0698076482579454,0.0,0.9592924781261849,0.20948423032407407,1,9.042907738500011,0.7965236139429058,0.15503214299678802,0.01849044572057373,0.0,0.566406
0012.jpg,P3,leaves and stems,0.3904761904761905,0.0,1.0,0.9523809523809523,0.0,0.0,1.0,1.0,1,0.0,0.0,0.0,1.0,1.0,0.0,0.0,0,1.0,0.0,0.0,0.0,0.0,
0012.jpg,P4,crop seedling,0.5904761904761905,0.0,1.0,0.9523809523809523,1.0,0.0,1.0,1.0,1,0.0,0.0,0.0,1.0,1.0,0.0,0.0,0,1.0,1.0,0.0,0.0,0.0,
0012.jpg,P5,plant body without background,0.5904761904761905,0.0,1.0,0.9523809523809523,1.0,0.0,1.0,1.0,1,0.0,0.0,0.0,1.0,1.0,0.0,0.0,0,1.0,1.0,0.0,0.0,0.0,
0013.jpg,P1,green plant,1.0542523334120877,0.37360055037896545,1.0,0.6739027739796197,0.5965971945929686,0.441307008266449,1.0,1.0,1,0.43717082796848705,0.7064122714641017,0.5867733782645325,0.0,0.0,0.8430732486843562,0.15757221739969135,1,9.677871604376042,0.5965971945929686,0.11032675206661224,0.0,0.0,0.945312
0013.jpg,P2,entire plant excluding pot,1.1654062620461714,0.5026108815830598,1.0,0.6744546177966664,0.654656936201568,0.5303446650505066,1.0,1.0,1,0.4929928419198113,0.7731662957363972,0.8028643639427128,0.037703756037376523,0.0,0.8918017971359695,0.20853129822530864,1,9.653588947669675,0.654656936201568,0.13258616626262665,0.0,0.0,0.824219
0013.jpg,P3,leaves and stems,0.9348597610922046,0.3733289014885137,1.0,0.675101669014359,0.0,0.4401341378688812,1.0,1.0,1,0.4371468194178538,0.706271711739485,0.5867733782645325,0.0,0.0,0.8433251222141822,0.15746491608796295,1,9.625167464331378,0.0,0.1100335344672203,0.0,0.0,0.441406
0013.jpg,P4,crop seedling,0.5904761904761905,0.0,1.0,0.9523809523809523,1.0,0.0,1.0,1.0,1,0.0,0.0,0.0,1.0,1.0,0.0,0.0,0,1.0,1.0,0.0,0.0,0.0,
0013.jpg,P5,plant body without background,0.5904761904761905,0.0,1.0,0.9523809523809523,1.0,0.0,1.0,1.0,1,0.0,0.0,0.0,1.0,1.0,0.0,0.0,0,1.0,1.0,0.0,0.0,0.0,
0014.jpg,P1,green plant,1.0774951989463117,0.36864585775121117,1.0,0.6756878434985547,0.7634965785043176,0.3843728303909302,1.0,1.0,1,0.4390545769173091,0.705492672700364,0.6008676789587852,0.0,0.0,0.8397595925960036,0.1556151138117284,1,9.599466961614471,0.7634965785043176,0.09609320759773254,0.0,0.0007600326635852159,0.957031
0014.jpg,P2,entire plant excluding pot,1.195294043629016,0.49615387902406616,1.0,0.684774296502289,0.8110457000603659,0.46670350432395935,1.0,1.0,1,0.50355856764688,0.7720014812531681,0.8286334056399133,0.01645783667069167,0.0,0.8914138719429429,0.20598078221450616,1,9.206703730202213,0.8110457000603659,0.11667587608098984,0.0,0.0005882397700421484,0.867188
0014.jpg,P3,leaves and stems,1.0782100804909167,0.3660453537662134,1.0,0.6797020578295067,0.764200970883051,0.3882327079772949,1.0,1.0,1,0.4385738623997036,0.7041362370820204,0.5995661605206074,0.0,0.0,0.8420427052728713,0.15458791473765432,1,9.424657126779964,0.764200970883051,0.09705817699432373,0.0,0.0007159491317362001,0.691406
0014.jpg,P4,crop seedling,0.5904761904761905,0.0,1.0,0.9523809523809523,1.0,0.0,1.0,1.0,1,0.0,0.0,0.0,1.0,1.0,0.0,0.0,0,1.0,1.0,0.0,0.0,0.0,
0014.jpg,P5,plant body without background,0.5904761904761905,0.0,1.0,0.9523809523809523,1.0,0.0,1.0,1.0,1,0.0,0.0,0.0,1.0,1.0,0.0,0.0,0,1.0,1.0,0.0,0.0,0.0,
0015.jpg,P1,green plant,1.094305424738904,0.38030081604547583,1.0,0.6819865838744043,0.833427816364181,0.3644501268863678,1.0,1.0,1,0.4422723561048181,0.7078205659506924,0.6143359718557607,0.0,0.0,0.8395468308803883,0.16021882233796297,1,9.326090091653818,0.833427816364181,0.09111253172159195,0.0,0.0032342076529871273,0.964844
0015.jpg,P2,entire plant excluding pot,1.2100924397904866,0.513279357614471,1.0,0.6795895952382851,0.8663302730108575,0.4375118613243103,1.0,1.0,1,0.510750222352902,0.7759529599424511,0.8496042216358839,0.008201315315979021,0.0,0.8869832107337884,0.21274534625771604,1,9.429526496778372,0.8663302730108575,0.10937796533107758,0.0,0.0024832893666818733,0.773438
0015.jpg,P3,leaves and stems,1.0948411306395975,0.3801127983864666,1.0,0.6828858396939214,0.8350013777357896,0.36457911133766174,1.0,1.0,1,0.4423253052088296,0.7077242339179457,0.6143359718557607,0.0,0.0,0.8404134840351172,0.16014455536265432,1,9.287472132917955,0.8350013777357896,0.09114477783441544,0.0,0.0032055939044028357,0.625000
0015.jpg,P4,crop seedling,0.5904761904761905,0.0,1.0,0.9523809523809523,1.0,0.0,1.0,1.0,1,0.0,0.0,0.0,1.0,1.0,0.0,0.0,0,1.0,1.0,0.0,0.0,0.0,
0015.jpg,P5,plant body without background,0.5904761904761905,0.0,1.0,0.9523809523809523,1.0,0.0,1.0,1.0,1,0.0,0.0,0.0,1.0,1.0,0.0,0.0,0,1.0,1.0,0.0,0.0,0.0,
0016.jpg,P1,green plant,1.038865250173488,0.4080816460579778,1.0,0.6719127350026465,0.8681730634614051,0.383661150932312,1.0,0.5031223314731155,1,0.3724995310826197,0.6333461739501012,0.3783289817232376,0.0,0.0,0.8272915348990151,0.17119225019290124,1,9.76577010394248,0.8681730634614051,0.095915287733078,0.0,0.007950352726916757,0.957031
0016.jpg,P2,entire plant excluding pot,1.131509996834283,0.5444564092045632,1.0,0.6804262082091119,0.8910662004793106,0.4708235561847687,1.0,0.6086534072383437,1,0.4141555220187321,0.6753054091552032,0.5206266318537859,0.012147915617600737,0.0,0.8773020976600983,0.22506028163580247,1,9.393341641910276,0.8910662004793106,0.11770588904619217,0.0,0.0065718846759591585,0.886719
0016.jpg,P3,leaves and stems,1.0369381577743826,0.41319841234958576,1.0,0.6698567250270812,0.8636849547930673,0.37227869033813477,1.0,0.44145060685205095,1,0.3731344012728089,0.6349204798947308,0.3806788511749347,0.0,0.0,0.8239004009816493,0.1732133728780864,1,9.85713101438436,0.8636849547930673,0.09306967258453369,0.0,0.009061036360383964,0.361328;0.679688
0016.jpg,P4,crop seedling,0.5904761904761905,0.0,1.0,0.9523809523809523,1.0,0.0,1.0,1.0,1,0.0,0.0,0.0,1.0,1.0,0.0,0.0,0,1.0,1.0,0.0,0.0,0.0,
0016.jpg,P5,plant body without background,0.5904761904761905,0.0,1.0,0.9523809523809523,1.0,0.0,1.0,1.0,1,0.0,0.0,0.0,1.0,1.0,0.0,0.0,0,1.0,1.0,0.0,0.0,0.0,
0017.jpg,P1,green plant,1.0372322813390134,0.4332518997108923,1.0,0.67582396497223,0.7013667574500391,0.38850224018096924,1.0,1.0,1,0.39744330887618723,0.6450583389799547,0.46321018317292767,0.0,0.0,0.8829505726207614,0.18113450038580248,1,9.593505167905395,0.7013667574500391,0.09712556004524231,0.0,0.0013518352611351688,0.953125;0.339844
0017.jpg,P2,entire plant excluding pot,1.135227411855741,0.5652793649398342,1.0,0.6863419017581972,0.7355708521763902,0.48084527254104614,1.0,1.0,1,0.44161993357264756,0.6868224175083174,0.6293076684259546,0.01758174062333007,0.0,0.9323122931506367,0.23328534915123456,1,9.139995603890922,0.7355708521763902,0.12021131813526154,0.0,0.0011152673799278746,0.722656
0017.jpg,P3,leaves and stems,1.0379802302114234,0.42877030346538525,1.0,0.6796727230428641,0.6985851029227267,0.3984823524951935,1.0,1.0,1,0.3968781338261895,0.6436406813948059,0.46010555728034774,0.0,0.0,0.8878489502754487,0.17936426986882717,1,9.425927099826668,0.6985851029227267,0.09962058812379837,0.0,0.0013799648992854161,0.310547
0017.jpg,P4,crop seedling,0.5904761904761905,0.0,1.0,0.9523809523809523,1.0,0.0,1.0,1.0,1,0.0,0.0,0.0,1.0,1.0,0.0,0.0,0,1.0,1.0,0.0,0.0,0.0,
0017.jpg,P5,plant body without background,0.5904761904761905,0.0,1.0,0.9523809523809523,1.0,0.0,1.0,1.0,1,0.0,0.0,0.0,1.0,1.0,0.0,0.0,0,1.0,1.0,0.0,0.0,0.0,
0018.jpg,P1,green plant,1.0928103826016398,0.4282972070831379,1.0,0.6641398273972321,0.6004437330340126,0.47762590646743774,1.0,1.0,1,0.4587090478052759,0.7094004473276863,0.6263180092787853,0.0,0.0,0.9768164957040439,0.1791773967978395,1,10.114140388749338,0.6004437330340126,0.11940647661685944,0.0,0.0,0.949219;0.353516
0018.jpg,P2,entire plant excluding pot,1.196207526144205,0.5581774251836225,1.0,0.6745605794975411,0.6501137208909266,0.5520631670951843,1.0,1.0,1,0.50922454761075,0.7693567008554572,0.8447912273302404,0.03407658338625324,0.0,0.9811025640777267,0.23048008294753086,1,9.64893088608494,0.6501137208909266,0.13801579177379608,0.0,0.0,0.550781
0018.jpg,P3,leaves and stems,1.0938037932250813,0.42414189472964525,1.0,0.6702547901971967,0.5984960408485932,0.48747313022613525,1.0,1.0,1,0.4577306220247671,0.7074822417333567,0.6221003795866723,0.0,0.0,0.9813376909249129,0.17753604841820989,1,9.839398826401183,0.5984960408485932,0.12186828255653381,0.0,0.0,0.386719
0018.jpg,P4,crop seedling,0.5904761904761905,0.0,1.0,0.9523809523809523,1.0,0.0,1.0,1.0,1,0.0,0.0,0.0,1.0,1.0,0.0,0.0,0,1.0,1.0,0.0,0.0,0.0,
0018.jpg,P5,plant body without background,0.5904761904761905,0.0,1.0,0.9523809523809523,1.0,0.0,1.0,1.0,1,0.0,0.0,0.0,1.0,1.0,0.0,0.0,0,1.0,1.0,0.0,0.0,0.0,
0019.jpg,P1,green plant,1.1093900631874916,0.4530123725386779,1.0,0.6684922063176845,0.6613020382468499,0.4989936947822571,1.0,0.9988164435946463,1,0.4530300008103979,0.7132585739950613,0.6297819827231592,0.0,0.0,0.9002874302195781,0.1889398871527778,1,9.918075051566861,0.6613020382468499,0.12474842369556427,0.0,0.004004739835484062,0.953125
0019.jpg,P2,entire plant excluding pot,1.2046987146151888,0.5992962157172996,1.0,0.6999601058675762,0.6773642771569641,0.5367932915687561,1.0,1.0,1,0.5020159365530696,0.7784779000179355,0.8408062525709584,0.050107236522868574,0.0,0.9323571704088038,0.24672200520833334,1,8.573056996170795,0.6773642771569641,0.13419832289218903,0.007726209446684952,0.0031352450705161377,0.746094
0019.jpg,P3,leaves and stems,1.1089735877581461,0.45507629365916547,1.0,0.6699515235484156,0.6576036389951411,0.495225727558136,1.0,0.98878906863515,1,0.4534021510059744,0.7141787545257179,0.6301933360756891,0.0,0.0,0.9000478642834915,0.18975513599537036,1,9.852906213377175,0.6576036389951411,0.123806431889534,0.0,0.004045352165473774,0.617188
0019.jpg,P4,crop seedling,0.5904761904761905,0.0,1.0,0.9523809523809523,1.0,0.0,1.0,1.0,1,0.0,0.0,0.0,1.0,1.0,0.0,0.0,0,1.0,1.0,0.0,0.0,0.0,
0019.jpg,P5,plant body without background,0.5904761904761905,0.0,1.0,0.9523809523809523,1.0,0.0,1.0,1.0,1,0.0,0.0,0.0,1.0,1.0,0.0,0.0,0,1.0,1.0,0.0,0.0,0.0,
0020.jpg,P1,green plant,1.1093782160738734,0.4884021184950773,1.0,0.698305491826735,0.866610117220455,0.4748397767543793,1.0,0.7448948882496128,1,0.4037467152145441,0.6479787083828841,0.48311124883792994,0.0,0.0,0.8999414248970726,0.20291883680555556,1,8.640760002733076,0.866610117220455,0.11870994418859482,0.0,0.005369885151715,0.945312
0020.jpg,P2,entire plant excluding pot,1.181887696962503,0.6213296877441787,1.0,0.7029421992997098,0.9124490722692795,0.5184106826782227,1.0,0.9209297978700282,1,0.4308613685642248,0.6862690311280263,0.6411527734738147,0.060668394538088616,0.0,0.9346022680555552,0.2554252266589506,1,8.451841445746956,0.9124490722692795,0.12960267066955566,0.016294258611469183,0.0043434363935789646,0.492188
0020.jpg,P3,leaves and stems,1.109908438757933,0.4904385695030473,1.0,0.6995681409721654,0.8683305129960683,0.4712107479572296,1.0,0.7407175890410959,1,0.40399884447223083,0.6485653163137318,0.48342113418035326,0.0,0.0,0.899851796099611,0.2037232349537037,1,8.589066352002106,0.8683305129960683,0.1178026869893074,0.0,0.005400168781165632,0.578125
0020.jpg,P4,crop seedling,0.5904761904761905,0.0,1.0,0.9523809523809523,1.0,0.0,1.0,1.0,1,0.0,0.0,0.0,1.0,1.0,0.0,0.0,0,1.0,1.0,0.0,0.0,0.0,
0020.jpg,P5,plant body without background,0.5904761904761905,0.0,1.0,0.9523809523809523,1.0,0.0,1.0,1.0,1,0.0,0.0,0.0,1.0,1.0,0.0,0.0,0,1.0,1.0,0.0,0.0,0.0,
0021.jpg,P1,green plant,1.1045421222257676,0.49160910151976867,1.0,0.703799082515117,0.7309827992950346,0.5251429080963135,1.0,1.0,1,0.414235343940521,0.6532769892783751,0.4896875,0.0,0.0,0.9744464769308969,0.20418559510030865,1,8.417201012151668,0.7309827992950346,0.13128572702407837,0.0,0.0,0.960938
0021.jpg,P2,entire plant excluding pot,1.1731266783220533,0.61688197130411,1.0,0.7099369473374558,0.7766984899039412,0.5558000206947327,1.0,1.0,1,0.44126319247400536,0.6904224699975329,0.650625,0.057528254152632075,0.0,0.9976130422065849,0.2536683786651235,1,8.171515900120294,0.7766984899039412,0.13895000517368317,0.01357919836580044,0.0,0.476562
0021.jpg,P3,leaves and stems,1.1050950891911206,0.4944104425496171,1.0,0.7064785663797033,0.7303724098252458,0.5213156342506409,1.0,1.0,1,0.4145796785900794,0.6541076332908509,0.4896875,0.0,0.0,0.974982569382816,0.20529212480709877,1,8.309422184580217,0.7303724098252458,0.13032890856266022,0.0,0.0,0.480469
0021.jpg,P4,crop seedling,0.5904761904761905,0.0,1.0,0.9523809523809523,1.0,0.0,1.0,1.0,1,0.0,0.0,0.0,1.0,1.0,0.0,0.0,0,1.0,1.0,0.0,0.0,0.0,
0021.jpg,P5,plant body without background,0.5904761904761905,0.0,1.0,0.9523809523809523,1.0,0.0,1.0,1.0,1,0.0,0.0,0.0,1.0,1.0,0.0,0.0,0,1.0,1.0,0.0,0.0,0.0,
0022.jpg,P1,green plant,1.115095657499949,0.4856551072433192,1.0,0.7028000239534208,0.7610809900621456,0.4742589592933655,1.0,1.0,1,0.43033664138949895,0.6872074621311071,0.5180209698558322,0.0,0.0,0.9657025506956166,0.2018337673611111,1,8.457597208797953,0.7610809900621456,0.11856473982334137,0.0,0.00028433357824250786,0.964844
0022.jpg,P2,entire plant excluding pot,0.3904761904761905,0.0,1.0,0.9523809523809523,0.0,0.0,1.0,1.0,1,0.0,0.0,0.0,1.0,1.0,0.0,0.0,0,1.0,0.0,0.0,0.0,0.0,
0022.jpg,P3,leaves and stems,1.1156148657189333,0.48765981501015776,1.0,0.7037432217119535,0.7618091980393984,0.4713003933429718,1.0,1.0,1,0.4307123400980371,0.6879419379426089,0.518348623853211,0.0,0.0,0.9662990952454603,0.20262562692901234,1,8.419456675329977,0.7618091980393984,0.11782509833574295,0.0,0.00028143738940343603,0.480469
0022.jpg,P4,crop seedling,0.5904761904761905,0.0,1.0,0.9523809523809523,1.0,0.0,1.0,1.0,1,0.0,0.0,0.0,1.0,1.0,0.0,0.0,0,1.0,1.0,0.0,0.0,0.0,
0022.jpg,P5,plant body without background,0.5904761904761905,0.0,1.0,0.9523809523809523,1.0,0.0,1.0,1.0,1,0.0,0.0,0.0,1.0,1.0,0.0,0.0,0,1.0,1.0,0.0,0.0,0.0,
0023.jpg,P1,green plant,1.171606597990508,0.4546880494022504,1.0,0.6998041262828084,0.7534130204319478,0.3572445809841156,1.0,1.0,1,0.5185766425702834,0.7820871427572067,0.8197955890263583,0.0,0.0,0.9728293658051657,0.1896017795138889,1,8.579425654768858,0.7534130204319478,0.0893111452460289,0.0,0.0,0.964844
0023.jpg,P2,entire plant excluding pot,0.5904761904761905,0.0,1.0,0.9523809523809523,1.0,0.0,1.0,1.0,1,0.0,0.0,0.0,1.0,1.0,0.0,0.0,0,1.0,1.0,0.0,0.0,0.0,
0023.jpg,P3,leaves and stems,1.1716812865696364,0.4556846040396937,1.0,0.6999048438680395,0.7537736585733634,0.35514646768569946,1.0,1.0,1,0.5187793717362773,0.7826727940319176,0.8197955890263583,0.0,0.0,0.9728068780036173,0.189995418595679,1,8.575313023224071,0.7537736585733634,0.08878661692142487,0.0,0.0,0.566406
0023.jpg,P4,crop seedling,0.5904761904761905,0.0,1.0,0.9523809523809523,1.0,0.0,1.0,1.0,1,0.0,0.0,0.0,1.0,1.0,0.0,0.0,0,1.0,1.0,0.0,0.0,0.0,
0023.jpg,P5,plant body without background,0.5904761904761905,0.0,1.0,0.9523809523809523,1.0,0.0,1.0,1.0,1,0.0,0.0,0.0,1.0,1.0,0.0,0.0,0,1.0,1.0,0.0,0.0,0.0,
0024.jpg,P1,green plant,1.1273468588424345,0.42732873300515695,1.0,0.7160974006261625,0.775560188687797,0.398558109998703,1.0,1.0,1,0.46383797237887053,0.7371765202608149,0.6265822784810127,0.0,0.0,0.9304138016100304,0.17879484953703703,1,7.929161567283734,0.775560188687797,0.09963952749967575,0.0,0.0015981162457619576,0.960938
0024.jpg,P2,entire plant excluding pot,1.0449909479519541,0.5481627378301297,1.0,0.7043715090455076,0.0,0.4107169806957245,1.0,1.0,1,0.5123407024376817,0.8004909871079899,0.8383966244725738,0.036131041688066794,0.0,0.9209677705124198,0.22652428144290124,1,8.394107006261455,0.0,0.10267924517393112,0.0,0.0013603827380416981,0.472656
0024.jpg,P3,leaves and stems,1.1263615070705781,0.4413122411704953,1.0,0.6967290290402396,0.7831302881533877,0.38073858618736267,1.0,1.0,1,0.4659794781602811,0.7445035832463044,0.6265822784810127,0.0,0.0,0.9261841389749236,0.18431833526234567,1,8.705564382110596,0.7831302881533877,0.09518464654684067,0.0,0.0016483408664255204,0.617188
0024.jpg,P4,crop seedling,0.5904761904761905,0.0,1.0,0.9523809523809523,1.0,0.0,1.0,1.0,1,0.0,0.0,0.0,1.0,1.0,0.0,0.0,0,1.0,1.0,0.0,0.0,0.0,
0024.jpg,P5,plant body without background,0.5904761904761905,0.0,1.0,0.9523809523809523,1.0,0.0,1.0,1.0,1,0.0,0.0,0.0,1.0,1.0,0.0,0.0,0,1.0,1.0,0.0,0.0,0.0,
0025.jpg,P1,green plant,1.1029436453510408,0.4549514572589466,1.0,0.705173148264783,0.8175651045615563,0.41715189814567566,1.0,1.0,1,0.42397532370484853,0.6837676731578222,0.5120298203998644,0.0,0.0,0.9249127042763516,0.18970582561728394,1,8.36182865047248,0.8175651045615563,0.10428797453641891,0.0,0.0022415055392578055,0.964844
0025.jpg,P2,entire plant excluding pot,1.1791000997398258,0.5659850416080637,1.0,0.7118359611145177,0.8530890101677763,0.45187079906463623,1.0,1.0,1,0.46254393734882693,0.7262530919996917,0.6875635377838021,0.025195713151572777,0.0,0.9215263229332228,0.2335640914351852,1,8.09636080858588,0.8530890101677763,0.11296769976615906,0.0,0.0019450010685117334,0.498047
0025.jpg,P3,leaves and stems,1.104268919847213,0.4562224077980934,1.0,0.7062808213184975,0.8236483063359549,0.414943128824234,1.0,1.0,1,0.4240499869918573,0.684253984270802,0.5116909522195866,0.0,0.0,0.9245672109755105,0.1902078510802469,1,8.31734827892346,0.8236483063359549,0.1037357822060585,0.0,0.002356020942408377,0.695312
0025.jpg,P4,crop seedling,0.5904761904761905,0.0,1.0,0.9523809523809523,1.0,0.0,1.0,1.0,1,0.0,0.0,0.0,1.0,1.0,0.0,0.0,0,1.0,1.0,0.0,0.0,0.0,
0025.jpg,P5,plant body without background,0.5904761904761905,0.0,1.0,0.9523809523809523,1.0,0.0,1.0,1.0,1,0.0,0.0,0.0,1.0,1.0,0.0,0.0,0,1.0,1.0,0.0,0.0,0.0,
0026.jpg,P1,green plant,1.1322590817265876,0.4762472041529926,1.0,0.7105678507446908,0.8235411163138739,0.4786773920059204,1.0,0.6895791019723039,1,0.43445236908309215,0.7129804696370045,0.5260487144790257,0.0,0.0,0.9022043610391598,0.1981176456404321,1,8.146502799190197,0.8235411163138739,0.1196693480014801,0.0,0.00580063982298677,0.335938;0.968750
0026.jpg,P2,entire plant excluding pot,1.2151792273419222,0.5906003989881231,1.0,0.7161994878762106,0.8620323257355489,0.5196884870529175,1.0,0.8206266775111833,1,0.47747508741136213,0.7615386070981609,0.7039918809201624,0.020068674640880392,0.0,0.9023863875364068,0.24328715760030864,1,7.925180537767771,0.8620323257355489,0.12992212176322937,0.0,0.004874323623174545,0.546875
0026.jpg,P3,leaves and stems,1.1327781931572638,0.4783163140725113,1.0,0.7118775548918509,0.8241037595897088,0.4760780334472656,1.0,0.6753488181725161,1,0.43470306075699655,0.7138590819402206,0.5260487144790257,0.0,0.0,0.9016361347169471,0.19893494405864198,1,8.094719186698361,0.8241037595897088,0.1190195083618164,0.0,0.0059228651807282946,0.742188
0026.jpg,P4,crop seedling,0.5904761904761905,0.0,1.0,0.9523809523809523,1.0,0.0,1.0,1.0,1,0.0,0.0,0.0,1.0,1.0,0.0,0.0,0,1.0,1.0,0.0,0.0,0.0,
0026.jpg,P5,plant body without background,0.5904761904761905,0.0,1.0,0.9523809523809523,1.0,0.0,1.0,1.0,1,0.0,0.0,0.0,1.0,1.0,0.0,0.0,0,1.0,1.0,0.0,0.0,0.0,
0027.jpg,P1,green plant,1.140047387448638,0.4980627466205657,1.0,0.7169420624632621,0.7784316685070584,0.528954803943634,1.0,0.6982555227527232,1,0.4355691311417341,0.7325395417614595,0.5142203334423014,0.0,0.0,0.8662063150560902,0.20673478491512345,1,7.896256960128981,0.7784316685070584,0.1322387009859085,0.0,0.00572856192276268,0.804688;0.964844
0027.jpg,P2,entire plant excluding pot,1.2154687442200356,0.6209164151625253,1.0,0.711189126512439,0.8039241518515982,0.5672471523284912,1.0,0.2733604467254124,1,0.47481337504902493,0.7871239342249012,0.6848643347499183,0.03414437157721473,0.0,0.8628772928848868,0.2552619839891975,1,8.12191476840611,0.8039241518515982,0.1418117880821228,3.7784951670685252e-06,0.014632694846368748,0.605469;0.742188
0027.jpg,P3,leaves and stems,1.1397892487314798,0.5072020530551649,1.0,0.7116671804876699,0.7686329489962795,0.5301513671875,1.0,0.2886876809795648,1,0.4362585387861569,0.7366001733664443,0.5142203334423014,0.0,0.0,0.8588881808828714,0.2103448109567901,1,8.10302420619566,0.7686329489962795,0.132537841796875,0.0,0.013855804260255726,0.550781;0.750000
0027.jpg,P4,crop seedling,0.5904761904761905,0.0,1.0,0.9523809523809523,1.0,0.0,1.0,1.0,1,0.0,0.0,0.0,1.0,1.0,0.0,0.0,0,1.0,1.0,0.0,0.0,0.0,
0027.jpg,P5,plant body without background,0.5904761904761905,0.0,1.0,0.9523809523809523,1.0,0.0,1.0,1.0,1,0.0,0.0,0.0,1.0,1.0,0.0,0.0,0,1.0,1.0,0.0,0.0,0.0,
0028.jpg,P1,green plant,1.178429439019545,0.5223386954992968,1.0,0.7151828262651934,0.8194991916256775,0.624567449092865,1.0,0.2633896289772102,1,0.4421118065229387,0.7572715345736101,0.521131236097871,0.0,0.0,0.8326314692455836,0.21632378472222222,1,7.964877322968464,0.8194991916256775,0.15614186227321625,0.0,0.015186626806578252,0.441406;0.964844
0028.jpg,P2,entire plant excluding pot,1.2491189625023327,0.6349685986091576,1.0,0.7195181323134033,0.8507010393342105,0.6490423083305359,1.0,0.3088310075306042,1,0.4782729467848712,0.8101815965874467,0.6828725770575151,0.04168292281549718,0.0,0.842972009535613,0.2608125964506173,1,7.796380802379171,0.8507010393342105,0.16226057708263397,0.003131350298897417,0.012952067319871086,0.585938
0028.jpg,P3,leaves and stems,1.1797455018961276,0.5245344731598687,1.0,0.7158764391721482,0.8245296483482447,0.6212394833564758,1.0,0.25385330796871697,1,0.4425094930887802,0.7583030433379934,0.5214489990467112,0.0,0.0,0.8324260809207451,0.21719111689814816,1,7.937782144539283,0.8245296483482447,0.15530987083911896,0.0,0.0157571316757981,0.660156
0028.jpg,P4,crop seedling,0.5904761904761905,0.0,1.0,0.9523809523809523,1.0,0.0,1.0,1.0,1,0.0,0.0,0.0,1.0,1.0,0.0,0.0,0,1.0,1.0,0.0,0.0,0.0,
0028.jpg,P5,plant body without background,0.5904761904761905,0.0,1.0,0.9523809523809523,1.0,0.0,1.0,1.0,1,0.0,0.0,0.0,1.0,1.0,0.0,0.0,0,1.0,1.0,0.0,0.0,0.0,
0029.jpg,P1,green plant,1.1997401045492502,0.5354117220464134,1.0,0.7227642399055868,0.8243498644567115,0.6891493201255798,1.0,0.3612796460176991,1,0.4454050752423919,0.7620504819336915,0.5393293638357881,0.0,0.0,0.8160812107515805,0.22148763020833334,1,7.671540587858301,0.8243498644567115,0.17228733003139496,0.0,0.01107175575510844,0.968750
0029.jpg,P2,entire plant excluding pot,1.2729388361576328,0.6542373564228785,1.0,0.7271465482385318,0.8619989913124773,0.7048102617263794,1.0,0.4207926667926668,1,0.4833002046175794,0.8175824062963768,0.7000940144155438,0.03978595175919663,0.0,0.8306522534680858,0.26842375578703703,1,7.504771972649507,0.8619989913124773,0.17620256543159485,0.0023971282968935697,0.009505869079155987,0.412109
0029.jpg,P3,leaves and stems,1.200087086486977,0.5375965116619784,1.0,0.7215591266172863,0.826882988809403,0.68543940782547,1.0,0.33138942545258526,1,0.4457914795041494,0.7630715206373062,0.5399561266060796,0.0,0.0,0.815243444919979,0.2223506221064815,1,7.717756261723462,0.826882988809403,0.1713598519563675,0.0,0.012070391185648482,0.582031
0029.jpg,P4,crop seedling,0.5904761904761905,0.0,1.0,0.9523809523809523,1.0,0.0,1.0,1.0,1,0.0,0.0,0.0,1.0,1.0,0.0,0.0,0,1.0,1.0,0.0,0.0,0.0,
0029.jpg,P5,plant body without background,0.5904761904761905,0.0,1.0,0.9523809523809523,1.0,0.0,1.0,1.0,1,0.0,0.0,0.0,1.0,1.0,0.0,0.0,0,1.0,1.0,0.0,0.0,0.0,
0030.jpg,P1,green plant,1.2193273068464399,0.5444597666627597,1.0,0.7249416430959816,0.9031836385703378,0.6807966232299805,1.0,0.4957840780824647,1,0.4486509725346279,0.7647463683639357,0.5420219244823387,0.0,0.0,0.8342579720042949,0.22506160783179013,1,7.588427552025752,0.9031836385703378,0.17019915580749512,0.0,0.008068028355147526,0.466797;0.949219
0030.jpg,P2,entire plant excluding pot,1.2840233907082668,0.6715056795983747,1.0,0.7266986425638216,0.8910406921033375,0.7020462155342102,1.0,0.5030551424007051,1,0.48576514474831795,0.8237782176150872,0.6985383678440926,0.04525906815185349,0.0,0.8528358281665682,0.275244743441358,1,7.521724726826528,0.8910406921033375,0.17551155388355255,0.006050836841160058,0.007951414592267158,0.341797
0030.jpg,P3,leaves and stems,1.2204994572888253,0.5475651102711361,1.0,0.7277376346643633,0.9049966622026187,0.6772977709770203,1.0,0.4577865853658537,1,0.4489800216657974,0.7661892654357652,0.5420219244823387,0.0,0.0,0.8324983235645864,0.22628821855709877,1,7.482431919608107,0.9049966622026187,0.16932444274425507,0.0,0.008737695965475445,0.671875
0030.jpg,P4,crop seedling,0.5904761904761905,0.0,1.0,0.9523809523809523,1.0,0.0,1.0,1.0,1,0.0,0.0,0.0,1.0,1.0,0.0,0.0,0,1.0,1.0,0.0,0.0,0.0,
0030.jpg,P5,plant body without background,0.5904761904761905,0.0,1.0,0.9523809523809523,1.0,0.0,1.0,1.0,1,0.0,0.0,0.0,1.0,1.0,0.0,0.0,0,1.0,1.0,0.0,0.0,0.0,
0031.jpg,P1,green plant,1.1834891855872303,0.4965918747069854,1.0,0.7383458098191822,0.8390369085312994,0.6017851829528809,1.0,0.4218123959296947,1,0.44833723038516077,0.7668231892724071,0.5513187162376867,0.0,0.0,0.8071174521703466,0.20615379050925925,1,7.0875783867425435,0.8390369085312994,0.15044629573822021,0.0,0.00948288869316846,0.628906;0.941406
0031.jpg,P2,entire plant excluding pot,1.2685536654677774,0.6304256524456946,1.0,0.7394364737579101,0.8804446302138919,0.6305617690086365,1.0,0.42393567164915397,1,0.49237996038255066,0.8352450812568288,0.7159199237368923,0.04085645131260473,0.0,0.8343553106380145,0.2590181327160494,1,7.047624386659555,0.8804446302138919,0.15764044225215912,0.002459970210389127,0.00943539378141873,0.683594
0031.jpg,P3,leaves and stems,1.1858322029613197,0.5005957962181591,1.0,0.739916579064153,0.8440497570440825,0.6010685563087463,1.0,0.34937699599533634,1,0.4487060652342916,0.7688701753904145,0.5510009532888466,0.0,0.0,0.8042133225565414,0.20773533950617284,1,7.030074154164805,0.8440497570440825,0.15026713907718658,0.0,0.011448950691800538,0.664062
0031.jpg,P4,crop seedling,0.5904761904761905,0.0,1.0,0.9523809523809523,1.0,0.0,1.0,1.0,1,0.0,0.0,0.0,1.0,1.0,0.0,0.0,0,1.0,1.0,0.0,0.0,0.0,
0031.jpg,P5,plant body without background,0.5904761904761905,0.0,1.0,0.9523809523809523,1.0,0.0,1.0,1.0,1,0.0,0.0,0.0,1.0,1.0,0.0,0.0,0,1.0,1.0,0.0,0.0,0.0,
0032.jpg,P1,green plant,1.1620477572277732,0.44339600181669003,1.0,0.7523995349274342,0.8762419651998272,0.5982534289360046,1.0,0.48207094647622034,1,0.4279895710517821,0.740604944848333,0.49158653846153844,0.0,0.0,0.8029226343178868,0.1851414207175926,1,6.581621959573539,0.8762419651998272,0.14956335723400116,0.0,0.008297533857285284,0.304688;0.605469;0.326172;0.949219
0032.jpg,P2,entire plant excluding pot,1.2444006219835748,0.5755312109313955,1.0,0.7531132911258956,0.890377873540128,0.6345579624176025,1.0,0.5917336740061622,1,0.4736845543805705,0.8084341313612434,0.6466346153846154,0.03261537680018287,0.0,0.8412299067495937,0.23733482831790123,1,6.556429471720292,0.890377873540128,0.15863949060440063,0.0,0.006759797820730995,0.460938;0.855469;0.447266
0032.jpg,P3,leaves and stems,1.1574578598064869,0.4498658237615252,1.0,0.734594272199921,0.8664556580248726,0.5929053425788879,1.0,0.27442869733826897,1,0.4286936404934456,0.7439261093005766,0.4921875,0.0,0.0,0.7972575223824384,0.18769700038580248,1,7.225913346839936,0.8664556580248726,0.14822633564472198,0.0,0.0145757351136987,0.310547;0.781250;0.375000
0032.jpg,P4,crop seedling,0.5904761904761905,0.0,1.0,0.9523809523809523,1.0,0.0,1.0,1.0,1,0.0,0.0,0.0,1.0,1.0,0.0,0.0,0,1.0,1.0,0.0,0.0,0.0,
0032.jpg,P5,plant body without background,0.5904761904761905,0.0,1.0,0.9523809523809523,1.0,0.0,1.0,1.0,1,0.0,0.0,0.0,1.0,1.0,0.0,0.0,0,1.0,1.0,0.0,0.0,0.0,
0033.jpg,P1,green plant,1.1489302520335445,0.39899605895452406,1.0,0.7508206276725069,0.8779321358105359,0.6996810436248779,1.0,0.70113226579246,1,0.40344427882105544,0.703136927355428,0.42350332594235035,0.0,0.0,0.8111575557703259,0.16760344328703702,1,6.637520684532396,0.8779321358105359,0.17492026090621948,0.0,0.005705057654819195,0.376953;0.953125;0.535156
0033.jpg,P2,entire plant excluding pot,1.2300811855783795,0.5449380518440381,1.0,0.7382612230766462,0.8703154590278607,0.7516045570373535,1.0,0.428464166953331,1,0.44905732738119974,0.7730057315600528,0.5626385809312638,0.027244291389367334,0.0,0.85403664184364,0.22525053047839505,1,7.090681963020561,0.8703154590278607,0.18790113925933838,0.0,0.009335669837789927,0.367188;0.488281;0.921875
0033.jpg,P3,leaves and stems,1.1455762905657285,0.40886423904125635,1.0,0.7343285332558295,0.8721601066741067,0.6916733384132385,1.0,0.32744455314496174,1,0.40417104708884233,0.7078612560334518,0.42350332594235035,0.0,0.0,0.8018900880751112,0.1715013744212963,1,7.2357658653477515,0.8721601066741067,0.17291833460330963,0.0,0.012215808635635405,0.648438
0033.jpg,P4,crop seedling,0.5904761904761905,0.0,1.0,0.9523809523809523,1.0,0.0,1.0,1.0,1,0.0,0.0,0.0,1.0,1.0,0.0,0.0,0,1.0,1.0,0.0,0.0,0.0,
0033.jpg,P5,plant body without background,0.5904761904761905,0.0,1.0,0.9523809523809523,1.0,0.0,1.0,1.0,1,0.0,0.0,0.0,1.0,1.0,0.0,0.0,0,1.0,1.0,0.0,0.0,0.0,
0034.jpg,P1,green plant,1.1532750058015155,0.40928483698624774,1.0,0.717833094776322,0.7816390540636364,0.8876451849937439,1.0,0.569893536121673,1,0.3939945716375256,0.6869412292955498,0.39614967462039047,0.0,0.0,0.8225819995241287,0.1716675106095679,1,7.861629876833745,0.7816390540636364,0.22191129624843597,0.0,0.007018854832468209,0.382812;0.400391;0.937500
0034.jpg,P2,entire plant excluding pot,1.2388044260917948,0.5503188364392874,1.0,0.7245242075760884,0.7827306713924214,0.9663766026496887,1.0,0.6965639889196676,1,0.43401436248029746,0.747606187440263,0.5225054229934925,0.03228881829659052,0.0,0.8798786622635393,0.22737594039351852,1,7.604322658742401,0.7827306713924214,0.24159415066242218,0.0,0.005742473144791449,0.542969;0.949219
0034.jpg,P3,leaves and stems,1.1309477002008765,0.3752173191123612,1.0,0.7136922312635559,0.7681472104191935,0.8450398445129395,1.0,0.5641113379903279,1,0.3905283791392665,0.6722872837651903,0.3912689804772234,0.0,0.0,0.8479941333554966,0.1582108410493827,1,8.023283880491475,0.7681472104191935,0.21125996112823486,0.0,0.007090798802679948,0.722656
0034.jpg,P4,crop seedling,0.5904761904761905,0.0,1.0,0.9523809523809523,1.0,0.0,1.0,1.0,1,0.0,0.0,0.0,1.0,1.0,0.0,0.0,0,1.0,1.0,0.0,0.0,0.0,
0034.jpg,P5,plant body without background,0.5904761904761905,0.0,1.0,0.9523809523809523,1.0,0.0,1.0,1.0,1,0.0,0.0,0.0,1.0,1.0,0.0,0.0,0,1.0,1.0,0.0,0.0,0.0,
0035.jpg,P1,green plant,1.1595346322976092,0.3899376367401156,1.0,0.7253056978323261,0.8059492390922941,0.9457061290740967,1.0,1.0,1,0.38615489174984274,0.6643132475058782,0.3838120104438642,0.0,0.0,0.8455909324288982,0.16402536651234567,1,7.574580014706484,0.8059492390922941,0.23642653226852417,0.0,0.0014480055744539476,0.792969;0.957031
0035.jpg,P2,entire plant excluding pot,1.2519843460477367,0.5447894080129707,1.0,0.7319691961419682,0.8419933568511337,1.0,1.0,1.0,1,0.42823395384652224,0.7255870504215768,0.5140992167101828,0.03166881800334184,0.0,0.9124127259214005,0.22519181616512346,1,7.3235541951972065,0.8419933568511337,0.268119215965271,0.0,0.0011403601289410015,0.353516;0.949219;0.605469
0035.jpg,P3,leaves and stems,1.169774190980454,0.390209896077512,1.0,0.7264775031677931,0.8572442757530332,0.9442785978317261,1.0,1.0,1,0.38613213641444116,0.6644209786919308,0.3835509138381201,0.0,0.0,0.8454562938140381,0.16413290895061727,1,7.530102326349172,0.8572442757530332,0.23606964945793152,0.0,0.0015557697167000641,0.503906;0.816406
0035.jpg,P4,crop seedling,0.5904761904761905,0.0,1.0,0.9523809523809523,1.0,0.0,1.0,1.0,1,0.0,0.0,0.0,1.0,1.0,0.0,0.0,0,1.0,1.0,0.0,0.0,0.0,
0035.jpg,P5,plant body without background,0.5904761904761905,0.0,1.0,0.9523809523809523,1.0,0.0,1.0,1.0,1,0.0,0.0,0.0,1.0,1.0,0.0,0.0,0,1.0,1.0,0.0,0.0,0.0,
0036.jpg,P1,green plant,1.1844719830778943,0.4203635333645882,1.0,0.7354130948567121,0.8512596085185029,0.9858993291854858,1.0,1.0,1,0.38588486989283644,0.6614867018458802,0.3971279373368146,0.0,0.0,0.8288149552615175,0.17604359567901234,1,7.1955995070998835,0.8512596085185029,0.24647483229637146,0.0,0.0033365840830146504,0.914062;0.960938;0.636719
0036.jpg,P2,entire plant excluding pot,1.2764665006758251,0.6191854928504454,1.0,0.7273171729319373,0.8569985949098498,1.0,1.0,1.0,1,0.43576624853737866,0.733527411054224,0.5328981723237598,0.029153134107542524,0.0,0.9185592388238629,0.25457826967592595,1,7.498319501211077,0.8569985949098498,0.2897079586982727,0.0,0.0022769744276070836,0.906250;0.953125;0.804688
0036.jpg,P3,leaves and stems,1.1845243742460587,0.42056955920847006,1.0,0.737364949912917,0.8514119612770924,0.9836207628250122,1.0,1.0,1,0.3859309276013604,0.6615613527946329,0.39738903394255876,0.0,0.0,0.8285442801357833,0.17612497588734569,1,7.1236109098513625,0.8514119612770924,0.24590519070625305,0.0,0.0033651618132170906,0.656250;0.503906;0.714844
0036.jpg,P4,crop seedling,0.5904761904761905,0.0,1.0,0.9523809523809523,1.0,0.0,1.0,1.0,1,0.0,0.0,0.0,1.0,1.0,0.0,0.0,0,1.0,1.0,0.0,0.0,0.0,
0036.jpg,P5,plant body without background,0.5904761904761905,0.0,1.0,0.9523809523809523,1.0,0.0,1.0,1.0,1,0.0,0.0,0.0,1.0,1.0,0.0,0.0,0,1.0,1.0,0.0,0.0,0.0,
0037.jpg,P1,green plant,1.1765092625060762,0.4278076286333802,1.0,0.7298037537526674,0.7562519420367992,1.0,1.0,0.4343373317729667,1,0.39373659762150687,0.6964166544504252,0.40365535248041773,0.0,0.0,0.773328051173829,0.17898401331018518,1,7.404627473015242,0.7562519420367992,0.25109410285949707,0.0,0.00920943171905575,0.933594;0.765625;0.964844
0037.jpg,P2,entire plant excluding pot,1.2665139504962273,0.6118543302664478,1.0,0.7302921939837611,0.7742908547602266,1.0,1.0,0.6129501578213316,1,0.44322647469414045,0.7761957671649659,0.5404699738903395,0.03869407033587139,0.0,0.8588158198690277,0.2516824604552469,1,7.38629847718833,0.7742908547602266,0.2902037501335144,0.0014840327560231945,0.006525816086282756,0.929688;0.382812;0.777344;0.976562;0.314453
0037.jpg,P3,leaves and stems,1.177469202057807,0.4290294381934677,1.0,0.7320623129507494,0.756854123195817,1.0,1.0,0.4220792514354576,1,0.39388002718980036,0.6969462748225645,0.40365535248041773,0.0,0.0,0.7729086755542763,0.17946662808641975,1,7.320078695740114,0.756854123195817,0.250103622674942,0.0,0.009476893228928742,0.714844;0.679688;0.746094
0037.jpg,P4,crop seedling,0.5904761904761905,0.0,1.0,0.9523809523809523,1.0,0.0,1.0,1.0,1,0.0,0.0,0.0,1.0,1.0,0.0,0.0,0,1.0,1.0,0.0,0.0,0.0,
0037.jpg,P5,plant body without background,0.5904761904761905,0.0,1.0,0.9523809523809523,1.0,0.0,1.0,1.0,1,0.0,0.0,0.0,1.0,1.0,0.0,0.0,0,1.0,1.0,0.0,0.0,0.0,
0038.jpg,P1,green plant,1.2077875836572445,0.43937590346147837,1.0,0.7260769705216428,0.8893429464524135,0.9891619682312012,1.0,0.46722909314101585,1,0.3989960259238974,0.7125069371629823,0.4052219321148825,0.0,0.0,0.7667865013617473,0.18355348186728396,1,7.54528901478751,0.8893429464524135,0.2472904920578003,0.0,0.008561110724311741,0.906250;0.773438;0.625000;0.683594;0.957031
0038.jpg,P2,entire plant excluding pot,1.3034366803229505,0.6226735866932332,1.0,0.7268354496092034,0.9125655285000429,1.0,1.0,0.6761691217453619,1,0.4510217673624547,0.7963301989081436,0.548041775456919,0.039252435937413156,0.0,0.8543440894358294,0.25595606674382715,1,7.516544509150414,0.9125655285000429,0.28400376439094543,0.001813940825303038,0.005915679777974773,0.972656;0.925781;0.894531;0.636719;0.675781;0.621094
0038.jpg,P3,leaves and stems,1.2080441793231058,0.43957613005938423,1.0,0.7268254020507623,0.8905383629843199,0.98836350440979,1.0,0.45784083565040956,1,0.3989834994222546,0.7125985021311187,0.40496083550913836,0.0,0.0,0.7668107328471814,0.1836325713734568,1,7.516924894987608,0.8905383629843199,0.2470908761024475,0.0,0.008736660622064418,0.664062;0.683594;0.531250;0.474609;0.730469
0038.jpg,P4,crop seedling,0.5904761904761905,0.0,1.0,0.9523809523809523,1.0,0.0,1.0,1.0,1,0.0,0.0,0.0,1.0,1.0,0.0,0.0,0,1.0,1.0,0.0,0.0,0.0,
0038.jpg,P5,plant body without background,0.5904761904761905,0.0,1.0,0.9523809523809523,1.0,0.0,1.0,1.0,1,0.0,0.0,0.0,1.0,1.0,0.0,0.0,0,1.0,1.0,0.0,0.0,0.0,
0039.jpg,P1,green plant,1.2088540687001106,0.41807985134396,1.0,0.7070413717468074,0.7634789226701251,1.0,1.0,0.9143628638867034,1,0.4311340395479321,0.7382914073013563,0.5077597840755735,0.0,0.0,0.8133528585885419,0.1751415412808642,1,8.286887867096457,0.7634789226701251,0.2652857303619385,0.0,0.0043746308582537,0.570312;0.480469;0.554688;0.535156;0.734375;0.451172;0.361328;0.937500;0.339844;0.503906;0.351562;0.455078
0039.jpg,P2,entire plant excluding pot,1.3233431086109166,0.6005378648030941,1.0,0.7149917965895117,0.7879468655844258,1.0,1.0,1.0,1,0.5026478032155104,0.8363485541703055,0.703778677462888,0.023071194584289818,0.0,0.9016700568787058,0.2472124565972222,1,7.972348907217351,0.7879468655844258,0.30201631784439087,0.0,0.003055871335429429,0.750000;0.378906;0.445312;0.972656;0.400391;0.480469;0.617188;0.462891
0039.jpg,P3,leaves and stems,1.2095877976391818,0.41914965961478357,1.0,0.7078717489746075,0.764295083423394,1.0,1.0,0.88563113881709,1,0.43132449923662475,0.7388663469531971,0.5077597840755735,0.0,0.0,0.8132451666940257,0.17556411554783952,1,8.253705602704358,0.764295083423394,0.2646556496620178,0.0,0.004516553026063058,0.367188;0.380859;0.314453;0.507812;0.416016;0.500000;0.328125;0.722656
0039.jpg,P4,crop seedling,0.5904761904761905,0.0,1.0,0.9523809523809523,1.0,0.0,1.0,1.0,1,0.0,0.0,0.0,1.0,1.0,0.0,0.0,0,1.0,1.0,0.0,0.0,0.0,
0039.jpg,P5,plant body without background,0.5904761904761905,0.0,1.0,0.9523809523809523,1.0,0.0,1.0,1.0,1,0.0,0.0,0.0,1.0,1.0,0.0,0.0,0,1.0,1.0,0.0,0.0,0.0,
0040.jpg,P1,green plant,1.1395416511790333,0.3547462860407875,1.0,0.6834867471629881,0.6163192655449821,1.0,1.0,0.520294578502037,1,0.4086311914292817,0.6850057112496761,0.4309719934102142,0.0,0.0,0.9130423367805651,0.15012478298611112,1,9.261723190706853,0.6163192655449821,0.28065577149391174,0.0,0.007687952489369135,0.535156;0.718750;0.929688;0.500000
0040.jpg,P2,entire plant excluding pot,1.248828149792217,0.5084827707454289,1.0,0.6968886187264017,0.6534365077707219,1.0,1.0,0.7380018989344868,1,0.47706657034370636,0.7598410596656215,0.6332784184514003,0.007047367458030283,0.0,0.9924629437689589,0.21085069444444443,1,8.698990717556825,0.6534365077707219,0.31193631887435913,0.0,0.005420040254334202,0.910156;0.972656
0040.jpg,P3,leaves and stems,0.3904761904761905,0.0,1.0,0.9523809523809523,0.0,0.0,1.0,1.0,1,0.0,0.0,0.0,1.0,1.0,0.0,0.0,0,1.0,0.0,0.0,0.0,0.0,
0040.jpg,P4,crop seedling,0.5904761904761905,0.0,1.0,0.9523809523809523,1.0,0.0,1.0,1.0,1,0.0,0.0,0.0,1.0,1.0,0.0,0.0,0,1.0,1.0,0.0,0.0,0.0,
0040.jpg,P5,plant body without background,0.5904761904761905,0.0,1.0,0.9523809523809523,1.0,0.0,1.0,1.0,1,0.0,0.0,0.0,1.0,1.0,0.0,0.0,0,1.0,1.0,0.0,0.0,0.0,
0041.jpg,P1,green plant,1.1227799070970832,0.31825071544381933,1.0,0.679161109224334,0.6481379007343843,1.0,1.0,1.0,1,0.3936699620165756,0.6573010170956248,0.3613095238095238,0.0,0.0,0.9857889174739266,0.13570903260030864,1,9.448093726747521,0.6481379007343843,0.30416935682296753,0.0,0.0,0.832031;0.953125
0041.jpg,P2,entire plant excluding pot,1.212865451430257,0.46119236159946864,1.0,0.6929793717881808,0.7055645778899574,1.0,1.0,1.0,1,0.44091818917473563,0.7227463454458203,0.5431547619047619,0.012322899877850086,0.0,0.9388598108919646,0.19217098283179013,1,8.86088794878773,0.7055645778899574,0.33649536967277527,0.0,0.0,0.968750;0.859375
0041.jpg,P3,leaves and stems,0.992662257134546,0.31736068379824967,1.0,0.6790089475020379,0.0,1.0,1.0,1.0,1,0.39338833087448855,0.6568935192470066,0.36160714285714285,0.0,0.0,0.9838631342375057,0.13535747010030863,1,9.454692863145183,0.0,0.3024931252002716,0.0,0.0,0.410156;0.458984
0041.jpg,P4,crop seedling,0.5904761904761905,0.0,1.0,0.9523809523809523,1.0,0.0,1.0,1.0,1,0.0,0.0,0.0,1.0,1.0,0.0,0.0,0,1.0,1.0,0.0,0.0,0.0,
0041.jpg,P5,plant body without background,0.5904761904761905,0.0,1.0,0.9523809523809523,1.0,0.0,1.0,1.0,1,0.0,0.0,0.0,1.0,1.0,0.0,0.0,0,1.0,1.0,0.0,0.0,0.0,
0042.jpg,P1,green plant,1.2025637152162487,0.30925547448820134,1.0,0.6673835183231678,0.8086638896328503,1.0,1.0,1.0,1,0.4455031387274048,0.7157438614142779,0.5322291853178156,0.0,0.0,0.9919153387520072,0.1321559124228395,1,9.967776324849817,0.8086638896328503,0.3142280876636505,0.0,0.0,0.742188;0.953125
0042.jpg,P2,entire plant excluding pot,1.3125885424744062,0.4570559731012658,1.0,0.6853730979539001,0.8451042746230693,1.0,1.0,1.0,1,0.515081873338759,0.8110508713961468,0.8124440465532676,0.020966330484038443,0.0,0.9126403911573094,0.190537109375,1,9.181186217707728,0.8451042746230693,0.3490561842918396,0.0,0.0,0.968750;0.714844
0042.jpg,P3,leaves and stems,1.2040176719061981,0.3107403866815126,1.0,0.6685983086179111,0.8105806535660345,1.0,1.0,1.0,1,0.4460338021331065,0.7167013855265654,0.5322291853178156,0.0,0.0,0.9938706384160181,0.13274245273919752,1,9.913327243293324,0.8105806535660345,0.3125762939453125,0.0,0.0,0.310547;0.574219;0.765625
0042.jpg,P4,crop seedling,0.5904761904761905,0.0,1.0,0.9523809523809523,1.0,0.0,1.0,1.0,1,0.0,0.0,0.0,1.0,1.0,0.0,0.0,0,1.0,1.0,0.0,0.0,0.0,
0042.jpg,P5,plant body without background,0.5904761904761905,0.0,1.0,0.9523809523809523,1.0,0.0,1.0,1.0,1,0.0,0.0,0.0,1.0,1.0,0.0,0.0,0,1.0,1.0,0.0,0.0,0.0,
0043.jpg,P1,green plant,1.2211335942892656,0.2920198102242537,1.0,0.6743269762174825,0.8920116718281612,1.0,1.0,1.0,1,0.44946190263528607,0.7366428146447985,0.5155693950177936,0.0,0.0,0.988344264064037,0.12534782503858025,1,9.65920199750342,0.8920116718281612,0.3295343518257141,0.0,0.0,0.843750;0.960938
0043.jpg,P2,entire plant excluding pot,1.3344468248814332,0.43676349576105633,1.0,0.6895910780777575,0.9190527961577987,1.0,1.0,1.0,1,0.5253653508821107,0.8445805350567364,0.7967081850533808,0.015493025661417775,0.0,0.9100259800106979,0.18252158082561729,1,9.00269541733372,0.9190527961577987,0.3621619939804077,0.0,0.0,0.613281;0.964844;0.605469
0043.jpg,P3,leaves and stems,1.2217428041957492,0.29482634005313324,1.0,0.6646868331166839,0.8969284197932162,1.0,1.0,1.0,1,0.4504544856031426,0.7387356895835144,0.5155693950177936,0.0,0.0,0.9909450314570969,0.12645640432098765,1,10.089357880343416,0.8969284197932162,0.32865995168685913,0.0,0.0,0.578125;0.710938
0043.jpg,P4,crop seedling,0.5904761904761905,0.0,1.0,0.9523809523809523,1.0,0.0,1.0,1.0,1,0.0,0.0,0.0,1.0,1.0,0.0,0.0,0,1.0,1.0,0.0,0.0,0.0,
0043.jpg,P5,plant body without background,0.5904761904761905,0.0,1.0,0.9523809523809523,1.0,0.0,1.0,1.0,1,0.0,0.0,0.0,1.0,1.0,0.0,0.0,0,1.0,1.0,0.0,0.0,0.0,
0044.jpg,P1,green plant,1.1818067078615888,0.2985882193506798,1.0,0.6612634969060635,0.6820374455070596,1.0,1.0,1.0,1,0.45342887550882827,0.7345742515078597,0.5385321100917431,0.0,0.0,0.9939210766456362,0.12794234664351853,1,10.245129352484312,0.6820374455070596,0.32413211464881897,0.0,0.0,0.941406
0044.jpg,P2,entire plant excluding pot,1.3150339399094189,0.4452584754453821,1.0,0.6798936112194806,0.7710163020767224,1.0,1.0,1.0,1,0.535800262161102,0.8407939766072305,0.8334862385321101,0.0,0.0,0.9149484741279146,0.18587709780092593,1,9.41636701678563,0.7710163020767224,0.3559838831424713,0.0,0.0,0.968750
0044.jpg,P3,leaves and stems,1.1823530205069095,0.29945139133067666,1.0,0.6639460851814573,0.679566394888439,1.0,1.0,1.0,1,0.45376024622679495,0.7351993672802734,0.5385321100917431,0.0,0.0,0.9950468786218551,0.1282832995756173,1,10.12292781955929,0.679566394888439,0.32257822155952454,0.0,0.0,0.730469
0044.jpg,P4,crop seedling,0.5904761904761905,0.0,1.0,0.9523809523809523,1.0,0.0,1.0,1.0,1,0.0,0.0,0.0,1.0,1.0,0.0,0.0,0,1.0,1.0,0.0,0.0,0.0,
0044.jpg,P5,plant body without background,0.5904761904761905,0.0,1.0,0.9523809523809523,1.0,0.0,1.0,1.0,1,0.0,0.0,0.0,1.0,1.0,0.0,0.0,0,1.0,1.0,0.0,0.0,0.0,
0045.jpg,P1,green plant,1.2162433493429825,0.30062863826379127,1.0,0.6662127273614856,0.7309025900594204,1.0,1.0,1.0,1,0.47669455820604306,0.7673329985485426,0.6246006389776357,0.0,0.0,0.9569989369807874,0.12874831211419754,1,10.020441187320703,0.7309025900594204,0.31207236647605896,0.0,0.0,0.945312
0045.jpg,P2,entire plant excluding pot,1.3628108798170957,0.448152299187373,1.0,0.6844875990526672,0.771161016303716,1.0,1.0,1.0,1,0.5820506969083443,0.8883286611996277,0.972310969116081,0.0,0.0,0.9611969104758011,0.18702015817901235,1,9.218936950326135,0.771161016303716,0.3446674048900604,0.0,0.0,0.968750
0045.jpg,P3,leaves and stems,1.2173335540532695,0.3017970337162056,1.0,0.6662458027645674,0.7326865289009463,1.0,1.0,1.0,1,0.47718768097692565,0.7682912908056514,0.6256656017039404,0.0,0.0,0.9566592088823846,0.12920982831790123,1,10.018950839180654,0.7326865289009463,0.3111717402935028,0.0,0.0,0.421875
0045.jpg,P4,crop seedling,0.5904761904761905,0.0,1.0,0.9523809523809523,1.0,0.0,1.0,1.0,1,0.0,0.0,0.0,1.0,1.0,0.0,0.0,0,1.0,1.0,0.0,0.0,0.0,
0045.jpg,P5,plant body without background,0.5904761904761905,0.0,1.0,0.9523809523809523,1.0,0.0,1.0,1.0,1,0.0,0.0,0.0,1.0,1.0,0.0,0.0,0,1.0,1.0,0.0,0.0,0.0,
0046.jpg,P1,green plant,1.1455304917182974,0.3271739236599468,1.0,0.667711360101824,0.6838798288203864,1.0,1.0,1.0,1,0.4097774692018659,0.708734887931022,0.4114441416893733,0.0,0.0,0.8766031292192104,0.13923369984567902,1,9.953062348602337,0.6838798288203864,0.29535555839538574,0.0,0.0002831512044750013,0.953125
0046.jpg,P2,entire plant excluding pot,1.266822480388524,0.4826016516252539,1.0,0.6839501007353478,0.7127480784688903,1.0,1.0,1.0,1,0.4909625142226254,0.8007748166163714,0.6362397820163488,0.0009284375927686429,0.0,0.9644669892178325,0.2006276523919753,1,9.24189934104408,0.7127480784688903,0.3330881893634796,0.0,0.0001898940319190234,0.937500
0046.jpg,P3,leaves and stems,0.3904761904761905,0.0,1.0,0.9523809523809523,0.0,0.0,1.0,1.0,1,0.0,0.0,0.0,1.0,1.0,0.0,0.0,0,1.0,0.0,0.0,0.0,0.0,
0046.jpg,P4,crop seedling,0.5904761904761905,0.0,1.0,0.9523809523809523,1.0,0.0,1.0,1.0,1,0.0,0.0,0.0,1.0,1.0,0.0,0.0,0,1.0,1.0,0.0,0.0,0.0,
0046.jpg,P5,plant body without background,0.5904761904761905,0.0,1.0,0.9523809523809523,1.0,0.0,1.0,1.0,1,0.0,0.0,0.0,1.0,1.0,0.0,0.0,0,1.0,1.0,0.0,0.0,0.0,
0047.jpg,P1,green plant,1.2090765503305034,0.34476669938662285,1.0,0.6706734272558037,0.7780106874758255,1.0,1.0,1.0,1,0.45038638750685295,0.7803407559149058,0.5174319727891157,0.0,0.0,0.841293678345951,0.14618284625771605,1,9.820772953289731,0.7780106874758255,0.29164278507232666,0.0,0.0016189704073982741,0.953125
0047.jpg,P2,entire plant excluding pot,1.3514839648297172,0.5041986540865759,1.0,0.6875529786260741,0.8137987084889555,1.0,1.0,1.0,1,0.5503738965893961,0.901111653167911,0.7993197278911565,0.006524505949814508,0.0,0.930646187451635,0.20915846836419752,1,9.088667523433138,0.8137987084889555,0.3365117013454437,0.0,0.0011113391175229588,0.968750
0047.jpg,P3,leaves and stems,0.5904761904761905,0.0,1.0,0.9523809523809523,1.0,0.0,1.0,1.0,1,0.0,0.0,0.0,1.0,1.0,0.0,0.0,0,1.0,1.0,0.0,0.0,0.0,
0047.jpg,P4,crop seedling,0.5904761904761905,0.0,1.0,0.9523809523809523,1.0,0.0,1.0,1.0,1,0.0,0.0,0.0,1.0,1.0,0.0,0.0,0,1.0,1.0,0.0,0.0,0.0,
0047.jpg,P5,plant body without background,0.5904761904761905,0.0,1.0,0.9523809523809523,1.0,0.0,1.0,1.0,1,0.0,0.0,0.0,1.0,1.0,0.0,0.0,0,1.0,1.0,0.0,0.0,0.0,
0048.jpg,P1,green plant,1.2466213978841203,0.357190210384435,1.0,0.6845352664578682,0.7687955523672884,1.0,1.0,1.0,1,0.48451719204220206,0.823138950042468,0.637597911227154,0.0,0.0,0.8165093550645058,0.15109013310185185,1,9.216902298533311,0.7687955523672884,0.28375187516212463,0.0,0.002502389878088289,0.957031
0048.jpg,P2,entire plant excluding pot,1.4162057256862592,0.5219290855993124,1.0,0.6976509496749732,0.8318468546124113,1.0,1.0,1.0,1,0.6059203477089198,0.9623091969654073,0.9911227154046998,0.0006882573480116948,0.0,0.9091651720258477,0.2161619888117284,1,8.667631011349943,0.8318468546124113,0.3402804136276245,0.0,0.0017407221905546997,0.968750
0048.jpg,P3,leaves and stems,1.0936305567740128,0.35829908725972803,1.0,0.68558065353003,0.0,1.0,1.0,1.0,1,0.4848546086160613,0.8240757214532256,0.637597911227154,0.0,0.0,0.8166048208654457,0.15152813946759258,1,9.172351782420822,0.0,0.2828975021839142,0.0,0.002525391161130936,0.453125
0048.jpg,P4,crop seedling,0.5904761904761905,0.0,1.0,0.9523809523809523,1.0,0.0,1.0,1.0,1,0.0,0.0,0.0,1.0,1.0,0.0,0.0,0,1.0,1.0,0.0,0.0,0.0,
0048.jpg,P5,plant body without background,0.5904761904761905,0.0,1.0,0.9523809523809523,1.0,0.0,1.0,1.0,1,0.0,0.0,0.0,1.0,1.0,0.0,0.0,0,1.0,1.0,0.0,0.0,0.0,
0049.jpg,P1,green plant,1.2439194173301154,0.335978399945304,1.0,0.6834994803572036,0.8227081963632719,1.0,1.0,1.0,1,0.47548220199695934,0.7998627989619738,0.636411889596603,0.0,0.0,0.8097608223288004,0.14271146797839507,1,9.261178061975702,0.8227081963632719,0.28007403016090393,0.0,0.001299309118987316,0.964844
0049.jpg,P2,entire plant excluding pot,1.4075787098988215,0.49795897063994365,1.0,0.6989352824059012,0.8643750209303549,1.0,1.0,1.0,1,0.5953248551035815,0.9343013234732331,0.9899150743099787,0.0,0.0,0.9013467851215368,0.20669379340277777,1,8.614952633604718,0.8643750209303549,0.34799662232398987,0.0,0.0009105221007220598,0.941406
0049.jpg,P3,leaves and stems,0.3904761904761905,0.0,1.0,0.9523809523809523,0.0,0.0,1.0,1.0,1,0.0,0.0,0.0,1.0,1.0,0.0,0.0,0,1.0,0.0,0.0,0.0,0.0,
0049.jpg,P4,crop seedling,0.5904761904761905,0.0,1.0,0.9523809523809523,1.0,0.0,1.0,1.0,1,0.0,0.0,0.0,1.0,1.0,0.0,0.0,0,1.0,1.0,0.0,0.0,0.0,
0049.jpg,P5,plant body without background,0.5904761904761905,0.0,1.0,0.9523809523809523,1.0,0.0,1.0,1.0,1,0.0,0.0,0.0,1.0,1.0,0.0,0.0,0,1.0,1.0,0.0,0.0,0.0,
0050.jpg,P1,green plant,1.2530124559904476,0.31441680340678235,1.0,0.6893885327601725,0.858447680713094,1.0,1.0,1.0,1,0.4805618526144378,0.8068132890753736,0.6386003280481137,0.0,0.0,0.832291423893966,0.13419463734567902,1,9.011216534055244,0.858447680713094,0.27295494079589844,0.0,0.0,0.945312
0050.jpg,P2,entire plant excluding pot,1.4138839409907522,0.46831780356305663,1.0,0.7034171279034839,0.8886504865486282,1.0,1.0,1.0,1,0.6018068573877183,0.9458013651165906,0.9928922908693275,0.0,0.0,0.9205576724043262,0.1949855324074074,1,8.432631516394078,0.8886504865486282,0.34299561381340027,0.0,0.0,0.972656
0050.jpg,P3,leaves and stems,1.0814253541291592,0.31469608288404427,1.0,0.6896116510336977,0.0,1.0,1.0,1.0,1,0.48056380734561077,0.8070655065215437,0.6380535811919081,0.0,0.0,0.8324123544852702,0.13430495273919754,1,9.001830189528954,0.0,0.2725882828235626,0.0,0.0,0.486328
0050.jpg,P4,crop seedling,0.5904761904761905,0.0,1.0,0.9523809523809523,1.0,0.0,1.0,1.0,1,0.0,0.0,0.0,1.0,1.0,0.0,0.0,0,1.0,1.0,0.0,0.0,0.0,
0050.jpg,P5,plant body without background,0.5904761904761905,0.0,1.0,0.9523809523809523,1.0,0.0,1.0,1.0,1,0.0,0.0,0.0,1.0,1.0,0.0,0.0,0,1.0,1.0,0.0,0.0,0.0,
0051.jpg,P1,green plant,1.2402088748527051,0.2865972100132834,1.0,0.694991597857321,0.754448404425354,1.0,1.0,1.0,1,0.49300143239351346,0.8345052857333644,0.6362606232294618,0.0,0.0,0.8639767020553287,0.12320589795524692,1,8.777326318275753,0.754448404425354,0.26718592643737793,0.0,0.0,0.953125
0051.jpg,P2,entire plant excluding pot,1.4138626990982024,0.4285322291568995,1.0,0.7078425240960164,0.8347351915367207,1.0,1.0,1.0,1,0.619640710140275,0.9867205278139296,0.9994334277620397,0.0,0.0,0.9439050840823243,0.1792702305169753,1,8.254872120803904,0.8347351915367207,0.3338561952114105,0.0,0.0,0.957031
0051.jpg,P3,leaves and stems,1.2406512445644742,0.2870260489920299,1.0,0.6951610836332418,0.7544431520337409,1.0,1.0,1.0,1,0.4933251876326717,0.8349651851250534,0.6368271954674221,0.0,0.0,0.8645847765476706,0.12337528935185185,1,8.77031017828344,0.7544431520337409,0.2670472264289856,0.0,0.0,0.355469
0051.jpg,P4,crop seedling,0.5904761904761905,0.0,1.0,0.9523809523809523,1.0,0.0,1.0,1.0,1,0.0,0.0,0.0,1.0,1.0,0.0,0.0,0,1.0,1.0,0.0,0.0,0.0,
0051.jpg,P5,plant body without background,0.5904761904761905,0.0,1.0,0.9523809523809523,1.0,0.0,1.0,1.0,1,0.0,0.0,0.0,1.0,1.0,0.0,0.0,0,1.0,1.0,0.0,0.0,0.0,
0052.jpg,P1,green plant,1.215225227927014,0.2799061010509455,1.0,0.6615503389290339,0.6506123928424775,1.0,1.0,1.0,1,0.49681146136252274,0.8291048715565654,0.6270903010033445,0.0,0.0,0.937485021371229,0.12056290991512346,1,10.232015348034533,0.6506123928424775,0.2605706453323364,0.0,0.0,0.964844
0052.jpg,P2,entire plant excluding pot,1.377848589550612,0.4229762462884825,1.0,0.679490088596813,0.6811613574766155,1.0,1.0,1.0,1,0.62112305107823,0.9833696227393718,0.9916387959866221,0.0,0.0,0.9844869984185788,0.1770756172839506,1,9.43383624815069,0.6811613574766155,0.3236413598060608,0.0,0.0,0.957031
0052.jpg,P3,leaves and stems,0.3904761904761905,0.0,1.0,0.9523809523809523,0.0,0.0,1.0,1.0,1,0.0,0.0,0.0,1.0,1.0,0.0,0.0,0,1.0,0.0,0.0,0.0,0.0,
0052.jpg,P4,crop seedling,0.5904761904761905,0.0,1.0,0.9523809523809523,1.0,0.0,1.0,1.0,1,0.0,0.0,0.0,1.0,1.0,0.0,0.0,0,1.0,1.0,0.0,0.0,0.0,
0052.jpg,P5,plant body without background,0.5904761904761905,0.0,1.0,0.9523809523809523,1.0,0.0,1.0,1.0,1,0.0,0.0,0.0,1.0,1.0,0.0,0.0,0,1.0,1.0,0.0,0.0,0.0,
0053.jpg,P1,green plant,1.2383054865672425,0.2863985095327394,1.0,0.663466789590958,0.7726134244927096,1.0,1.0,1.0,1,0.49380974184396104,0.8230231332675859,0.6228354978354979,0.0,0.0,0.9364125558991635,0.1231274112654321,1,10.144688948681885,0.7726134244927096,0.25749513506889343,0.0,0.0,0.957031
0053.jpg,P2,entire plant excluding pot,1.4130077487863424,0.4365843295827473,1.0,0.6809236196268226,0.8517141384599144,1.0,1.0,1.0,1,0.6191633312524455,0.9786572849012238,0.9891774891774892,0.0,0.0,0.9858133348506914,0.1824508101851852,1,9.371869947705614,0.8517141384599144,0.31945085525512695,0.0,0.0,0.964844
0053.jpg,P3,leaves and stems,1.0847837265487856,0.2874597715463353,1.0,0.6648489155100018,0.0,1.0,1.0,1.0,1,0.4943219891375183,0.824122894970069,0.6233766233766234,0.0,0.0,0.9367118369020198,0.12354660976080246,1,10.082022446645812,0.0,0.2567863166332245,0.0,0.0,0.378906
0053.jpg,P4,crop seedling,0.5904761904761905,0.0,1.0,0.9523809523809523,1.0,0.0,1.0,1.0,1,0.0,0.0,0.0,1.0,1.0,0.0,0.0,0,1.0,1.0,0.0,0.0,0.0,
0053.jpg,P5,plant body without background,0.5904761904761905,0.0,1.0,0.9523809523809523,1.0,0.0,1.0,1.0,1,0.0,0.0,0.0,1.0,1.0,0.0,0.0,0,1.0,1.0,0.0,0.0,0.0,
0054.jpg,P1,green plant,1.1981500640020553,0.3055958450539147,1.0,0.65962044943,0.6785713146775094,1.0,1.0,1.0,1,0.46939254216977044,0.7904430300734517,0.5675417661097852,0.0,0.0,0.90579963744301,0.1307103587962963,1,10.320466894685673,0.6785713146775094,0.2561342120170593,0.0,0.0,0.941406
0054.jpg,P2,entire plant excluding pot,1.372316117625979,0.46977005684481954,1.0,0.6793431765766589,0.7704179900902045,1.0,1.0,1.0,1,0.5884098729236424,0.934539382564374,0.9031026252983294,0.0,0.0,0.9876261647241229,0.19555917245370372,1,9.440201491069438,0.7704179900902045,0.31706732511520386,0.0,0.0,0.949219
0054.jpg,P3,leaves and stems,1.1992482499585906,0.30655363631036103,1.0,0.6600074894622895,0.6800746152897706,1.0,1.0,1.0,1,0.46992110174610635,0.7912836872326734,0.5684964200477327,0.0,0.0,0.9064245560607876,0.1310886863425926,1,10.302686438140379,0.6800746152897706,0.2555181682109833,0.0,0.0,0.492188
0054.jpg,P4,crop seedling,0.5904761904761905,0.0,1.0,0.9523809523809523,1.0,0.0,1.0,1.0,1,0.0,0.0,0.0,1.0,1.0,0.0,0.0,0,1.0,1.0,0.0,0.0,0.0,
0054.jpg,P5,plant body without background,0.5904761904761905,0.0,1.0,0.9523809523809523,1.0,0.0,1.0,1.0,1,0.0,0.0,0.0,1.0,1.0,0.0,0.0,0,1.0,1.0,0.0,0.0,0.0,
0055.jpg,P1,green plant,1.2495522357723274,0.3220360969487419,1.0,0.6619679295010458,0.9081758565230048,1.0,1.0,1.0,1,0.47111625917776895,0.7908479627069176,0.5737164390014131,0.0,0.0,0.9105051321009345,0.13720425829475308,1,10.212944024455801,0.9081758565230048,0.2551291882991791,0.0,0.0,0.957031
0055.jpg,P2,entire plant excluding pot,1.4078711314780303,0.4923865057040162,1.0,0.6726338080359111,0.9268209970814805,1.0,1.0,1.0,1,0.5895028693137488,0.9334871025534209,0.9109750353273669,0.0,0.0,0.9880687706112554,0.20449266975308641,1,9.7338607739625,0.9268209970814805,0.31043538451194763,0.0,0.0,0.917969
0055.jpg,P3,leaves and stems,1.2484946361844784,0.324833470073449,1.0,0.6545003392509704,0.9039087961759832,1.0,1.0,1.0,1,0.4718461150843978,0.7931902811037648,0.5741874705605275,0.0,0.0,0.9087577199718522,0.13830922067901236,1,10.557661777362247,0.9039087961759832,0.2535274028778076,0.0,0.0,0.386719
0055.jpg,P4,crop seedling,0.5904761904761905,0.0,1.0,0.9523809523809523,1.0,0.0,1.0,1.0,1,0.0,0.0,0.0,1.0,1.0,0.0,0.0,0,1.0,1.0,0.0,0.0,0.0,
0055.jpg,P5,plant body without background,0.5904761904761905,0.0,1.0,0.9523809523809523,1.0,0.0,1.0,1.0,1,0.0,0.0,0.0,1.0,1.0,0.0,0.0,0,1.0,1.0,0.0,0.0,0.0,
0056.jpg,P1,green plant,1.2222989984198505,0.35412607194483503,1.0,0.6622460781131099,0.7482218163023177,1.0,1.0,1.0,1,0.46938020514779794,0.7932747678526184,0.5751248297775761,0.0,0.0,0.8821156703941785,0.14987979841820986,1,10.200254348028098,0.7482218163023177,0.2592037320137024,0.0,0.0005807766157776575,0.304688;0.960938
0056.jpg,P2,entire plant excluding pot,1.3887907670834618,0.53437854059228,1.0,0.6789250575930075,0.7961875616667828,1.0,1.0,1.0,1,0.5868925351130476,0.9325936291992596,0.9123921924648207,0.0,0.0,0.9625417024963903,0.2210795235339506,1,9.458332368679962,0.7961875616667828,0.3108566105365753,0.0,0.00038555462605563987,0.925781
0056.jpg,P3,leaves and stems,1.2228287583890651,0.3545628467338646,1.0,0.6624533923204298,0.7499985366596036,1.0,1.0,1.0,1,0.4694258032462855,0.7936123552750217,0.5746709033136632,0.0,0.0,0.882207163035686,0.15005232445987654,1,10.190803204953575,0.7499985366596036,0.2586258351802826,0.0,0.0005391316365015419,0.406250
0056.jpg,P4,crop seedling,0.5904761904761905,0.0,1.0,0.9523809523809523,1.0,0.0,1.0,1.0,1,0.0,0.0,0.0,1.0,1.0,0.0,0.0,0,1.0,1.0,0.0,0.0,0.0,
0056.jpg,P5,plant body without background,0.5904761904761905,0.0,1.0,0.9523809523809523,1.0,0.0,1.0,1.0,1,0.0,0.0,0.0,1.0,1.0,0.0,0.0,0,1.0,1.0,0.0,0.0,0.0,
0057.jpg,P1,green plant,1.2425551140965982,0.38573379385450846,1.0,0.6559612726568248,0.8158274450634587,1.0,1.0,0.997754398962771,1,0.47105061178163987,0.7972755752279588,0.5886775762936753,0.0,0.0,0.8604219671899275,0.16236484857253086,1,10.489604849680322,0.8158274450634587,0.256367027759552,0.0,0.00400900262044272,0.960938
0057.jpg,P2,entire plant excluding pot,1.4127825058204246,0.5850813481598687,1.0,0.6759971084862629,0.8521211002685255,1.0,1.0,1.0,1,0.5901425944374935,0.9414456832407547,0.9314462627156126,0.005257923262822657,0.0,0.9455365499326587,0.24110713252314814,1,9.585925367026073,0.8521211002685255,0.30704307556152344,0.0,0.002731719903452228,0.898438
0057.jpg,P3,leaves and stems,1.2436424745537846,0.38719398294655416,1.0,0.6564910177039784,0.8168894419292462,1.0,1.0,1.0,1,0.47152758603782874,0.798331598312129,0.5891198584697037,0.0,0.0,0.8606995210403695,0.1629416232638889,1,10.465001745108868,0.8168894419292462,0.2555207908153534,0.0,0.003969654525369163,0.365234
0057.jpg,P4,crop seedling,0.5904761904761905,0.0,1.0,0.9523809523809523,1.0,0.0,1.0,1.0,1,0.0,0.0,0.0,1.0,1.0,0.0,0.0,0,1.0,1.0,0.0,0.0,0.0,
0057.jpg,P5,plant body without background,0.5904761904761905,0.0,1.0,0.9523809523809523,1.0,0.0,1.0,1.0,1,0.0,0.0,0.0,1.0,1.0,0.0,0.0,0,1.0,1.0,0.0,0.0,0.0,
0058.jpg,P1,green plant,1.2328008194999787,0.398496713353649,1.0,0.6444550375935241,0.7908734791259775,0.9756870269775391,1.0,1.0,1,0.4708983680898406,0.7780841045130032,0.6047430830039525,0.0,0.0,0.8971517656957801,0.16740620177469137,1,11.033972633191771,0.7908734791259775,0.24392175674438477,0.0,0.003311406130494464,0.960938
0058.jpg,P2,entire plant excluding pot,1.4062360626881918,0.6058188413228629,1.0,0.6639391640181728,0.8257166427733378,1.0,1.0,1.0,1,0.5871411330653171,0.9141180754047091,0.9547650417215635,0.008745123395562682,0.0,0.9796563618245637,0.24929844232253087,1,10.123241832820357,0.8257166427733378,0.2926619350910187,0.0,0.002226057788518223,0.917969
0058.jpg,P3,leaves and stems,1.2334160933047262,0.39968372743788083,1.0,0.646949445287822,0.7917012740750028,0.9729570150375366,1.0,1.0,1,0.4711578009370778,0.7788629612658455,0.6047430830039525,0.0,0.0,0.8970200955332043,0.16787507233796295,1,10.914316637372153,0.7917012740750028,0.24323925375938416,0.0,0.0032676851790009215,0.585938
0058.jpg,P4,crop seedling,0.5904761904761905,0.0,1.0,0.9523809523809523,1.0,0.0,1.0,1.0,1,0.0,0.0,0.0,1.0,1.0,0.0,0.0,0,1.0,1.0,0.0,0.0,0.0,
0058.jpg,P5,plant body without background,0.5904761904761905,0.0,1.0,0.9523809523809523,1.0,0.0,1.0,1.0,1,0.0,0.0,0.0,1.0,1.0,0.0,0.0,0,1.0,1.0,0.0,0.0,0.0,
0059.jpg,P1,green plant,1.2266261771895524,0.38737192823097355,1.0,0.6337632868446025,0.8216890149750172,0.9172047972679138,1.0,1.0,1,0.474620371725851,0.7869257605595545,0.6103953798311862,0.0,0.0,0.8932518716039339,0.16301191165123458,1,11.557523787117002,0.8216890149750172,0.22930119931697845,0.0,0.0035182673291491813,0.957031
0059.jpg,P2,entire plant excluding pot,1.4276561527621885,0.6011477013009845,1.0,0.6710299597705192,0.8748386920633765,1.0,1.0,1.0,1,0.5982528821352125,0.9355555225451582,0.9697912039093736,0.0036248883665931458,0.0,0.9733349905069787,0.24745334201388888,1,9.804928541252705,0.8748386920633765,0.2866358160972595,0.0,0.0023210978734475468,0.933594
0059.jpg,P3,leaves and stems,1.2294662792991535,0.38958388273558364,1.0,0.6350572442955361,0.8268907373339504,0.919417142868042,1.0,1.0,1,0.47527647785253113,0.788463644234687,0.6103953798311862,0.0,0.0,0.8944303400077717,0.16388563368055556,1,11.49322392532635,0.8268907373339504,0.2298542857170105,0.0,0.0034450719580853256,0.406250
0059.jpg,P4,crop seedling,0.5904761904761905,0.0,1.0,0.9523809523809523,1.0,0.0,1.0,1.0,1,0.0,0.0,0.0,1.0,1.0,0.0,0.0,0,1.0,1.0,0.0,0.0,0.0,
0059.jpg,P5,plant body without background,0.5904761904761905,0.0,1.0,0.9523809523809523,1.0,0.0,1.0,1.0,1,0.0,0.0,0.0,1.0,1.0,0.0,0.0,0,1.0,1.0,0.0,0.0,0.0,
0060.jpg,P1,green plant,1.206957008720489,0.37564005362165953,1.0,0.6347741890105749,0.8231723205901483,0.8371167778968811,1.0,1.0,1,0.47281634049663634,0.7767663952058163,0.6091644204851752,0.0,0.0,0.9129850648726918,0.15837782118055554,1,11.507267223914823,0.8231723205901483,0.20927919447422028,0.0,0.0016191539749202412,0.960938
0060.jpg,P2,entire plant excluding pot,1.4217899878186002,0.5836113919167056,1.0,0.6674468110205238,0.8792907958163899,1.0,1.0,1.0,1,0.5957201880678765,0.9203218089936454,0.9743935309973046,0.00016741661624953698,0.0,0.9826694432546064,0.24052649980709875,1,9.964934538259419,0.8792907958163899,0.2693687379360199,0.0,0.0010741730797088555,0.949219
0060.jpg,P3,leaves and stems,1.2126286042602188,0.3794526000156274,1.0,0.6474354781781148,0.8243144740819744,0.8415383696556091,1.0,1.0,1,0.47408041987395355,0.7793980639716098,0.610062893081761,0.0,0.0,0.914797767291732,0.15988377700617284,1,10.891109112957565,0.8243144740819744,0.21038459241390228,0.0,0.0015224636916162698,0.628906
0060.jpg,P4,crop seedling,0.5904761904761905,0.0,1.0,0.9523809523809523,1.0,0.0,1.0,1.0,1,0.0,0.0,0.0,1.0,1.0,0.0,0.0,0,1.0,1.0,0.0,0.0,0.0,
0060.jpg,P5,plant body without background,0.5904761904761905,0.0,1.0,0.9523809523809523,1.0,0.0,1.0,1.0,1,0.0,0.0,0.0,1.0,1.0,0.0,0.0,0,1.0,1.0,0.0,0.0,0.0,
0061.jpg,P1,green plant,1.1428865285330432,0.3521598223355211,1.0,0.6518524615573438,0.6863522483748898,0.709062397480011,1.0,1.0,1,0.46300114258349,0.7401124919669397,0.5942549371633752,0.0,0.0,0.9699588170565361,0.14910312982253088,1,10.681789483801147,0.6863522483748898,0.17726559937000275,0.0,0.0,0.968750
0061.jpg,P2,entire plant excluding pot,1.3560906105696402,0.5478486628770121,1.0,0.6717563599580603,0.7674112421512447,0.934368908405304,1.0,1.0,1,0.5718135758913159,0.8645900760883705,0.9560143626570916,0.0004989738286363051,0.0,0.9727415613070052,0.22640022183641975,1,9.772699139385383,0.7674112421512447,0.233592227101326,0.0,0.0,0.949219
0061.jpg,P3,leaves and stems,0.3904761904761905,0.0,1.0,0.9523809523809523,0.0,0.0,1.0,1.0,1,0.0,0.0,0.0,1.0,1.0,0.0,0.0,0,1.0,0.0,0.0,0.0,0.0,
0061.jpg,P4,crop seedling,0.5904761904761905,0.0,1.0,0.9523809523809523,1.0,0.0,1.0,1.0,1,0.0,0.0,0.0,1.0,1.0,0.0,0.0,0,1.0,1.0,0.0,0.0,0.0,
0061.jpg,P5,plant body without background,0.5904761904761905,0.0,1.0,0.9523809523809523,1.0,0.0,1.0,1.0,1,0.0,0.0,0.0,1.0,1.0,0.0,0.0,0,1.0,1.0,0.0,0.0,0.0,
0062.jpg,P1,green plant,1.1129805626781588,0.32940632813720894,1.0,0.6800487987477044,0.6671125930538336,0.5960441827774048,1.0,1.0,1,0.45845818213492856,0.7377028659973803,0.5797559873474921,0.0,0.0,0.9590610131329689,0.14011549961419753,1,9.409654184860822,0.6671125930538336,0.1490110456943512,0.0,0.0,0.972656
0062.jpg,P2,entire plant excluding pot,1.30724995773882,0.5135836654164713,1.0,0.6958272763641244,0.7166599761402636,0.8060124516487122,1.0,1.0,1,0.5608332838249057,0.8611217240981529,0.9358337098960687,0.0,0.0,0.9099061260925986,0.21286554783950618,1,8.742765165092575,0.7166599761402636,0.20150311291217804,0.0,0.0,0.941406
0062.jpg,P3,leaves and stems,0.5904761904761905,0.0,1.0,0.9523809523809523,1.0,0.0,1.0,1.0,1,0.0,0.0,0.0,1.0,1.0,0.0,0.0,0,1.0,1.0,0.0,0.0,0.0,
0062.jpg,P4,crop seedling,0.5904761904761905,0.0,1.0,0.9523809523809523,1.0,0.0,1.0,1.0,1,0.0,0.0,0.0,1.0,1.0,0.0,0.0,0,1.0,1.0,0.0,0.0,0.0,
0062.jpg,P5,plant body without background,0.5904761904761905,0.0,1.0,0.9523809523809523,1.0,0.0,1.0,1.0,1,0.0,0.0,0.0,1.0,1.0,0.0,0.0,0,1.0,1.0,0.0,0.0,0.0,
0063.jpg,P1,green plant,1.1334138748763203,0.31477452531645567,1.0,0.6810488314728959,0.8594004105300216,0.5382001996040344,1.0,1.0,1,0.4547290814916388,0.7362650714306616,0.5734424738517508,0.0,0.0,0.9381666119759213,0.1343359375,1,9.366469885494476,0.8594004105300216,0.1345500499010086,0.0,0.0,0.976562
0063.jpg,P2,entire plant excluding pot,1.3188472402625893,0.4917638498202843,1.0,0.6948500616451635,0.8984336546138461,0.7223204970359802,1.0,1.0,1,0.5573736276395345,0.8592215675772183,0.927694406548431,0.0,0.0,0.8966108580879053,0.20424672067901234,1,8.783188063115302,0.8984336546138461,0.18058012425899506,0.0,0.0,0.886719
0063.jpg,P3,leaves and stems,0.5904761904761905,0.0,1.0,0.9523809523809523,1.0,0.0,1.0,1.0,1,0.0,0.0,0.0,1.0,1.0,0.0,0.0,0,1.0,1.0,0.0,0.0,0.0,
0063.jpg,P4,crop seedling,0.5904761904761905,0.0,1.0,0.9523809523809523,1.0,0.0,1.0,1.0,1,0.0,0.0,0.0,1.0,1.0,0.0,0.0,0,1.0,1.0,0.0,0.0,0.0,
0063.jpg,P5,plant body without background,0.5904761904761905,0.0,1.0,0.9523809523809523,1.0,0.0,1.0,1.0,1,0.0,0.0,0.0,1.0,1.0,0.0,0.0,0,1.0,1.0,0.0,0.0,0.0,
0064.jpg,P1,green plant,1.1187994689005656,0.3131791222261291,1.0,0.6789364854851458,0.8726573305233934,0.4956185817718506,1.0,1.0,1,0.4467211648992616,0.7137108771594451,0.5610939567710631,0.0,0.0,0.9592544567466448,0.133705753279321,1,9.457836524588386,0.8726573305233934,0.12390464544296265,0.0,0.0,0.976562
0064.jpg,P2,entire plant excluding pot,1.2897719155652614,0.4919936830950148,1.0,0.6947303000120744,0.8682718149016927,0.667564868927002,1.0,1.0,1,0.5452597821781048,0.8266063450610641,0.9095721217468019,0.0,0.0,0.9222457949230803,0.20433750482253085,1,8.78814987578979,0.8682718149016927,0.1668912172317505,0.0,0.0,0.863281
0064.jpg,P3,leaves and stems,0.5904761904761905,0.0,1.0,0.9523809523809523,1.0,0.0,1.0,1.0,1,0.0,0.0,0.0,1.0,1.0,0.0,0.0,0,1.0,1.0,0.0,0.0,0.0,
0064.jpg,P4,crop seedling,0.5904761904761905,0.0,1.0,0.9523809523809523,1.0,0.0,1.0,1.0,1,0.0,0.0,0.0,1.0,1.0,0.0,0.0,0,1.0,1.0,0.0,0.0,0.0,
0064.jpg,P5,plant body without background,0.5904761904761905,0.0,1.0,0.9523809523809523,1.0,0.0,1.0,1.0,1,0.0,0.0,0.0,1.0,1.0,0.0,0.0,0,1.0,1.0,0.0,0.0,0.0,
0065.jpg,P1,green plant,1.1266807772708802,0.3246411792858259,1.0,0.6911461284452164,0.7544534724717764,0.43694061040878296,1.0,1.0,1,0.4852444991485598,0.8011323434629845,0.5879419764279239,0.0,0.0,0.99018623179489,0.13823326581790124,1,8.937440545303291,0.7544534724717764,0.10923515260219574,0.0,0.0,0.980469
0065.jpg,P2,entire plant excluding pot,1.3187947173508077,0.5075796144905453,1.0,0.702002893173794,0.7599509371154175,0.598859429359436,1.0,1.0,1,0.605116142522969,0.9585476251883781,0.9555757026291931,0.0,0.0,0.9762084723378177,0.21049394772376542,1,8.489911073697845,0.7599509371154175,0.149714857339859,0.0,0.0,0.921875
0065.jpg,P3,leaves and stems,0.5904761904761905,0.0,1.0,0.9523809523809523,1.0,0.0,1.0,1.0,1,0.0,0.0,0.0,1.0,1.0,0.0,0.0,0,1.0,1.0,0.0,0.0,0.0,
0065.jpg,P4,crop seedling,0.5904761904761905,0.0,1.0,0.9523809523809523,1.0,0.0,1.0,1.0,1,0.0,0.0,0.0,1.0,1.0,0.0,0.0,0,1.0,1.0,0.0,0.0,0.0,
0065.jpg,P5,plant body without background,0.5904761904761905,0.0,1.0,0.9523809523809523,1.0,0.0,1.0,1.0,1,0.0,0.0,0.0,1.0,1.0,0.0,0.0,0,1.0,1.0,0.0,0.0,0.0,
0066.jpg,P1,green plant,1.126292901397541,0.3245581585013283,1.0,0.6912323551427646,0.8119797531976434,0.37339478731155396,1.0,1.0,1,0.4860598905668829,0.8069496601379157,0.5995402298850575,0.0,0.0,0.9571026813930213,0.1382004726080247,1,8.933830789603697,0.8119797531976434,0.09334869682788849,0.0,0.0,0.980469
0066.jpg,P2,entire plant excluding pot,1.324290140524182,0.5094423933427097,1.0,0.6996760372496594,0.8212288437618287,0.5248170495033264,1.0,1.0,1,0.6132572757526771,0.969151062430512,0.9737931034482759,0.0,0.0,0.9877164528130838,0.21122974537037037,1,8.584657663305924,0.8212288437618287,0.1312042623758316,0.0,0.0,0.808594
0066.jpg,P3,leaves and stems,0.5904761904761905,0.0,1.0,0.9523809523809523,1.0,0.0,1.0,1.0,1,0.0,0.0,0.0,1.0,1.0,0.0,0.0,0,1.0,1.0,0.0,0.0,0.0,
0066.jpg,P4,crop seedling,0.5904761904761905,0.0,1.0,0.9523809523809523,1.0,0.0,1.0,1.0,1,0.0,0.0,0.0,1.0,1.0,0.0,0.0,0,1.0,1.0,0.0,0.0,0.0,
0066.jpg,P5,plant body without background,0.5904761904761905,0.0,1.0,0.9523809523809523,1.0,0.0,1.0,1.0,1,0.0,0.0,0.0,1.0,1.0,0.0,0.0,0,1.0,1.0,0.0,0.0,0.0,
0067.jpg,P1,green plant,1.127609052542697,0.3469966620761056,1.0,0.6982672719127538,0.8318221020669494,0.33091527223587036,1.0,1.0,1,0.4860087908843612,0.8105503169392563,0.6062780269058295,0.0,0.0,0.9318613511257225,0.14706368152006172,1,8.642327665185109,0.8318221020669494,0.08272881805896759,0.0,0.0,0.980469
0067.jpg,P2,entire plant excluding pot,1.3257935309058988,0.5422893225503984,1.0,0.7042792508432686,0.8493177830085546,0.46614396572113037,1.0,1.0,1,0.6133874664812285,0.9734459945588997,0.9811659192825112,0.00034630358564023147,0.0,0.9617539399045385,0.22420428240740742,1,8.397826538341151,0.8493177830085546,0.11653599143028259,0.0,0.0,0.746094
0067.jpg,P3,leaves and stems,0.5904761904761905,0.0,1.0,0.9523809523809523,1.0,0.0,1.0,1.0,1,0.0,0.0,0.0,1.0,1.0,0.0,0.0,0,1.0,1.0,0.0,0.0,0.0,
0067.jpg,P4,crop seedling,0.5904761904761905,0.0,1.0,0.9523809523809523,1.0,0.0,1.0,1.0,1,0.0,0.0,0.0,1.0,1.0,0.0,0.0,0,1.0,1.0,0.0,0.0,0.0,
0067.jpg,P5,plant body without background,0.5904761904761905,0.0,1.0,0.9523809523809523,1.0,0.0,1.0,1.0,1,0.0,0.0,0.0,1.0,1.0,0.0,0.0,0,1.0,1.0,0.0,0.0,0.0,
0068.jpg,P1,green plant,1.0979226075157302,0.3730407705305516,1.0,0.6980156423487963,0.6875457402960395,0.3490969240665436,1.0,1.0,1,0.47638279206734413,0.8010973591953837,0.6116548042704626,0.0,0.0,0.8590085158027655,0.1573511043595679,1,8.652653016056709,0.6875457402960395,0.0872742310166359,0.0,0.0006213926090291181,0.984375
0068.jpg,P2,entire plant excluding pot,1.3003543894736416,0.5869499262580089,1.0,0.7020625164477269,0.703282351494888,0.4844243824481964,1.0,1.0,1,0.6050105541438775,0.9627800842894412,0.9991103202846975,0.0022333435196397137,0.0,0.8886767004721954,0.24184522087191357,1,8.487491543054242,0.703282351494888,0.1211060956120491,0.0,0.00037737523311769274,0.828125
0068.jpg,P3,leaves and stems,0.5904761904761905,0.0,1.0,0.9523809523809523,1.0,0.0,1.0,1.0,1,0.0,0.0,0.0,1.0,1.0,0.0,0.0,0,1.0,1.0,0.0,0.0,0.0,
0068.jpg,P4,crop seedling,0.5904761904761905,0.0,1.0,0.9523809523809523,1.0,0.0,1.0,1.0,1,0.0,0.0,0.0,1.0,1.0,0.0,0.0,0,1.0,1.0,0.0,0.0,0.0,
0068.jpg,P5,plant body without background,0.5904761904761905,0.0,1.0,0.9523809523809523,1.0,0.0,1.0,1.0,1,0.0,0.0,0.0,1.0,1.0,0.0,0.0,0,1.0,1.0,0.0,0.0,0.0,
0069.jpg,P1,green plant,1.134512867918541,0.3939250761837787,1.0,0.7033737174281014,0.8343327807098097,0.3713100850582123,1.0,1.0,1,0.4739245360425605,0.7852316854875218,0.6139130434782609,0.0,0.0,0.8858909829584092,0.1656004050925926,1,8.434386307652153,0.8343327807098097,0.09282752126455307,0.0,0.0,0.980469
0069.jpg,P2,entire plant excluding pot,1.3373194287224688,0.6306035977301141,1.0,0.706106330815063,0.8619828614603341,0.4972560405731201,1.0,1.0,1,0.5981296626067425,0.9462563180343802,0.9991304347826087,0.014145761041385622,0.0,0.913402013462556,0.2590884211033951,1,8.324345962050607,0.8619828614603341,0.12431401014328003,0.0,0.0,0.851562
0069.jpg,P3,leaves and stems,0.5904761904761905,0.0,1.0,0.9523809523809523,1.0,0.0,1.0,1.0,1,0.0,0.0,0.0,1.0,1.0,0.0,0.0,0,1.0,1.0,0.0,0.0,0.0,
0069.jpg,P4,crop seedling,0.5904761904761905,0.0,1.0,0.9523809523809523,1.0,0.0,1.0,1.0,1,0.0,0.0,0.0,1.0,1.0,0.0,0.0,0,1.0,1.0,0.0,0.0,0.0,
0069.jpg,P5,plant body without background,0.5904761904761905,0.0,1.0,0.9523809523809523,1.0,0.0,1.0,1.0,1,0.0,0.0,0.0,1.0,1.0,0.0,0.0,0,1.0,1.0,0.0,0.0,0.0,
0070.jpg,P1,green plant,1.1260544778723705,0.4005386583841225,1.0,0.7330947608762469,0.7539643123204087,0.35329970717430115,1.0,1.0,1,0.4778749901213547,0.7844078214067018,0.6093613298337708,0.0,0.0,0.9364721325893031,0.16821277006172838,1,7.281602689527589,0.7539643123204087,0.08832492679357529,0.0,0.0,0.976562
0070.jpg,P2,entire plant excluding pot,1.3311653526895868,0.6473481574269417,1.0,0.72736198105823,0.7933727838930311,0.46330758929252625,1.0,1.0,1,0.6048872503554411,0.9492398255422858,0.9991251093613298,0.01116413465024505,0.0,0.961600321256752,0.265702522183642,1,7.496625505367006,0.7933727838930311,0.11582689732313156,0.0,0.0,0.859375
0070.jpg,P3,leaves and stems,0.5904761904761905,0.0,1.0,0.9523809523809523,1.0,0.0,1.0,1.0,1,0.0,0.0,0.0,1.0,1.0,0.0,0.0,0,1.0,1.0,0.0,0.0,0.0,
0070.jpg,P4,crop seedling,0.5904761904761905,0.0,1.0,0.9523809523809523,1.0,0.0,1.0,1.0,1,0.0,0.0,0.0,1.0,1.0,0.0,0.0,0,1.0,1.0,0.0,0.0,0.0,
0070.jpg,P5,plant body without background,0.5904761904761905,0.0,1.0,0.9523809523809523,1.0,0.0,1.0,1.0,1,0.0,0.0,0.0,1.0,1.0,0.0,0.0,0,1.0,1.0,0.0,0.0,0.0,
0071.jpg,P1,green plant,1.1345163731418428,0.37761942784028746,1.0,0.7248703414777148,0.847615937073667,0.2666032910346985,1.0,1.0,1,0.49117457365656947,0.8095229609899979,0.6212522045855379,0.0,0.0,0.9601614048467337,0.15915967399691358,1,7.591141278077625,0.847615937073667,0.06665082275867462,0.0,0.0,0.980469
0071.jpg,P2,entire plant excluding pot,1.33807325277624,0.6117453654867948,1.0,0.7216483152575842,0.8901399157087583,0.35954710841178894,1.0,1.0,1,0.6214571118032547,0.9893713101339723,0.9991181657848325,0.007693568123388389,0.0,0.9764395385211112,0.25163941936728396,1,7.714330619425373,0.8901399157087583,0.08988677710294724,0.0,0.0,0.839844
0071.jpg,P3,leaves and stems,0.5904761904761905,0.0,1.0,0.9523809523809523,1.0,0.0,1.0,1.0,1,0.0,0.0,0.0,1.0,1.0,0.0,0.0,0,1.0,1.0,0.0,0.0,0.0,
0071.jpg,P4,crop seedling,0.5904761904761905,0.0,1.0,0.9523809523809523,1.0,0.0,1.0,1.0,1,0.0,0.0,0.0,1.0,1.0,0.0,0.0,0,1.0,1.0,0.0,0.0,0.0,
0071.jpg,P5,plant body without background,0.5904761904761905,0.0,1.0,0.9523809523809523,1.0,0.0,1.0,1.0,1,0.0,0.0,0.0,1.0,1.0,0.0,0.0,0,1.0,1.0,0.0,0.0,0.0,
0072.jpg,P1,green plant,1.1094227262765566,0.35439772083528676,1.0,0.7326779725140012,0.7629215337123842,0.2111455351114273,1.0,1.0,1,0.4971941738419368,0.8120073052746049,0.6278046634403871,0.0,0.0,0.9998677757655542,0.14998709972993826,1,7.297121996687032,0.7629215337123842,0.05278638377785683,0.0,0.0,0.984375
0072.jpg,P2,entire plant excluding pot,1.2931589248864312,0.569944095268792,1.0,0.7224912069859312,0.8194876070301937,0.25227561593055725,1.0,1.0,1,0.6203192198433364,0.989119584997803,0.9872415310162781,0.009422918658937723,0.0,0.9925076510885663,0.23512791763117283,1,7.681997796811185,0.8194876070301937,0.06306890398263931,0.0,0.0,0.835938
0072.jpg,P3,leaves and stems,0.5904761904761905,0.0,1.0,0.9523809523809523,1.0,0.0,1.0,1.0,1,0.0,0.0,0.0,1.0,1.0,0.0,0.0,0,1.0,1.0,0.0,0.0,0.0,
0072.jpg,P4,crop seedling,0.5904761904761905,0.0,1.0,0.9523809523809523,1.0,0.0,1.0,1.0,1,0.0,0.0,0.0,1.0,1.0,0.0,0.0,0,1.0,1.0,0.0,0.0,0.0,
0072.jpg,P5,plant body without background,0.5904761904761905,0.0,1.0,0.9523809523809523,1.0,0.0,1.0,1.0,1,0.0,0.0,0.0,1.0,1.0,0.0,0.0,0,1.0,1.0,0.0,0.0,0.0,
0073.jpg,P1,green plant,1.0933166042575753,0.3251020667291765,1.0,0.7186657606969801,0.7556133390285037,0.23332402110099792,1.0,1.0,1,0.4867755667464436,0.8011064706555002,0.6196808510638298,0.0,0.0,0.9484574882552921,0.1384153163580247,1,7.8293486259920035,0.7556133390285037,0.05833100527524948,0.0,0.0,0.980469
0073.jpg,P2,entire plant excluding pot,1.2751204228999797,0.5385152343139552,1.0,0.7187839549234794,0.798652403195356,0.2530919909477234,1.0,1.0,1,0.6133117062238769,0.9844874324782236,0.9738475177304965,0.004442218944120393,0.0,0.9478121734824543,0.22271351755401234,1,7.8247724688417275,0.798652403195356,0.06327299773693085,0.0,0.0,0.902344
0073.jpg,P3,leaves and stems,0.5904761904761905,0.0,1.0,0.9523809523809523,1.0,0.0,1.0,1.0,1,0.0,0.0,0.0,1.0,1.0,0.0,0.0,0,1.0,1.0,0.0,0.0,0.0,
0073.jpg,P4,crop seedling,0.5904761904761905,0.0,1.0,0.9523809523809523,1.0,0.0,1.0,1.0,1,0.0,0.0,0.0,1.0,1.0,0.0,0.0,0,1.0,1.0,0.0,0.0,0.0,
0073.jpg,P5,plant body without background,0.5904761904761905,0.0,1.0,0.9523809523809523,1.0,0.0,1.0,1.0,1,0.0,0.0,0.0,1.0,1.0,0.0,0.0,0,1.0,1.0,0.0,0.0,0.0,
0074.jpg,P1,green plant,1.1035181818428361,0.3213011188271605,1.0,0.7422519313103719,0.7430986014397012,0.25341761112213135,1.0,1.0,1,0.49150432930296306,0.8008077384383264,0.6192619261926192,0.0,0.0,0.9975447413487734,0.1369139419367284,1,6.945029249963676,0.7430986014397012,0.06335440278053284,0.0,0.0,0.980469
0074.jpg,P2,entire plant excluding pot,1.2734007513846821,0.5319837572276918,1.0,0.7346744296724043,0.7521816698706788,0.24978972971439362,1.0,1.0,1,0.6196748340876483,0.9836460381772564,0.9783978397839784,0.0,0.0,0.9928710956449255,0.22013358410493827,1,7.2229428332194985,0.7521816698706788,0.062447432428598404,0.0,0.0,0.917969
0074.jpg,P3,leaves and stems,0.5904761904761905,0.0,1.0,0.9523809523809523,1.0,0.0,1.0,1.0,1,0.0,0.0,0.0,1.0,1.0,0.0,0.0,0,1.0,1.0,0.0,0.0,0.0,
0074.jpg,P4,crop seedling,0.5904761904761905,0.0,1.0,0.9523809523809523,1.0,0.0,1.0,1.0,1,0.0,0.0,0.0,1.0,1.0,0.0,0.0,0,1.0,1.0,0.0,0.0,0.0,
0074.jpg,P5,plant body without background,0.5904761904761905,0.0,1.0,0.9523809523809523,1.0,0.0,1.0,1.0,1,0.0,0.0,0.0,1.0,1.0,0.0,0.0,0,1.0,1.0,0.0,0.0,0.0,
0075.jpg,P1,green plant,1.0126314567096073,0.32210843491170493,1.0,0.7639804624526052,0.632149545321756,0.3212216794490814,1.0,1.0,1,0.40473943228257775,0.6775495299772296,0.4345663661796705,0.0,0.0,0.8937515087820674,0.13723283179012347,1,6.178679930889899,0.632149545321756,0.08030541986227036,0.0,0.0,0.972656
0075.jpg,P2,entire plant excluding pot,1.1417262081081643,0.5390902753359899,1.0,0.7523566312261257,0.651231357550863,0.3255999982357025,1.0,1.0,1,0.488070555638428,0.7884368751916637,0.6860428971091078,0.0014390325547992357,0.0,0.8906163760814597,0.22294065875771604,1,6.58313779650713,0.651231357550863,0.08139999955892563,0.0,0.0,0.859375
0075.jpg,P3,leaves and stems,0.5904761904761905,0.0,1.0,0.9523809523809523,1.0,0.0,1.0,1.0,1,0.0,0.0,0.0,1.0,1.0,0.0,0.0,0,1.0,1.0,0.0,0.0,0.0,
0075.jpg,P4,crop seedling,0.5904761904761905,0.0,1.0,0.9523809523809523,1.0,0.0,1.0,1.0,1,0.0,0.0,0.0,1.0,1.0,0.0,0.0,0,1.0,1.0,0.0,0.0,0.0,
0075.jpg,P5,plant body without background,0.5904761904761905,0.0,1.0,0.9523809523809523,1.0,0.0,1.0,1.0,1,0.0,0.0,0.0,1.0,1.0,0.0,0.0,0,1.0,1.0,0.0,0.0,0.0,
0076.jpg,P1,green plant,1.0337258444972284,0.3488069424910142,1.0,0.742004384810573,0.789130803322758,0.3338835537433624,1.0,1.0,1,0.390960707623687,0.6703851812476994,0.3830858960763521,0.0,0.0,0.8737043289324886,0.1477787422839506,1,6.954018614197028,0.789130803322758,0.0834708884358406,0.0,0.0,0.980469
0076.jpg,P2,entire plant excluding pot,1.1549923754084843,0.5737071954602281,1.0,0.7364076032608673,0.8165685323700207,0.35365161299705505,1.0,1.0,1,0.4589253865908499,0.7728103985703467,0.5978260869565217,0.018337652491065306,0.0,0.863343471863743,0.23661434220679012,1,7.1588722216317695,0.8165685323700207,0.08841290324926376,0.0,0.0,0.730469
0076.jpg,P3,leaves and stems,0.5904761904761905,0.0,1.0,0.9523809523809523,1.0,0.0,1.0,1.0,1,0.0,0.0,0.0,1.0,1.0,0.0,0.0,0,1.0,1.0,0.0,0.0,0.0,
0076.jpg,P4,crop seedling,0.5904761904761905,0.0,1.0,0.9523809523809523,1.0,0.0,1.0,1.0,1,0.0,0.0,0.0,1.0,1.0,0.0,0.0,0,1.0,1.0,0.0,0.0,0.0,
0076.jpg,P5,plant body without background,0.5904761904761905,0.0,1.0,0.9523809523809523,1.0,0.0,1.0,1.0,1,0.0,0.0,0.0,1.0,1.0,0.0,0.0,0,1.0,1.0,0.0,0.0,0.0,
0077.jpg,P1,green plant,1.0672207436667107,0.36416304061181426,1.0,0.7354205429136557,0.8392190507277382,0.42792874574661255,1.0,1.0,1,0.3938744676667465,0.6668383800956069,0.3865612648221344,0.0,0.0,0.9090000696529988,0.15384440104166666,1,7.195324080507991,0.8392190507277382,0.10698218643665314,0.0,0.0,0.968750
0077.jpg,P2,entire plant excluding pot,1.1892442928328015,0.5963541666666666,1.0,0.7372220831561282,0.8655319268032149,0.44834277033805847,1.0,1.0,1,0.4597541034399879,0.7663003330630372,0.6039525691699604,0.022441392556456982,0.0,0.8956994218426914,0.24555989583333335,1,7.128867212411509,0.8655319268032149,0.11208569258451462,0.0,0.0,0.714844
0077.jpg,P3,leaves and stems,0.5904761904761905,0.0,1.0,0.9523809523809523,1.0,0.0,1.0,1.0,1,0.0,0.0,0.0,1.0,1.0,0.0,0.0,0,1.0,1.0,0.0,0.0,0.0,
0077.jpg,P4,crop seedling,0.5904761904761905,0.0,1.0,0.9523809523809523,1.0,0.0,1.0,1.0,1,0.0,0.0,0.0,1.0,1.0,0.0,0.0,0,1.0,1.0,0.0,0.0,0.0,
0077.jpg,P5,plant body without background,0.5904761904761905,0.0,1.0,0.9523809523809523,1.0,0.0,1.0,1.0,1,0.0,0.0,0.0,1.0,1.0,0.0,0.0,0,1.0,1.0,0.0,0.0,0.0,
0078.jpg,P1,green plant,1.084643232925225,0.36795941016174394,1.0,0.7237337507070545,0.8749772439311666,0.4919632077217102,1.0,1.0,1,0.3929165104208898,0.6602557804068516,0.38471708090957163,0.0,0.0,0.9257791271476892,0.1553439670138889,1,7.634471904151109,0.8749772439311666,0.12299080193042755,0.0,0.0,0.972656
0078.jpg,P2,entire plant excluding pot,1.2079979513929953,0.5976629649163931,1.0,0.7257934568192685,0.9222607245401917,0.5157322883605957,1.0,1.0,1,0.45570806446570555,0.7538575638499545,0.6052353252247488,0.025303028818359087,0.0,0.905064672232744,0.2460768711419753,1,7.556048917344049,0.9222607245401917,0.12893307209014893,0.0,0.0,0.910156
0078.jpg,P3,leaves and stems,0.9101691662501358,0.3688659238748242,1.0,0.7256511862652146,0.0,0.49107301235198975,1.0,1.0,1,0.39305114175173006,0.6606251752137826,0.38471708090957163,0.0,0.0,0.925832558631833,0.15570203993055556,1,7.561451532844736,0.0,0.12276825308799744,0.0,0.0,0.447266
0078.jpg,P4,crop seedling,0.5904761904761905,0.0,1.0,0.9523809523809523,1.0,0.0,1.0,1.0,1,0.0,0.0,0.0,1.0,1.0,0.0,0.0,0,1.0,1.0,0.0,0.0,0.0,
0078.jpg,P5,plant body without background,0.5904761904761905,0.0,1.0,0.9523809523809523,1.0,0.0,1.0,1.0,1,0.0,0.0,0.0,1.0,1.0,0.0,0.0,0,1.0,1.0,0.0,0.0,0.0,
0079.jpg,P1,green plant,1.0843174456367168,0.3503934941006406,1.0,0.7271311615812992,0.892330837684695,0.5126515030860901,1.0,1.0,1,0.38781604634617184,0.6510209119354877,0.3774693005872931,0.0,0.0,0.9201425306303839,0.14840543016975308,1,7.505353994877355,0.892330837684695,0.12816287577152252,0.0,0.0,0.968750
0079.jpg,P2,entire plant excluding pot,1.1965843494113546,0.5673933427097984,1.0,0.7311145927925231,0.9041196546628594,0.5336689352989197,1.0,1.0,1,0.4493250443185345,0.7382464832692738,0.5950347036839295,0.018707052105991696,0.0,0.8944464414297894,0.23412037037037037,1,7.35549282857172,0.9041196546628594,0.13341723382472992,0.0,0.0,0.816406
0079.jpg,P3,leaves and stems,1.0851882853559303,0.35166108718159095,1.0,0.7290878167156614,0.8932754432056783,0.511401355266571,1.0,1.0,1,0.38810314488203,0.6515304354739293,0.37800320341697813,0.0,0.0,0.9202691585109876,0.1489061294367284,1,7.431537794849542,0.8932754432056783,0.12785033881664276,0.0,0.0,0.343750
0079.jpg,P4,crop seedling,0.5904761904761905,0.0,1.0,0.9523809523809523,1.0,0.0,1.0,1.0,1,0.0,0.0,0.0,1.0,1.0,0.0,0.0,0,1.0,1.0,0.0,0.0,0.0,
0079.jpg,P5,plant body without background,0.5904761904761905,0.0,1.0,0.9523809523809523,1.0,0.0,1.0,1.0,1,0.0,0.0,0.0,1.0,1.0,0.0,0.0,0,1.0,1.0,0.0,0.0,0.0,
0080.jpg,P1,green plant,1.0603585222027172,0.31400688828332546,1.0,0.7216446078634222,0.8360372434224448,0.5100926756858826,1.0,1.0,1,0.38400223915170223,0.6428246762256457,0.3586337760910816,0.0,0.0,0.9445952277633158,0.1340327208719136,1,7.714472999686268,0.8360372434224448,0.12752316892147064,0.0,0.0,0.968750
0080.jpg,P2,entire plant excluding pot,1.1694543637337333,0.5057589564775746,1.0,0.7275345504592102,0.8551220315908119,0.5271853804588318,1.0,1.0,1,0.44633417993644764,0.723535088701994,0.5679045811873137,0.0013988859488400856,0.0,0.9129374006168536,0.20977478780864198,1,7.490103373614715,0.8551220315908119,0.13179634511470795,0.0,0.0,0.835938
0080.jpg,P3,leaves and stems,1.0612022738878089,0.31474552908657594,1.0,0.7241410116046698,0.8370839103802762,0.5095031261444092,1.0,1.0,1,0.3841075584446227,0.6431355777166367,0.3586337760910816,0.0,0.0,0.944560265474052,0.13432448398919752,1,7.618930124784308,0.8370839103802762,0.1273757815361023,0.0,0.0,0.457031
0080.jpg,P4,crop seedling,0.5904761904761905,0.0,1.0,0.9523809523809523,1.0,0.0,1.0,1.0,1,0.0,0.0,0.0,1.0,1.0,0.0,0.0,0,1.0,1.0,0.0,0.0,0.0,
0080.jpg,P5,plant body without background,0.5904761904761905,0.0,1.0,0.9523809523809523,1.0,0.0,1.0,1.0,1,0.0,0.0,0.0,1.0,1.0,0.0,0.0,0,1.0,1.0,0.0,0.0,0.0,
0081.jpg,P1,green plant,1.040243705853112,0.286842609685107,1.0,0.7337561274323547,0.7250931873801819,0.5449053645133972,1.0,1.0,1,0.3821242480509039,0.634959701704463,0.3376941946034342,0.0,0.0,0.9910339742572372,0.12330283082561729,1,7.257012585348131,0.7250931873801819,0.1362263411283493,0.0,0.0,0.960938
0081.jpg,P2,entire plant excluding pot,1.143122865703101,0.45888609304188144,1.0,0.7363372658684398,0.750130220253748,0.5575816035270691,1.0,1.0,1,0.4425358291648732,0.7093414505275015,0.5393840283455983,0.0,0.0,0.9717719637803999,0.1912600067515432,1,7.161466527722048,0.750130220253748,0.13939540088176727,0.0,0.0,0.816406
0081.jpg,P3,leaves and stems,1.0406143253466749,0.28763924294811694,1.0,0.7361662261608062,0.7258304172535126,0.5423633456230164,1.0,1.0,1,0.38221447894958444,0.6353041203021171,0.3376941946034342,0.0,0.0,0.990730818152253,0.12361750096450617,1,7.167777180301198,0.7258304172535126,0.1355908364057541,0.0,0.0,0.421875
0081.jpg,P4,crop seedling,0.5904761904761905,0.0,1.0,0.9523809523809523,1.0,0.0,1.0,1.0,1,0.0,0.0,0.0,1.0,1.0,0.0,0.0,0,1.0,1.0,0.0,0.0,0.0,
0081.jpg,P5,plant body without background,0.5904761904761905,0.0,1.0,0.9523809523809523,1.0,0.0,1.0,1.0,1,0.0,0.0,0.0,1.0,1.0,0.0,0.0,0,1.0,1.0,0.0,0.0,0.0,
0082.jpg,P1,green plant,1.0473626707903658,0.2808669445421159,1.0,0.7364650201989208,0.7775870798027154,0.5683878660202026,1.0,1.0,1,0.3747012886775749,0.6299297522288215,0.32435344827586204,0.0,0.0,0.9584225470783223,0.12094244309413581,1,7.156754837586118,0.7775870798027154,0.14209696650505066,0.0,0.0,0.396484;0.960938
0082.jpg,P2,entire plant excluding pot,1.1632295969346167,0.444786294733552,1.0,0.7434990690037055,0.8337556172559287,0.6012566685676575,1.0,1.0,1,0.438570067022448,0.6994893708734162,0.5220905172413793,0.0,0.0,0.9977249411330408,0.18569058641975308,1,6.899831934961467,0.8337556172559287,0.15031416714191437,0.0,0.0,0.484375;0.910156
0082.jpg,P3,leaves and stems,0.3904761904761905,0.0,1.0,0.9523809523809523,0.0,0.0,1.0,1.0,1,0.0,0.0,0.0,1.0,1.0,0.0,0.0,0,1.0,0.0,0.0,0.0,0.0,
0082.jpg,P4,crop seedling,0.5904761904761905,0.0,1.0,0.9523809523809523,1.0,0.0,1.0,1.0,1,0.0,0.0,0.0,1.0,1.0,0.0,0.0,0,1.0,1.0,0.0,0.0,0.0,
0082.jpg,P5,plant body without background,0.5904761904761905,0.0,1.0,0.9523809523809523,1.0,0.0,1.0,1.0,1,0.0,0.0,0.0,1.0,1.0,0.0,0.0,0,1.0,1.0,0.0,0.0,0.0,
0083.jpg,P1,green plant,1.0734457296734452,0.2955811577004218,1.0,0.7357308774239697,0.7529532320666609,0.7097144722938538,1.0,1.0,1,0.374649781776464,0.6205596815449208,0.3215142628632365,0.0,0.0,0.9958132592035918,0.12675455729166665,1,7.183852973557977,0.7529532320666609,0.17742861807346344,0.0,0.0,0.949219
0083.jpg,P2,entire plant excluding pot,1.1746170845698871,0.46407763908423183,1.0,0.7417988912198259,0.7621453455944797,0.7678267955780029,1.0,1.0,1,0.42744735027457914,0.6838629947794889,0.5193281791522261,0.0,0.0,0.9461622985435738,0.1933106674382716,1,6.961485433217194,0.7621453455944797,0.19195669889450073,0.0,0.0,0.656250
0083.jpg,P3,leaves and stems,0.5904761904761905,0.0,1.0,0.9523809523809523,1.0,0.0,1.0,1.0,1,0.0,0.0,0.0,1.0,1.0,0.0,0.0,0,1.0,1.0,0.0,0.0,0.0,
0083.jpg,P4,crop seedling,0.5904761904761905,0.0,1.0,0.9523809523809523,1.0,0.0,1.0,1.0,1,0.0,0.0,0.0,1.0,1.0,0.0,0.0,0,1.0,1.0,0.0,0.0,0.0,
0083.jpg,P5,plant body without background,0.5904761904761905,0.0,1.0,0.9523809523809523,1.0,0.0,1.0,1.0,1,0.0,0.0,0.0,1.0,1.0,0.0,0.0,0,1.0,1.0,0.0,0.0,0.0,
0084.jpg,P1,green plant,0.832737714773002,0.3059135826887014,1.0,0.7284420942524578,0.7415827145781148,0.9205501675605774,1.0,1.0,1,0.09344000295703175,0.0,0.0,0.0,0.0,0.9344000295703174,0.13083586516203705,1,7.455854292062036,0.7415827145781148,0.23013754189014435,0.0,0.0,0.964844
0084.jpg,P2,entire plant excluding pot,0.9248299097747075,0.47439236111111105,1.0,0.7364493976366835,0.7387338082866803,0.9923365116119385,1.0,1.0,1,0.13644749404542478,0.0,0.26911702577101815,0.0,0.0,0.8800642940664148,0.1973849826388889,1,7.157330923457019,0.7387338082866803,0.24808412790298462,0.0,0.0,0.867188
0084.jpg,P3,leaves and stems,0.5904761904761905,0.0,1.0,0.9523809523809523,1.0,0.0,1.0,1.0,1,0.0,0.0,0.0,1.0,1.0,0.0,0.0,0,1.0,1.0,0.0,0.0,0.0,
0084.jpg,P4,crop seedling,0.5904761904761905,0.0,1.0,0.9523809523809523,1.0,0.0,1.0,1.0,1,0.0,0.0,0.0,1.0,1.0,0.0,0.0,0,1.0,1.0,0.0,0.0,0.0,
0084.jpg,P5,plant body without background,0.5904761904761905,0.0,1.0,0.9523809523809523,1.0,0.0,1.0,1.0,1,0.0,0.0,0.0,1.0,1.0,0.0,0.0,0,1.0,1.0,0.0,0.0,0.0,
0085.jpg,P1,green plant,1.130960367368,0.301969790201594,1.0,0.6952954369831693,0.7988039039454662,1.0,1.0,1.0,1,0.37174654114195416,0.615383324122329,0.34353004872766646,0.0,0.0,0.9452696892815906,0.12927806712962964,1,8.764750832794736,0.7988039039454662,0.2522827088832855,0.0,0.0,0.953125
0085.jpg,P2,entire plant excluding pot,1.2290897756477008,0.4691165733903734,1.0,0.7020914913945633,0.8624838531305342,1.0,1.0,1.0,1,0.42235139206460665,0.674310186165588,0.5403356794802382,0.0,0.0,0.8908240460020801,0.19530104648919752,1,8.48631587925105,0.8624838531305342,0.2736847698688507,0.0,0.0,0.882812
0085.jpg,P3,leaves and stems,0.9709905348908303,0.3042504199874979,1.0,0.6894496652890182,0.0,1.0,1.0,1.0,1,0.3722505178355271,0.6161873501059696,0.34380075798592313,0.0,0.0,0.9470080886097162,0.13017891589506173,1,9.008644150426809,0.0,0.2503615915775299,0.0,0.0,0.439453
0085.jpg,P4,crop seedling,0.5904761904761905,0.0,1.0,0.9523809523809523,1.0,0.0,1.0,1.0,1,0.0,0.0,0.0,1.0,1.0,0.0,0.0,0,1.0,1.0,0.0,0.0,0.0,
0085.jpg,P5,plant body without background,0.5904761904761905,0.0,1.0,0.9523809523809523,1.0,0.0,1.0,1.0,1,0.0,0.0,0.0,1.0,1.0,0.0,0.0,0,1.0,1.0,0.0,0.0,0.0,
0086.jpg,P1,green plant,0.8231535509789637,0.30804282163228613,1.0,0.6994327246405319,0.6296706498685024,1.0,1.0,1.0,1,0.09572431175069959,0.0,0.0,0.0,0.0,0.9572431175069959,0.13167691454475308,1,8.594601446878038,0.6296706498685024,0.25332966446876526,0.0,0.0,0.957031
0086.jpg,P2,entire plant excluding pot,0.913913918284766,0.46283568477496484,1.0,0.7170835722950843,0.6514141170085448,1.0,1.0,1.0,1,0.14764724346904717,0.0,0.2733722871452421,0.0,0.0,0.984402317829036,0.19282009548611112,1,7.890751891008147,0.6514141170085448,0.27981680631637573,0.0,0.0,0.648438
0086.jpg,P3,leaves and stems,0.3904761904761905,0.0,1.0,0.9523809523809523,0.0,0.0,1.0,1.0,1,0.0,0.0,0.0,1.0,1.0,0.0,0.0,0,1.0,0.0,0.0,0.0,0.0,
0086.jpg,P4,crop seedling,0.5904761904761905,0.0,1.0,0.9523809523809523,1.0,0.0,1.0,1.0,1,0.0,0.0,0.0,1.0,1.0,0.0,0.0,0,1.0,1.0,0.0,0.0,0.0,
0086.jpg,P5,plant body without background,0.5904761904761905,0.0,1.0,0.9523809523809523,1.0,0.0,1.0,1.0,1,0.0,0.0,0.0,1.0,1.0,0.0,0.0,0,1.0,1.0,0.0,0.0,0.0,
0087.jpg,P1,green plant,0.8455363639712903,0.3200561122831692,1.0,0.6824574379313743,0.7622188040609025,1.0,1.0,1.0,1,0.09258989311620117,0.0,0.001665972511453561,0.0,0.0,0.9229001806413952,0.13642216435185187,1,9.305856876031491,0.7622188040609025,0.25757721066474915,0.0,0.0006071371758841933,0.953125
0087.jpg,P2,entire plant excluding pot,0.9462394323932337,0.471815664556962,1.0,0.6991767135982441,0.8124072903343892,1.0,1.0,1.0,1,0.14955949869531474,0.0,0.2857142857142857,0.0,0.0,0.9813092726674331,0.1963671875,1,8.60507166646322,0.8124072903343892,0.28444087505340576,0.0,0.00044021542927451024,0.796875
0087.jpg,P3,leaves and stems,0.6941854556908589,0.3209528588451319,1.0,0.6874755482695045,0.0,1.0,1.0,1.0,1,0.09249977426793149,0.0,0.001665972511453561,0.0,0.0,0.9219989921586984,0.13677637924382716,1,9.091943779445648,0.0,0.25614315271377563,0.0,0.0006152609393923901,0.457031
0087.jpg,P4,crop seedling,0.5904761904761905,0.0,1.0,0.9523809523809523,1.0,0.0,1.0,1.0,1,0.0,0.0,0.0,1.0,1.0,0.0,0.0,0,1.0,1.0,0.0,0.0,0.0,
0087.jpg,P5,plant body without background,0.5904761904761905,0.0,1.0,0.9523809523809523,1.0,0.0,1.0,1.0,1,0.0,0.0,0.0,1.0,1.0,0.0,0.0,0,1.0,1.0,0.0,0.0,0.0,
0088.jpg,P1,green plant,0.8553355192798674,0.34477799265510234,1.0,0.6869525967034018,0.7409849020504928,1.0,1.0,1.0,1,0.10079242099806808,0.0,0.01991869918699187,0.0,0.0,0.9720705514440954,0.14618730709876543,1,9.114090398635154,0.7409849020504928,0.26067304611206055,0.0,0.0,0.953125
0088.jpg,P2,entire plant excluding pot,0.9556816754804253,0.5184614417291764,1.0,0.6965618175317667,0.7941900020939014,1.0,1.0,1.0,1,0.15383902320945642,0.0,0.3020325203252033,0.0,0.0,0.9947316955091983,0.21479226948302468,1,8.712455228839614,0.7941900020939014,0.2811671793460846,0.0,0.001063666770881687,0.523438
0088.jpg,P3,leaves and stems,0.3904761904761905,0.0,1.0,0.9523809523809523,0.0,0.0,1.0,1.0,1,0.0,0.0,0.0,1.0,1.0,0.0,0.0,0,1.0,0.0,0.0,0.0,0.0,
0088.jpg,P4,crop seedling,0.5904761904761905,0.0,1.0,0.9523809523809523,1.0,0.0,1.0,1.0,1,0.0,0.0,0.0,1.0,1.0,0.0,0.0,0,1.0,1.0,0.0,0.0,0.0,
0088.jpg,P5,plant body without background,0.5904761904761905,0.0,1.0,0.9523809523809523,1.0,0.0,1.0,1.0,1,0.0,0.0,0.0,1.0,1.0,0.0,0.0,0,1.0,1.0,0.0,0.0,0.0,
0089.jpg,P1,green plant,0.7825039717842245,0.41838507481637754,1.0,0.7287165210243747,0.30889584571874323,1.0,1.0,0.5871138933764135,1,0.0913044834723254,0.0,0.052592865023905845,0.0,0.0,0.8183776776802235,0.17526210455246913,1,7.445514713849922,0.30889584571874323,0.28826674818992615,0.0,0.006812988152940028,0.957031
0089.jpg,P2,entire plant excluding pot,0.8759016455173811,0.6207164937880919,1.0,0.7380530301402889,0.3372368175506194,1.0,1.0,0.2499589619438458,1,0.13670037722158115,0.0,0.33578521515262966,0.0,0.0,0.762590384941078,0.2551830150462963,1,7.098323810415636,0.3372368175506194,0.33252713084220886,0.0,0.016002626866799898,0.792969
0089.jpg,P3,leaves and stems,0.5904761904761905,0.0,1.0,0.9523809523809523,1.0,0.0,1.0,1.0,1,0.0,0.0,0.0,1.0,1.0,0.0,0.0,0,1.0,1.0,0.0,0.0,0.0,
0089.jpg,P4,crop seedling,0.5904761904761905,0.0,1.0,0.9523809523809523,1.0,0.0,1.0,1.0,1,0.0,0.0,0.0,1.0,1.0,0.0,0.0,0,1.0,1.0,0.0,0.0,0.0,
0089.jpg,P5,plant body without background,0.5904761904761905,0.0,1.0,0.9523809523809523,1.0,0.0,1.0,1.0,1,0.0,0.0,0.0,1.0,1.0,0.0,0.0,0,1.0,1.0,0.0,0.0,0.0,
0090.jpg,P1,green plant,1.13832571939995,0.448152299187373,1.0,0.7220466639074559,0.6670165374992372,0.9793989062309265,1.0,0.5084716872900107,1,0.37500283803495144,0.6313725938554124,0.3274151436031332,0.0,0.0,0.9508770433699307,0.18702015817901235,1,7.699040795739183,0.6670165374992372,0.24484972655773163,0.0,0.007866711362669383,0.933594
0090.jpg,P2,entire plant excluding pot,1.2352669305876307,0.6632524369042038,1.0,0.7472800104829508,0.6432072556754488,1.0,1.0,0.5949235232067511,1,0.42451898997510995,0.691056073998606,0.5138381201044386,0.0,0.0,0.901585024567989,0.2719847125771605,1,6.7637294179385785,0.6432072556754488,0.2833916246891022,0.0,0.006723553270240918,0.523438
0090.jpg,P3,leaves and stems,0.5904761904761905,0.0,1.0,0.9523809523809523,1.0,0.0,1.0,1.0,1,0.0,0.0,0.0,1.0,1.0,0.0,0.0,0,1.0,1.0,0.0,0.0,0.0,
0090.jpg,P4,crop seedling,0.5904761904761905,0.0,1.0,0.9523809523809523,1.0,0.0,1.0,1.0,1,0.0,0.0,0.0,1.0,1.0,0.0,0.0,0,1.0,1.0,0.0,0.0,0.0,
0090.jpg,P5,plant body without background,0.5904761904761905,0.0,1.0,0.9523809523809523,1.0,0.0,1.0,1.0,1,0.0,0.0,0.0,1.0,1.0,0.0,0.0,0,1.0,1.0,0.0,0.0,0.0,
0091.jpg,P1,green plant,1.1760862511876793,0.48518140041412716,1.0,0.7194740487600862,0.8475422519471142,0.9778115153312683,1.0,0.48395196759259257,1,0.37008440789716024,0.6209522941724376,0.34151436031331595,0.0,0.0,0.9127852008041024,0.20164665316358024,1,7.798083939882507,0.8475422519471142,0.24445287883281708,0.0,0.008265283060833297,0.937500
0091.jpg,P2,entire plant excluding pot,1.2745738806232063,0.6912679837669948,1.0,0.7407878126367654,0.8745859872092748,1.0,1.0,0.4039117419354839,1,0.4132455239005993,0.669780403353177,0.5093994778067885,0.0,0.0,0.8713047672176546,0.28305085358796295,1,6.9982843384151465,0.8745859872092748,0.28032997250556946,0.0,0.009903153547437383,0.839844
0091.jpg,P3,leaves and stems,0.5904761904761905,0.0,1.0,0.9523809523809523,1.0,0.0,1.0,1.0,1,0.0,0.0,0.0,1.0,1.0,0.0,0.0,0,1.0,1.0,0.0,0.0,0.0,
0091.jpg,P4,crop seedling,0.5904761904761905,0.0,1.0,0.9523809523809523,1.0,0.0,1.0,1.0,1,0.0,0.0,0.0,1.0,1.0,0.0,0.0,0,1.0,1.0,0.0,0.0,0.0,
0091.jpg,P5,plant body without background,0.5904761904761905,0.0,1.0,0.9523809523809523,1.0,0.0,1.0,1.0,1,0.0,0.0,0.0,1.0,1.0,0.0,0.0,0,1.0,1.0,0.0,0.0,0.0,
0092.jpg,P1,green plant,1.1966365996995914,0.7436684442881699,1.0,0.7130204531711464,0.5219726317853239,0.9349915981292725,1.0,0.27259768995645,1,0.4139059742248088,0.6954305199811971,0.45300261096605743,0.0,0.0,0.8896482225749949,0.30374903549382715,1,8.049686248199949,0.5219726317853239,0.23374789953231812,0.0,0.014673638652767149,0.960938
0092.jpg,P2,entire plant excluding pot,1.3026880259044151,0.9179403642170652,1.0,0.7185568867562354,0.6261886648915937,1.0,1.0,0.24220235902660764,1,0.45015084273143624,0.7397201437833258,0.593733681462141,0.005504175698724526,0.0,0.8602798245370418,0.37258644386574075,1,7.833565259231644,0.6261886648915937,0.27530398964881897,0.0,0.016515115773750873,0.804688
0092.jpg,P3,leaves and stems,0.5904761904761905,0.0,1.0,0.9523809523809523,1.0,0.0,1.0,1.0,1,0.0,0.0,0.0,1.0,1.0,0.0,0.0,0,1.0,1.0,0.0,0.0,0.0,
0092.jpg,P4,crop seedling,0.5904761904761905,0.0,1.0,0.9523809523809523,1.0,0.0,1.0,1.0,1,0.0,0.0,0.0,1.0,1.0,0.0,0.0,0,1.0,1.0,0.0,0.0,0.0,
0092.jpg,P5,plant body without background,0.5904761904761905,0.0,1.0,0.9523809523809523,1.0,0.0,1.0,1.0,1,0.0,0.0,0.0,1.0,1.0,0.0,0.0,0,1.0,1.0,0.0,0.0,0.0,
0093.jpg,P1,green plant,1.2464334751702506,0.8441596098999844,1.0,0.6898970494824863,0.6304458093411663,0.9113157987594604,1.0,0.34045283695359885,1,0.431269821673631,0.6928911812630821,0.4960835509138381,0.0,0.0,0.9946286906706143,0.34344304591049385,1,8.989832635177429,0.6304458093411663,0.2278289496898651,0.0,0.011749057625109964,0.972656
0093.jpg,P2,entire plant excluding pot,1.3359236537888426,0.9988242791842475,1.0,0.6990367538413707,0.7014916981231687,1.0,1.0,0.3042048957388939,1,0.4560531075590851,0.727203167456111,0.6161879895561357,0.0188494298708343,0.0,0.9627298979059218,0.4045355902777778,1,8.610798917360666,0.7014916981231687,0.2720091640949249,0.0,0.013149032300365383,0.820312
0093.jpg,P3,leaves and stems,0.5904761904761905,0.0,1.0,0.9523809523809523,1.0,0.0,1.0,1.0,1,0.0,0.0,0.0,1.0,1.0,0.0,0.0,0,1.0,1.0,0.0,0.0,0.0,
0093.jpg,P4,crop seedling,0.5904761904761905,0.0,1.0,0.9523809523809523,1.0,0.0,1.0,1.0,1,0.0,0.0,0.0,1.0,1.0,0.0,0.0,0,1.0,1.0,0.0,0.0,0.0,
0093.jpg,P5,plant body without background,0.5904761904761905,0.0,1.0,0.9523809523809523,1.0,0.0,1.0,1.0,1,0.0,0.0,0.0,1.0,1.0,0.0,0.0,0,1.0,1.0,0.0,0.0,0.0,
0094.jpg,P1,green plant,1.1612070190788246,0.602341735525082,1.0,0.6636909585768994,0.39480160151962373,1.0,1.0,0.7033395468148781,1,0.4290401599545036,0.6742756597365647,0.5364050056882821,2.4314465794166375e-06,0.0,0.9649150745678909,0.2479249855324074,1,10.134507245487319,0.39480160151962373,0.25032931566238403,0.0,0.0056871535492555155,0.968750
0094.jpg,P2,entire plant excluding pot,1.1976898287743767,0.6473621977066729,1.0,0.6612989593912457,0.5046050758409846,1.0,1.0,0.7390020957330874,1,0.435036582186596,0.6867760474604552,0.5489192263936291,0.008646987212150884,0.0,0.9845360098822874,0.26570806809413583,1,10.243507442399224,0.5046050758409846,0.27511322498321533,0.0,0.005412704541834911,0.753906
0094.jpg,P3,leaves and stems,1.0825505039400292,0.605976031411158,1.0,0.6651030827817409,0.0,0.9951130151748657,1.0,0.6966305153250253,1,0.4293120780664761,0.6752847588323503,0.5366894197952219,1.9339591625183244e-06,0.0,0.9635889709976228,0.2493605324074074,1,10.070526686407147,0.0,0.24877825379371643,0.0,0.005741924753516905,0.361328
0094.jpg,P4,crop seedling,0.5904761904761905,0.0,1.0,0.9523809523809523,1.0,0.0,1.0,1.0,1,0.0,0.0,0.0,1.0,1.0,0.0,0.0,0,1.0,1.0,0.0,0.0,0.0,
0094.jpg,P5,plant body without background,0.5904761904761905,0.0,1.0,0.9523809523809523,1.0,0.0,1.0,1.0,1,0.0,0.0,0.0,1.0,1.0,0.0,0.0,0,1.0,1.0,0.0,0.0,0.0,
0095.jpg,P1,green plant,1.1724952118390952,0.6301738430809501,1.0,0.6780739578299156,0.5782434795536131,0.9448951482772827,1.0,0.15879438785884614,1,0.4062179260907429,0.6608457878674309,0.5130548302872062,0.0,0.0,0.8257203088544504,0.25891866801697533,1,9.495307656420406,0.5782434795536131,0.23622378706932068,0.0,0.025189807108017184,0.964844
0095.jpg,P2,entire plant excluding pot,1.2281377804414306,0.7067638742381621,1.0,0.6902607050921131,0.6403123667939742,1.0,1.0,0.17089157656614595,1,0.42067039121658073,0.679639634133737,0.5391644908616188,0.0,0.0,0.8574691091468141,0.28917173032407406,1,8.974559688039987,0.6403123667939742,0.26972153782844543,0.0,0.02340665397543304,0.910156
0095.jpg,P3,leaves and stems,1.1731970249725652,0.6322780536997967,1.0,0.680499548051195,0.5800160068307785,0.9413646459579468,1.0,0.1532121319869151,1,0.4063653740646218,0.6613621241358071,0.5133159268929504,0.0,0.0,0.8249176377635826,0.25974983121141976,1,9.390173817566401,0.5800160068307785,0.2353411614894867,0.0,0.026107593100666567,0.636719
0095.jpg,P4,crop seedling,0.5904761904761905,0.0,1.0,0.9523809523809523,1.0,0.0,1.0,1.0,1,0.0,0.0,0.0,1.0,1.0,0.0,0.0,0,1.0,1.0,0.0,0.0,0.0,
0095.jpg,P5,plant body without background,0.5904761904761905,0.0,1.0,0.9523809523809523,1.0,0.0,1.0,1.0,1,0.0,0.0,0.0,1.0,1.0,0.0,0.0,0,1.0,1.0,0.0,0.0,0.0,
0096.jpg,P1,green plant,1.2047543655480264,0.6093231120096889,1.0,0.6965795220670332,0.7857004951739446,0.936553418636322,1.0,0.1352651454779059,1,0.3991230559706285,0.6526015244725416,0.5018276762402089,0.0,0.0,0.8038354068200141,0.25068262924382717,1,8.711725461942825,0.7857004951739446,0.2341383546590805,0.0,0.02957154990568769,0.960938
0096.jpg,P2,entire plant excluding pot,1.256865811800972,0.6938318609353024,1.0,0.7128058546276707,0.8103477423211505,1.0,1.0,0.1516273247956754,1,0.4134687202241471,0.6729219781182749,0.5315926892950391,0.005590082410318245,0.0,0.8393636853273938,0.28406358506944446,1,8.058130934470041,0.8103477423211505,0.27426156401634216,0.0,0.026380469386966886,0.875000
0096.jpg,P3,leaves and stems,1.2051796350257304,0.6103984143030161,1.0,0.6989010377824474,0.7872065278687542,0.9333640336990356,1.0,0.1348888493110762,1,0.39920563229507977,0.6528600850438966,0.502088772845953,0.0,0.0,0.8032862341744447,0.2511073736496914,1,8.616354703747858,0.7872065278687542,0.2333410084247589,0.0,0.029654044944629428,0.373047
0096.jpg,P4,crop seedling,0.5904761904761905,0.0,1.0,0.9523809523809523,1.0,0.0,1.0,1.0,1,0.0,0.0,0.0,1.0,1.0,0.0,0.0,0,1.0,1.0,0.0,0.0,0.0,
0096.jpg,P5,plant body without background,0.5904761904761905,0.0,1.0,0.9523809523809523,1.0,0.0,1.0,1.0,1,0.0,0.0,0.0,1.0,1.0,0.0,0.0,0,1.0,1.0,0.0,0.0,0.0,
0097.jpg,P1,green plant,1.1998389035478154,0.5761172399984371,1.0,0.7000699661877354,0.8136590552136743,0.9453842639923096,1.0,0.12357917842583883,1,0.3927927984693842,0.6432708569334553,0.4929503916449086,0.0,0.0,0.7891692804659125,0.2375663097993827,1,8.568573094073667,0.8136590552136743,0.2363460659980774,0.0,0.03236791222398717,0.968750
0097.jpg,P2,entire plant excluding pot,1.2454973097804785,0.664252654223316,1.0,0.7192345309613126,0.8337880689608864,1.0,1.0,0.1395639912897098,1,0.40204225895137546,0.664266082862058,0.5261096605744126,0.025763679346962477,0.0,0.8257849485034967,0.27237979841820986,1,7.807341192682241,0.8337880689608864,0.27881738543510437,0.0,0.02866068792556038,0.875000
0097.jpg,P3,leaves and stems,1.200054464940448,0.5775160791725269,1.0,0.70097749017211,0.8141921269502338,0.9425619840621948,1.0,0.12273127233183159,1,0.39300492886903515,0.6436040821727769,0.49373368146214097,0.0,0.0,0.7887143744537789,0.23811885127314814,1,8.531586649222401,0.8141921269502338,0.2356404960155487,0.0,0.03259153045513209,0.470703
0097.jpg,P4,crop seedling,0.5904761904761905,0.0,1.0,0.9523809523809523,1.0,0.0,1.0,1.0,1,0.0,0.0,0.0,1.0,1.0,0.0,0.0,0,1.0,1.0,0.0,0.0,0.0,
0097.jpg,P5,plant body without background,0.5904761904761905,0.0,1.0,0.9523809523809523,1.0,0.0,1.0,1.0,1,0.0,0.0,0.0,1.0,1.0,0.0,0.0,0,1.0,1.0,0.0,0.0,0.0,
0098.jpg,P1,green plant,1.1877154478770886,0.6091302107751211,1.0,0.6781986227674242,0.7499292309620483,0.9162365198135376,1.0,0.15866798977138277,1,0.39701653101346235,0.6453240057726062,0.49216710182767626,0.0,0.0,0.8256305066406849,0.2506064332561728,1,9.489885895652481,0.7499292309620483,0.2290591299533844,0.0,0.025209873811115974,0.968750
0098.jpg,P2,entire plant excluding pot,1.2517830001280184,0.70851219428817,1.0,0.7042525034435182,0.7780250507848006,1.0,1.0,0.17938028799522496,1,0.4136250504247207,0.6680880751719624,0.5342036553524804,0.007899813412504772,0.0,0.860075101748388,0.2898623167438272,1,8.398905083344191,0.7780250507848006,0.26893821358680725,0.0,0.022298994191081233,0.910156
0098.jpg,P3,leaves and stems,1.1883443079594866,0.6100037603531802,1.0,0.6816659941689867,0.7496367274284701,0.9147281050682068,1.0,0.15813203676973334,1,0.39713739055571773,0.6455240978065523,0.49242819843342034,0.0,0.0,0.8256688060540875,0.2509514853395062,1,9.339882245969793,0.7496367274284701,0.2286820262670517,0.0,0.02529531701298876,0.332031
0098.jpg,P4,crop seedling,0.5904761904761905,0.0,1.0,0.9523809523809523,1.0,0.0,1.0,1.0,1,0.0,0.0,0.0,1.0,1.0,0.0,0.0,0,1.0,1.0,0.0,0.0,0.0,
0098.jpg,P5,plant body without background,0.5904761904761905,0.0,1.0,0.9523809523809523,1.0,0.0,1.0,1.0,1,0.0,0.0,0.0,1.0,1.0,0.0,0.0,0,1.0,1.0,0.0,0.0,0.0,
0099.jpg,P1,green plant,1.19682726788902,0.6489887335911861,1.0,0.6567316400002842,0.733853022441819,0.8918973207473755,1.0,0.33852558994790066,1,0.41053312453288704,0.6607322146873649,0.5065274151436031,0.0,0.0,0.8810191466646075,0.2663505497685185,1,10.453839562216531,0.733853022441819,0.22297433018684387,0.0,0.011815945732833972,0.957031
0099.jpg,P2,entire plant excluding pot,1.2634404829974915,0.738890170827473,1.0,0.6740400571762012,0.7667559404889182,1.0,1.0,0.3705569985569986,1,0.4275032492989729,0.6821617651937706,0.5475195822454308,0.0048431140192694115,0.0,0.9164604088275646,0.30186161747685186,1,9.671827048064873,0.7667559404889182,0.2664967179298401,0.0,0.010794560662938674,0.898438
0099.jpg,P3,leaves and stems,1.1976362895661936,0.6512968334896078,1.0,0.658788543950132,0.7352389880054856,0.8894387483596802,1.0,0.3332752010824626,1,0.4106836668052125,0.6612823899111164,0.5065274151436031,0.0,0.0,0.8805989561047325,0.2672622492283951,1,10.358754996070378,0.7352389880054856,0.22235968708992004,0.0,0.012002093126065734,0.482422
0099.jpg,P4,crop seedling,0.5904761904761905,0.0,1.0,0.9523809523809523,1.0,0.0,1.0,1.0,1,0.0,0.0,0.0,1.0,1.0,0.0,0.0,0,1.0,1.0,0.0,0.0,0.0,
0099.jpg,P5,plant body without background,0.5904761904761905,0.0,1.0,0.9523809523809523,1.0,0.0,1.0,1.0,1,0.0,0.0,0.0,1.0,1.0,0.0,0.0,0,1.0,1.0,0.0,0.0,0.0,
0100.jpg,P1,green plant,1.2254934854157327,0.6596575148460697,1.0,0.6472325690131976,0.8285786786606762,0.9080223441123962,1.0,0.5794776321735201,1,0.41679526408926465,0.6672214705449735,0.5096605744125327,0.0,0.0,0.9152884600426808,0.27056471836419754,1,10.900793559404743,0.8285786786606762,0.22700558602809906,0.0,0.006902768593494616,0.941406
0100.jpg,P2,entire plant excluding pot,1.2837358864371344,0.7503351353727145,1.0,0.6625564927937485,0.8464846833848847,1.0,1.0,0.6267746947835738,1,0.43186062412686493,0.6893584358926937,0.549869451697128,0.011527361645295362,0.0,0.9506687875252775,0.3063823784722222,1,10.186105211447881,0.8464846833848847,0.2719413638114929,0.0,0.006381878581395514,0.906250
0100.jpg,P3,leaves and stems,1.2260544638937114,0.6623129590561025,1.0,0.6497629703364541,0.828881140885141,0.9042290449142456,1.0,0.5647711205815994,1,0.4170172408553227,0.6678697393914529,0.5101827676240209,0.0,0.0,0.9142993389599047,0.2716136188271605,1,10.780455201446442,0.828881140885141,0.2260572612285614,0.0,0.007082515118479878,0.687500
0100.jpg,P4,crop seedling,0.5904761904761905,0.0,1.0,0.9523809523809523,1.0,0.0,1.0,1.0,1,0.0,0.0,0.0,1.0,1.0,0.0,0.0,0,1.0,1.0,0.0,0.0,0.0,
0100.jpg,P5,plant body without background,0.5904761904761905,0.0,1.0,0.9523809523809523,1.0,0.0,1.0,1.0,1,0.0,0.0,0.0,1.0,1.0,0.0,0.0,0,1.0,1.0,0.0,0.0,0.0,
