# 3D point list with one line of data per point:
#   POINT3D_ID, X, Y, Z, R, G, B, ERROR, TRACK[] as (IMAGE_ID, POINT2D_IDX)
# Number of points: 3988, mean track length: 4.0045135406218657
147 2.9965374610016067 -0.39353586639102367 2.6939410975064617 209 214 169 0.64146400340550802 26 1411 29 1455 28 1832
175 2.5312429981798612 -0.33776274675756401 2.8364899853924799 31 53 8 2.3715073332078775 29 1955 28 2348 27 1424 24 726 26 792
192 3.4588816711606065 0.81730855932999491 3.3959822778081254 82 95 86 1.1010906092083472 26 1552 29 2596 28 2584 31 1571
201 2.7766343765310659 -1.0299952294308847 3.4658162996794855 223 220 205 1.4881348997842869 29 2655 28 2661 27 1911 30 2004
209 2.1575907274878929 -0.51898710464991438 2.7085504236222251 214 217 184 0.95300219365990158 29 2722 28 2714 27 2287 25 1425
235 2.0480489058565903 0.39353642662859645 2.784910202387775 58 79 36 1.2931444801461656 29 2924 28 2917 24 1288 22 1897 23 2726 21 2473
252 3.8088147215479151 -1.0242451397485877 3.9032570240909181 95 131 44 1.1392252403432839 26 2254 28 3062 25 1814 29 3048 21 2256
554 0.84040970437564233 2.2192017933459209 5.6169905239168116 67 78 120 0.044662482103245707 29 1783 33 1578
564 3.0333427828819355 -0.37470094921470787 2.7204430593856617 85 108 64 0.37001795440429541 29 2339 27 1689 30 2098
571 2.5308704824082064 -1.0776583931629349 3.4014229565793217 224 233 189 1.5124963184014155 27 1908 30 2310
613 2.3649773554334526 0.34353740784429992 2.847448667445057 156 173 103 1.4754499257553386 29 3495 27 2724 30 2842
621 2.3438338126790974 -0.53140095982345747 2.7615011640691041 171 179 130 0.9409633940160963 29 3603 27 2852 30 2963
635 3.1518291619221643 -0.36932137308745006 2.6720111350659361 78 98 45 1.5006923454958294 29 3808 27 3064 25 2039 30 3167
636 3.1831545366458838 -0.3173819962591371 2.6317971782131053 199 201 161 1.4926477250771935 28 3857 29 3813 27 3068
664 2.1938679352452262 0.21681367021574879 2.815064064708968 45 57 19 0.87287044675221803 27 2702 31 2203 33 2997 35 4002
669 2.1858195389830994 0.23125422213948296 2.755928374537489 100 119 55 0.94189728686210727 31 1279 33 1470 35 2283
687 2.4139334280722236 -0.5593500857364283 2.8351930835102364 112 127 60 1.2813274653286433 31 1406 33 2039 35 2529
700 4.0375395286632241 0.28857989597482658 4.0922863656357507 149 168 144 0.60264316666506801 31 1782 33 2237
710 3.8238356981487218 -1.0036572155295813 3.9306721820607873 155 174 119 1.7379812397803409 31 1638 33 2343 35 3363 36 2200
711 2.2823804845264695 -0.53928144747517615 2.7226349097690759 116 128 80 1.3546503826642435 31 1400 33 2349 35 3369
712 2.3861726986701117 -0.55502462963979327 2.8437104612121389 173 187 126 0.51094810825800308 31 1649 33 2355 35 3377
714 2.2695757698975823 -0.43384004103449153 2.7521254451494888 70 85 30 2.0281270489065446 31 1663 33 2372 35 3395 34 1732 36 2226 38 1917
715 3.3299500720603357 -0.47263161887421085 2.8976116260109062 206 218 170 1.3996036100984721 31 1911 33 2382 35 3706 34 2001 36 2238
719 3.1417603125934068 -0.23528674474537892 2.6214490501013752 194 206 166 0.50901823896660703 31 1942 33 2417 35 3436
726 3.5921694265420783 -0.17345852467141232 4.4099613010057261 133 161 103 1.3071302397903726 31 1993 33 2477 35 3789 34 1826 36 2326
791 3.1429262124329234 -0.31470275991557889 2.6724593108215844 58 77 32 1.2336486024862809 31 2162 33 2948 35 3955 34 1767
821 3.8972370592712906 -1.0654392341183954 4.1776205738101533 219 235 198 2.2083564866164571 31 2123 33 3097 35 4122 34 2210 36 2702 32 1459
848 2.964178103552793 -0.77924108915184453 3.0544420300568458 142 170 94 1.3136687715147068 31 2398 33 3193 35 4251
859 3.305095387156094 -0.4465994593471227 2.8665744497392445 82 101 46 1.2312831413501828 31 2300 33 3214 35 4270
860 2.485293754213973 -0.38893954498952227 2.8639878823546798 126 136 86 1.3198749794839477 31 2425 33 3217 32 1582
868 3.3385905651703398 0.30337430554069678 2.9120469923663248 130 148 122 1.8114815923210872 31 2446 33 3249 32 1625
878 3.8984133160117871 -1.0433526063675678 3.9293775455971085 185 202 148 0.64958226315759482 33 999 35 1535 34 820
908 2.7647465392040451 -1.1469924079126654 3.5362822945463588 190 171 152 0.30681581265943575 33 1590 35 2921 34 1417
912 3.1718572642213156 -0.55604236995993861 2.7531236913919139 167 149 123 1.126615444549929 33 2038 35 2981 34 1452 36 1923
952 2.8287720561863412 -1.0087770831114709 3.5093027486806223 107 110 52 1.237484499346355 31 1618 35 3661 34 1703 36 2186
1000 4.0999546193360512 0.20248547841129799 4.0422362238000922 110 134 102 0.041584720541636186 33 3020 34 2319
1004 2.5737331669874077 1.0939907616431066 3.357847613885065 97 116 97 1.9776452975882304 33 3175 35 4231 34 2352 36 2853
1036 3.8449320543345142 0.92178692500059622 3.586720049502985 105 121 82 0.87295048319704949 35 3307 34 1682 36 2158
1041 2.3375697075825057 0.15250002277247862 2.946305680834215 71 100 54 1.1570319388672441 35 3482 34 1820 36 2301
1071 2.6722781673239853 -0.98866057262895757 3.4122825559564198 208 216 175 0.13034066206112863 35 4111 34 2374 36 2687
1100 3.4907099927725964 0.55675853299119604 3.0868831549516287 141 157 127 1.9821561950047739 34 1876 36 1828 37 2249 36 2378
2453 1.3630946969180504 -0.21281769357518146 3.8909137109520562 127 147 75 0.26883096624946523 13 4401 11 3030 10 3068
2454 1.3890773733611474 -0.11629963709466352 3.7970691173359215 30 40 0 0.5004154308855665 13 4404 11 3042 10 3080
2456 1.350807396818877 -0.12759587900626967 3.8691373166433705 132 149 78 0.28058979029079817 13 4407 11 3046 10 2773
2457 1.4948966626250977 -0.036768597169774875 3.8656949611678675 62 78 40 0.65460980060349028 13 4421 11 3054 10 3088 9 4495
2458 2.0006508998421926 0.41834684857807469 2.8328033706840334 91 94 37 0.71799906015974146 13 4431 11 3061 10 2777
2459 1.4578784489828129 0.051762551983468866 3.6955205471974684 100 120 85 0.80382119520118389 13 4430 11 3064 10 3098 9 4260 3 2576
2460 1.757492315553759 0.14676590657148836 4.9263659973288414 141 143 107 0.093212643269710682 11 3093 8 4062
2461 1.7681152050567048 0.91869428890218974 3.642680303316435 90 94 63 1.0873675228955983 13 4512 11 3118 10 3172 9 4326
2462 1.9445768926429001 0.98712310419507809 3.6600441841416989 109 104 100 0.99808059749570199 13 4513 11 3119 10 2855
2463 1.6491423050026519 0.87076875627387673 3.8010255075582813 96 102 52 1.0224160506724171 13 4515 11 3121 10 3176 9 4330 8 4089 3 2617 7 2693 5 4663 4 3624 1 4599 2 4818 6 2906
2464 1.5294098887076888 0.59071909238488407 5.0373332319671009 114 126 88 1.4697089485563355 13 4511 11 3122 10 3395 9 4552
2465 1.7694967302039755 1.0069352344420177 3.705569454534607 96 70 44 1.072058321687402 13 4522 11 3128 10 2864
2466 2.4220279967653062 -1.100150674589742 3.491884662853145 223 227 177 0.71452273319657278 13 4563 11 3161 10 3211 9 4571 8 4314
2467 2.4132812471149316 -1.0985087456961098 3.488783579031788 223 227 177 0.82346473560092115 13 4564 11 3162 10 3212 9 4570 8 4313 3 2642 7 2907 5 4689 4 3412 1 4391 2 4597 6 3182
2468 2.4248737542864776 -1.0661050924368207 3.4946400155454551 103 130 22 1.3866349545778835 13 4565 11 3163 10 3213 9 4572 8 4121 3 2643 7 2908 5 4904 1 4638 2 4862 6 3184
2469 2.4317245620253884 -1.0680496349137147 3.4975031253617583 103 130 22 0.97114180445210319 13 4566 11 3164 10 3214 9 4573
2470 2.4241485401255369 -1.1231563321226725 3.7288977550298354 224 232 183 0.98692144681014771 13 4775 11 3167 10 3216
2471 2.4105670348093895 -1.0679931025651059 3.7002412732694934 185 202 110 0.82283042775595971 13 4572 11 3171 10 3218
2472 2.0017453977721371 -1.1212020013346429 3.7716431798478762 220 233 161 1.6511223051302657 11 3172 10 3219 8 4128
2473 1.9353190679465007 -1.0579221968283239 3.7252132838614687 215 224 162 1.0785739923917461 13 4575 11 3176 10 2909 9 4096 8 3472
2474 1.9262214235955004 -1.0940991356212437 3.8533789113181305 119 145 44 0.86540652454488609 13 4251 11 3178 10 2912 8 4138 3 2463 7 2473 4 3425 1 4407 6 2958
2475 2.1084587666890702 -0.59936377739099478 2.7989386315910902 219 229 165 0.57262434141360341 11 3186 10 3227 9 4370 8 4140 3 2467 7 2740 5 4704
2476 1.9405367081950666 -0.77151033369336242 3.4716641738925254 145 162 134 0.25311674291293701 13 4801 11 3199 10 3247
2477 1.6662138007298646 -0.67299363117200872 3.4601366481752103 181 195 144 0.31401757801114244 13 4623 11 3208 10 3262 9 4619
2478 2.1783442980379126 -0.37682150039003492 2.8502169317202344 122 138 73 1.7373842147260166 13 4627 11 3211 10 3261 3 2483
2481 1.5511100154687536 -0.48929659502797679 3.6055484280824373 152 176 119 0.17232066406811017 13 4648 11 3243 10 3476
2482 1.9962574741140831 -0.18740909372295722 2.9697007175911723 187 202 151 1.2396674651100528 13 4351 11 3246 10 1817
2483 2.2171526580794003 -0.30784299747918181 3.5237425505528619 59 84 29 1.409959152934291 13 4852 11 3251 10 3024
2484 1.6497233535745399 -0.50475436041035104 4.0286551451166455 56 77 15 1.1666974376467762 13 4004 11 3258
2485 1.7744936779496165 -0.2654284305320383 3.5709666842954317 140 161 104 1.2232334830694396 13 4665 11 3265 10 3492 9 4653
2486 1.4012649689523256 -0.30038488847412936 3.7899079565433462 67 87 24 1.2597242626480143 13 4674 11 3271 10 3311 11 3008 3 2540 7 2811 5 4784 4 3526 1 4499 2 4703 6 3064
2487 2.1322069044924112 0.12490420670656192 2.9004961894574666 155 172 101 0.4408842120146933 13 4678 11 3273 10 3309 9 4655 8 4385
2488 1.3733445167335756 -0.32263313890349798 3.8914277636260279 169 186 110 1.3844556657301885 13 4676 11 3275 10 3314 9 4461 8 4208 3 2743 5 4983
2489 1.3770889691661801 -0.32397689232453986 3.8930832460069049 169 186 110 0.65466584062994815 13 4677 11 3276 10 3315 9 4462
2490 1.3345267685758424 -0.22460789350383023 3.7800252354546031 165 176 102 1.0198740123616241 13 4681 11 3278 10 3325 9 4468 8 4216
2491 1.3220872573017068 -0.17289821255270812 3.8084915125647902 193 199 152 0.6741444508404445 13 4884 11 3283 10 3520 9 4679 8 4413 3 2768 7 3025 5 4997 4 3756 1 4734 2 4953 6 3270
2492 1.344708018840626 -0.12827219561642034 3.7811965395149274 64 77 22 1.6271234043016927 12 1679 11 3289 3 2567 7 2836 5 4809 4 3554 1 4529 2 4736 6 3089
2493 1.6598138112098362 -0.026553209246484761 3.7234205722826461 49 67 19 1.4267439376959548 13 4694 11 3291 10 3336 8 4420 3 2563 7 3028
2494 2.3719046771803272 0.32777962009465905 3.258678711528419 66 79 49 1.2781157681490019 13 4699 11 3297 10 3081 9 3564
2495 1.9238133592409015 0.33959182161637486 2.9056672454385266 44 58 5 1.5937289208011427 13 4700 11 3300 10 3343 9 4492 8 4421
2496 1.4493898173527406 0.061795276143686316 3.7373040976052425 44 62 10 1.5415481942709848 13 4706 11 3309 10 3349
2497 1.6509909134540846 0.22828671191223818 3.3121104561251489 5 8 1 0.92882177099640317 13 4436 11 3310 10 3100
2498 1.1730861625447591 0.26541440737743438 3.446091136078373 8 18 0 0.76644321557733175 13 4928 11 3329 10 3557 3 2803
2499 1.4063626849040423 0.45212695840150818 3.1160125307313273 45 67 10 0.43677695522173482 13 4934 11 3332 10 3129 9 3623
2500 1.2181969696046513 0.20363417992717078 4.1579550188537642 41 55 4 1.459503338916432 13 4726 11 3336 10 3372 9 4305 8 4067 7 2409 5 4357 4 3083 6 2321
144 2.3016954428812189 0.63585824132029989 3.1464600445734474 87 103 77 0.66160065404765489 29 1699 28 1628 27 1261
2501 2.0546578778250737 0.7234856490389685 3.3015695316218512 109 120 77 0.5883301684661757 12 1574 11 3339 10 3141 9 4301
145 3.5839631279528681 0.82586127112629548 3.4407380702662715 164 169 165 1.4301332431151816 26 943 28 1653 30 1651
2502 1.6516660539004115 0.77131786596361185 3.7706621138242231 22 30 6 1.3906037110396676 13 4948 11 3349 10 3387 9 4543 5 4654
146 2.8632176532799245 -0.75172512922844692 3.0510577947460997 143 181 77 2.1015150179450552 26 1652 29 1840 28 1758 24 1034
2503 2.2394800331148876 1.0629281012758449 3.3962798502209606 105 118 92 1.5986522329631421 13 4949 14 4220 11 3350 10 3385 8 4285 7 2880 5 4874 3 2820 4 3615 6 3147
148 2.8995034687392849 -0.45261965343575444 3.2550913034311835 150 163 153 0.99932986382976596 29 1477 28 1864 23 944
2505 2.375880098815836 1.1262670223890687 3.3399857659701402 170 178 155 0.53052458007976111 15 1648 11 3355 10 3160 9 4315
149 3.1868576110190023 -0.16008156094081963 2.7308041357435977 138 152 113 1.0559685304793713 29 2008 28 1928 27 1744
2506 1.6670442441017925 0.8443268312504032 3.6612451535901571 147 153 109 0.60032883368509693 13 4743 11 3356 10 3167 9 4548 8 4084
150 2.863066595213366 -0.072712377636350134 2.7707784255774857 112 140 83 2.1004853854014995 29 2026 28 1949 27 1758
2507 1.7028785869137333 0.8668615843512254 3.6172079707695151 115 125 69 0.40453767453317008 13 4744 11 3357 10 3389 9 4546
151 2.2547538022611646 0.24516038235572926 2.797919010877965 52 69 16 0.57991345516989934 29 2502 28 1999 27 1785
2508 1.6466309782902886 0.84624507816116978 3.7719742741858027 58 75 23 1.4731081895632705 11 3359 9 4327 8 4294 3 2615 7 2884 5 4879 4 3623 1 4598 2 4817 6 3155
152 3.2263662250961946 0.33027153125616904 2.9328219519760128 65 88 59 0.69465264592895171 29 2103 28 2020 27 1506
2509 1.6962658546893703 0.91688220781693164 3.6535230187443979 172 179 137 0.76140205128991434 13 4516 11 3362 9 4328
153 2.2430143398365665 0.31848578911502223 2.7230378456829585 166 165 111 1.2422423571476007 29 2099 28 2021 22 1002 23 1551
2510 1.5558499069703298 0.72680305873760409 5.0591437267772355 131 135 98 0.64858365588719591 13 4760 11 3365 10 3398
154 2.1856412283361522 0.39168212665362989 2.7942117719643642 79 101 55 1.083911740610308 26 1242 28 2054 24 645
2511 1.3308332902388791 1.0021216970391051 4.5352653469720829 95 105 70 0.8701004376204079 13 4764 11 3369 10 3408
155 2.3248000941992473 0.40958856874901811 2.8058871774288319 98 116 68 1.0070785039972316 29 2128 28 2058 23 1157
2512 2.3942261523316666 -1.1670477620506439 3.4077194415453658 0 0 0 0.26564643214561695 13 4559 10 3416
156 2.5194680826380726 0.50051389466022556 3.1138394084794885 134 156 120 1.0013121104844742 26 1858 29 2141 28 2087 27 1834 23 2013 22 1024 30 1919
2513 2.4769158776073801 -1.1454202478923083 3.520258217541179 139 164 60 0.64466511550606087 13 4562 11 3382 10 3417
157 2.5518854127035353 0.57543524105062938 3.0707025531863352 27 42 11 1.5344611950883646 26 1262 28 2097 25 1053
2514 2.490023361575469 -0.95231148631762708 3.3817319366715775 215 217 170 0.70908283368786817 13 4778 11 3385 10 3420 9 4578 8 4317 3 2644 7 2727
2515 2.0105692952260732 -1.0509796856323486 3.7337138848834459 108 136 34 0.82856048157295203 13 4784 11 3391 10 3423 9 4586
159 3.2280648421054523 0.66046185118588996 3.0050472713584582 69 88 68 1.3727197095875345 26 930 28 2102 27 219
2516 2.0703315732187986 -0.86636109728737598 3.3219808559004154 144 170 69 0.6615512623368619 13 4789 11 3394 9 4589
2517 1.879017473432165 -1.0240282109908203 3.7806858359160049 162 183 91 0.51646545985884285 13 4790 11 3396 10 3431 9 4592
161 3.2369091970861996 0.71877026109348674 2.9052489936353147 124 145 114 1.0399592933701538 29 2168 28 2114 27 1266
2518 1.877530119034823 -1.0229227005861972 3.7808545999000116 162 183 91 1.2228430302150874 13 4791 11 3397 10 3432 9 4593 8 4331 3 2657 7 2923 5 5069 4 3666 1 4846 2 4877 2 5046 6 3197
162 2.9168766889115996 0.73874701177513979 2.9630629169422229 107 126 95 0.8305576662097186 29 2171 28 2119 23 2040
2519 2.0122241647696812 -0.53916328446632711 2.7571262844843254 219 230 170 1.0022487330563621 13 4799 11 3407 10 3437
163 3.0709181581810809 0.74886122213854112 2.8671235205008818 89 110 79 2.3629909584308488 26 1877 28 2126 27 1847 29 2589 24 1136 22 1584 23 2395
2520 2.0164776693637028 -0.54950585509906469 2.8240853223304763 180 198 113 1.0728066563972611 13 4800 11 3408 10 3438 9 4601 8 4334 3 2663 7 2925 4 3668 1 4650 2 5047 1 4845 6 3369
2521 2.2532368695020715 -0.86887784851236438 3.8546906759345516 116 146 49 0.838660231261529 13 4602 11 3411 10 3441
165 2.8528852720502034 0.91757268699677819 3.6218078203885371 23 31 15 0.53746333070344132 29 2613 28 2156
2522 2.0135540303235433 -0.71684149076180848 3.4220085345356042 95 124 58 1.2292355812442257 13 4804 11 3413 10 3442 8 4339 3 2668 7 2507 5 4720 4 3172 2 4311 1 4430
166 2.2196923100746475 1.1479251199273717 3.2343238787208133 63 75 56 1.4492276990654431 26 1926 28 2186 24 1012
2523 2.8851114273116285 -0.25426453945455113 2.6962543833501003 215 223 175 0.97517500108819044 12 1638 13 4816 11 3419 10 3451 9 4612 8 4342
167 2.5616920703516954 1.1617522962525129 3.2058007674634497 97 114 95 0.59295582387345469 26 1922 28 2188 24 1156
2524 2.0968427941875434 -0.34512894472407191 2.8051864805381013 87 97 44 2.3404983300009063 13 4820 11 3421 10 3623 9 4785
168 2.4725945964148566 -1.1189883789197175 3.3997128643794627 176 176 141 2.2927161868620742 26 1932 28 2203 25 1115
2525 2.9358610446133255 -0.1893463675480592 2.6676189979137686 189 196 138 1.9005939497060413 12 1761 13 5008 11 3422 10 3452 9 4618 8 4160 3 2482 7 2761
169 2.7470873508006379 -1.0143880167840746 3.4459048505203866 159 166 119 0.45613879095200938 29 2240 28 2210 27 1626
2526 2.2385188738670481 -0.41464880586338043 3.300971111070222 42 60 22 2.1556276690113383 13 4834 11 3429 10 3268
170 2.7477459113313887 -1.0173743079805793 3.452360924761217 159 166 119 0.93213777263477482 29 2241 28 2211 27 1627 30 2006
2527 2.0748295003002695 -0.37675834338733033 3.137629702817168 211 222 131 0.75856456070042833 13 4833 11 3431 10 3269 9 4409 8 3916
171 2.566598239268183 -0.90226586073610826 3.3651135706562694 70 101 42 0.40866189021487481 29 2255 28 2222 30 2029
2528 2.3167147583949514 -0.21838405958492482 2.9547936198761744 150 157 103 0.756405562279163 13 4843 11 3434 10 3272 9 4415 8 4179
172 2.7063867667918133 -0.84918859704428418 3.4233320200184738 118 111 72 0.60123014319421075 26 1376 28 2236
2529 1.8046870723175572 -0.59637713325100539 3.8985376683332955 138 167 77 1.0252358923429268 13 4844 11 3436 10 3468
173 3.2231086962267148 -0.40507959903646906 2.6678572843840866 223 218 198 1.1032438533118567 29 2321 28 2302 30 2085
2530 1.8896871295678088 -0.43560151799406704 3.4829967289330184 84 115 48 0.76845584087507102 13 4845 11 3438
174 2.269107482142358 -0.43075633130692398 2.7225852233875925 104 119 52 0.86452908872287337 29 2322 28 2303 27 1680 30 1766
2531 2.2152117281789176 -0.27639418357625412 3.450803965308006 151 169 121 0.30676014640290539 13 4654 11 3444 10 3481 9 4802 8 4537
176 2.0892966492926757 -0.39380718242138979 3.1389954438613441 91 124 43 1.1926283762029695 29 2378 28 2352 25 1160 22 936
2533 1.616205274234717 -0.37479799875651043 3.539043653699057 173 196 144 0.70180760959105426 13 4856 11 3451 10 3645
177 2.8340722800225171 -0.40153465487458806 3.2186007587351879 118 133 112 0.83930792586701841 26 1738 29 1962 28 2353
2534 2.2044316845135858 -0.15964556258531207 3.3983171532451029 81 104 59 1.3294999880198841 13 4664 11 3454 10 3489
178 3.2493826445188163 -0.19316361014147354 2.665969596288122 87 93 45 0.38093269397146806 29 2418 28 2387 30 1822
2535 1.8493660989386542 -0.12107739986014956 3.4683988028168393 16 28 6 2.1436956648097709 13 4675 11 3461 10 3494
179 2.4877813181345241 -0.24418009337406754 2.8406253061579543 148 168 137 1.2164625549895005 29 2416 28 2390 24 1072 22 2088 23 2964 21 2036
2536 1.4090791087714607 -0.24726162546389338 3.7586222073887399 182 186 128 1.52363604920817 13 4872 17 2886 11 3465
180 1.4445295388085548 -0.14789203245503452 3.76593019139395 100 126 65 1.2269377594439521 29 2464 28 2441 27 1761 30 1850
2537 2.0853895568157008 0.25236626116136507 2.7952366536709614 196 208 144 0.54387814083300079 13 4879 11 3472 10 3507 9 4666
181 1.4445295388085548 -0.14789203245503452 3.76593019139395 100 126 65 1.2269377594439521 29 2465 28 2442 27 1762 30 1851
2538 2.084262834033507 0.2520469781520478 2.7945740121194214 196 208 144 0.76376553784960066 13 4880 11 3473 10 3506 9 4665 8 4397 3 2737 7 2993
182 2.1787855634814441 0.22417334078823367 2.7266883912211606 167 189 125 1.393784375435873 29 2878 28 2471
2539 1.4170640673043349 -0.15128704372364865 3.926132098633059 142 162 90 0.82187806684884879 13 4889 11 3480 9 4681 8 4423
183 3.2910332632875354 0.35384698732383141 2.8465436586575996 199 215 189 1.0994940061587108 29 2526 28 2509 31 1772 33 2515 30 2205 27 2093
2540 1.3689528535688598 0.0053574673947117176 3.4252355211664982 130 156 83 0.58692130451440894 13 4894 11 3487 10 3530
184 2.9050112458676858 0.33212268890972579 3.0286840835298006 129 154 113 0.38956669582272008 29 2110 28 2512
2541 1.3994808914573436 -0.068396023189169874 3.8279934400855744 15 26 9 0.8080096649137094 13 4901 10 3344
185 2.9314713974787288 0.32074630495188522 3.1652141899616355 129 154 113 2.2982965558662793 28 2513 25 1513 21 936
2542 1.2842502323202363 0.44044963410359672 3.0882260100346324 143 156 102 1.4616646541644205 13 4936 11 3530 10 3134
186 2.4045704206917162 0.3339281286578259 2.8776260250585746 178 190 141 0.47081927154731806 29 2908 28 2516 27 2439
2543 1.3453465446914921 0.33528231418454391 3.7214115440876681 114 136 74 1.1712515493372719 13 5080 11 3532 10 3697 9 4964 8 4749
187 2.3656308936839423 0.36112569429518798 2.8167134813534003 169 186 119 0.77116779980269534 29 2530 28 2522 27 1810
2544 1.4056400466694927 0.33416083709471384 4.1686403500237219 76 89 46 1.2832049600838811 13 4940 11 3533 10 3375
188 2.7752753377449388 0.35457441294515329 3.1119303660615012 57 76 48 2.043166054763506 29 2915 22 1874 20 2375 19 2273 23 2697
2545 1.8523781079218802 0.55555637869671426 3.9797450832061521 86 95 50 2.645015630099552 13 4942 11 3538 10 3377
189 2.221378650038067 0.42283194739546398 2.7491037505243425 145 153 98 0.95447191227677253 29 2549 28 2536 30 1609 27 1521
2546 1.343000974758044 0.57179670926237691 4.0072489206641979 21 29 6 2.1085229262458882 11 3546 10 3570 9 4730 8 4591 7 3299
190 2.3126800403368515 0.57263051991686165 3.1550939123126112 16 30 4 1.3133686464390153 26 1267 28 2560 27 2131 30 2242
2547 1.7456781945498105 0.9247254822000579 3.759346820298374 37 39 8 0.82009330387475221 13 4953 11 3553 10 3577 9 4551
191 3.3219852428403103 0.6854795582035399 3.0045196030303103 192 206 183 0.94357438821358697 29 2583 28 2572 27 1539 31 1802 33 2560 34 1634 36 1835 37 1699 30 2258
2548 1.4433215701354096 0.86623689926404523 4.3035060441481772 58 41 21 1.5835932257468202 13 4956 11 3556 10 3579
193 3.7992848712266825 0.93503983248007849 3.4989007509056549 141 151 124 1.7575943601679533 29 2617 28 2606 27 1885
2550 1.948275595410849 -0.99866442962757063 3.7742199573476691 85 114 21 1.2025458170527747 13 4976 11 3578 10 3603
194 2.0991721055449966 0.94107225177914355 3.6162659922172358 47 56 55 0.36259024729154471 26 1593 29 2621 28 2619
2551 1.9475663037450015 -0.92781733498561381 3.8158958113105754 76 99 19 0.93671289333442465 9 4895 8 4512 3 2865 7 3240 5 5155 4 3960
195 1.9662640642763483 0.92975773773097148 3.4209156587911891 119 136 102 1.4434220123459198 29 2623 28 2620 27 1880
2552 2.0604801612388708 -0.91603475231374354 3.9911439952848182 187 204 149 1.943350550350702 13 4982 11 3592 10 3618 9 4774 8 4631
196 2.1122425886452909 0.95610306030925485 3.5915407714019523 34 45 41 1.4192186912567295 26 2205 29 2626 28 2621 22 1952 23 3147
2553 1.912235179281319 -0.79318510718071378 3.7281610642858261 81 111 25 1.7090307333434056 12 1889 13 4989 11 3598
197 2.5730924708160194 -1.1100331200062183 3.4240757025066877 219 225 188 1.1354490391292726 29 2233 28 2655 27 1906
2554 2.1558212490754123 -0.37435461997275871 2.7502079968965911 155 179 93 1.353366340264277 13 4996 11 3601 10 3621 9 4613 8 4343 3 2674 7 2934 5 4926
198 2.5523476259009019 -1.0888618721632362 3.3947332586136887 168 176 129 1.9433224429686782 29 3026 28 2657 27 2210 25 1240 26 1614 30 2308
2555 1.9779236381392551 -0.81750243520860333 4.0893831923850508 52 73 16 0.69487958016976814 13 5125 11 3605 10 3624
199 2.4902041060008 -1.030376608900049 3.3439703842625521 156 159 112 1.0899550209329134 26 1936 29 3028 28 2658 27 2215 30 2316
2556 1.7618149726176424 -0.66420947868121938 3.5584436661050702 72 100 15 1.3812178903165349 13 4999 11 3606 10 3750
200 2.6291721293784494 -1.0554505921632515 3.4296806289367616 175 182 127 1.4135286492763608 29 2653 28 2659 27 2555 30 2655
2557 1.678884697992703 -0.62748303094246727 3.4752610481283805 155 176 111 1.1226162452426809 13 5001 11 3608 10 3625
202 2.1152821724655433 -1.1204361101444018 3.7752204641033122 177 198 134 1.2989406449755339 29 2244 28 2665 27 1369
2559 1.6659594068770331 -0.2667273012841791 4.2400916121744157 45 67 12 1.3443111777260057 13 5042 10 3664
203 2.1344036492187892 -1.1127919519654286 3.7737414595042549 218 231 189 0.79577695488981437 29 2659 28 2667 27 1912
2560 2.0562915447752594 0.31695855007460272 2.7873838638035355 62 78 19 1.4561548238123794 13 5052 11 3659 10 3519 9 4474 8 4215
204 2.1812873551438461 -1.0901159410241963 3.7917196526251589 115 140 59 1.2782218984417273 29 2661 28 2669 30 2020
2561 2.098510919079386 0.3174304373257803 2.8015112444368042 62 78 19 1.7863191814394366 13 5053 14 4479 11 3660
205 2.1593973418043806 -1.0662644495170104 3.749364842865281 171 192 123 0.80930187781677387 29 2665 28 2673 25 1402
2562 1.4297669242503532 0.1162367760974375 3.8203938816288039 107 125 79 1.3953650741815606 13 5072 11 3676 10 3803
206 2.5736807943298721 -0.88811881477546495 3.3983058875977661 69 99 37 1.8701333879635493 29 3045 28 2676 27 2242 30 2671
2563 1.1802839842833555 0.28995559027003115 3.5030346157029273 111 130 66 2.0885343221923045 12 1847 13 5184 11 3689 10 3811 9 4960
207 3.6970018115016825 -0.99488502136187762 3.9033978840275338 142 174 99 0.18830043477915528 26 1645 28 2682 24 1172
2564 1.2709837595763058 0.30013416996103187 3.6304335059413004 27 30 11 1.94326822912088 13 5078 11 3691 10 3812
208 2.2675032079047344 -0.61215874073836551 2.7541321841993285 221 227 191 0.87103036623136687 29 2690 28 2689 27 2265
2565 1.6766910268670194 0.41219939887027335 5.2443574194248619 0 0 0 1.3013498765444982 13 5196 11 3702
210 2.304346674408245 -0.52028493914764595 2.7208573062796009 103 118 53 0.36350161740752657 29 2723 28 2715 30 1736
2567 1.455429219158058 0.67764511378300185 4.033444631043583 0 0 0 0.66859646950502838 13 5092 15 2118
211 2.970891168556768 -0.63975271065409489 3.2524556615586371 77 107 56 1.3556926394483324 29 2728 28 2724 20 2552 19 1830 23 2517
2568 1.4673731469434106 0.67001528692311485 4.0543169083493309 103 111 72 0.83367184762177327 11 3708 9 4974 8 4697 3 3049 7 3302 5 5221 4 4071 6 3612
212 2.9558752346818684 -0.61325573965141678 3.2459926055577042 108 131 85 1.2108913437879385 26 1995 28 2729 20 2201 23 2528 21 1982
2569 1.6139219982829323 0.86226431560430139 3.7330743782408677 123 131 71 1.14518573464614 13 5098 11 3713 10 3717 9 4735
213 2.2625557517457668 -0.37622022840874009 2.6902483409841453 181 191 141 1.2269089501161046 29 2758 28 2748 27 1968 31 1670 35 3028 33 2076 32 1033 30 2096
2570 1.8974320852937778 -0.86748372290620002 3.4392141447662032 130 151 111 1.5448595130390059 13 5112 11 3734 10 3839
214 2.3114401431284342 -0.38621600394150718 2.7378873491875533 144 146 100 1.0372647489619102 29 2760 28 2749 27 1969 30 2394
2571 1.8653154123711091 -0.81377771506904206 3.4642015714840269 125 143 101 0.80238085679469417 13 5224 11 3737 10 3737 3 2985
215 3.2062788879264805 -0.35016859329960659 2.6718096150195945 125 136 66 0.74092574085548213 29 2762 28 2751 27 2313 30 2403
2572 2.2079653530697834 -0.42486454569619952 2.7478383410627174 91 113 30 1.4505972732324164 11 3739 10 3740 9 4898 8 4629
216 2.4964129014167646 -0.37699198251728688 2.8284767352000038 55 82 15 0.3549356133777577 29 2768 28 2765
2573 2.1747992693393234 -0.33608175262554318 2.7249427664258619 90 102 38 0.77593256869651184 13 5123 11 3744 10 3748
217 2.3955130167904977 -0.34481651753675313 2.7512979170811573 102 111 61 1.4196402207417953 26 2320 28 2771 25 1649 24 1208
2574 2.1747992693393234 -0.33608175262554318 2.7249427664258619 90 102 38 0.77593256869651184 13 5124 11 3745 10 3749
218 2.4143332380708133 -0.33040102324918375 2.7851804662400421 153 161 114 0.73064141417150152 29 2781 28 2774 27 1981
2575 2.4557049545543341 -0.30521932374148913 2.7517016535554162 212 220 170 1.9570492380536075 13 5231 11 3746 10 3622
219 2.9302933867201171 -0.28217775741079465 2.6621244248316231 128 123 94 1.474757252973961 29 2783 27 1989 24 1061 28 2777 26 2049 22 1170
2576 2.2669934995356744 -0.31752795061151484 2.9725823730983225 79 90 34 1.0700475505993789 13 5126 11 3751 10 3753 9 4907
220 2.8415825433558632 -0.35681914287601929 3.2502623619329212 108 128 92 1.3301203056979953 26 2057 29 2803 28 2788 27 1728 27 2353 24 1393
2577 1.4765760382968742 -0.32018574938990024 3.761310802417968 160 160 98 0.60063543250745288 13 5142 11 3769 10 3774 9 4931
221 2.2890393569311862 -0.22449632662524041 3.09738787859111 94 112 72 2.0451086408765122 26 2368 28 2816 24 1414
2578 1.9204300888462773 -0.0080006847144342037 3.1147744941255833 40 64 12 1.6797183924020582 11 3773 10 3775
222 1.4930370485780278 -0.26069309859832718 3.6835103125506219 93 88 56 0.57518152559872304 29 2832 28 2831 25 1685 26 2102 22 2117 23 3003 21 2417
2579 1.2569219272150429 -0.61997654986930617 5.1186005017808336 103 121 76 2.0721367612669814 13 5150 11 3778 10 3857 8 4735 3 3085 7 3346 5 5265 1 5003
223 2.9176856780390108 0.0057097150581889447 2.8693050558722284 59 82 37 1.1085661323916673 29 2463 28 2842 23 2283
2580 1.3642390011766461 -0.24680826708756723 3.9124461401944206 86 110 34 0.016941781535108658 13 5153 11 3780
224 2.5772373887278146 0.033581043371428913 2.7463020371162861 75 101 57 1.9001350102321579 29 3178 28 2845 25 1488
2581 1.0487010083020869 -0.60118235516610097 5.4091692735131911 138 163 69 0.40908702878088232 13 5159 11 3790
225 1.3726116716277685 -0.14141129433829383 3.7630604248946979 174 184 133 1.0987399204505881 26 2117 28 2848 22 1836 24 1441 20 2694 23 3017 21 2431
2582 1.7556696659913993 0.25625941918480766 3.232964050196836 74 90 51 0.67497085611274787 13 5261 11 3795 10 3797
226 1.3725194551846334 -0.14096261606659255 3.7596626756717737 174 184 133 1.1294984028331687 26 2118 28 2849 24 1442 22 1837 20 2695 19 2244 23 3018 21 2432
2583 1.7389021763251462 0.2535013800691106 3.2245790407926522 74 90 51 1.0647889726408746 13 5262 11 3796 10 3798 9 4842
227 2.153521822071454 0.25379706798091078 2.7625707921461169 201 208 173 0.72883146289299316 29 2886 28 2879 22 1866
2584 1.6714504463775972 0.326051440681555 3.2788655248964425 71 89 48 1.4220443010153871 13 5265 11 3803
228 2.0887708848556539 0.27091730118471413 2.7677402632367154 113 125 61 1.042911990602128 26 2144 29 2890 28 2882 24 1110
2585 1.8514982806204301 0.53740516929921356 3.1140237378022135 148 163 80 2.1041769418332463 13 5182 11 3806 10 3691 9 4857
229 2.0926636993731758 0.31987423104242946 2.8269228916820328 105 131 82 0.53357413444312685 26 2152 29 2521 28 2890 24 1278 22 1883
2586 1.6204543682200907 0.51514506783475189 4.0692166903424773 19 27 3 1.9313521113706611 13 5193 11 3812 10 3816 9 4966 8 4754
230 2.8222688369113573 0.32049403654613623 3.1108252658675566 28 47 15 1.6094449757893443 26 2146 28 2891 24 1270 22 2156 23 3053 21 2453
2587 1.2753674248738016 0.40217100001107009 4.0647243555677699 15 28 1 1.7437475895804475 13 5192 11 3814 10 3817 9 4967
231 1.9627398973375989 0.32440810956848887 2.8495283743410682 93 114 56 1.5861160498641862 26 2154 28 2892 24 1281
2588 1.7325106422033185 1.4703508085205645 4.6848562417095403 0 0 0 0.62379015866837839 12 2003 14 4422
232 2.2784340036341963 0.39129440931694864 2.8145892160318087 79 101 55 1.2985225014781223 26 1843 28 2912 22 1554
2589 1.8355153431536038 -1.0013724996025526 3.577345117305244 225 227 178 0.56270861488506441 13 5110 11 3835
233 3.6086489861105759 0.40789476397184388 3.2874108698268749 163 181 139 1.3619672989606493 29 2934 28 2914 27 2456
2590 2.1240821078377587 -0.50823637873222582 2.8829410949193983 91 107 47 1.4738998218036059 11 3840 10 3844 9 4994
234 2.0480489058565903 0.39353642662859645 2.784910202387775 58 79 36 1.2931444801461656 29 2923 28 2916 24 1287 22 1896 23 2725 21 2472
2591 2.2210127189245221 -0.23614378230801317 3.4015315831807844 28 37 10 0.79432155544362748 11 3857 10 3852 9 5009
236 2.2567008489469806 0.40629963602584179 2.746361217271442 35 53 11 1.3528323245237162 26 2451 29 2930 28 2921 25 1725 24 1284 22 1894 21 2468
2593 1.5748607637956478 0.57276727566884844 3.74243750114046 101 108 64 2.7491309591539812 13 5274 11 3879 9 5042 8 4753
237 2.4506495029640876 0.50955391050055843 3.2344767991797081 8 21 1 0.70828851483303712 29 2950 28 2939 27 1835 22 1569 23 2752
2594 1.7345230425734963 0.94818038010054306 3.6599224783390869 139 148 95 0.56042528911366563 13 5282 11 3891 10 3896 9 4976 8 4699
2595 1.9886574545819733 -0.51018905024656702 3.2227890849800134 122 124 109 0.29063546324219547 13 4629 11 3214 10 2979 9 4140
239 2.8892048263098018 0.64150608170442081 2.8454911812507224 124 151 109 1.3244317557097811 26 2177 29 2970 28 2960 22 1916 23 2764
2596 2.2070873525223802 0.42231251217614457 2.7284771840572382 173 179 144 0.15766274026310848 13 1471 11 279 10 263
240 2.227303053632625 0.67007385702189548 3.1935248756469274 60 77 46 1.1350717702434323 29 2971 28 2964 24 1303 22 1938 21 1878
2597 2.2243409397005913 0.40825348712917553 2.728810499591007 68 83 14 0.74968836328673305 13 3065 11 1481 10 1939
241 3.6426399532558862 0.8525466831197781 3.4944678812057344 170 180 172 1.011255439425899 29 3282 28 2978 27 2163 30 2610
2598 2.1334680035058939 0.34771410048702495 2.7589426707901352 101 120 15 0.74232378251964182 13 3628 11 2399 10 2375 9 3552
242 1.7091478956138462 0.8403793090169619 3.6379275923138872 56 73 37 2.0312150319853122 26 2488 29 2603 28 2984 24 1722 22 2718
2599 2.2216015558625077 0.42017001660706732 2.7270357824244784 221 231 193 0.42935554957060584 13 4080 11 2764 10 2769
243 2.0411892076260303 0.87739880158253891 3.6212392564804547 81 97 87 1.5722929043051921 26 2198 28 2991 24 1311 22 1610
2600 2.2170544686013876 0.41898648344253347 2.7252354049349075 221 231 193 0.63434333114908625 13 4081 11 2765 10 2770 9 3061
244 1.7641131683655549 0.90796836758800015 3.5933367227428001 133 152 106 1.0179934432753615 29 2999 28 2996 25 1761 26 2494
2601 2.3143555420435638 0.58468582683361392 3.1895591794619329 90 107 62 0.16322598812772346 13 4126 11 2806 10 2802
245 2.7670889625907433 1.0779228027153285 3.3756020205614408 162 175 152 0.9723739951241841 29 3310 28 3010 27 2524
2602 1.9754753476991855 0.95721617601631248 3.2081984355109334 154 163 146 1.855812721527025 13 4493 11 3111
246 3.4270390092744836 1.3408900127728998 4.4337526977715624 93 82 86 1.0887554095842409 29 3017 28 3017 25 1577
2603 2.0804734024405827 1.017966449027403 3.6675976628794515 64 52 38 0.86809907961698018 13 4748 11 3115 10 3171
247 2.6625576255839229 -1.0756711250373832 3.4149878148403183 219 228 181 0.36149291900804958 29 3327 28 3037 27 2554
2604 2.0842255393839557 1.4124639208061496 4.0564803983412405 113 87 70 0.64087186481281255 13 4536 11 3137 10 2875
248 2.5664791776425036 -1.0119840509483256 3.3657819806498734 89 124 35 1.0236865218136839 29 3031 28 3041 27 2218 30 2320
2605 2.3379198245171993 0.40426646873616523 2.7750551752346784 90 115 29 1.7282411804340245 13 4696 11 3290 10 3073
249 2.6053587769753177 -0.97200598903321067 3.3241263974503394 126 120 85 1.2296226037987923 26 2244 29 3033 28 3048 27 2227 33 2322 35 3340 34 1425 36 1888 31 1857 25 1600 22 1992 30 2327
2606 2.1612562882174986 0.37655381786901754 2.7501183236937012 218 227 182 0.30666135589644039 13 4897 11 3484 10 3333
250 2.2507600628293569 -1.1359568804746432 3.8422799590473602 0 0 0 1.1145513401632758 29 3036 25 1805
2607 2.2005787561180221 0.79549291741956618 3.3148074549097002 117 132 101 1.0857611489304466 13 5082 11 3534 10 3374
251 2.6303895693475967 -0.94641593632685361 3.3411711009732779 208 220 161 1.8956026250637383 29 3333 28 3052 27 2559 22 1994
2608 2.027233818949977 0.49448323519876791 3.1985449586003978 116 143 67 2.8521123919512443 13 4922 11 3681 10 3549
253 2.403474283093916 -0.58703182115302355 2.8411954696226061 221 228 194 0.94268780841690081 29 3069 28 3084 27 2278 30 2683
2610 2.2485331596430611 0.58334211011852977 3.1016132797340634 153 167 107 0.59014107943522298 13 2464 11 1543 10 1520
2611 2.2582248300764882 1.1550703943796876 3.2904988205404844 197 202 170 1.2309991276752807 13 3249 11 1610 10 2069 8 3787
255 2.0653829803553143 -0.52115644322915633 2.746539231845905 116 132 62 1.1204548305874429 29 3077 28 3098 27 2293 30 2070
2612 2.5320956992382206 0.028536464015257973 2.7348353065181685 127 146 68 0.66026345222540062 13 3539 11 1850 10 1824
256 3.046700247864718 -0.5001393595900433 2.7227612577469418 106 129 57 1.2458816843599827 29 3078 28 3100 27 2294 30 2371
2613 2.9708427256778194 -0.37124263041685507 2.6534648922557365 217 224 170 0.3196321369684611 13 3410 11 2205 10 2173
257 2.3151753817281895 -0.48052321137941745 2.7222020507025397 155 162 108 1.3137377307431801 26 2291 29 3081 28 3106 27 2297 25 1633 24 1368 22 2031 23 2899 21 2305
2614 1.7530181238905662 -0.57690682670485627 3.904298646696001 158 185 104 0.47347689366732093 13 3503 11 2294
2616 3.0100134981406921 -0.36270668804319334 2.647977598292917 141 155 68 1.5110786950283692 13 4292 11 2613 10 2589
2618 2.1800201329460789 1.5208890469075906 3.994098101599723 120 89 71 0.77955787936157372 13 4207 11 2861 10 2503
2619 2.3658029396979376 1.0360465850704661 3.4473261465800622 92 104 80 1.3919709943810432 13 4734 11 3110 10 3153 9 4537 8 4075
2620 2.9217096949788903 -0.47615972539650581 2.7615631660112538 173 188 103 0.83216933109615676 13 4596 11 3193 10 3233
2621 1.9985517623773372 1.7869227915845314 4.4000646239753012 124 98 82 1.0528828304474709 13 4771 11 3375 10 3589 9 4747 8 4492 3 2837
2623 2.8825464791142448 -0.32728307100383514 2.703142172999061 189 189 125 0.63940760812051733 13 4809 11 3414 10 3443 9 4608
2624 2.8719614809930381 -0.18775683297899479 2.6984719480241339 144 157 87 0.75208153089548668 13 4824 11 3425 10 3453 9 4620 8 4348
2625 2.2265347706118286 0.42018339910748226 2.7427192744732563 196 197 165 1.2312106060533199 13 4903 11 3489 10 3528 9 4678
2627 2.9994411215442449 -0.42916392742600112 2.7360061195369334 84 104 33 0.74071838098392828 13 5225 11 3837 10 3733 9 4891
2628 3.1670510360864488 -1.0576397679006364 4.4348015618721641 68 90 27 0.094513697029387195 11 559 9 121
2629 2.161144863826491 0.44329829776015695 2.7754313538923294 146 156 99 0.45397822958729117 11 911 10 276 9 1574
2630 1.3778268540853575 -0.13126510146858195 3.7415238271736295 78 84 45 1.8293313639431994 11 879 10 847 7 912 5 1724 5 1729 4 1126 2 1308
2631 2.4147924534243952 1.0824227780721649 3.3658836425454832 169 173 158 0.15673390673256854 11 1029 10 998 13 674
2632 1.8374852915478037 -0.96076054438163838 3.7587561458497305 149 167 87 0.61555097528398472 13 1884 10 1161 9 1965 8 2462
2633 2.1688049448603834 -0.30501650419260373 3.2903496065479745 88 99 59 1.5028615192437076 13 2158 10 1283 9 2197
2634 1.9110288509652418 -0.66534331854402118 4.3484312113571288 150 177 83 0.3671893749938373 13 2167 10 1291 9 1325
2635 1.4851310570829475 -0.26746222899618721 3.6823651759603946 174 170 115 0.4212565533482156 13 2252 10 1355 8 2003
2636 2.0745031399002309 0.18055671861388528 2.8443177314913739 152 170 85 0.54508952521400844 13 2292 10 1368 9 2326 8 2688 7 1362
2637 2.0585423436363861 0.21783108101459844 2.8184240105043838 178 193 117 0.37342557163848428 13 3028 10 1381 9 2341
2638 2.909098056951247 0.74336348745449521 2.9829819710324861 56 73 19 0.88401951545374724 11 952 13 2449 10 1494 8 2790
2639 2.8630386659450462 0.76386531689571924 2.913903756833887 91 111 42 0.28648914056303809 11 1997 10 1498 13 3679
2641 2.5913693090397616 1.0820390815534104 3.3566631754796585 199 206 183 0.75684990138108799 11 1589 13 2538 10 1582
2642 2.4561189098996916 1.0386303142268187 3.4242493382950352 138 146 133 1.240587315522133 13 3216 10 1585 8 2265 9 3195
2643 1.925733998398022 -1.1182436153956639 3.8473467966217911 214 231 163 1.2192405351988385 13 2671 10 1670 9 1893 8 3016 3 1776 7 2231 5 3616 4 2435 2 3283 1 2373 6 2069
2644 1.8971445957725002 -0.9730830363210714 3.6970275104738377 170 186 113 1.6932377656401774 13 2703 10 1694 9 3333 4 2455 6 2086
2645 1.937415513981541 -0.95002630259909726 3.674325584663217 150 169 87 1.9682986091557091 13 2707 10 1698 9 2761
2646 2.0421013093557336 -0.525539399028492 2.7567219194806061 142 160 78 0.90431241362520964 13 2733 10 1719 9 2789 8 2461 3 1128
2647 1.3557122255025422 -0.29187313735354592 3.9052599736950908 103 122 46 0.49007536987662825 11 1424 10 1890 9 3029 7 2077
2648 1.4028511588885317 -0.1703260083810467 3.7376783349847056 64 78 1 1.6012123914246947 11 1927 10 1915 8 2736 3 1604
2649 1.3858519355123005 -0.1601027690987831 3.7266775348702033 163 175 109 1.2487097438213544 11 1930 10 1922 7 1758
2650 1.999387300767548 0.26872883696476429 2.8351740507448144 60 82 10 1.8084318443276162 11 1939 10 1924 9 3549
2652 2.3819916504470227 1.1206094985781434 3.3319047149360936 165 170 152 0.55744265288395822 11 2084 10 2056 9 2583 8 2270
2653 2.37217277448736 1.1337771009016959 3.3108346559466661 173 181 160 0.29006096468727971 11 2085 13 3239 10 2058 9 3207 8 2895
2654 2.2511234702490324 1.1362276746395774 3.2836877811133847 112 123 80 1.0927152058049154 13 3746 10 2065 9 3672 8 3399 3 2183 7 2428 5 3986 4 2732
2655 2.1863717984566549 1.1441609070701089 3.2777288231395354 169 175 139 0.50189430858551587 13 3253 10 2072 9 2591
2656 1.6286440640973163 0.83909531281477079 3.7915231861879226 29 40 0 0.90012853153385586 11 2096 13 2579 10 2077 3 1712
2657 1.326149727358938 1.1267580252213347 5.4937340277947815 133 140 109 1.7856030520848813 11 1646 10 2095 9 3707 4 2388 2 1667 6 1189
2659 2.4564087629913338 -1.1315402724139345 3.4827802804561827 201 215 152 0.71133620957738786 13 3331 10 2120 9 3719 8 3446 7 2206
2660 2.4558419133700129 -1.1317755834241949 3.4823962460486357 201 215 152 0.82093552417148574 13 3330 10 2121 9 3720 8 3447 3 1996 7 2207
2661 2.4930777640897959 -0.94919626538144353 3.2968026461553253 221 223 186 1.6693236578614274 11 1672 10 2126 9 3294 8 2370
2662 2.4906727233052224 -0.94745799543332676 3.3523979448941463 157 165 90 0.90728605191210998 11 1676 13 3346 10 2129 9 3297 8 2986
2663 1.9121986081726416 -1.1280790585210381 3.893571774023755 212 224 168 1.19220755757444 13 3356 10 2144 9 3735 8 3474 3 2012 5 4073 4 2828 1 3678 2 3861
2664 2.983720300134411 -0.3866066883139706 2.6649553528980592 162 166 106 0.90695170115640555 11 2200 13 3880 10 2168 9 3763 8 3048
2665 2.9534667221631921 -0.27883392615089914 2.6341350173768774 196 199 155 1.1229207423058172 13 3899 10 2199 9 2819
2666 2.8989002355778792 -0.25005978689508679 2.7456909967834795 85 107 45 1.6407332739135629 13 2801 10 2219 9 3402
2667 1.8512659301151355 -0.77269659480592301 3.7925142685519648 90 119 39 1.3285881973920872 13 3439 10 2221 8 3101
2668 2.1791854602488665 -0.33106220379047857 2.7643621392253062 83 101 39 0.50792548768388623 13 3915 10 2225 9 3412
2669 2.2958807014603742 -0.66639688607232073 4.4553081773449401 110 138 64 1.4079273592888499 11 1830 10 2289 9 2212
2670 1.4141675645163503 -0.29310805550591912 3.7648888850285998 89 97 20 0.90070669067782705 11 1890 12 1168 10 2338 8 3236
2671 2.0425668278562115 0.19346203706957205 2.8138295816110741 192 203 135 0.23635354281940688 13 3597 10 2350 9 3011
2672 2.0290689498031607 0.19980309206271413 2.8629060625173532 116 138 39 0.94338394149367111 11 2381 10 2355 9 3533 13 3603
2673 1.3669645488627931 -0.15859757947167508 3.7595924098620737 122 133 64 1.9926420173360113 15 1128 10 2374 9 3559 3 2121 8 3699 7 2366 4 2640 1 3892 6 2260 5 3862
2674 1.948638332221051 0.36449759648519375 2.9137968056491914 112 133 74 0.99473748600184619 13 4096 10 2392 9 3944 8 3708 7 2092
2675 2.8611238033357496 0.6701725292179328 2.8504644713959624 90 120 45 1.0972157003936849 13 4104 10 2401 11 2420
2676 1.3701779384587272 0.17916822127781198 3.6904851059550672 60 78 38 1.0599246811506737 10 2432 5 4321 4 3336 2 4123 6 2859
2677 2.5656077581394681 1.0524484342439484 3.4179296649773385 152 159 144 0.61072622295037859 13 3718 10 2468 9 3660 8 3381
2678 2.5799155932461293 1.0752695709497904 3.3754967323343474 127 130 109 0.38026848369310046 11 2493 13 3212 10 2471
2679 2.5564025110720032 1.0678780207634746 3.4205158432947673 211 215 202 0.61457136394345346 11 2497 13 3721 10 2474 9 4015 8 3770 3 1962
2680 2.5564025110720032 1.0678780207634746 3.4205158432947673 211 215 202 0.61457136394345346 11 2498 13 3722 10 2475 9 4016 8 3771 3 1963
2681 2.5462245979918237 1.0805207637358729 3.3790265144364215 192 196 181 1.2478893151559389 11 2501 10 2476 13 3725 8 3388
2682 2.4099640619573202 1.0946341448887433 3.3607863629685975 160 166 154 0.40380330162116229 11 2506 13 3733 10 2482 9 4023 8 3394
2683 2.392547266087738 1.1197154450959703 3.3229181897474493 218 222 208 1.1793136015795693 11 2508 13 3233 10 2484 9 3666 8 2893
2684 1.7110716446614949 0.8653768942271699 3.6618738787975667 50 61 18 1.9276197664618675 13 4172 10 2489 9 3675
2685 1.7532518405507993 0.95547766098802245 3.6563572527733434 117 131 69 1.3388387848084651 11 2845 13 4185 10 2495
2686 2.3010793078354603 1.5662871665251064 3.9903478292255103 132 101 82 0.64744525530403074 11 2539 10 2502 8 2317
2687 1.4173969397559176 0.97395164545167889 5.3918084908730188 89 100 68 1.8098530602073954 11 2118 10 2506 9 3696 13 3283 8 3424
2688 1.3292815228956767 1.0919131695806323 5.4468934699609042 129 137 91 0.88094213419365086 11 2128 14 1835 10 2514
2689 1.3413653966564303 1.0950147205461884 5.5085612249823432 128 135 93 1.4402347170946226 11 2550 10 2515 9 3706 3 2442 7 2714
2690 2.4965586260212707 -0.94045811488680919 3.3386525300379417 213 223 153 0.58924176332630429 13 3832 10 2545 9 3298 8 2985
2691 3.0138978443484192 -0.52314931342988458 2.7678099629589417 212 220 169 0.42324239625135363 11 2595 10 2567 9 3740
2692 2.0366379121375831 -0.94402551456149764 3.6830807633713367 148 167 86 1.7656800756202717 11 2596 10 2572 9 3760
2693 2.235884558939067 -0.26368987262392529 3.0338313346041992 113 126 73 2.0071900978698727 11 2281 10 2666 8 3585 3 2280 7 2295 6 2464 9 4160
2694 1.7624872284289013 -0.38575073893890532 3.5212779875080051 144 167 120 0.89516833421738051 11 2980 10 2689 9 4185 8 3938
2695 1.9702024822594495 -0.15454703512458598 2.9638394971565041 127 145 93 0.99962078674360288 11 2984 10 2690
2696 1.3989645212585209 -0.32819389188464437 3.8601704024953811 160 174 96 0.30629150773669039 11 2357 10 2728 9 3898
2697 2.0032646974073667 0.23424757384552827 2.8394300093951657 158 173 91 1.702601375888763 11 2744 10 2752 8 3257
2699 2.6520843345055947 1.0547532091339531 3.4067018324537801 173 178 159 0.42689384222997334 11 2825 10 2830 8 3766
2701 2.4581912111915596 1.0291853753830877 3.4660725605354212 134 143 124 1.83484986621181 11 3107 10 2834 9 4017
2702 2.5683977408490941 1.1114514310619914 3.337615157989549 145 153 132 1.2684844905623904 13 4165 10 2836 8 3773 3 2177 7 2172 4 2717 1 2915 2 3076
2703 2.480577439103981 1.0781301978727589 3.4033476924692065 220 224 209 0.75880378891552835 13 4166 10 2838 9 4019 8 3389
2704 2.1269988761769323 1.0712196084671721 3.3887552981759144 121 131 96 1.5454652921863399 11 2834 10 2848 9 4032 8 3401
2705 1.559208680194589 0.75107387581814133 4.0250493907450862 68 77 56 1.4646904890404049 15 1468 10 2856 9 4043
2706 2.3379871097581977 1.5140865895925821 3.9774707921091803 131 100 80 1.3715227301885033 11 2858 10 2871 9 4061 13 4199
2707 1.3701942849205879 1.0170498677068762 5.3401657923920913 146 158 122 0.59363220503754133 13 4208 10 2877 9 3699 8 3427 5 4025
2708 1.949929225764897 1.7432150150619505 4.4249259429041938 82 55 34 1.5092410683990103 11 2875 10 2888 9 4347 8 3823 5 4681 1 4052 2 4569 6 2927
2709 2.4970446638556614 -0.97809075883151264 3.3499310771131681 146 162 63 1.0563326653247957 12 1342 10 2898 9 4082
2710 2.5188514884052342 -0.93701606065369314 3.3281289815879789 121 136 32 0.90198076563231255 10 2899 9 3728 8 3459
2711 1.8964711900571816 -1.0666364512735964 3.7296936573595856 158 162 85 0.55877626684988901 13 4250 10 2908 9 4094 8 3471
2712 1.9145334563896823 -1.0692746049410706 3.8433541236687057 154 178 94 0.93533050592113243 13 4254 10 2915 3 2466
2713 3.012820449435889 -0.50630606896586594 2.7768844570892535 139 152 64 0.61216145237083242 11 2903 10 2922 9 4103
2714 2.0615417294698402 -0.94108665809891912 3.652593126181555 222 229 180 0.38841506301550055 11 2895 13 4581 10 2923
2715 1.8894970565497851 -0.99419877803667689 3.801955971390762 93 125 26 0.66462297206209442 11 2899 10 2926 9 4108
2716 1.9644458174102322 -0.77444817272982025 3.4442814389629288 113 135 97 1.3086237674854275 11 2204 13 4282 10 2940 9 3772 8 3882
2717 2.127931618062203 -0.46401367063323606 2.7525064628190945 129 155 86 1.6815430157807842 13 4605 10 2951 9 3777
2719 2.1373518397445301 -0.3467886945331583 3.2055194714261557 80 97 29 1.0184159938297119 11 3232 10 2995 9 4159
2720 2.1778071918856723 -0.21377078829996118 3.5569702398214575 44 58 23 1.0827634074228574 13 4367 10 3037 9 4200 8 3952 3 2301
2721 1.9471711171912307 0.29061525637889779 2.888695079082507 146 165 83 0.93849411297362406 13 4413 10 3077 9 4247 8 3991 5 4567 7 2613
2722 1.6055711880736436 0.053064212629557926 3.6468782927564827 43 60 8 0.37629613070763573 11 3057 10 3086
2724 2.0962040348924433 0.6178393761698755 3.0511201873082499 136 148 97 0.96363245938950914 11 3088 13 4131 10 3122
2725 1.1500556549814185 0.27631346645423449 3.4061212496966591 116 131 72 0.74251038738299646 13 4463 10 3126 9 4529 8 4267 3 2599 7 2861 5 4851
2726 1.2693775207390698 0.19607913706218755 4.1659283640045439 84 104 55 1.4457254440456873 11 3097 12 1568 10 3139 9 4302
2727 2.361652086260178 1.1221653850974169 3.33475560950995 170 175 153 0.26568343512072051 11 3354 10 3159 9 4314 8 4079
2728 1.8304520049432511 0.98070591574803945 3.6569283340826351 91 69 49 1.15565757976377 13 4518 10 3177
2729 2.2939876638032088 1.2697048764219021 3.8102944054872796 99 73 47 1.9230640891117396 11 3366 13 4955 10 3182
2730 2.3905859916054419 1.5166851871561182 3.9482380356604168 170 147 129 0.68813733402009147 11 3135 13 4531 10 3187
2731 1.3102173542224416 1.1125218342114029 5.4928657691422824 180 184 161 0.59984803807194231 11 3144 10 3200 7 2897
2733 2.9722359719869047 -0.47210584092148172 2.7276413104248105 203 211 153 0.39161142059789117 11 3189 10 3229 9 4372
2734 2.1576620286687991 -0.56157144072237286 2.7445592155812499 74 94 26 1.9129941033043083 11 3188 13 4794 10 3231
2735 2.1116473506674307 -0.46573025917411937 2.8628642002883287 115 137 76 1.3525771087686127 11 3202 10 3251 9 4393
2736 2.8719145472013969 -0.21942644094966618 2.7062238806675589 82 102 34 0.66097876352418572 13 4631 10 3263 8 4159
2737 2.0607581862504061 0.17521466673931577 2.8563704264612877 65 96 16 1.3686717140784193 13 4388 10 3317 9 4214 8 3969
2738 1.8148665090751561 -0.12545283897658382 3.6232469579718081 101 117 80 0.75009975113137917 11 3464 13 4680 10 3319 9 4460
2740 1.6163366207341308 0.039680346707387633 3.6968380236148071 42 60 12 1.1182669771327383 11 3056 10 3345 9 4494
2741 2.7622580991253853 1.1112596506850523 3.3571952940555891 203 208 188 1.2493083007413814 13 4946 10 3380 11 3345 8 4461
2742 2.307997646580406 1.0596287798877457 3.3982103535541084 156 164 151 1.3639144622893968 13 4737 10 3384 11 3347 9 4538
2743 1.8009563636351074 0.92006964640093503 3.6061024367079821 83 82 63 1.1338562721874914 15 1984 10 3392
2744 2.1186245787755844 1.1755571974371621 3.8910099802462113 128 99 85 1.9270691332419714 11 3716 10 3397 9 4737
2745 2.0883183238714311 1.4551065819681255 3.980997185227352 91 64 37 0.90737460223569755 11 3562 10 3407 9 4555
2746 2.1431803453800389 -0.37467752529886617 2.7459453815938581 162 182 111 0.89468899864370277 11 3602 10 3450 9 4614 8 4344
2747 1.6166195785290687 -0.53374122655158207 3.4664881816633581 165 185 125 1.5414193656128155 13 4836 10 3463 9 4796 8 4526 3 2884 7 3122 5 4949 4 3702 1 4457 2 4660 6 3227
2748 2.0631496723942861 0.20667985223995214 2.8406530214216308 180 189 123 1.0368774326503816 11 3468 13 5041 10 3503 9 4662 8 4393 3 2732 7 2991 5 4775
2749 1.3326250220672988 -0.19423484517625597 3.8412801399999195 79 101 28 1.0546402688969794 10 3518 8 4410 3 2763 7 3023 5 4995 4 3883 1 4889 2 4952 6 3269
2750 1.7005093232910433 -0.03687160642760854 3.6724620477040322 132 159 88 0.44446769797424213 11 3477 8 4225
2752 1.4260360738151061 0.085253795307254479 3.792454360651178 86 108 58 0.72625527882803764 13 4915 10 3545 9 4704
2753 1.8799914721920685 0.11437519979877783 4.3303913950873261 103 130 59 1.3891377892936079 11 3316 10 3547
2754 1.3856689533092046 0.2201812941111338 3.6656261006081619 93 111 62 2.1663778786792705 11 3327 13 4923 10 3554
2755 2.5160078261259362 1.1023833473980145 3.366418290443407 206 210 195 1.2891022634456282 11 3703 13 5091 10 3564 9 4722 8 4462 3 2816 7 2877 5 4867 4 3606 1 4578 2 4791
2757 2.2644892326477639 1.1536646116369884 3.311311492202472 178 183 159 1.4007126935724021 11 3550 13 4753 10 3575 9 4732
2758 2.4905545568714085 1.6671961094973369 4.024326150053489 142 107 85 2.210653400298447 11 3720 10 3583 9 4556 8 3808
2759 2.3534656322296672 1.6508817022971307 4.0355774300190506 116 81 53 1.4587584756743552 13 4964 10 3586 9 4558
2760 1.9888222841162164 1.7800137341649724 4.3944803094200751 125 102 86 0.9189014391540794 15 2001 10 3590 5 5053 4 3828 1 4828 2 5027 6 3350
2761 2.5089989180063088 -1.1412435587219156 3.6355453211521138 0 0 0 2.4810643822865535 12 1874 10 3591
2762 2.560871559563755 -0.97927735886724609 3.3299786511478859 225 226 182 1.670555393943463 13 4971 10 3593 9 4755
2763 3.2176949213481203 -0.40820850604116304 2.6831921604095319 220 222 175 1.4213822661950788 11 3584 10 3613 9 4769 8 4506
2764 2.3153960931464797 -0.46057379415617611 2.7055078054548982 222 226 174 1.0423476724853071 11 3590 10 3616 9 4772
2765 1.7170717452882365 -0.5604696980873467 3.4712994325959996 76 103 49 0.83354594693585071 11 3613 10 3631 9 4793
2766 1.9408361413932249 -0.041256566935300359 3.1769570581017312 108 137 57 1.1799107607834352 11 3771 10 3651 9 4927
2767 1.421941825003834 0.28390931506300432 3.8484823064663827 88 99 61 0.4610698646317305 11 3690 10 3693
2768 1.7204968741929019 0.15619647288670749 4.9471187288380172 0 0 0 2.0991777375000233 11 3694 10 3695 9 4716 8 4587
2769 3.1860069641827136 -0.30899066862543001 2.6577895061542369 221 224 177 1.5514420235737296 11 3841 13 5228 10 3739
2770 1.8093103571282116 -0.63160274677266826 3.9309464215963614 79 107 29 0.3037977095690137 11 3758 10 3759
2771 3.3803187776400678 0.32944963833345636 2.9410743380790434 134 163 55 2.0567459353242588 16 3230 10 3771
2772 2.0182051384869464 0.30509934453867227 2.8410738903684436 153 165 92 1.0972117806986337 11 3787 13 5162 10 3793 9 4943 8 4553 3 2911 7 3156
2773 1.3538877975681649 0.47068306256359888 3.2266852698276103 110 120 57 1.2109490623614261 11 3808 10 3813
2774 1.7082048751660461 0.82365503288869102 3.651308599637431 28 44 7 1.0892920825643637 12 1986 13 5203 10 3823 9 4970
2775 2.2169914960875503 1.1711563740135895 3.2509847545328538 0 0 0 2.2154209070971342 11 3890 9 4872 5 5124 13 5204 2 5125
2776 2.1954547945682035 1.5225868628607169 3.9966144249411224 131 102 88 1.161408875574703 11 3896 13 5289 10 3831 9 4978 8 4602
2777 1.3487776994531584 1.0823887661169458 5.3985049328849275 105 121 85 1.4136076195436338 11 3724 10 3833 9 4980 8 4706 3 3053 7 3305
2779 1.6623532030673875 -0.44194645084606032 3.5925673400549987 39 56 14 1.8404668874495764 11 3854 10 3848 9 5007 8 4724
2780 2.2123825379450981 -0.23730491522989181 3.397246199258789 30 46 17 1.3655104705527854 11 3856 10 3851 9 5008 8 4725 3 3075 7 3331
2781 1.0702932973054271 -0.61854999284268442 5.2688461873961989 121 149 62 1.4579292482027775 11 3785 9 5028 8 4740 3 3087
2782 2.8287139731879436 0.74612549308448106 2.9184537167999896 135 156 77 1.3831066160529817 11 3869 10 3870
2783 1.5684249275857383 0.57069045097869064 4.0488678806052025 59 69 35 0.97471209549639037 10 3884 9 5043 7 3297 4 4013 1 5023 2 5230 6 3557
2784 1.6379966202060066 0.82212373957143092 3.8586951931240918 7 9 5 0.82923737805863273 11 3887 10 3892 9 5049
2785 1.7381546677770521 0.94961558043513683 3.6614062107351604 137 147 94 0.3855865021485107 13 5281 10 3895 9 4975 8 4698
2786 2.0582580663545023 0.17788698958641921 2.8794972605579265 155 166 102 1.8001722979633834 13 4392 11 3019 10 3322 20 3002 19 2507 18 1812 17 2569 14 3915 16 2649 15 1585 12 1538 9 4218 8 3970 3 2537 7 2591 5 4773
2787 1.6850258620811847 0.79015011720945683 3.7509760514747845 82 93 49 0.83528155140816307 13 4499 11 3352 10 3163 16 2709 14 3986
2788 1.9990405788704946 -0.50638240213162033 3.2297056301983904 102 104 91 2.8560914047867292 11 3213 13 4628 10 2978 16 3015 15 1876 12 1897
2789 2.2061698517898858 1.0885145627212569 3.3587231350340865 140 149 128 2.3776495215236353 11 3549 10 3572 9 4729 8 4288 3 2610 7 2881
2790 1.8468242166583557 0.84609496166050968 3.5634135441812202 158 159 127 2.30993868937359 11 3704 10 3708
2792 1.9811663487329427 -1.1889819460138009 3.9447167981810303 222 230 177 2.0397000426821954 11 3728 10 3836 3 2975 7 3228 5 5145 4 3948 2 5244 1 5033 6 3570
2793 2.074421630750892 -1.1221787272469388 3.7371538050922739 191 191 141 1.4204282029315449 11 493 9 43 8 747
2794 2.5158802833941993 1.0747488054108254 3.3951470737971916 184 190 176 0.39771758292571846 13 1655 9 707 8 565
2795 2.4465811935073845 -1.1033839041131073 3.4676450210303811 170 189 106 0.48831323086326472 13 813 9 832 8 704
2796 2.1137789678603238 -0.50587622188606385 2.7217854321830925 175 188 114 0.13599614830763493 11 59 9 1000
2797 1.334153729994692 -0.25168638394797915 3.7860506364984969 179 179 109 0.44387567013227569 11 1430 9 1501 8 2046
2798 1.9817141899764872 0.29194723714443371 2.8089347821017787 160 173 93 0.77466811496313437 11 881 13 1439 9 1525 8 1241
2799 2.0493651070904813 0.34776529902190523 2.7589980628855839 141 157 84 0.54326469453681347 10 850 9 1538 8 2068
2800 2.4603257388987356 1.0897593633412253 3.3774579041951145 203 210 200 0.44720526800352411 11 1596 13 2557 9 1728 8 1419
2801 -1.111911040345978 0.47193174692014561 2.5806467296451943 0 0 0 2.6681264721968452 13 1768 9 1793
2802 2.4365979951301711 -1.090026381166336 3.450406047254142 188 207 127 1.1722032857099034 13 816 9 1832 8 1539
2803 2.4543833837739659 -1.0844021559015526 3.6370552338288098 179 188 129 0.11572197908933672 10 1107 9 1858 8 1565
2804 1.925679837668212 -1.0978529338072713 3.8402803322115537 150 175 91 0.66326891629794671 10 1133 9 1899 8 1613
2805 2.3305801787598686 0.15954196100453336 2.8185712954100106 167 190 108 1.4407438585067007 13 2259 9 2279 8 1962
2806 2.3101730036793464 0.16550749317557645 2.8127723129120925 117 135 53 1.3342528240913045 13 2263 9 2288 8 1138
2807 1.9031801850061543 -0.097056452520432351 3.5694309850983408 73 99 33 0.51899692876779824 13 1360 9 2333 5 1639 2 2077
2808 1.3856206692029791 -0.18014531679942014 3.7274060197716845 142 153 93 0.95174137271298354 13 2313 9 2377 8 2066 3 1294
2809 1.3404478322301154 -0.14140824539229399 3.8635649617277439 95 110 47 0.19822557707043176 10 1441 9 2421 8 2100
2810 2.4961442116615813 -0.96255137991462481 3.3559997993507227 217 225 166 0.2643070983026285 11 1675 9 2692 3 1449
2811 1.9479540835018356 -0.91635640376678229 3.7807560968578531 127 149 84 0.28731753398070292 11 2198 9 2797
2812 2.8562884317646708 -0.31576365300929277 2.7143288044092326 103 118 49 0.44596647459121064 10 1191 13 2769 9 2820
2813 1.347116060387141 -0.24024686305227863 3.7856643811243949 167 169 106 1.066692796679646 11 1436 9 3043 8 2727
2814 2.0411191040366892 0.38440730294912573 2.7624655334921386 167 181 106 0.55196099445086677 10 1445 9 3072 8 2747
2815 2.1036657645003647 0.61513287209963774 3.0345149089643062 96 111 63 0.61088698019441279 10 1538 9 3139
2816 2.2632357993156105 1.1236265737434585 3.298052791053637 149 157 133 1.5401024269879844 10 2061 9 3210 8 2898
2817 2.3920633192867924 -1.0433088839227831 3.4002013044107673 179 194 114 0.72245661371659786 10 1646 9 3290 8 2978
2818 2.8608957239499295 -0.32814739149792438 2.7133484206886331 176 182 121 0.19448445385056826 10 2197 13 3424 9 3380
2819 2.0829317176465394 -0.85832867882652253 3.9916824638450352 135 156 85 0.59959229788671953 10 2620 9 3398 8 3091
2820 2.3142052999077181 -0.69227905420386671 4.4344783901971079 63 88 20 1.2681492007173245 10 2280 9 3462 3 1866
2821 1.7913254836345185 -0.56494177129392409 3.9079239497843101 72 98 37 0.17443639705592046 10 2291 9 3468
2822 1.4731922249742659 -0.40832894244337775 3.9690548543259347 86 113 37 2.0541351636958871 10 2711 9 3510 5 3267 1 2704 4 2202 2 3533
2823 1.5470684087341235 -0.47875823888229552 4.2686134643913896 149 172 118 0.32211442417616648 10 1854 9 3513 8 3232
2824 1.424634842731922 -0.30673892349128734 3.7615865197370635 166 172 112 0.81142208140748373 10 2725 9 3519 8 3655
2825 2.0655079632200302 0.20235845987958709 2.8870200714974863 116 138 55 0.91136703460381874 11 1916 9 3537 8 3244
2826 1.4535249620804302 -0.22272846349644604 3.7041103552309567 91 108 40 0.34372140062816198 10 2743 9 3539 8 3259
2827 1.3407291394735019 -0.22211465183418669 3.776462153650987 156 166 104 0.87311217456142121 11 2380 9 3548 8 3687
2828 2.1879848439187137 0.44848357768947983 2.7441596713752054 75 94 28 1.0651900479520522 11 2411 9 3565 13 3642
2829 1.4940340365071381 0.22031221716820704 3.3533540832491266 108 126 101 0.50640750422111669 10 2411 9 3587 8 3329
2830 2.7114973312823976 1.0789633942311383 3.3893109999945916 134 139 116 0.44659001199845133 10 2831 9 3656 8 3379
2831 1.5221856273932131 0.78116835908586257 5.0939782823832234 211 211 187 0.90150088514695981 10 2867 9 3690 8 3419
2832 1.396341070002312 0.98620345315201907 5.3989531225441674 86 95 64 0.44610209611628876 13 3285 9 3697 8 3425
2833 2.1522211295523026 -0.57542829865175349 2.7608954431821791 210 219 165 0.7537004249939363 10 2575 9 3751 8 3035
2834 2.1317808531374478 -0.36237188531051923 2.7360873514844735 159 181 111 0.81009511464708317 10 2624 13 3442 9 3795 8 3539 3 1821 7 1972 5 3677 4 2484 1 3150 2 3353
2835 2.3270013234599594 -0.31715639477699603 2.9508062294674851 156 161 129 0.67741687167049014 10 2988 9 3813 8 3905
2836 2.2626869030580519 0.30641985310803366 2.7207391211314462 136 157 91 0.21203930452381181 10 2357 9 3909 8 3665
2837 1.3545460860998764 -0.25174486281202346 3.7819930860575108 115 114 38 0.24308897887589997 11 2736 9 3912 8 3682
2838 1.9442488979937917 0.2925440925215142 2.9215684440842531 67 88 9 1.0101106992003541 10 2380 11 2763 9 3934 8 3286
2839 2.2225207358052717 0.4372037752425017 2.748362400925636 192 201 153 0.49575750244155614 11 2769 9 3938 13 4086
2841 1.2503673053191462 0.26261243652231836 4.10661718856581 74 90 46 1.7313536221435877 10 3144 9 4009 8 3765
2842 1.7137505272751734 0.77786006346405789 3.7448348687354183 32 43 5 1.265038889413197 10 3161 9 4030 8 4081
2843 1.5197937916865474 0.5045083567756623 4.9763970406083047 108 118 93 0.3200942068833908 11 2832 9 4045 8 4092
2844 2.5891898146613475 -1.1777768050535393 3.5912369191353419 108 134 33 0.650200566953271 11 2562 9 4077 8 3832 7 2449
2845 1.8572252339397466 -0.43740112930759539 3.4501955584417026 88 116 57 1.5541850745379726 10 3279 12 1511 9 4170 8 4187
2846 2.1827280944171714 -0.350196574177918 3.4871367419377259 92 115 70 0.47500016842487364 10 3012 9 4176 8 3607
2847 1.8973169523985305 -0.10906850409501236 3.53917401020606 4 20 0 0.64675433448583952 10 3049 9 4212 8 3656
2848 2.0570867126154275 0.19816838165943396 2.8480471813704105 179 189 121 0.10846710825192447 13 4393 9 4221 8 3972
2849 2.0640001377948263 0.36556769125004041 2.749232390089325 162 174 91 0.92100515906679348 10 2767 9 4245 8 3694
2850 1.6955608738037449 -0.062578100440876638 3.7588870741216729 46 63 33 1.6827973269098466 10 2761 9 4246 3 2559 8 4000
2851 1.4821304395451742 0.075436975472765885 3.6990260850625609 73 90 61 0.4785039762160162 10 3102 9 4262 8 4025
2852 2.1722798955214739 1.0662284452803663 3.3908597863304508 157 166 145 0.58675657003315707 10 3165 9 4320 3 2418 7 2431
2853 2.0364504440419582 1.7252461007827404 4.2653493112250658 124 97 80 0.977749810647496 13 4543 9 4345 7 2704
2854 1.2934556555739694 1.1387352281806951 5.2348656444102 103 117 81 1.3738522044315788 10 3199 13 4218 9 4346 3 2630
2855 2.5671223604599844 -1.0319033795670778 3.3284687960592594 0 0 0 2.361797333147353 10 3210 9 4356 8 4311
2856 1.9256953826165604 -1.1130733374244239 3.8232504022673055 139 165 64 1.3346623405208269 10 2906 9 4366 8 4134 3 2458 7 2736 5 4699 4 3422 6 2953
2857 2.1136701000655052 -0.4507038039292372 2.8339373268725088 75 96 27 1.3137880332155631 10 3444 9 4395 7 2506
2858 1.3972693598732053 -0.4697425009237694 3.7692346303339832 79 106 36 0.61007283255036415 10 3296 9 4443
2859 1.3496545042373358 -0.24847238640006564 3.8714320843257681 74 94 22 1.8108838006630696 10 3324 9 4470 8 4404 3 2751 7 3009 5 4990 4 3750 2 4949
2860 2.030193743340118 0.35329420641416698 2.8378390781869278 68 90 17 0.75235739263231705 10 3339 9 4486 8 4227 3 2754 7 2819
2861 1.9353109625067613 0.31394722680601139 2.9275719697836804 124 142 57 1.5488998367787266 10 3341 9 4491 8 4229 3 2557 7 3013 5 4797
2862 1.4990892690370292 0.10478044220471706 3.7014047722996568 124 139 133 0.62677002574068197 10 3352 9 4507 8 4251
2863 1.4327415290997325 0.92698150041891703 5.3311256592248171 94 107 77 1.5124648661874514 14 4013 9 4559 8 4481
2864 2.6359371254803023 -1.1769428179634933 3.6390909838586345 173 191 118 1.2457971542717801 11 3157 9 4564 8 4307 3 2638
2865 2.0646149593755552 -0.9158205075075716 3.3801253106215232 143 167 91 0.32328392160138936 13 4782 8 4323
2866 1.9245103460488862 -1.1260031991504897 3.9231098907643607 71 94 22 1.1204983089121106 13 4785 9 4588 8 4327 3 2653 7 2919 5 4911 4 3841
2867 2.297247851500841 -0.80870723974623793 4.4563927395690257 147 168 96 0.38646621223441474 11 3614 9 4629 8 4178
2869 1.3304726148080224 -0.24558307379825606 3.8160240613983674 202 205 160 0.72486377953421577 10 3508 9 4667 8 4549 3 2912 7 3158 5 5095 4 3875 1 4886 2 5081 6 3407
2870 2.7920999771460586 1.0032517942757802 3.4633383655700043 211 216 209 1.4908224116294124 10 3878 8 4459
2871 2.3530546389433926 1.1075194049965877 3.3656567225637604 207 213 201 1.1467855110025778 8 4465 7 3073 5 4873 3 2819 4 3612 1 4587 2 4800 6 3329
2872 1.9920884016937914 1.7840542365405654 4.3953971430732164 126 104 89 1.0694419888841793 11 3376 9 4748 13 4772 8 4493 3 2838 7 2895 1 4827
2873 2.1020062422920867 -1.186770013925579 3.8360385629265545 228 230 190 1.9320975142822721 13 5109 9 4756 8 4612 7 3227 4 3947
2874 2.8069628636660209 -0.71482059333378944 3.1667745062535855 144 159 116 1.2068976247658079 10 3427 9 4762 8 4503
2875 1.9321151407383423 -0.8743922335781632 3.3957908519399029 170 187 172 0.17720372703391943 13 4974 9 4765 8 4504
2876 2.0892651785114951 -0.53897780913719162 2.7738051473735776 216 226 174 1.9479488747845342 10 3615 11 3585 9 4770 8 4509 3 2861 7 3105 5 5070
2877 1.919957894667738 -0.79176339075264146 3.7243136227855267 83 110 29 2.1297491151571837 10 3620 9 4779 8 4516 3 2871 7 3114 4 3969 6 3507
2880 2.2155648001790809 -0.27758875356952728 3.4503462743386266 133 154 115 0.56713020841325146 10 3482 9 4803 8 4538 3 2997 7 3253 5 5173 4 3979 1 4988 2 5189 6 3519
2881 1.5459173038617045 -0.05678829122716101 3.9424504586708626 0 9 0 2.2552670356934952 10 3537 9 4841 8 4564 3 3024 7 3279 5 5192 4 3998
2882 2.5611500718171314 -1.1947798460204087 3.542202895186747 0 0 0 0.58336142064308427 10 3724 12 2008
2883 1.4347254978639297 -0.35356916951935019 3.7971507761734467 50 75 10 1.4414548865924801 10 3773 8 4654 3 3008 7 3264 5 5182
2884 1.4577402225056622 -0.39820551841423724 3.9749024516777514 105 130 65 1.3837530285187065 10 3652 9 4930 7 3266 5 5184 4 3990 1 4881 6 3527
2885 1.4714643818301021 -0.26396777883647854 3.6881490965657728 155 159 99 2.3518288378531951 10 3855 9 4934 8 4731 3 3080 7 3336 5 5259 4 4048 2 5200 1 5054
2886 1.4081751402586749 -0.25895915175769402 3.7733185694343092 159 153 98 0.79627863720954295 10 3783 9 4936 8 4658
2887 1.8649720991902949 -0.054089625118305035 3.7364767640267642 4 9 2 1.2456415440315611 10 3790 8 4554
2889 1.3664761772749174 0.34185688736797781 3.7331371513487777 110 122 72 1.9076856059675285 10 3696 9 4963 8 4748 3 3098
2890 1.4648538182787407 0.66937500750098222 4.0531157366357862 95 106 64 0.8790235875506095 11 3707 9 4973 8 4696 3 3048 7 3301 5 5220 4 4070 1 5075 2 5289 6 3611
2891 2.0655705214623694 -0.92093465864354196 3.7142819710902035 81 105 36 1.5569825894504301 10 3841 9 4991 8 4715
2892 1.3862006183545095 -0.24103947919168947 3.9374692595641099 74 94 35 0.70228964512255454 10 3856 9 5021
2893 1.4425525990779411 0.51734456972542719 4.0922909510658121 2 6 4 1.6761947134506705 10 3886 9 5044 8 4695
2894 2.1005494815930379 1.4544058280156265 4.0130890250023334 102 71 50 1.0653036077683971 10 3901 8 4760 3 3113 7 3303
2895 2.239751916257199 -0.31901722770773905 3.4205406073010511 52 63 39 2.6147007575667285 10 3475 9 4636 13 4346 11 3238 8 4532
2896 1.449551284990473 -0.26688195289305633 3.7392969534419529 41 58 10 1.0642593058300844 13 5033 11 3642 10 3657 9 4819 20 3403 19 2909 17 2885 16 3224 14 4327 21 2931 23 3316
2897 1.614868150472808 -0.37365171954837095 3.5398592161115934 150 172 121 1.2659119002006229 13 4855 11 3450 10 3644 9 4807 15 1906 12 1920
542 0.77941870778375011 1.95545337412023 5.4587051666494091 92 105 168 1.6004166037958545 29 3774 27 3031 31 2386 35 4243
2899 1.6443256224735141 0.0029027396995199009 3.7956901253540458 3 10 2 2.8369840245515769 10 3532 9 4692
543 1.8824319845595332 0.54138274411789167 3.0965875708695769 74 105 46 1.274628253949285 26 2750 28 3274
2900 1.5265139779031567 -0.49099492120560206 3.5920413560441142 144 170 110 1.0293613698031292 10 3477 9 4798
544 2.9272979524518425 -0.61404316584771701 3.2083630064304041 69 97 48 0.39705159927264427 26 1992 28 3379
2901 1.5688343356212517 0.17413296475580198 3.9843257582942058 17 31 9 0.61702086482459451 13 5268 9 5038
2902 1.3980652654242063 -0.18048505318246977 3.759966810733018 125 141 68 0.12662470000373879 9 1526 8 412
2903 2.7424304331047518 2.2126697460715112 4.3074344211823439 0 0 0 1.458203511318154 9 767 8 632 3 480
547 3.793119179614084 -1.1981582107834705 4.1887466902193369 0 0 0 1.5397570869083042 29 32 27 394
2904 1.9125043432676412 -1.1431373163965188 3.8859565168868224 206 215 161 0.59217991970965123 9 911 8 777 1 682
548 2.1081843989012512 -1.1866939300114496 3.8100771930277695 205 208 187 0.84178508761193938 26 688 29 906 27 779
2905 2.6257547846818277 1.0829729548096021 3.3807135318227535 196 201 179 0.85502768613157032 9 2573 8 1409 5 1929
2906 2.400785847940734 -1.0638309665010808 3.3684057015328865 227 230 185 1.70452133267219 9 1830 8 1538 3 1090
550 2.7833731230758514 -0.6914522611331112 3.0328084759199481 159 193 98 1.169144663457131 29 1851 27 1090 32 835
2907 2.0047921678942862 -0.70014445213200105 3.434283718067479 142 167 109 0.38375803157394223 9 2037 8 1726 1 1614
551 2.302922332180962 0.30736541491274194 2.7764931662860768 120 135 66 1.7394183624756991 29 1618 27 1214 30 1588
2908 1.990648637965879 -0.52479511060213246 3.2371864162552857 52 75 18 2.3690037538274868 10 1758 3 2054
552 3.2651665258280027 0.72148873909680988 2.9579776767900889 135 150 128 1.087819189761251 28 1633 27 1268 35 2399 30 1637
2909 1.931389610806187 0.29678001381239749 2.9366077080447628 94 118 34 0.71695238385538895 9 3070 8 2085 5 3314 4 2222 1 1915
553 3.539457078495249 0.81937919203295451 3.4202181683734332 198 203 196 0.50843920574970281 28 1175 27 1289 33 1545
2910 2.4458624360573724 -1.0875289853295551 3.6774229453437361 166 190 103 1.3651400474106066 9 1860 8 2376 7 1541 4 2419 1 2343 6 2054
555 2.5565637973554827 -0.86795847742535748 3.3609188596733874 165 182 129 1.0479406785943943 29 1834 27 1382 30 1451
2912 2.1266197408628171 0.24386041075740258 2.7939541112866637 211 225 166 0.93145130709742452 9 3019 8 2699 7 2062 3 1889 5 3260
556 2.8009303282823028 -0.38498426816378739 3.2240128846855969 125 149 99 1.4864653702814807 29 1964 27 1431 30 1805
2913 2.9225347172835208 0.75572851302956223 2.991136634931248 149 166 114 0.71108436028710142 9 3116 10 1972 11 1534 13 2450 8 2793 3 1634 5 3352 4 2242 1 2783 2 2938
557 1.3964122257646916 -0.11968780868481101 3.7247218043950561 152 168 130 0.79912914027371595 29 2039 27 1473 30 1226
2914 1.3695599350924257 0.22481679182080508 3.5818542639248623 140 156 126 0.46768482495073926 9 3610 8 2825 3 1665 7 2134 5 3398 4 2686 1 3947 2 3641 6 2609
558 2.9898942028352677 0.09279645282154958 2.931927545267742 98 129 64 0.72663818679270931 28 1976 27 1487 25 1182
2915 1.2902462122348601 -0.025021105418422146 5.0328530383704617 148 159 123 0.53562945506500736 9 3168 8 2870 3 1957 7 1833
559 3.6656480771506703 0.81409984267426139 3.4884034489245579 119 137 105 0.56346266853500293 28 2133 27 1556 30 1329
2916 1.4095841758484593 0.94249551435558543 5.275783551139388 147 156 125 0.9153889222760061 11 1635 8 2942 5 4018 4 2756 1 3587 2 3792 6 2009
560 3.6656480771506703 0.81409984267426139 3.4884034489245579 119 137 105 0.56346266853500293 28 2134 27 1557 30 1330
2917 1.9337351628616966 -1.1360734015523593 3.8358888811142648 226 240 179 0.82026981436460822 9 3310 8 3005 3 1768 7 1918 4 2429 5 2925 1 3083 2 3276 6 2397
2918 1.5646842721105918 -0.56615837254979773 4.3079957993531934 110 134 59 1.8827363165560935 9 2972 8 3213 7 2341 5 4223 4 2974 1 4205 2 4018 6 2537
562 2.5040185775268431 -0.93165257558571035 3.3547851898418961 150 168 99 0.76636096164496903 29 2666 27 1630 30 2018
2919 2.3116909900697644 1.025380601880105 3.4518733125872285 139 154 133 0.17481305317592791 9 3665 13 4167 8 3392
563 2.3930818651370251 -0.44517151097291702 2.7347980462281734 154 165 99 0.68112411088024605 29 2317 27 1679 30 1765
2920 1.392532630766794 0.92187617788180232 4.3730883446477478 79 68 44 1.4412696675091055 9 3245 8 3420 2 3175 1 4036
565 1.365294795625412 -0.18450398555833949 3.7460736065007927 76 101 40 1.2918818578276052 29 2846 27 1760 30 1557
2922 2.5136482771813622 -1.0134596429977161 3.3797259832084392 132 154 67 1.0399963418389457 9 3725 8 3452 3 2002
566 2.9942345485566788 0.13512132588485165 2.9582901740120402 82 110 52 1.151741483060591 26 1805 29 2871 27 1779
2923 2.3742028603902381 -0.93651767440048805 3.4099627042508418 64 96 15 1.5047577623429547 9 4363 8 3460
567 2.3670380753723892 0.25508927289278954 2.8055148146107434 165 187 125 0.76322784339155814 29 2504 27 1790 30 1877
2924 2.0259461214902781 -1.0591333054891214 3.9860460915434555 174 187 134 0.52245365975725211 9 3759 8 3499 3 1794 7 2248
568 2.8903517392417664 0.33434886950041059 3.0875719231524865 51 71 42 2.0593526627303738 28 2029 27 1809 24 1113
2925 2.1585178116758468 -0.38459344090680342 2.7370589953993623 160 185 104 1.8171239203526375 9 3790 8 3530 3 2048 2 3896
569 3.6079070061285132 0.86280710441976582 3.4806837850504455 118 130 120 1.7133980443240824 29 2189 27 1865 33 1928 35 2888 36 2141
2926 2.1577435303929278 -0.38955747904425186 2.8082224107911591 78 100 27 1.2910179142128617 9 3404 8 3536 7 1971 5 3679 4 2043 1 3156 2 3354 6 2122
570 2.5674408357580463 0.89589368928885338 3.4032313256462374 12 28 0 1.7882129682643524 28 2155 27 1870 24 1002 21 1599 22 1324
2927 1.6479939181402941 -0.53285017474714946 3.5375918706677694 128 158 96 0.62069149558698522 10 2272 8 3592
572 2.4160180043131714 -0.57329362071788181 2.8636828423119018 134 150 75 0.2055962287687649 29 2716 27 1942 30 2065
2929 1.8499545325763072 -0.12175519901857469 3.3058612915027261 132 162 93 0.10568710447686361 9 3504 8 3635
573 2.4197607562179466 -0.49510064821271138 2.7888889179317338 212 217 176 1.5295356685196844 28 2728 27 1949 30 2074
2930 2.1223250594360352 0.13553417563114556 2.8838792270417759 135 154 72 1.2300128218916699 9 3888 8 3646 7 2337 5 4214 4 2962 1 3833
574 2.7928515027523888 -0.3896039790046264 3.1923083834300425 163 184 146 0.97231578801853369 29 2382 27 1997 30 2116
2931 1.4491759985257444 -0.1608723979261959 3.7077990758785928 124 140 84 0.78439526612668597 9 3918 8 3689 3 1902
575 3.3091626020694642 -0.23469623438227546 2.6989927599580685 176 184 127 1.3494257855646812 29 2399 27 2002 30 2123
2932 1.2423299140363029 -0.011486230201608919 4.74662770818711 67 83 21 0.93895448012807226 10 3132 8 3756 3 2394
576 3.1874928700755869 -0.17661062349206522 2.6777298956259239 143 155 104 0.32677479496829198 29 2814 27 2019 30 2132
2933 2.6401537555579209 1.0830092055194533 3.3738892933156053 199 203 186 1.0495444803229179 9 4013 8 3769 7 2168 5 4359
577 2.5653509073668199 0.06860406705470401 2.7379917986470823 97 125 49 1.5711620967393338 28 2855 27 2055 24 1092
2934 1.3653834808626841 1.0170486485533683 5.404098588844521 201 201 175 1.2360173263399821 13 4211 8 3812 7 2706 3 2624
2935 1.3541578538594792 1.0378688254805692 5.4267460749901328 205 204 183 0.34089946578327945 9 4068 8 3815 7 2710 3 2628
579 2.1224397779853024 0.34602293622296332 2.7464211101299929 67 89 16 1.0920323729717618 29 2910 27 2088 22 1888 23 2708 30 2200
2936 1.9158242951314335 -0.98983122117924571 3.713154556612571 205 224 164 0.44811277930545995 9 3748 8 3860 3 2468 7 2483 5 4707 4 3437 1 4415 2 4620 6 2966
580 2.9904313485940506 0.42705923805885609 3.0504303982810499 50 76 40 0.074080363287118783 29 2936 27 2116
2937 2.0715832662377975 -0.5736509272167053 2.8346872000114001 115 145 54 1.6261054857535937 13 4272 8 3868 3 2469 7 2488 2 4282 6 2711
581 3.2248025633099009 0.653862878791307 3.0282100289387981 113 136 118 0.59914232397803413 26 2176 27 2141 31 1550
2938 2.0991061020766058 -0.44824232626008004 2.9012293146117725 123 146 74 1.586377545231451 9 4130 8 3891 3 2253 7 2511 5 4465 4 3178 1 4124 2 4312 6 2985
582 2.5545956514152701 0.91023529149805771 3.4179942647793782 51 69 43 1.8282278376691548 29 3001 27 2172 22 1603 25 1367 23 2801
2939 1.3503738775948875 -0.07862130382948132 3.7986861892860344 6 20 0 1.8878096743278749 3 2569 7 2839 5 4821 1 4535 4 3561
583 2.6531248458140273 -0.99833768116630983 3.3684384138721049 109 139 43 1.3052521488995621 28 3043 27 2220 30 2322
2940 2.0426271433839198 1.7272104531713417 4.2685376615008268 124 95 77 0.65149900603542177 9 4344 8 4104 3 2439 7 2703 5 4402 4 3115 1 4043 2 4225 6 2663
584 2.2603684391001941 -0.56729015703899022 2.7256807686673241 176 190 139 1.2687495707482936 29 2704 27 2274 30 2351
2941 1.9562774236841016 1.7118117586443318 4.4163027415202736 85 57 36 1.0442915358277705 8 4107 5 4680 4 3400 2 4568 6 3174
585 2.4033412332735917 -0.58748540741579203 2.8443629864026083 213 220 185 0.9061457953719172 28 3085 27 2279 30 2684 31 2126
2942 2.0347596769665905 2.1081789035160163 4.5518921837156858 131 98 79 0.56121301729848505 10 3205 11 3154 8 4115 4 3127 1 4063 2 4243 5 4683
586 2.3906318957000181 -0.54774693046364475 2.8216805777626814 177 189 125 0.34583351415425545 29 3076 27 2289 30 2364
2943 2.3946244532603003 -1.067468531276702 3.6948109076644879 181 201 112 0.86749204717001771 9 4360 8 4126 3 2453 7 2729 5 4695 4 3418
587 2.9980167187296671 -0.39963366112761117 2.6732893075070399 64 92 25 1.4223837468251419 29 3090 27 2308 25 1642
2944 1.9026120092884196 -0.95891569100207419 3.696545616200527 210 219 177 0.59144908360389259 9 4373 8 4147 3 2471 7 2748 5 4710 4 3439 1 4416 2 4623 6 3199
588 1.7514187592035251 -0.43816851699261217 3.48780678010626 42 72 10 0.82867996086528939 26 2625 27 2343 30 2429
2945 1.7002214279609882 -0.63476636853809165 3.5664636819443563 167 191 131 0.94446411402118835 9 4407 8 4173 3 2690 7 2949
589 3.2383626861660471 -0.22210131817603862 2.6553012790769088 191 194 151 0.26592371846282087 29 3121 27 2351 30 2440
2946 1.6929953555360076 -0.59187072755576087 3.5658549770621577 72 96 37 2.2488799335503344 9 4410 8 4176 3 2696 7 2956 5 4946 4 3698 1 4857 1 4683
590 2.770037424665396 -0.349173259750925 3.2090403042854811 147 182 116 1.6952757540621815 29 2805 27 2352 30 2443
2947 2.211358584540327 -0.37322267815204518 3.3758026317574599 94 122 61 1.9096691147114595 8 4183 3 2701 7 2960 5 5073 4 3861 1 4859 2 5059
591 1.3754415621777993 -0.20869932413498207 3.7857022281522492 45 73 7 0.54853054636731902 29 3437 27 2385 30 2483
2948 1.4271661782511256 -0.24182558508211974 3.7339602705603054 88 109 40 1.185085745146502 10 3321 8 4211 3 2330 7 2610 5 4562 4 3271 1 3874 2 4032
592 3.0901388696993473 0.064246485857349378 2.9423354454186779 100 130 78 1.0695458392997932 29 3185 27 2405 30 2509
2949 1.9557407275287779 0.27183597435378948 2.9310439379129032 140 159 80 0.78164149689671725 9 4243 8 4220 3 2550 7 2818 5 4793 1 4503 4 3531
593 2.4051655907966545 0.23155052380011173 2.8625784008916306 93 117 66 0.67647935625000777 29 2883 27 2415 30 2522
2950 1.3559284083122936 -0.21248135470323981 3.8828401103976313 117 138 71 0.83455414249931892 9 4477 8 4223 3 2555 5 4805 4 3548 1 4523 2 4731 6 3085
594 3.3127041754294506 0.36501868927188535 2.8586971888341681 127 150 121 1.1603861609054416 28 2893 27 2445 30 2544
2951 1.3556713716126927 -0.21246812183015659 3.8826292539509111 117 138 71 0.86944409041359261 9 4478 8 4224 3 2556 7 2827 5 4806 4 3549 2 4732 6 3086
595 1.8814168064048231 0.40803802787592736 2.7941926790489036 74 98 46 1.9299170317037497 26 2457 22 2195
2952 2.0071336801013984 0.29183444197075781 2.9767357928997251 70 92 43 1.6654873156486776 9 3935 8 4226 3 2757 7 3007
596 3.1187206202710409 0.73989295374842801 2.9061355386929941 147 164 146 1.2507742080284354 28 3285 27 2491 30 2587
2953 1.5287681804911033 -0.021777451526373507 3.577578648948962 68 96 20 1.2449664430979317 9 4488 8 4232 7 2829 5 4808 4 3551 2 4729
597 3.6923756247475312 0.89967448499140656 3.553466889334187 80 87 55 0.90761102339775557 29 3295 27 2510 25 1551
2954 1.3717147095754898 -0.12172749271720475 3.8749293220105563 110 130 67 1.3512713501152545 9 4493 8 4236 3 2358 7 2635 5 4595
598 2.7668231080879959 0.91760327704118017 3.5438188569335658 37 51 33 0.044119081325209752 26 1573 27 2511
2955 1.9069729886312554 0.40531688044456288 3.1952694696809774 103 128 64 1.6471755703951345 9 3966 8 4252 3 2781
599 2.806218439381778 1.042371343465651 3.425595823065017 118 132 97 0.30032964797943312 28 3007 27 2520 30 2288
2956 1.4421048893938311 0.12306003930864218 3.8199029746867668 101 118 73 1.3976483948313987 7 3050 1 5008 3 2791 6 3545
600 2.7969859927329916 1.0670559081062629 3.3736082405032541 93 76 68 0.081346914994441258 29 3309 27 2523
2957 1.2875925673260966 0.31676903771025949 4.0889280643651533 68 84 35 0.51784123100089174 9 4533 8 4280 3 2404 7 2876
601 2.6075050436014964 1.1240811748336763 3.1875891476415958 91 110 80 1.4788592941644072 29 3313 25 1772 30 2635
2958 1.8631890077881712 -0.96825786214953158 3.7617111433640904 181 193 128 1.5488802291700603 9 4598 8 4332 3 2862 7 2926 5 4919 4 3672 1 4659 2 4883 6 3201
602 3.513953836202242 1.6449225746586196 4.4596766317167793 90 60 49 1.4980680157829693 29 3020 27 2533 25 1385
2959 1.8320901365359847 -0.67939587818250813 3.8737011529761158 66 84 31 0.5694878564514585 9 4628 8 4357
603 0.37748813368497591 2.0231840318703354 5.5249433125897838 79 85 162 1.9780491484755938 29 3318 27 2540 30 2932
2960 2.2957889588649651 -0.2359341563230665 3.1112766061115962 68 79 36 0.84906275022215516 9 4425 8 4362 3 2703 7 2961 5 4951
604 3.218061454741894 1.7659859331417855 4.2610150878458395 167 136 131 1.1518367203123083 26 2518 27 2541 31 1841 33 2888 29 3576 35 3901 34 2183 36 2441 38 2114 25 1781 23 3182
2961 2.040340345450161 -0.043646633391827026 3.2136970808552312 104 135 65 2.1249190708805918 9 4451 8 4384 3 3006 7 3261
605 2.6596340033984815 -0.94574017780058761 3.3903995505749607 83 118 38 0.67119877859344046 29 3334 27 2562 30 2941
2962 1.3326250220672979 -0.19423484517625622 3.841280139999919 67 89 27 1.0546402688970362 10 3517 8 4409 3 2762 7 3022 5 4994 4 3882 1 4888 2 4951 6 3268
606 2.5892539277647879 -0.9056362655090846 3.3569864570211787 204 220 181 0.29514535574287226 29 3337 27 2564 30 2667
2963 1.4432539526323422 0.092401175743144756 3.1590321253211258 140 157 113 0.802798951165269 9 4490 8 4415 3 2764
607 3.8306098117230989 -0.98834261274014812 3.9131753362023303 172 193 132 1.9545087635916361 26 2556 27 2572 25 1818
2964 2.0070946083064078 0.40728763733750867 2.7998388600895194 168 184 123 0.72889769776364988 9 4686 8 4422 3 2560
608 2.3638520881277283 -0.57856225174261144 2.7751235724298398 213 215 175 0.62272377451744809 29 3350 27 2581 30 2954
2965 1.5639666513755295 -0.10838960418695713 5.017676058266539 161 171 145 0.86911202515256059 9 4711 8 4446 3 2806 7 3060
609 1.9732645897332808 -0.50078079716064972 3.2078192475892608 180 206 133 0.87367630406598096 28 3647 26 2856 24 1989 25 2236 22 2591 23 3633
2966 1.4855089977978979 0.30298130699013459 3.8854291322744983 75 88 58 1.5830316568697189 3 3041 7 3293 4 4064 1 5067 2 5282 6 3600
610 2.1316365345157653 -0.14203210342191475 2.8246358341977906 196 211 188 0.42516034907186789 29 3423 27 2668 30 2780
2967 2.1061635475766969 1.1119501698409626 3.3304623979761296 205 212 194 0.65050501836708119 10 3576 8 4470 3 2612
611 1.4700546081678181 -0.16810443984995968 3.6879203711394419 62 87 37 0.79493887680461128 29 3441 27 2686 30 2790
2968 1.3416358281383198 1.0712061364847536 5.5415293928921905 123 134 94 1.9662193364254339 10 3413 8 4489 5 5136 1 4949 2 5143 6 3353 7 2896
612 2.0169772833217396 0.1831445205171961 2.8508620283583883 33 54 11 1.1413775071416661 27 2700 24 1661 22 2431 23 3348
2969 2.4947326981920557 -1.1449578952179442 3.540818179797653 111 137 42 0.5606002733774933 9 4751 8 4494
614 3.0475775355301518 0.41989616981498817 3.1190262691525805 15 27 7 2.2853749491791233 29 3716 27 2739 30 2864
2971 2.18803679749155 -0.33537623657960991 2.732720744852021 86 107 38 1.2917029522884764 9 4782 8 4518 3 2872 7 2937
615 2.940005153264706 0.76449751374144737 2.9995700968508188 145 159 143 1.331444639216038 28 3772 29 3533 27 2768 32 1545 30 2884 31 2068
2972 2.2798486294009828 -0.26996696689318633 3.3051521094793048 55 70 27 0.087803346791848785 9 4912 8 4531
616 3.0386225114377146 0.76543917922449345 2.9119314841909771 27 47 14 1.1132393013419677 29 3534 27 2769 30 2885
2973 1.9629985994797217 -0.10329203717586451 3.0515539792515938 82 107 59 0.37151553375126456 8 4541 3 3002
617 3.6877419644846232 0.92485910286335971 3.5567548317154549 151 150 132 1.9256775248432578 28 2985 29 3548 27 2786 30 2285
2974 2.2359284948244036 -0.14786121016504175 3.4186439650125058 75 98 53 1.226508954777594 9 4811 8 4543 3 3003 7 3259 4 3984 6 3396
618 3.2487411201015548 1.0006081320744378 4.2608983774356002 112 95 88 1.1978080674141751 29 3551 27 2789 30 2904
2975 1.589862868272468 0.0018082500061869476 3.7301488248804167 71 92 51 0.99185073346847208 9 4688 3 2921 7 3169 4 3886 1 4893 2 5086 6 3416
619 3.1509103347157081 1.1744207535371773 4.1523840501549572 153 124 119 1.5532435431731639 29 3760 27 2801 26 2770 25 1982
2976 0.95101325377291923 -0.58012548641803063 5.4258000668841371 0 0 0 0.83841074739778199 9 4955 8 4578
620 2.8336405664242479 -1.1095819379526242 3.5276361188227545 0 0 0 0.59530622257362331 28 3600 27 2824 30 2654
2977 1.6512104970527266 -0.26399179538563189 3.5836404196575726 10 26 0 1.5981700448541389 9 4924 8 4650 3 2901 4 3731 6 3249
622 3.2212982030966439 -0.49677762890444982 2.7827027934668602 81 108 41 1.8184540729865315 29 3607 27 2863 30 3155
2979 2.0266924021462653 0.36051890935777398 2.982837044923162 56 73 19 1.4995957149060466 9 4949 8 4669 3 3017 7 3345 5 5264
623 3.1145241403632862 -0.46736963633673595 2.6985512237067653 218 224 195 0.91802049517812068 29 3609 27 2864 25 1842 28 3630 30 3156
2980 2.7485277101226941 0.68020790087013594 3.1994348172622491 208 215 231 1.9649438023545409 8 4679 3 3030 7 3174
624 2.4296645990058821 -0.47553447578461044 2.806775268030838 204 212 171 1.1314749368171344 28 3636 27 2868 30 2973 31 2291
2981 1.5444995833071697 0.2624557138080465 3.6823805478523819 91 111 71 1.8863869296847242 9 4958 8 4687 7 3290 5 5200 4 4002 1 4910 6 3436
625 3.1982222698704135 -0.3797800532105054 2.6612984131486597 138 141 98 2.1929658046200027 28 3639 27 2873 25 2037 30 2977
2982 1.2796101592799261 0.44637010929307464 3.1814728103757925 118 131 59 1.2299510343194 9 4962 8 4692
626 3.1632889690290749 -0.29136494405901847 2.6724135858598053 69 95 47 1.4701743896140587 29 3631 27 2885 25 2050 30 3177
2983 2.4761533528732902 -1.066166004473259 3.3638808298172935 221 217 188 0.77011619367437378 9 4984 8 4710 7 3224
627 1.8034849389269243 -0.46591975708709443 3.4772821057319421 153 188 107 1.0838667478686117 29 3633 27 2886 30 2738
2984 1.5910743208594964 -0.088526184831267216 3.7533902301034181 7 15 1 0.46099671560307098 8 4734 3 3084
628 3.0160205039017236 -0.23125139702392766 2.6559451157911096 226 227 195 0.671068978330986 29 3404 27 2892 30 3005
2985 1.6473225902471684 0.36705532365786014 3.4106893227218849 16 25 4 0.058961685930100247 9 5037 3 3093
2987 1.3666409115852307 -0.092571159895323329 3.8025212986652965 100 118 63 1.0038193435428855 10 267 3 340 1 387
631 2.3880032964779754 0.36807913405119275 2.843828410919651 22 34 15 0.74441396527164638 28 3737 27 2969 30 3073
2988 1.0978666169746745 -0.7084038148363867 2.6758461163041334 0 0 0 2.1303925033553046 10 39 3 590
632 2.9782263270176275 0.56797849487266616 2.82784409404288 101 124 95 1.6531534488897186 29 3870 27 2987 30 3091
2989 2.918171540275702 0.76330610833531387 2.9904696247859022 51 74 4 0.96778579294485445 13 583 3 908 1 1974
633 2.2606709810255561 1.5561268819431402 4.0508068708635818 99 85 85 0.98894305548692074 29 3766 27 3023 30 3132
2990 1.3690619110032489 0.23063033895197355 3.6593739882933982 79 95 56 0.82377639961261584 13 2471 3 950 5 3405
634 2.172442692971976 1.9556671123646947 4.3008433434674638 127 108 112 2.8157233631646066 29 3913 27 3035 30 3139
2991 2.4706659137478053 -1.0143943912821289 3.4058803424360797 115 140 67 1.5884576405677544 11 1143 3 1093 4 1938 7 1533
637 3.2499311685687533 -0.21637945993613239 2.6775491548061559 152 154 114 0.57204748976992104 27 3076 32 1501 25 2063
2994 2.6242997547782121 0.17457663563002401 2.8505514676474788 74 100 32 1.4771347583794725 8 2642 3 1562 7 1321 4 2160 1 1814
638 2.3232830563445894 0.31905889897412354 2.7709722525892997 182 193 133 0.97371357165732786 29 3853 27 3100 30 3202
2995 2.2829746759040277 -0.18493032056046313 3.0845691380968603 120 138 98 0.99020700325042099 8 3178 3 1864 4 2121 7 1674 2 3449 6 2185
639 2.2901214930926352 0.3623429274535046 2.7844110737020107 57 72 33 1.4591547269288399 29 3855 27 3102 31 2444 33 3244 35 4300 25 2127 26 2948 24 1679 22 2677 23 3368 30 3298
2996 2.2916311200123025 -0.18189798296125753 3.1050163600313394 119 136 100 2.440183031477428 8 3180 3 1865 7 2311 2 3964
640 2.5981912114056915 0.53641523104414268 3.1683780690293171 98 118 90 0.16718354175398281 27 3120 30 3307
2997 2.6369169330433335 0.15824475315046851 2.8900431575039511 95 121 44 1.4569607427212636 13 2967 3 1875 6 2216 1 3288
641 3.1556379573713884 1.2773338807526926 4.1548587078734593 161 131 129 1.0785959088478712 29 3902 27 3158 30 3244
2998 2.1615712172158905 0.13633555755034371 2.8681596263941467 161 177 104 1.700745409623875 8 3219 9 2991 3 1884 7 2048
642 2.2060098743294931 -1.1377659351903122 3.8552308716324397 200 208 167 0.34220103564113036 29 3915 27 3166
2999 2.5663634619867874 -1.1629016920566144 3.5985929023503411 191 212 147 0.5359519195441006 8 3449 3 1998 7 2208 9 3288
643 3.7629339685940946 -1.0114472214671448 3.9206262195531583 119 154 72 2.1776358211915068 26 3177 29 3923 27 3169 25 2378
3000 2.0781466943505817 -0.6126275461721491 2.8187049287045296 134 157 68 1.6164084843692497 8 3034 3 2020 7 2237
644 2.615420158637539 -0.55237958696162093 3.1157623853365961 110 156 56 0.44312040428570731 27 3186 30 3266
3001 2.5009479205488705 -0.65782816116651321 3.071455747815548 185 203 154 1.470433853069147 8 3861 3 2024 7 2239
645 2.9368769241875063 -0.39830254689419209 2.6780426352814164 65 90 50 0.79353353666542548 29 3941 27 3188 25 2231
3002 2.1731039381702928 -0.40141277621619481 2.7264552065536538 124 149 66 0.29054685019645143 9 3785 4 3169
646 3.09795967379765 -0.37012209187121048 2.7182093910528091 55 78 26 1.467110491763947 29 3943 27 3193 30 3168
3003 1.4510421359366272 -0.30219798363161626 3.7747971567953145 160 169 108 1.4598826624024885 8 3654 3 2104 4 2611 5 3835 1 3348 2 3536
647 3.2850990902939707 -0.30014273267226232 2.6974486565484117 204 210 171 1.8761535949053354 29 3947 27 3196 30 3277
3004 1.3904609329670732 0.24462722576615617 3.5462789227842015 73 94 55 2.4676219949286362 9 4283 3 2148 7 2401 5 4322 4 3055
648 1.5237361886302374 -0.20172909863148766 3.6537249397405192 44 67 31 0.6643021758489297 29 3962 27 3209 30 3290
3005 2.3750872071540585 1.181176877719373 3.1924905550729332 222 225 214 0.32461938711978489 3 2182 2 4168
649 2.7778438581067917 0.53360545088783118 3.0884030892803187 21 40 8 2.0836290772047592 29 3992 22 2931
3006 1.3046244254398298 1.1001479357514086 5.4466223721702329 123 136 100 0.91361215332426349 10 2516 3 2198 7 2444
650 2.8459102798179794 0.55746170540866347 3.0254937827310293 104 122 122 1.6600781834049698 26 3228 27 3232 24 2164 22 2932 23 3803 30 3308
3007 1.8528832527969548 -0.99250160324513736 3.7856892392649906 91 120 38 1.3339074973690679 8 4150 3 2237 7 2749
651 3.2859901058817891 0.60488913378099574 3.0182386444343932 105 130 101 1.5350285128243055 27 3238 33 3260 35 4314 34 2570 31 2462 30 3312
3008 2.1791704073776001 -0.84955476189763801 3.9528465051287265 77 98 41 0.52823887552492133 8 3892 3 2257 7 2763
652 2.7002777974410059 1.5985847306948868 3.9940059006643689 147 108 98 1.2165638477505318 26 3254 27 3260 24 2100 22 2859 18 2054
3009 2.4319722897485057 -0.040086795776215947 2.6029183640633704 224 227 218 1.3877580015767219 8 3919 3 2283 7 2773
653 0.64446559578536644 2.2624716441284543 5.3462224493341539 126 144 206 0.74526595142007679 29 4023 27 3264 30 3328
3010 1.5005773464119392 -0.48901420227945142 3.83836189992358 142 167 104 1.0682147089799812 8 3947 3 2300 7 2575 5 4531
3011 1.848336966391541 -0.12261862656687354 3.3860159149066522 44 68 21 1.4138884237221003 8 3222 3 2311 2 4400
655 2.802568095162671 0.90852590522576038 3.6170472091844634 89 97 74 0.42940961021264901 29 1734 35 2870
3012 2.028066027935735 0.23765229111036254 2.8268087629017788 100 134 50 0.98465860228766844 8 3981 3 2321 7 2601 5 4233
656 4.0673583715974173 0.49480096728384898 3.8301511116349327 137 150 94 0.61724112254502561 29 2948 31 1542 25 1731
3013 2.0354757087699746 0.22605319847526448 2.9423929055408551 138 163 95 0.84945277164056365 8 3678 3 2331 7 2607 5 4783 4 3522 1 4494
3014 2.1861563033396942 1.0698343601411013 3.3952508424370098 174 185 168 1.3083742899016511 9 4319 3 2417 7 2430 10 3164 5 4380
658 3.3904996092558464 1.6853736080258068 4.3263959091560267 154 122 111 0.93687369421736488 27 2198 31 1840 33 2607 35 3643 34 2182 30 2642
3015 1.6425528656799087 0.42587791074801717 4.7535893181087401 76 86 60 0.65232529484412904 9 4312 3 2419 7 2687
3016 2.0040115500495692 1.0223200891654618 3.4552213021901879 105 124 96 1.267193627413093 9 4321 3 2420 1 4009
660 2.3360454111859759 -0.46370068232338119 2.7270247545804183 90 97 55 1.7985851971230289 27 2300 31 1902 33 2671 35 3389 34 1727 36 1933 30 2704
3017 2.4509875230521745 -0.91449769499880185 3.3698230326960759 100 121 44 1.7448059210674134 3 2455 7 2728
661 4.0443782776842605 0.11431813576537185 4.2449369756761479 170 191 173 1.4531241251857367 29 3473 31 2023 33 2802 35 3522
3018 1.9435402607033221 -0.92146061801478352 3.4051071573484015 141 161 125 1.8243425262096251 8 4135 3 2460 4 3143 5 4700
662 2.2573770819089414 -0.45631813546578115 2.7309804947686187 177 179 142 1.5348634317852701 29 3376 31 2142 33 2923 35 3936 34 2216 32 1355
3019 2.0532316831839639 -0.58392540459013309 2.8638196119098569 195 206 138 0.9446709963909502 8 3870 3 2470 7 2745 5 4916 4 3435 1 4647
663 2.9892828789510415 -0.26988291241051382 2.6778817062317137 56 71 14 0.9835753484458255 31 2169 33 2952 35 3958
3020 1.9074612071797969 -0.96219957237757858 3.7329761270274844 122 151 57 1.8244425885680196 8 3871 3 2473 5 4452 4 3158 1 4111 2 4293 10 2580 6 2714
665 2.5609033103516778 0.59834487918776946 3.0312545070328518 71 81 57 2.1579916893658613 27 2478 31 2233 33 2835 30 2874
3022 1.8484089499766572 -0.78781356017723747 3.7970624206635586 135 163 88 0.5156113047039288 8 3551 3 2486 7 2520 5 4478 4 3197 1 4148 2 4336 6 3003
666 2.2566424322629888 0.33097707211380545 2.7522540835302118 196 204 165 0.60260140264038342 27 2962 31 2440 33 3241 30 3203
3023 1.1916223161940631 -0.59957183475388987 5.1622458707301435 69 83 46 1.0789849900884969 8 4008 3 2573 7 2381
667 2.7845750062301873 -0.68327226491279613 3.0119266467117529 87 126 35 1.5090867073365728 31 1197 33 1320 34 1032 36 1353
3024 1.6806273650465451 0.31110498967935651 3.283534367890756 95 115 78 2.1516842984291831 9 4851 3 2581
668 3.3489829713782342 -0.5519562285394104 2.9650244320749941 130 137 98 1.2853910071505463 31 1221 33 1354 35 2103
3025 1.5656277347645413 0.72115795635015811 4.0352413372492988 16 25 8 1.400721075481991 3 2614 7 2885 5 4662
670 2.1881747857547262 0.25289278512846147 2.7741202781004661 141 142 98 1.5009458729621408 31 1060 33 1474 35 2287
3027 1.2180611523336675 1.1134349920125111 5.1597800652775287 0 0 0 1.4117573941838018 8 4106 11 3143
671 4.0305253745690868 0.32351182691824787 4.0189035774257515 113 131 105 1.2914809012409101 31 1299 33 1504 35 2814
3028 1.846372198490619 1.7488800377169988 5.2748519977010346 133 105 84 0.89314547002251365 8 4112 10 3204 11 3151 3 2632
672 3.5184032175528155 0.81495861601528263 3.4120710415818487 146 156 130 0.4305300046301101 27 1555 33 1542 36 1570
3029 2.4777589296848084 -1.140731562177437 3.5168360455125591 126 153 56 0.96674096498111006 3 2637 7 2903 5 4901 2 4859
673 2.1087755866546609 -1.030417618134668 3.7171288709191161 84 112 52 1.4707389762208121 31 1157 33 1613 35 2480 36 1339
3030 2.6186285210725857 -1.10560912857343 3.4792104594724735 147 170 82 1.1311143660118756 8 4308 3 2640 7 2905
674 2.8738811010068739 -0.36200018635046738 2.6994312088937931 141 156 117 0.89198740177451974 31 1440 33 1703 35 2137
3031 2.0199160003584109 -1.199877922141755 3.8716679105413641 0 0 0 1.1119394022030231 8 4316 9 4575 3 2645
675 3.0809832481773785 0.056697083279958899 2.9781600374399595 88 106 64 0.3375016501201612 31 1272 33 1789
3032 2.1207586324904164 -0.71651186873367245 3.2027174785952361 136 168 61 1.705419520529226 8 4151 3 2661 7 2746 5 4917 4 3667 1 4413 2 4621 10 3237
676 2.1461180111697944 0.1515221471394419 2.8709487280765909 150 166 118 1.5236192765861567 31 1493 33 1792 35 2706
3033 2.4107031728396517 -0.58769358126507787 3.0155230168516618 214 221 179 0.83904800152121251 8 4333 3 2662 7 2924
677 3.4638339050602212 0.20448000049550125 3.0567660209635052 86 105 59 0.28557712222547499 31 1283 33 1834 35 2755
3034 2.0848487867389998 -0.9562242695820562 3.9778510297880367 70 97 29 0.96913189916584208 8 3885 3 2666 7 2931
678 3.5058433522250003 0.21153571292394496 3.3322318954642047 141 167 116 1.2586642597636428 31 1066 33 1847 35 2769 34 1126 36 1804 38 1577
3035 2.0971000828604933 -0.46117367276061699 2.8272597192236679 75 99 40 1.169891927666439 8 4340 3 2667 4 3445 1 4423
679 3.1696244154535309 0.50390779504052297 2.8111530266629496 79 98 66 1.2280602711750104 27 1534 33 1883 30 1305
3036 1.6082889209795528 -0.51149807136078962 3.5122486655934391 85 110 53 1.737933696584576 8 4363 5 4953 4 3708 2 5060 1 4863
680 3.6036191263590571 0.78225312013715731 3.5279755451138453 99 117 67 1.7238716309957649 31 1568 33 1914 35 3600
3037 1.3230377659685242 -0.17246863411611227 3.8087483804157363 174 182 131 0.60157234644317548 11 3284 3 2769 7 3026 5 4998 4 3757 1 4735 2 4954 6 3271
681 2.622743093220925 -1.0598083293673182 3.3860838861461784 200 211 177 1.4050801081116628 31 1345 33 1961 35 2923
3038 1.3472412435027186 -0.10645856028254494 3.8014628450090835 162 176 117 0.33240141776678106 8 4426 3 2770 7 3029 5 5000 4 3762 1 4739 2 4956 6 3278
682 2.6806362539488382 -1.0204467128937678 3.4293369307482595 162 179 111 1.2583924087175458 31 1143 33 1968 36 1607
3039 1.6199093039426666 0.043276634560299246 3.6983930457207825 53 71 29 1.6548354623092254 8 4429 3 2773 7 3031 5 5100 4 3887 1 4894 2 5088 6 3419
683 2.5837168673038047 -0.91493781401453156 3.3691788369561921 142 157 98 0.75813766044050501 31 1366 33 1987 35 3348 36 1898
3040 1.6706312351815393 0.050028712308097301 4.0101075913736084 14 29 6 1.784812233721299 8 4574 3 2783
684 3.7227746833384767 -1.0351876006114931 3.9177889106876544 142 170 96 0.53306479267068974 31 1384 35 2954
3041 1.1715350266710212 0.28241600569486169 3.4692354364800897 109 129 68 1.761197941648327 10 3369 7 2863 5 4853 4 3789 3 2804 2 4776 1 4284 6 3306
685 2.3455936008144951 -0.61766111964348058 2.7778653931186992 170 148 128 0.067036979638962713 31 1637 33 2009
3042 1.5807374075751159 -0.10507402527597451 5.0269893080019603 163 172 155 0.48956528352917905 8 4445 3 2805 7 3059
686 2.2647133345514812 -0.55839930641872282 2.7224520396838474 161 175 124 0.72151224983078688 33 2019 35 2508
3043 1.640540234645258 0.86735352715249081 3.743577728527328 112 117 67 1.0474153121227132 8 4471 3 2825 7 3078
688 2.4113784872516124 -0.4820191744104243 2.7873200219068317 105 114 47 1.166718103454804 31 1219 33 2052 35 2550
3045 1.2997782181998976 1.1449364014958325 5.4428712136992985 137 151 117 1.3621360606542701 9 4746 3 2839 5 5055 2 5030 1 4831 6 3354 4 3831
689 2.2550199010111234 -0.40994011376935369 2.7001114916868714 181 194 165 0.9165974289675769 31 1664 33 2067 35 3016 34 1472
3046 2.3280415684233038 -0.32612218784492447 2.8506630462907951 97 115 53 1.1102889166161476 8 4521 3 2873 7 2940 5 4936
690 2.2848756923140163 -0.40831893108800077 2.7025593822944507 193 191 168 0.67678317768526652 31 1665 33 2068 35 3017
3047 1.6602944270589142 -0.67215954005475775 3.4551738740854088 158 183 128 1.1917057345125113 8 4522 3 2875 7 2943
691 2.9737567117481718 -0.38157756486706507 2.6874826924166078 205 209 169 0.4914793012320075 31 1436 33 2082 35 3040
3048 2.1681624469203111 0.17809200460433966 2.9196385466593591 61 85 33 1.754310450808785 8 4391 3 2905 7 3263
692 2.4406095392807492 -0.32973435326664002 2.8403632071364719 143 148 107 0.48296718822233076 31 1451 33 2107 35 3062
3049 1.6672275355878214 -0.048008712814332929 3.6932630560111721 103 129 68 0.64485084541636273 8 4668 3 2918 7 3020
693 3.3224410236407298 -0.32484991096879345 2.7290414353285999 120 136 74 1.537240114849614 31 1247 33 2114 35 3064
3050 0.78565193048588244 -0.1793060631784717 5.2135412630730888 129 141 105 0.67289832192951093 8 4694 5 5216 4 3929 1 5026 2 5133 6 3559
694 3.3462860427322774 -0.3207633217119702 2.7140414101870598 95 106 48 1.2240709563702594 31 1687 33 2115 35 3063 34 1497
3051 1.5409941646441085 0.78586046941654053 4.1528009976385034 51 51 41 1.027843097372755 8 4597 3 2965 1 4941
695 3.1391308071404196 -0.2567632180806223 2.6402205569520572 88 99 56 1.6522458961738571 31 1694 33 2131 35 3077 34 1289 36 1698
3052 2.260712401102805 -0.55670779095654355 2.9681134178441333 103 117 58 1.4235450567728591 8 4510 3 2983 7 3237
696 3.0042796868329007 -0.20932484016162922 2.6322248031319968 104 102 61 0.47671759622000343 31 1460 33 2143 35 3088 34 1506
3053 2.3204725950256746 -0.34581096086605939 2.9404682519382752 138 151 108 1.5298950583504685 8 4719 3 2990 7 3247
697 2.1599155275263704 0.21537993154007121 2.7785576083475845 168 189 126 0.54661167425886159 31 1499 33 2193 35 2725
3054 2.1612004969881129 -0.4465038203680825 3.149458898784951 207 205 167 0.60233482014078232 8 4635 3 2991 7 3249 5 5161
3055 1.87719554461602 -0.61259890666439254 3.9797003068561234 68 92 34 0.7081617664328731 8 4641 3 2996 5 5172
699 3.3012595026405416 0.36046416551115046 2.8626837164965129 109 132 105 1.890967390334509 29 1636 33 2225 35 3195 34 1593
3056 2.2565509203947252 0.14643184718081931 2.8871287742980281 189 206 151 0.95022267423953877 8 4651 3 3007 7 3260 9 4928
701 4.0821229194051938 0.43810470376376159 3.8363728357099687 147 161 136 1.6883226016842479 31 1537 33 2253 35 3242
3058 1.3420963879578935 -0.14842610182236365 3.8756987854375469 107 129 56 0.98915047279238799 8 4670 3 3020 7 3275
702 2.8860055747095457 0.78219212207509603 2.9143398317825904 107 122 89 0.65129505037248669 31 1559 33 2274 35 3268
3059 2.6925034050898655 0.63743205776494938 3.1291341213783972 34 47 24 1.1034649936064884 3 3026 7 3353
703 3.2170789062439762 0.74745046953080851 2.936568316436428 113 127 101 1.4039940263632269 31 1558 33 2276 35 3270 30 1942 32 992
3060 1.5027709480231843 -0.074932894019353491 5.0174464738791817 97 114 70 0.55887172043660971 3 3043 7 3359
704 3.4196701799683145 0.79780488073736322 3.4218818301718281 74 86 62 0.37190105329327211 31 1810 33 2283 34 1899
3061 1.7744725588038679 1.2825332015398088 4.6048686989802849 115 84 64 1.1042883368577536 8 4703 3 3051 7 3372 4 4020
705 3.4678471844875989 0.81797693182829578 3.4067533775645584 62 71 52 1.3987990527321292 27 2157 33 2288 34 1659 30 1953
3062 1.7387818865102247 -0.66965615208386109 3.5371141785462235 68 98 24 1.1924578053003267 8 4720 9 4904 3 3069
706 3.6437564963543934 0.91449806793230515 3.5504837071369413 73 75 61 0.63209309051356777 31 1329 33 2303 35 3300 34 1675 36 2154
3063 1.3351280812360937 -0.6215069453321036 5.1903685512434183 0 0 0 3.3178211924235246 9 4942 12 2053
707 2.6303631475548315 -1.1270194165796772 3.4801513560367705 175 175 141 1.3282639045948319 31 1605 33 2316 35 3330
3064 1.8589587234882852 2.2025463831692327 5.2554358758561213 102 73 57 2.0473675288495721 8 4764 3 3120 7 3373
708 2.5718371095207861 -1.0726276324215085 3.4103500865645535 185 198 151 0.88626979000755712 31 1609 33 2317 35 2922 34 1196
3065 2.1307507275992488 -0.37663504027716421 2.8080229877535152 90 104 56 1.582288008125964 9 4135 3 2481 13 4308 11 2939 10 2970 8 3897
709 2.5710767833557102 -0.96077333163579548 3.3440306637120241 160 172 129 0.77356205056871674 33 2325 35 3341 34 1702 36 2184
3066 1.5523137419572297 0.049693903681760174 4.8773141763347745 55 73 21 2.580743624203591 10 2816 3 2392
713 3.331245967282586 -0.48742374015203993 2.7989736825431129 133 144 66 1.4163369035011268 31 1660 33 2371 35 3702
3070 1.3983859926210778 0.23532998151304757 3.5546079021609067 79 105 68 1.8916244227604018 3 944 7 984 4 453
716 2.277232941752791 -0.36228308861474651 2.829894896024661 51 58 25 1.2112847854241497 31 1679 33 2391 35 3716
3073 2.4383947331458091 -1.0430840160610702 3.5099806146463157 94 120 35 1.4735492148155356 8 2371 7 1536 4 1943
717 2.9057689312537387 -0.27999662233270384 2.675855799717108 15 36 0 1.875905616474038 31 1934 33 2408 35 3728 34 1772
3074 2.4210036901568102 -1.0757184527484309 3.6692720060196953 160 179 98 0.94671528723037712 8 1575 7 1545 5 3598 4 1950 2 3256
718 2.0645778389801381 -0.34880451602893636 3.2025668593365997 89 121 53 1.3203563081712602 31 1939 33 2411 32 1260
3075 2.0835482604083757 -0.6229694247012576 2.8617436413114961 174 193 109 0.39144993173299042 3 1472 7 1565 4 1979
720 2.986852044522136 -0.22254415927712368 2.6327234360222693 159 171 121 0.87339908295760149 31 1700 33 2418 35 3437 34 1779 36 1990
3077 2.3418045123602345 -0.23082197836673374 2.9479176283467479 99 115 66 1.2343033447714702 3 1839 7 1649 5 2354 4 2518 2 1919
721 2.9940663172486515 -0.19542245491483018 2.6385108683430301 151 157 121 0.83268724402771666 31 1705 33 2424 35 3091
3078 2.1371158774920027 -0.20851389950158458 3.082032101414458 156 177 145 0.45741327114639418 11 1841 5 3165
722 2.3011431454906677 -0.22193526009157591 2.9859430993272489 142 157 124 0.86316413774592859 31 2174 33 2427 35 3446
3079 2.6133280137468131 0.13531416110258299 2.8296517575092182 116 140 83 0.38721690227177152 3 1873 5 3209
723 2.4879058983252693 0.0072728046099776594 2.7567022741297498 115 135 106 0.79366560654246665 31 1732 33 2450 35 3463
3080 1.9758729200003504 0.28756751138549358 2.8780477114288177 157 180 100 1.0671152381373945 12 1019 7 1746 5 3293
724 3.2576246177296091 -0.015321233997028011 3.0980687693431288 3 11 0 1.1008508655033851 31 1485 33 2459 35 3130
3081 1.6268987726947948 -0.10406517439018187 5.0123409175628089 149 155 140 1.7883071947763369 3 1673 7 1806 5 3425 1 2896 9 3611 2 3054
725 3.1861724009463193 0.063182779045648188 2.8988492637291379 81 107 44 1.4774726269303591 31 1746 33 2476 30 2506
3082 2.6287226817413032 1.1007661150342618 3.3201543230313559 167 174 158 0.45036643974930995 3 1691 7 1826 5 3464 4 2308 1 2140
727 3.0483626345617143 0.071935820804959708 3.0134251279568445 140 163 91 0.73670915794061032 31 2000 33 2479 35 3150
3084 2.4882232030765428 1.0853883197467447 3.388697094513919 185 188 179 0.64339562346718338 3 1700 7 1835 4 2322 5 3483 1 2160 2 3085
728 3.615002948871171 -0.14616078350872955 4.3808337281008312 209 227 215 0.60788244685363124 31 1747 33 2481 35 3487 34 1569
3085 2.4402506731609739 -1.0244372589851591 3.5295564867398883 71 96 17 0.76461475981639959 8 2378 7 1913 6 2053
729 2.2035733112517937 0.18317970122685942 2.8282674911999219 213 227 211 0.94766133583204248 31 2004 33 2482 35 3152 30 2814
3086 2.7053476359112625 -0.7058328056100942 3.0721957737321781 196 212 175 0.92649015883335628 3 1775 7 1921 5 3610 4 2427 1 3076 2 3269 6 2063
730 2.3407270556955257 0.18567445602801957 2.8880319546873152 71 90 38 1.4261337549359456 31 1498 33 2484 35 3157
3087 1.908883554296442 -1.0878035240603032 3.7817681376170276 138 161 71 0.6292814249590748 3 1778 7 1925 5 3617 4 2826 1 3674 2 3858 6 2402
731 2.3070775846770935 0.26770616429210298 2.8191901437908187 152 168 112 0.82546202149928138 31 1751 33 2490 35 3498 34 1827 36 2325
3088 2.5094947885537202 -0.63976033515631558 3.1170027579939386 182 197 159 0.70408349881209664 3 1793 7 1937 5 2974 4 2453 1 3117 2 2562
732 2.3106470207085064 0.32217306662784045 2.7743471423163735 153 166 109 1.1478187768175192 31 2019 33 2500 35 3506 34 1575 36 2052
3089 2.3105693923864052 -0.22776877893124028 3.1459064871167843 81 98 54 1.3745508497074297 3 1536 8 2595 7 2015
733 4.0632441197826363 0.30836948922599494 3.9834056870727665 112 134 111 0.38773218178449714 31 2045 33 2528 35 3555
3090 2.6250354534014044 0.16941796518019411 2.8295254466654698 100 128 55 1.1541834265827349 3 1243 7 2034 5 2471 1 3287
734 3.898561465018735 0.33203384263695146 4.1296194755468285 70 92 71 0.88726170536259796 31 1784 33 2531 35 3225 34 1617 32 1292
3091 1.9118289224469356 0.28681601737197299 2.9234250711152345 99 125 24 1.0821868993601504 3 1904 7 2083 5 3311 1 3368
735 3.5795551218869424 0.40549636136551204 3.3380363997690177 67 98 19 0.5616342839462376 31 2049 33 2532
3092 1.3700900141132879 0.043120045799284197 3.2875410853710463 83 103 57 0.91437852739097947 3 1908 7 2091 5 3863
736 3.4125391091133119 0.60445815616320731 3.0145376166792919 196 208 196 1.0824639734065109 31 2240 33 2552 35 3574 34 2137 36 2633 37 2250
3093 1.4679499915670533 -0.07307157734944135 5.0182989708749055 111 128 92 1.4642726810544444 3 2159 7 2154 5 4351 1 3983 2 4153 6 2628
737 3.6627828045988475 0.83340717392471098 3.4989281259360951 42 48 36 0.76463432410372334 31 1815 33 2579 35 3873 34 1910
3094 2.4475002160385793 -1.1148912959941402 3.474015265810467 141 161 74 0.48099165327974819 3 2000 7 2209 5 4044 4 2797 1 3642
738 3.6632628464097561 0.83304259704694172 3.4965020771173849 42 48 36 0.77656733192055516 31 1816 33 2580 35 3874 34 1911 36 2403
3095 2.0342031839423576 -0.93246027592857395 3.3884365463886077 149 166 121 0.068516340962483768 3 2212 4 2811
739 3.6204691732283258 0.92196436975203311 3.5563059400187984 144 146 128 0.40886198134082558 31 1820 33 2585 35 3616
3096 2.6106200652977223 0.14573435114320735 2.817949849764871 212 222 223 1.2146411389141829 3 2083 7 2318 5 4189 4 2937 1 3812
740 2.5402630821778431 -1.0918536916226562 3.4244260412430667 86 111 54 0.30835896914551814 31 1608 33 2610 35 3331
3097 1.3736942525882454 -0.30588131833162896 3.8629612814817937 115 136 41 0.77325093949514689 3 2112 7 2357 5 4246 4 3275 1 3877 6 2810
741 2.6571949137687385 -1.0535006151744246 3.4132631894391849 200 213 160 0.91242232616800456 31 1851 33 2611 35 3647 34 1939 36 2451
3098 1.6110406569986713 0.22745909086371005 3.3123774449886034 39 56 20 1.2601162851153964 3 2134 6 2572
742 2.6857299220884787 -1.0459417358963592 3.4183055536553164 108 127 63 0.92009667400127626 31 1852 33 2613 35 3335 34 1699
3099 1.3972496902515386 0.19302783493173922 3.7131364325313942 69 86 54 2.2591870360251769 9 3608 5 4324 4 3057 1 3953 6 2611
743 2.6076469506734705 -1.0022379679520048 3.3251414800769266 202 210 160 0.48628342104043448 31 1613 33 2615 35 3649
3100 2.4488609652193527 1.0655686739791612 3.404361993437615 215 219 210 0.36135042352331403 3 2411 7 2420 5 4372
744 2.6550400248371937 -0.95742305326520138 3.3703152403564545 74 98 24 0.5177613002382131 31 1859 33 2620 35 3660
3101 2.4181697391658763 1.0973946494115325 3.3634688593118449 195 198 189 0.79027550564923887 3 2181 7 2424 5 3982 4 2726 1 3515
745 2.5935821817860827 -0.93635411080548459 3.3750906391368258 56 76 15 0.96485196719307909 31 1860 33 2621 35 3343 36 1895
3102 2.2758346070235818 1.1435708956262083 3.2867305443419572 167 177 150 0.69128912076152993 3 2184 7 2429 6 2643
746 3.9007915094578856 -1.104753027601959 4.0718662339215657 216 226 189 0.61273478396923375 33 2632 35 3915 34 2203
3103 1.5145131798349896 1.0463923657591407 5.4312804800048902 88 100 64 0.56196733795056675 3 2437 7 2443
3708 1.6514154022740521 -0.50124794415364149 3.4531883242026744 52 77 35 1.8879099935578474 5 4754 1 3781 2 3955 6 2475
3726 2.1604545788342695 1.0332983479397084 3.4215905126711386 182 191 174 0.60519420622008269 4 3097 1 3999 2 4177
3739 2.0849534497937849 -0.62466694894503116 2.8207028373252063 162 181 91 0.84174052591012416 4 2825 1 4089 2 4272 6 2703
3740 1.8665935933940019 -0.86094893120391991 3.4226004153881004 155 173 154 1.5407851892810025 4 3436 5 4445 1 4100 2 4284
3752 2.2928803942645533 -0.084112458122248462 3.1419777490609992 131 159 101 0.46572036903545166 4 3234 1 4179 2 4372
3753 1.9379424765222781 -0.091657099306859502 3.5645548366171855 153 178 119 0.76513559805816445 4 3521 1 4208 6 3059 2 4698
3754 1.8340710857426801 -0.10981887373897885 3.6118731794317087 121 149 90 1.0536264719620103 4 3737 1 4214 2 4414
3755 1.3780850978177261 -0.33403499823481675 3.8505900985621277 204 216 152 0.79446709046398745 5 4558 1 4215 6 2804
3756 1.3362670265004137 -0.29204720400467676 3.8450118515953506 184 202 128 1.0157184631707865 5 4566 1 4221 1 4506
3757 1.6186457430126413 -0.3871226501840449 4.2856827428892919 129 153 95 0.98148262020296029 4 3538 1 4226 2 4424 6 3070
3758 1.3754854840624353 -0.2739030894105341 4.0319409287874599 84 105 48 0.31435730230275721 4 3004 2 4432
3759 1.3822564514196702 -0.15672241255317523 3.9124490903147517 145 167 102 0.72247387339267888 5 4813 1 4244 2 4442
3760 2.1363959915398647 0.44707640250941744 3.1477926022006715 81 104 49 2.0700916456438248 4 3562 1 4247 2 4446 6 2830
3761 1.7799426493157775 0.50398832670994242 3.1016333898970765 155 174 107 1.7353987915698805 4 3581 1 4264 2 4464 6 3109
3762 1.5404264302373474 0.13128225513374409 3.8603699093612329 64 85 46 0.55456371496843049 5 4314 1 4269 2 4472 6 2854
3763 1.2180591278494024 0.31571996289475585 3.257978907285481 130 154 80 1.8403624616745045 4 3338 1 4271 6 2608
3764 1.4853968421148576 0.30311560180122038 3.8410044120411393 19 30 12 1.2550948713830405 4 3596 1 4291 2 4491 6 2872
3765 1.8833659595171897 0.17200783343832052 4.6846351434085491 98 119 80 0.93379909556504492 4 3355 1 4306 2 4502
3766 1.4094248705327741 -0.09315989425814418 5.1323291646434317 154 165 122 1.0220521711039632 5 4356 1 4321 2 4518 6 3137
3767 1.9407489300427652 0.71152554058916551 4.0289732646671306 75 89 61 0.35765038763397378 4 3616 1 4331 2 4530
3768 1.5774432785456183 0.40773648381741978 4.726548313753077 117 127 100 0.42022789247384151 4 3108 1 4338 2 4195 6 2903
3769 1.7938349443181327 0.9708084111818116 3.860306168398461 131 106 87 0.6895133669212915 4 3628 1 4344 2 4823 6 3159
3771 1.5344507254398583 0.40678466772492961 5.1439632296387607 214 212 199 0.35421787601729077 4 3632 1 4351 2 4553
3772 1.7056656984490519 0.91509577505221329 4.2723176050238516 82 70 55 0.37245074945228651 4 3394 1 4355
3773 1.9731690546755747 1.3429206948205512 4.2463527451493741 130 104 87 0.73788156222139356 5 4674 7 2701 1 4362 2 4559
3774 2.4855415807828312 -1.0908517388237229 3.4235415923103267 221 228 196 1.1051991351674386 5 4421 1 4390 2 4596
3775 2.2612158339199495 -1.1391621062271937 3.7379937990347143 103 127 33 0.25093302785043275 4 3416 1 4394 2 4600
3776 2.4547900289897449 -1.0235294890882818 3.542402195343954 72 99 30 0.50536401657285135 4 3135 1 4395 2 4259
3777 2.3975724297073207 -0.66378534142809043 2.8929784231068947 207 216 169 0.7118572437253522 4 3140 1 4399 6 2695
3778 2.0778597672555259 -0.8576730264719884 3.3164082690863741 135 168 87 1.4606156409887849 4 3424 1 4400 2 4605 5 4702 6 2954
3779 2.6577316017785857 -0.88157340111622295 3.5740476342506327 101 123 50 0.5030535569003054 4 3426 1 4408 2 4614 6 2960
3780 1.9328968063115108 -1.0117811044666971 3.7139875057458189 135 158 70 1.212121716576301 4 3429 1 4409 2 4617 6 2961
3781 2.0317335653259376 -0.96188499289071105 3.6687778138209381 153 177 81 0.34386076022508894 4 3433 1 4411 2 4618 6 2965
3782 2.0273602997147839 -0.96225029266732132 3.6680549688756741 153 177 81 0.23442671782143201 4 3434 1 4412 2 4619
3783 2.7325470205543088 -0.7762279637461601 3.6154882389296663 128 143 100 0.74017377807624629 4 3163 1 4421 2 4303 6 2975
3784 1.8991228731698253 -0.77575770586705028 3.4378775051162758 127 154 111 1.2448233351023856 4 3443 1 4424 2 4626 6 2977
3785 2.1716181432072972 -0.45618133566887847 2.9173863744805102 88 109 50 0.97799073340210474 4 3448 1 4429 2 4631 6 3205
3786 2.2399150517634698 -0.33231802793225407 3.0197913381234502 84 107 51 1.4134977395236916 4 3687 1 4445 2 4648
3787 1.6295753997515214 -0.61307163614274518 3.4515407157810358 155 180 110 0.82027878094759366 4 3691 1 4447 2 4651 6 3218
3788 1.9500482203765934 -0.44526318160388595 3.4406843835671341 164 192 134 0.74244576495304893 4 3703 1 4460 2 4663 6 3231
3789 1.9500482203765934 -0.44526318160388595 3.4406843835671341 164 192 134 0.74244576495304893 4 3704 1 4461 2 4664 6 3232
3790 1.8204313617210186 -0.1421653874048128 2.9624770986980646 83 107 57 1.9070488941561772 4 3229 1 4466 2 4672 6 3025
3791 2.2707591978810666 -0.22339937384242017 3.4538583853603755 28 47 11 1.4787855629133242 5 4958 1 4469 2 4680 6 3032
3792 1.8900090225907622 -0.08148136886585905 2.9914266525337143 171 192 131 1.3466102975645504 4 3717 1 4470 2 4913 6 3241
3793 1.6135309204306607 -0.48940327128042377 3.7191136781979393 113 139 94 1.4189876517514532 4 3235 1 4471 2 4678 6 3029
3794 2.7686097085359185 0.2272308661356689 2.8663916505812272 89 124 24 2.1051344029462955 4 3503 1 4478 2 4921 6 3037
3795 1.9861675885808177 -0.33433180663515472 3.6989677615450436 53 69 40 1.1533890013531312 4 3502 1 4479 2 4687 6 3036
3796 1.8425425362815042 -0.017573481821927039 3.1041200819635413 142 170 107 0.50349887028718054 4 3256 1 4486 6 3045
3797 1.8294116011769128 -0.11800743584737336 3.334473675002235 164 188 119 0.92017067658911988 3 2310 4 3509 1 4487 2 4397 6 3047
3798 2.0323870370661687 -0.081362061548880635 3.4949070898236552 37 59 13 1.7775576781964226 4 3262 1 4492 6 2797
3799 1.3910176213964247 -0.30897279954953594 3.9291274781091619 47 71 23 1.8520879651393063 5 4565 1 4508 2 4942
3800 1.4810223746136346 -0.26041350117717471 4.0681654748860732 160 187 109 0.9340806833869848 5 4992 1 4524 2 4730 6 3267
3801 1.5605427371508283 0.055211418008259988 3.6504954627330246 119 147 95 0.22558895661345549 4 3310 1 4536 2 4742
3802 2.2790464787352414 0.48576100904408187 3.2162041633923173 48 64 27 1.234595743736181 4 3566 1 4538 2 4963 6 3286
3803 1.5654682446958958 -0.53799558148117566 5.0021394860206518 96 121 53 0.93203677547597508 4 3301 1 4541 2 4745 6 3092
3804 1.4475764833160218 0.37284115988580102 3.9094524428544992 52 64 40 2.4115730187232107 4 3800 1 4575 2 4785 6 3133
3805 1.2947487176163879 -0.11626439971329018 5.1458254947533781 158 168 131 1.0416305008372737 4 3607 1 4590 2 5001 5 5037 6 3328
3806 2.4067317954131586 1.3267702508318684 3.8611612947897016 143 117 103 0.69786578373367092 4 3390 1 4603 2 4826 6 3162
3807 1.6031868238532136 0.86678579522564547 4.0699902221843782 69 65 54 0.79003930827929758 4 3392 1 4605 2 4827 6 2910
3808 2.217850710528078 1.2681470241595141 3.917879024815123 135 108 91 2.3158983018466284 5 5046 1 4607 2 4829 4 3633
3809 1.7862706949557512 0.95508709364668798 4.2376975699850714 84 76 63 0.70379598711117308 4 3393 1 4608 2 4830
3810 1.5676251089685194 0.80520396289394347 5.1366482325022451 0 0 0 0.59234228450292181 4 3822 5 4672
3811 1.7060156288481747 1.241951667637005 4.5793255770331633 127 99 77 0.3819121994720529 4 3640 5 4890 1 4618
3812 1.2843626105791319 1.139748278684257 4.8471728611154301 91 67 44 1.700737054160899 4 3642 1 4624 2 4845 6 3484
3813 2.517302688512395 -1.2236154327736595 3.5700384697915615 208 216 166 0.72829789367241748 4 3649 1 4634 2 4858 6 3179
3814 2.4883609121028911 -1.1080284112537004 3.4000741182759167 0 0 0 1.208616984236099 5 5058 1 4635 2 5036 6 3355
3815 2.5958783141873778 -1.1480639872771825 3.5657934134609892 83 112 31 0.77088087882519185 4 3833 1 4637 2 4861 2 5037
3816 1.9038009556859219 -0.91548929944987922 3.3557663382615743 148 174 113 1.8101156986617331 4 3659 1 4645 2 4871 6 3192
3817 2.3826748566943285 -0.61772227057828033 3.1312367988781387 106 140 54 0.43848711110079303 4 3845 1 4657 2 4882 6 3200
3818 2.1156010982393521 -0.38040383829518376 2.7514082966517344 170 193 113 0.25242632651700758 4 3676 1 4662 2 4887
3819 1.9201021067459318 -0.96781363088497052 3.9438304569905265 70 99 35 0.83540049229103297 4 3449 1 4665 2 4888 6 2986
3820 1.9624110518456175 -0.90089331089409619 3.913367613762591 78 100 33 0.92258951188222349 5 4727 1 4669 2 4637
3821 2.1468522510573482 -0.39639590833455152 3.1597891604597841 124 151 67 0.56884047338298327 5 4743 1 4676 6 3008
3822 1.66717306025538 -0.58560681308035978 3.4339863246089086 74 98 53 0.4105576660418529 4 3692 1 4678 2 4894
3823 1.7469239808365864 -0.55359935651336245 3.5928308089361174 110 137 92 1.5427540351091074 4 3480 2 4904 6 3230
3824 2.4204904731982997 -0.22962363550646595 3.2119845998985292 85 108 52 0.38665134070778101 4 3707 1 4691 6 3234
3825 2.0563043934886305 -0.57894799159182642 3.9631938097327422 40 60 12 1.0274436561778737 4 3490 1 4698 2 4673 6 3024
3826 2.0011471738190694 -0.608131313739534 4.004817882551996 82 110 52 1.0479117407499829 4 3712 1 4699 6 3236
3829 2.4110360004198936 -0.11220758524700156 3.3746830103575873 71 88 43 1.9677935224238063 4 3721 1 4706 2 4917 6 3243
3831 2.0561333410644087 -0.032834882501608043 3.1991926155480352 125 157 84 0.86789031710562414 4 3728 1 4710 2 5072
3832 1.7389567622099076 -0.38833373486698336 4.1712269254220953 45 67 20 1.0467013190222805 4 3735 1 4716 6 3256
3833 1.6794882380428837 0.071589108041004615 3.2131866464883201 79 107 58 1.037613361678912 5 4985 1 4721 2 4935
3834 1.5854291535626994 -0.42384255021236733 4.2680380054706859 67 94 41 0.80813325138253045 4 3739 1 4725 2 4940
3835 1.579868540761511 -0.42504541453222222 4.2663568585774829 67 94 41 0.95068674619590521 4 3740 1 4726 2 4941 6 3259
3837 1.7082576882627214 0.24704724737963696 3.3276199984495838 32 49 13 1.2914832584782439 5 4824 1 4742 2 4958
3838 1.6317942772236524 -0.06247396145090274 4.1413486301705307 92 119 64 1.0850618441244773 4 3771 1 4750 2 4967 6 3291
3839 1.587153900738151 0.084175783909343022 4.0286936204846908 39 56 22 1.2174127570539048 4 3778 1 4759 2 4975
3840 1.0180427190303498 0.16747066098747196 3.5120105233668508 69 91 49 0.70227040285801967 4 3786 2 4980
3841 1.63535932897354 0.31972443716626175 4.0047881492967221 64 78 52 1.2902858013122465 4 3794 1 4782 2 4993 6 3314
3842 1.589297638861692 -0.041224112625427911 4.9143914765850596 177 185 170 0.51457644831015736 4 3796 1 4788 2 4996
3843 2.6936478372737223 0.50143562319183133 4.8982771242326733 114 139 58 0.73986720435445064 4 3603 1 4792 2 4999 6 3322
3844 1.9044992017039752 0.71251625739266233 3.916111608516514 23 36 8 1.5022914070054203 4 3811 1 4796 2 4801
3845 1.1772056924917462 -0.0059549598871365579 4.8929380497462489 111 128 86 1.460486620502969 4 3613 1 4797 2 5003 6 3330
3846 1.6599697620157647 0.78478229544606304 3.6122779229962165 98 108 55 1.6188539337939356 4 3814 1 4801 2 5005 6 3150
3847 1.681203767203703 0.77094741204017581 3.779954153599081 18 30 5 0.078137942281731765 8 4468 1 4804 2 5009
3848 1.5851590692924511 0.37083499512287149 4.7773488979560756 91 105 81 1.0401466168851961 4 3816 1 4810 2 5011 6 3335
3849 1.6799163391071223 0.45695865225098264 5.2822717598159139 84 98 60 1.3889566012874779 4 3820 1 4816 2 5018 6 3166
3851 1.3939038060109941 1.0942410812466856 4.6613487416453188 84 98 62 1.2800657575617556 4 3823 1 4822 2 5139 6 3342
3852 1.3062102243248614 1.0788636462787635 4.7018464615594056 87 101 59 1.2772470552267559 4 3825 1 4825 2 5024
3853 2.6642269754165704 -1.1805196539619196 3.5368055281280042 195 206 148 0.61542868504312442 5 4900 1 4836 2 5035
3854 1.8654839511671757 -0.77531595606252635 3.6303719080001216 81 113 37 1.3900925326044327 4 3848 1 4851 6 3377
3855 2.2445580410450914 -0.38925787618157398 3.1802476174296674 123 155 70 0.4095527166528965 4 3854 1 4853 2 5056 6 3380
3857 2.4280252534334901 -0.060324444850725252 3.5199529153271327 96 126 72 1.4533291200903518 4 3868 1 4879 2 5073
3858 1.7669971473291832 0.10572419097025262 3.5530101556252176 77 109 36 0.22598340506912729 4 3885 2 5207
3859 1.680891071959864 0.18696281468511347 3.5330208969965815 8 19 5 1.7963496822914269 5 5102 1 4895 6 3422
3860 1.4559032104572438 0.21507545051621033 3.3391986561143154 134 153 125 1.080068721669869 4 3890 1 4896 2 5092
3861 1.8461257121409778 0.092676929497076233 3.9573128339797159 11 21 10 1.2275964564038686 4 3891 1 4898 2 5094 6 3290
3862 1.5490990946404084 0.26475809485320362 3.6815102952427488 109 129 97 0.80948912914868809 4 4001 1 4909 2 5101 6 3435
3863 1.8525154387283884 0.17249564896968622 4.6436580291284431 93 113 78 0.57997376569352943 4 3909 1 4921 2 5112 6 3449
3864 2.4035499387814192 0.52551157192430253 4.7725501890855453 15 22 6 0.91932370530876983 4 3920 1 4930 6 3460
3865 1.5444989515559404 0.53783810581274472 3.9312029475610566 4 12 0 1.1948233729887043 4 3922 5 5122 1 4931 6 3461
3866 2.0135579645095483 0.51678362633491925 5.3630053198503314 0 0 0 1.0407153891101935 4 3817 1 4942 2 5135 6 3474
3867 1.74473957626576 1.3308139386010287 4.6983497347455554 57 39 22 0.92954599730518339 5 5223 1 4947 2 5239
3868 2.3747414361913082 -1.1579743240654403 3.6641632336904313 222 224 185 0.85844480285149993 4 3943 1 4959 2 5157 6 3491
3870 2.8557840933108207 -0.50773717831157417 3.1133303092436875 153 175 113 0.77221950964806951 4 3958 1 4970 2 5172 6 3502
3871 1.6807995222145671 -0.94640954139827527 3.7763883808606029 82 101 45 0.81143849376880195 4 3959 1 4972 2 5174 6 3503
3873 2.1886945314779092 -0.43807845062257278 3.1487870481984803 215 211 186 0.1517674031488119 4 3971 1 4979 2 5180 6 3508
3874 2.3959231146724624 -0.35046222264712329 3.042808108198352 164 184 131 1.6372812385651221 4 3972 1 4981 2 5181 6 3509
3875 2.021799490788263 -0.52653021190174043 3.8024360080370867 83 106 59 0.92302931025584611 4 3978 1 4986 2 5188 6 3516
3876 1.4304511808993601 0.019129100447625322 3.4395304254140724 132 164 86 0.5107533251047407 4 3994 1 4996 6 3531
3877 1.6486631700239449 0.18936206643285899 3.2631166915438166 42 59 11 1.0064621829841047 4 3995 1 4997 2 5206 6 3533
3878 1.8838441124804655 0.20293667168444998 4.15061691734389 42 57 25 1.2318874196588818 5 5114 1 5009 2 5217 6 3549
3879 1.4819394318597439 0.17233318709413514 4.4840817688603911 10 19 2 1.8886100794217857 4 3916 1 5018 2 5284 6 3602
3880 1.6633872063840467 0.48906492249755812 4.0892154300275507 27 36 15 0.98929712341757892 4 4012 1 5020 2 5228 6 3556
3881 1.7654890813973043 0.37933393342552674 4.5167296978392262 3 8 2 0.61526848024154834 4 3921 1 5021 2 5229 6 3607
3882 1.7965531495589211 0.86118020519221516 3.7250307328888788 35 50 13 1.8872357076721091 4 4068 5 5280 1 5024 2 5232 6 3609
3883 1.7852910447278802 1.1022720901684804 4.4393495004068262 74 46 34 1.0501599589022093 4 4076 1 5027 2 5238 6 3564
3884 2.3726879664918368 1.9151196366607126 4.2720273939924587 130 94 68 1.4492928576598796 4 4022 1 5029 2 5240 6 3565
3885 2.1151241770404203 -0.41713774479996296 2.9312475239583979 94 119 61 1.6346196694088324 4 3968 1 5039 2 5177
3886 2.4283476660882259 -0.12908369803443051 2.9493850794334784 0 0 0 1.3285395515277896 5 5247 1 5041 6 3578
3887 1.574058388883997 -0.43907995962379914 3.594955833907151 50 73 27 1.0020174705632277 4 4035 1 5043 2 5256 6 3583
3888 1.574058388883997 -0.43907995962379914 3.594955833907151 50 73 27 1.0020174705632277 4 4034 1 5044 2 5255 6 3582
3890 1.7452971544994624 -0.48564134258764929 3.9178604645645976 52 72 36 1.9512649069992802 4 4037 1 5046 2 5259 6 3586
3891 1.507301009769872 -0.45052641464754511 3.9052978218936452 112 142 68 1.0340105230686043 5 5257 1 5050 2 5262 6 3524
3892 1.9402211140862864 -0.076510782390621646 3.412853061976409 105 140 46 1.52664016989287 4 4046 1 5052 2 5197 6 3588
3893 2.1099971959005601 -0.15555758027093203 4.7203041968755768 68 93 38 1.6520285523472218 4 4058 1 5060 2 5272 6 3595
3894 2.3831324092520583 -0.032510814530536003 4.8401097974060505 233 236 229 1.2804658216906086 4 4059 1 5062 2 5275
3895 1.2707461656055032 0.27736911507264134 3.4534902497109581 22 37 15 0.87966638701007982 4 4004 1 5064 2 5277 6 3596
3896 1.5118680925046357 -0.079253533194612549 4.9025499378830348 203 212 193 1.3089606166237122 4 4065 1 5068 2 5224 6 3601
3897 1.5727769490093748 0.40661088268216883 3.8811101384396665 31 43 21 1.5341661058394356 7 3361 1 5069 6 3553
3898 1.6256565591235144 0.32508428711294629 4.4171792262957057 76 88 52 1.6100729804067262 4 4011 1 5071 2 5286 6 3606
3899 1.9393175097568633 0.99394058459002621 3.5018922679234827 0 0 0 1.251104305300234 5 5278 1 5073 2 5231
3901 2.1346602046494012 1.1823941051598577 3.8612707691189621 130 99 81 1.7321321532107263 5 4668 1 4347 2 4204 6 2656
3903 2.1611532327837208 -0.086173918633110372 3.3354264705386769 32 49 17 1.5422522568145867 4 3867 1 4876 2 5192 6 3522
3905 2.5543589304987009 -1.0532650879960193 3.4706037867699657 154 172 96 1.4487590764973166 1 636 4 18 2 9
3906 1.614965253205412 -0.049330486962287104 4.9554723232113034 175 186 169 0.40228298600411372 1 459 5 810 2 622
3908 1.8589576426520091 -1.1286002184564827 3.8315729006629642 164 186 100 0.91510333025099577 1 1507 5 1083 2 850
3909 1.0014272649607783 -0.42141947468078461 3.1462245973073673 102 123 82 2.0844413845202254 10 1294 2 1101
3910 1.4377230282678171 -0.3244850300496992 3.7090799075679333 160 182 117 1.0031815059447498 1 1056 4 1704 2 1226 6 970 5 1606
3911 1.4376797623486564 -0.20006643458379034 3.6964948638020738 130 150 82 0.36034747184659816 5 1678 2 1272 6 1000
3912 1.5106078681103032 -0.1227024141994494 5.0145758573028365 171 185 153 0.48652960711525406 1 2133 5 1901 2 1482
3913 1.489167837539598 0.79306507377089375 5.1975799136384548 110 123 93 0.44091599697390388 5 2012 8 2931 2 1621
3915 2.0406272254131723 -0.55045191819944395 2.8255394454772369 167 189 117 0.63473064359560949 7 619 2 1775
3916 1.8897713704825823 -1.0180017531788756 3.8387511531766094 128 155 86 0.46053460831419324 1 1558 5 2991 2 1795
3917 1.7527053646833997 -0.73093745255346654 4.2763069188020832 59 92 17 0.24920511729724512 4 1650 2 1998 6 890
3918 2.2777512862081535 0.19592530428468807 2.9681570505230326 77 103 38 1.2308450673621953 1 1855 5 2529 2 2052
3919 2.2339999254193232 0.19377360910281041 2.9719019598969694 75 99 41 0.98743793442849415 1 2671 5 569 2 2055
3920 1.4488414709166413 -0.20314177336431671 3.7032553884580155 195 205 153 0.6197156547869227 1 1912 5 2579 2 2099 6 1517
3921 1.3360794615270146 -0.22887195469048122 3.75525040990579 131 152 75 1.7163786530267264 4 1752 5 2587 2 2107 6 1867
3922 1.3518799522945435 -0.21873523938928441 3.7528339145334213 134 159 85 1.3346964159176498 1 1926 5 2589 2 2112
3923 1.1190623616030986 -0.61571285308647039 5.1404108033956906 117 141 108 0.75373188741169272 1 2041 5 3369 2 2199
3924 1.8743680589160701 -0.1552650403809463 4.9558468035579981 90 103 71 0.91546716236968484 1 2091 4 1200 2 2240 6 1598
3925 1.6678509394186034 0.84655495692494775 3.718513508200211 91 106 51 0.86579265002158579 1 1315 4 1263 2 2366 6 1149 5 1975
3926 1.3982214778117183 0.97222947420007599 5.3448382684690019 69 78 49 1.4963064822618164 4 1303 8 2324 2 2436 6 1660
3927 1.2701698185672043 1.1039215335312793 5.4838815931610156 191 198 164 0.28785085883788636 1 3027 5 2873 2 2459
3928 2.4255214579665139 -1.1173326514102762 3.614444897433446 168 193 112 0.57108518256638707 4 1936 2 2484 6 1243 1 1461
3929 1.9006172680813163 -1.1056777668565081 3.7366824199122544 215 227 166 0.35426290888835282 4 1382 2 2509 6 1271
3930 2.6056356338596505 -0.679694847711662 3.0729919672467005 173 183 150 0.68170320421861064 4 1975 5 2162 2 2528
3931 1.854179362505765 -0.96146212500299477 3.7609332140360512 151 171 81 0.64298543107177852 1 2437 7 1582 2 2584
3932 2.3447555298897234 -0.47417244709805245 3.3133925993412956 79 100 53 1.2089420379685887 4 2080 2 2683 6 2150
3933 2.0095077151881218 -0.40848701164664064 3.1845977148556073 118 147 58 1.1636272814244686 1 1704 4 2097 2 2705
3935 2.2841699091959251 -0.78228543943058049 4.2744608147041721 76 99 52 0.83409644872713573 1 2560 4 888 2 2745
3937 2.2857254260490838 -0.17295048956174613 3.095986936035505 61 85 33 0.75467558482992703 3 1542 5 3170 2 2757
3938 1.7706570864714284 -0.69748708092573419 4.2921151300091243 113 139 72 1.2993630179224802 4 2938 2 2796 6 1820
3939 2.6548950071040807 0.17212464467403596 2.8978560478463811 92 121 56 2.1961322657670101 1 1819 4 1670 2 2799
3940 2.2690422225881965 0.10143912330139827 2.9025338393025901 82 112 26 1.8329138222829424 1 1820 4 1677 2 2806
3941 2.2387874985149008 0.1770738995797973 2.9590122184990526 69 98 34 1.0657996918838542 5 555 7 1363 2 2839
3942 1.4469897584419549 -0.21819578045854393 3.700883709590951 134 155 84 0.8415685556680953 1 1907 5 3288 2 2878
3943 1.9787760973909185 0.3127225019794132 2.9659926835733317 121 143 79 0.49763024294338853 4 2225 5 2599 2 2892
3944 2.9674703936459905 0.034080171415832333 5.0635402198084725 197 201 184 0.61867307148456385 1 2842 4 2263 2 2997 6 1908
3945 1.5938074390593031 -0.055680628497848564 4.9953086123295867 97 112 76 0.45552749830526357 1 2909 4 2302 2 3066
3946 2.0661843026850559 0.32308362317623074 5.1245346432968972 96 78 56 1.6265117403763512 4 3098 2 3126
3947 1.5682088237540539 0.40096156193805949 5.145353860602194 81 88 55 0.70941173955975212 1 3571 4 2356 2 3163 6 2358
3948 1.3238056971987542 0.95710225977872643 5.3598380259891405 73 86 51 0.6574123798789524 1 3596 4 2379 2 3200 6 1663 5 3537
3949 2.3827857331591464 -1.1341077245566888 3.6866784179478689 175 191 118 0.42198522134087962 5 3594 2 3245 6 2049
3950 2.3933734472091746 -1.0162909440139787 3.5138661943422083 131 157 86 2.1849026925071056 5 3596 2 3251 6 2387 7 2217
3951 2.0367894243445628 -1.055662593255916 3.6878552468740318 108 134 37 1.3053741018809282 1 3080 4 1963 2 3272 6 2398
3952 2.3000903340001404 -0.53667309649260742 2.7340421648808357 167 184 113 0.53814717399152878 1 3094 4 2835 2 3288 6 2075
3953 2.7188436009621686 -0.83592336788623456 3.6456604624653357 164 181 126 1.1977106324440305 4 2005 2 3314 6 2095
3954 2.2457201232292485 -0.87407406502491525 3.8365051407614574 181 206 140 0.39083272267338831 1 3158 4 2854 2 3357 6 2432
3955 2.1788297912660974 -0.44234786688731337 3.2062354842567209 187 206 124 1.2338478596317712 1 3198 4 2879 2 3400
3956 1.9722339967227407 -0.6723274907759853 4.106612455195795 125 148 104 1.1693547785511267 1 3271 4 2551 2 3466
3957 1.8034705533633917 -0.66054928223899612 4.0143026416481851 60 83 38 1.5084443141718393 1 3800 4 2553 2 3469 6 2201
3958 2.1097040985552087 -0.041257657648161264 3.2074995228733645 129 163 94 0.91607760176390096 4 2177 2 3496 6 2520
3960 3.5238751236713832 -0.4014576886191113 5.2498341742657475 231 237 223 0.68876441547405787 4 2616 2 3545 6 1860
3961 1.3257544690120613 -0.27889567317757857 3.8477181502248556 167 189 107 1.0969442229755901 5 3303 2 3553
3962 1.6204502848305553 0.012030250713058181 3.6809867688964344 101 124 73 0.79258704690646808 1 3406 5 3878 2 3585
3963 1.5620075736118262 0.05505710891992617 3.6765327195747957 97 121 72 0.59148280601818504 1 2793 5 3884 2 3597
3964 1.6152050384864174 0.26441669371601917 3.3206127004685029 107 126 93 2.2458644424031386 5 3889 2 3602 6 1898
3965 1.5440124538692974 -0.044014317266684318 4.9578663437291066 97 115 77 1.1345901361234205 4 3072 5 3953 2 3687
3966 1.3317484153695358 1.0642747376356949 4.7654181642256477 75 73 42 0.96776912336989485 1 3007 5 4016 2 3790
3967 2.5814515916718679 -1.1769346894918418 3.58880439973125 101 132 46 0.67474015337402149 4 2795 2 3829 6 2381
3968 2.4918862547320679 -1.1059790776452862 3.6559010227055602 200 219 155 1.3334206645326183 5 2901 2 3838 6 1688 1 2335
3969 2.2918534524485294 -0.95219474048516917 3.5467913104960931 64 90 35 0.75859986584327044 4 2822 2 3854
3970 2.0013915034787222 -1.003855828167123 3.7297319670898519 119 151 52 0.061066209970398529 1 3685 5 4090 2 3868
3971 2.0563625590521979 -0.58101717540309372 3.9889464978567304 105 132 81 0.22280734602983979 1 3805 4 2560 2 3975
3972 2.2193900141500835 -0.28619861187667806 3.4609789297021174 102 130 81 1.9050750161241048 7 2029 2 3976 6 2505
3973 1.5464224130835322 -0.48052955416858734 3.8058788513838291 153 178 120 1.2140364926401954 1 3822 4 2951 2 3992 6 2780
3974 1.7371375864872389 -0.46101273748484684 3.8822793652063741 45 68 22 1.559348748461475 1 3299 4 2577 2 3993 6 2221
3975 1.8088860495726997 -0.48840398430585308 4.1895867269034399 124 151 100 0.95851594635746029 1 3851 5 3815 2 4010 6 2533
3976 2.1468216921704051 0.089463706906751983 3.5547636923158206 65 91 46 1.428142128306384 1 3378 4 2993 2 4043 6 2255
3977 2.4477787446573083 0.56159885200716364 3.0579276809065212 73 97 37 0.66370872678006465 4 3300 2 4076 6 2566
3978 1.4313061358712977 0.06598208197473468 3.6940423296074321 80 103 79 1.1599268875523847 1 3922 4 3035 6 2591
3979 1.6668998388541887 -0.025167815569641677 4.1349880312262206 44 61 17 0.43601945178448992 4 3037 2 4100 6 2844
3980 2.9861270819281476 0.049076644546665847 5.0550864513422384 227 231 217 0.64155630787523421 1 3936 4 3041 2 4110 6 2598
3981 1.653586181823907 0.84968938269325256 3.9362314390932402 35 38 29 1.1475605181653838 1 4021 5 4389 2 4198
3982 2.0764078015765683 1.7447612365852485 4.2755721713601407 167 149 125 0.32484088884639001 1 4044 4 3116 2 4226 6 2664
3983 2.3400587107036754 -0.55853256855925182 2.7241517821901833 204 212 173 1.182949990581565 4 3421 2 4273 6 2704
3984 2.1815162770578862 -0.91107633353997375 3.6824179575291218 77 104 32 0.1894086091552859 1 4107 4 3440 2 4294 6 2713
3985 3.2681987999068389 -0.35984536077426638 3.0536529033497364 106 134 50 0.81650881908119066 1 4126 4 3177 2 4318 6 2724
3986 1.5513454593521661 -0.38142105192597225 3.5161979710756368 189 207 169 0.54316058993013638 1 4187 4 3501 2 4381 6 3034
3987 1.6549489524271463 0.017358128039803317 3.0886665309389096 131 160 99 1.704117820117252 4 2980 5 4555 2 4406 6 2536
3988 2.1810310570637115 0.042807642578304342 4.4359947066478957 57 74 30 1.6332419864425687 1 4266 5 4615 2 4468
3989 1.7575942133460707 0.87055327825108331 3.64953064905266 71 80 24 0.74375694466578146 4 3380 2 4534 6 2901
3990 1.8733986808404135 -1.0755307248043164 3.8268540744993458 145 170 96 0.56713346594928793 4 3428 2 4615
3991 2.1502599498282908 -0.35689342761476506 2.8477627263257492 100 118 56 1.9068107490377848 5 4935 2 4638 6 2996
3992 2.2975374343623076 -0.28110484497745813 2.7301778628288367 195 212 171 1.2939769540545156 1 4668 4 3458 2 4640 6 2728
3993 1.6240712583895085 -0.059035745682744105 3.6867417740853115 140 168 110 0.98506687594517317 4 3546 2 4727 6 3266
3994 2.0796868254781078 -0.25576416241160194 4.7507348000861906 82 105 59 1.3735012760898444 1 4257 4 3308 2 4748
3995 1.6898280041265203 -0.0040404839888831178 4.122447497262252 69 93 45 0.99987998393482691 1 4554 7 2648 2 4757 6 3105
3996 1.4904017719122531 0.24794950694204462 3.5087985487471771 3 7 0 2.1703697905017023 1 4758 4 3331 2 4763 6 3295
3997 1.028761410459869 -0.065738146938075018 4.6446841339086333 54 74 21 1.1348857463179596 1 4579 4 3602 2 4790 6 2883
3999 2.6113381709028336 -1.0480252244289785 3.6045356202216454 85 111 40 1.055742596670413 5 4693 2 4865 6 3187
4000 2.0510709488196595 -0.50751810554923471 2.791344398933191 94 117 38 0.64794191026968451 1 4655 5 4922 2 4881
4153 2.0075707884850291 -0.1436333992455377 2.9602692700361128 87 116 52 0.4260959008743147 26 2902 23 3514
4154 2.8981652484172016 0.046205807757649077 2.8958785235619486 106 132 69 0.43346731548006401 22 2642 21 2929
4166 2.9902805252414031 0.32669927656979908 3.0049485054374148 66 84 46 1.277095299899998 22 2814 23 3676
4167 2.2692770834939355 0.38500906788207756 2.7776180509806219 56 74 18 1.2115461553594469 24 2056 23 3685 21 3126
4168 2.2410691293703056 0.42647479783140907 2.7598978293736445 172 182 111 1.3154517831186878 22 2825 24 2059 23 3688 21 3130
4170 3.048081389892026 0.62781935127011035 2.8770360337950143 56 71 38 1.0656179094173941 22 2936 23 3692 21 3131
4171 2.3518581232292082 1.3526842488109474 3.8465676071934043 141 106 86 1.7710100208210511 20 3491 22 2738 23 3723 21 3173
4173 2.2228737436134822 -0.49033150902431683 2.6790142403019099 0 0 0 3.2973333064054344 22 2879 24 1974
4174 3.1745296486373475 -0.3754576511832397 2.6937858618435571 88 103 46 1.3150371635293008 20 3519 23 3747 21 3197
4176 2.0946626531447325 0.25795000270090157 2.779258277524316 184 188 112 0.98931613190401846 22 2816 23 3784 21 3243 20 3567
4177 2.0556636360505189 0.30255559984955505 2.8156896258083846 29 42 12 0.66053334847889822 20 3573 23 3787 21 3248
4178 2.1180197581065818 0.31623087284165552 2.8086712650273711 32 43 1 1.0017477154609358 22 2915 23 3788 21 3249
4179 3.0266319664399308 -0.63857602164209359 3.2606486162432122 109 130 90 1.269920906561862 20 2195 19 1832 23 2518 26 2280 22 2019 21 2288
4180 2.9875216194180219 0.14693842805583457 2.975700785576779 149 174 117 1.4639231601901399 20 2333 19 2236 18 1633 23 3015 29 3190 27 2070 25 1704 26 2403 24 1448 22 2418 21 2694 30 2518
4181 2.6627590933117387 1.5408634089470701 3.9558717645422949 81 61 48 1.8947818007632942 18 1864 19 2594 23 3596 24 1941 26 3014 20 3313 17 2419
4182 2.5133630358160675 1.4161904970237991 3.8957115702356448 92 66 58 1.7303156871677017 20 3611 19 3110 23 3834 27 3259 25 2478 29 4021 24 2193 22 2963
4183 2.5133630358160675 1.4161904970237991 3.8957115702356448 92 66 58 1.7303156871677017 20 3610 19 3109 23 3833 27 3258 25 2477 29 4020 24 2192 22 2962
4184 2.4988189286000089 0.49223810849983368 3.1371593528056501 24 39 18 2.2092686960540888 23 3690 26 2965 29 3250 28 3531 27 2466 25 1957 24 1901
4185 2.8588972839519848 1.5436300903113254 4.0556299712482895 97 70 65 1.9212988184960931 22 2262 25 1779 26 2787 29 3569 28 3587 27 2810 27 3021 23 3179 30 2926
4186 2.5652037816384752 1.0874338413605433 3.3843104042385663 127 140 122 0.77719214612710974 20 3088 19 2568 23 3417 25 2180 26 2775 24 1730 22 2515 21 2807
4187 2.9094191371195581 -0.31345881704922535 2.6846310840969481 26 30 8 2.1485555869105735 19 2157 23 2560 20 2903 17 2249
4188 2.6233180159459475 1.6741097448421174 4.0119624762564712 113 82 61 0.83168375316333076 26 2796 23 3432 29 3575
4189 2.7703933979001318 2.6820486422414986 4.6165803943997012 0 0 0 0.52389664260173374 26 3257 23 3728
4191 3.4753589940851524 -0.10916752965560388 3.05982180125558 0 0 0 1.106213429192338 13 1185 23 153 21 499
4195 3.0405745398732735 -0.51453565864522977 3.2597539265510411 90 104 68 1.2432513498302433 20 1890 23 1377 21 1435
4196 2.5877997780032596 0.91009377648585477 3.4139039540490224 77 92 71 1.6981024302336873 22 1600 21 1600 30 1970 27 1874
4197 3.0168225752200475 -0.66322516560467026 3.2430682993219566 134 147 120 1.0946924527823994 20 1545 26 1683 21 1683
4199 1.3716903046556286 0.20827111450179991 3.6221703395222726 51 68 36 1.1353307154517502 20 2401 23 2363 21 1843
4200 2.9150090260614707 -0.6096003466553982 3.2239103256326778 63 79 40 1.4982189900527059 20 2200 21 1983
4201 1.7471840991252989 -0.44031365244181569 3.376243476778281 39 56 20 2.3018058595212887 23 2962 21 2037
4202 2.1183524747057505 -0.32046756588095054 3.2181127962385623 63 76 29 1.3017012532338403 20 2269 23 2604 21 2047
4203 2.3664088310796458 -0.18822487895849244 2.9559398917631827 79 95 56 0.67715259858520283 20 2284 23 2619 21 2058
4204 1.4115601972372871 -0.21625899493892203 3.7370766882021789 48 65 13 0.39723578374123286 20 2683 23 2296 21 2085
4205 2.3310323847442027 -0.54418625593753356 2.7513050132424346 144 153 75 2.097818413641642 23 2891 21 2286
4206 2.1306803752376209 -0.46400038468914417 2.6985139699498766 98 113 48 1.6248637075028496 20 2570 23 2540 21 2307
4207 1.9460406340244114 -0.50839286418499829 3.6053481630810604 26 38 2 1.2405807000099223 22 2074 21 2351
4208 2.633278748517097 1.6596834207023163 3.9903338563979172 134 97 77 1.7959839021951449 28 3591 21 2559
4209 2.0750844780589 -0.55054695033729162 2.7741179231225104 184 194 131 0.81607041117301593 20 2881 23 3226 21 2599
4210 1.319557472222908 -0.17024120633728043 3.8174038544330524 194 201 169 0.88384050559787897 20 3211 23 3326 21 2696
4212 2.4224928989055514 0.61463704907640593 3.0970760770114505 6 18 0 1.5241801409417013 20 3267 22 2219 21 2777
4213 2.7166458305743681 0.91484493114964605 3.4209802289726694 0 0 0 1.7738323944017278 20 2786 22 2239
747 3.8699974207935495 -1.0352439816522903 3.9202694467089261 222 221 199 1.071500928054415 31 1630 33 2634 35 3673 34 1962
3104 1.9637022551749315 -0.94546763707667458 3.668242318976076 141 158 90 0.80864037374076037 3 2232 7 2489 5 4093 4 2459
4214 3.4759882877298236 -0.17296610289739051 3.2368885331342532 75 105 18 2.8440160574221607 20 3188 23 3503 21 2909
748 3.6921106249753191 -1.028083021942102 3.9228262819994288 114 149 67 1.1859040678694925 31 1633 33 2636 35 3675 32 1225
3105 2.1529292300904324 -0.42037296827489379 2.7954290446015513 70 93 25 1.0474432597377543 3 2251 7 2508 4 2849 1 4117
4215 2.7181097849101428 0.43958369643690731 3.2177373279292176 65 83 31 1.1898409008426341 20 3246 21 2971
749 3.719367208505068 -0.97356663653643483 3.9446648516056508 219 235 206 0.63167803091212937 31 1881 33 2645 35 3682
3106 2.3575323760205955 -0.31231291446788917 2.9541270153091834 153 163 128 1.2217747465707631 3 2263 7 2523 5 4483 6 2736 1 3745
4216 1.4093055002917887 0.47748405899983903 3.1247443529553869 109 126 74 0.62190690706177887 23 3394 21 2997
750 2.3515190542678504 -0.51489121369832158 2.7488937152253645 176 179 122 1.2840839850045975 31 1894 33 2660 35 3688 34 1979 30 2368
3107 2.3231427887217917 -0.29118285073871286 2.9245318888054679 102 117 60 1.3203722853519315 8 3909 7 2525 5 4484 4 3199 1 4147 2 4337 6 2738
4217 1.6837523440579927 0.88125798837087488 3.6099838544135654 62 77 34 0.80821466713773238 20 3297 21 3014
751 2.4299558321679253 -0.54794810367755964 2.861917565518898 156 168 103 1.292176702485704 31 1895 33 2661 35 3690
3108 1.8547977014132324 -0.69470626765624066 3.9302428783042971 154 175 118 0.92975979672610609 3 2281 7 2541 5 3741 1 3782 4 2903 2 3439 6 2472 6 2755
4218 2.5730513502092953 -1.0209011871108116 3.37671977023053 62 80 22 2.0129495759530363 20 3325 23 3606 21 3046
752 2.4837617311708051 -0.55035376277368075 2.9103349146115232 101 111 50 0.7576097377667419 31 1654 33 2669 35 3692
3109 1.4461020142669962 -0.47511238237629205 3.8109181625534014 89 118 36 1.7259533044175857 8 4201 7 2576 5 4534 1 4192 2 4691
4219 2.1793017735062596 -0.42774662857770984 3.1025950600628014 190 196 134 1.8281363923006781 20 3369 23 3640 21 3089
753 2.2996012590954611 -0.39679478302409443 2.726476466646893 156 163 112 1.6497775238161847 31 1910 33 2680 35 3406 34 1741 36 1952
3110 2.0866829138253444 0.14437267260324563 2.8687370961696539 177 197 128 1.0390177177627371 3 2313 7 2586 5 4543
4221 1.8381361828706613 -0.10852797428934967 3.3552239949583278 81 104 48 2.0605970455369262 20 3552 23 3323 21 3106
755 2.9000109223057322 -0.40798718630724057 2.7546182325872302 147 160 117 2.561847382129427 31 2149 33 2685 35 3410 32 1359
3112 1.4480087024985644 -0.042776791249467573 3.845900458799242 65 81 44 0.84233100192224253 3 2363 7 2639 4 3024 1 3913 2 4086 6 2579
4222 2.0473127386119119 0.66034060795958016 3.2557712239567622 8 13 6 0.96411283364196054 23 3701 21 3144
756 2.9733441469525115 -0.36223196621935211 2.6976338368513004 122 125 75 0.60138222057831836 31 1916 33 2695
3113 1.7107103894172107 0.85213172953653904 3.6462804609670458 71 81 29 0.19070966745652029 3 2423 7 2689 5 4655
4223 2.7058268967234809 1.58860280763756 3.9918869487383035 184 155 136 2.5307722294426918 25 2363 29 4022 21 3176 30 3326
757 3.3021093540407884 -0.32359866131872328 2.7326196978905952 59 72 19 1.925009887417398 33 2711 35 3726
3114 1.3541511434467406 1.0116664259999253 5.3962757158302912 193 195 170 1.1336974640186595 3 2625 8 3813 7 2707
4224 2.1581890971053945 -0.62002010778959882 3.334493472406467 95 121 30 2.7878106052764657 20 3520 21 3199
758 3.2449114932318146 -0.22153720146722911 2.649683443064645 190 193 146 1.2040037711102167 31 1953 33 2725 35 3734 34 1781
3115 2.10645648918408 2.0854424030684213 4.4431954871389259 141 110 87 0.83558480079144337 3 2444 7 2717 2 4576 4 3406 6 2932
4225 3.0584159213599103 0.1349455871012383 2.9810271109460063 84 107 55 2.1308528262792943 20 3551 23 3772 21 3228
759 3.3762983765833652 -0.2122461267623218 2.8249632686041473 142 161 101 0.62218714154875987 31 1961 33 2738 35 3748 34 2039 36 2285
3116 2.4460016069674895 -1.0278802906634907 3.4042621838471567 94 116 42 0.92963589271286196 8 4122 7 2726 5 4423 4 3132 1 4071 2 4255 6 2685
4226 2.1205692861553915 0.1405801425065937 2.812636445667414 166 176 115 0.61573356626779041 23 3773 21 3232
760 2.1785877853011772 9.2488057138957153e-05 3.0243605813897978 39 57 32 1.0674120434545233 31 1979 33 2759 36 2017
3117 2.0678460627839899 -0.56584025146187467 2.8006505180364143 146 175 82 1.4073766791511109 8 4149 7 2744 5 4914 4 3432 6 2963
4227 3.4649543689127209 1.6865582116942186 4.421163967743774 205 182 166 2.7150121165671819 20 3609 23 3835 21 3289
761 3.2370827140350626 -0.010462663250156271 3.066280618685107 147 171 113 0.83805584571425717 31 1988 33 2767 35 3471 34 2056 36 2557 30 2498
3118 2.4649714128506153 -0.64637968336978813 3.1369720896984878 201 209 186 0.62146422823035197 3 2660 7 2747 5 4709 4 3438
4228 2.3916836370437484 1.5096615434033083 3.9417491054330891 139 104 84 0.70092493567714087 18 2293 23 3837 21 3294
762 3.224567337590003 0.010241170296447161 3.0728813829514068 83 111 53 1.4448287806887723 31 1738 33 2770 35 3777 30 2504
3119 1.8813940709852075 -0.99367464827330554 3.7965338806999189 86 116 32 0.86147274408226204 9 4109 7 2750 4 3442 1 4420 2 4624 6 2971
4229 2.4884178655442954 0.90853731887156997 3.4074660354901085 73 86 66 0.99809055992658091 20 1766 19 1496 21 1887 24 1007 26 1900 22 1606 23 2429
763 2.225822413825997 0.22940561240635779 2.8203138536836159 150 170 107 2.0658509939329175 31 2010 33 2783 35 3797 34 1821
3120 2.4594026631445471 -0.28003249532379226 2.9008878555740516 147 160 116 1.5409954155548056 3 2490 7 2769 5 4480 1 4144
3723 1.3757399166509086 0.2035883876920549 3.6973869394642476 91 109 67 1.1773707025917319 4 3058 1 3957 6 2612
4264 1.496609377161451 -0.17398370001403241 3.7024619832690826 101 128 73 0.28828529658328367 27 2041 29 2848 30 2157
798 2.3658311099869067 0.2387985088156554 2.8667454477318395 43 59 23 0.79658444065565914 31 2205 33 3000 35 4006
3155 1.4176537512471903 -0.089218554647003179 4.9706666287188694 95 113 75 1.3365249277135347 3 3042 7 3294 4 4008 2 5283
4007 2.7883840802078552 -1.1960287951748585 3.7202359679926089 0 0 0 1.7800818763848858 4 3942 2 5155
3724 1.6291471761024385 0.14519333613227672 4.530708026345093 108 125 89 1.6654870401623498 4 2300 1 3977 2 3679
4265 2.1453792227157193 0.42220878530739192 2.7519886830184888 78 98 35 0.70640977318100495 27 1823 31 1520 30 2213
799 2.3658311099869067 0.2387985088156554 2.8667454477318395 43 59 23 0.79658444065565914 31 2206 33 3001 35 4007
3156 2.45544873620933 -0.60014151724712783 3.1381264011329009 79 111 27 1.7390149850285901 3 3063 5 5152
4008 2.577918495462856 -0.97967302535253209 3.3507126704144197 0 0 0 0.051740836752664769 1 4960 7 3311
3725 1.5806787164026246 0.01208493821595648 4.9649251699583763 204 211 194 0.69656043104764909 4 2709 1 3985 2 4159
4266 2.8017765283720686 -0.71345327086110788 3.020820030196647 135 182 52 0.29659361697126968 31 1636 30 2347
800 2.6158422994984578 0.22751536229395192 3.0925169807243242 2 13 0 1.5915232912925339 31 2207 33 3004 34 2299
3157 2.4529705249836637 -0.11046553472749564 3.1790973869053203 50 67 35 2.0407922798351663 3 2998 7 3330 5 5250 4 3980 1 4987 2 5254
4009 2.4805980687295297 -0.62488097078662819 2.9784602617653726 201 211 147 1.8131269911616477 4 3842 2 5166 6 3497
3727 1.2529336591548121 -0.029258165148029439 5.0137534412601932 188 195 179 0.43255362688459864 4 3095 1 4006 2 4182 6 2339
4268 2.1747771944271665 -0.36778142959159071 2.699013712608517 101 118 65 1.8209969201268033 27 2312 31 1671 30 2397
802 2.4895887875283318 0.31957481813190924 2.9459070800739013 7 16 11 1.7319480193152952 31 2212 33 3010 35 4013 34 2300 36 2339
3159 1.4620810058038194 -0.18703459243545989 3.7159966351818738 163 175 112 0.95227311769072109 3 3083 7 3340 5 5186 4 3991 1 4992 2 5202 6 3528
4011 1.738027800380358 0.094460313072637067 3.2967255792510133 81 109 61 1.6553306399466381 4 4051 2 5267 6 3590
3728 1.3703535461697429 0.4602968215228645 4.1156305866418439 116 134 84 1.2226876718480972 4 3100 1 4010 2 3740
4269 2.4051655907966545 0.23155052380011171 2.8625784008916306 96 114 65 0.67647935624985933 27 2414 29 2882 30 2521
803 3.1580772330916651 0.47046885142722883 2.8214557219004948 13 22 5 1.7525694033876889 31 2225 33 3024 35 3836 34 2116
3160 1.8001864681232156 0.17404619711595151 4.8167823486264272 64 80 33 1.8063040295937116 3 3100 7 3362 5 5212 1 5019 2 5227 6 3555 4 4009
4012 2.3831324092520418 -0.032510814530539667 4.8401097974060461 229 232 225 1.2804658216905198 1 5063 4 4060 2 5276
3729 1.7834257359384045 0.85949556434801411 3.6583888202004085 99 112 68 1.5498184521311136 4 2739 1 4013 2 4189 6 2646
4270 2.2305083662684169 0.33745937948280852 2.7238971846890498 100 93 51 1.8932647117234278 27 2433 29 3215 30 2533
804 4.0771324035157273 0.34026296681157459 3.9589306443776913 149 163 146 1.9649294000545834 31 2221 33 3027 35 3850 34 2132 36 2625
3161 1.612915962792459 0.48537535558706446 4.0820945610491677 22 32 16 1.5565083798400769 3 3104 7 3364 5 5215
3730 2.0527852432772375 0.85894140300671928 4.0613892635678344 1 3 0 0.50992813627420241 4 3104 1 4016 6 2650
4271 2.5491977200260947 -0.95218513518043757 3.3411707879154546 72 99 25 1.2505476633256689 29 3332 30 2662
805 2.5965242299210161 0.53720023755968704 3.125946296655544 83 96 76 1.1047173511718891 31 2364 33 3032 35 4037
3162 1.9707133198797637 0.99082676128409131 3.4984587156068079 0 0 0 0.58512085167858552 3 3110 7 3366 5 5126 4 3925
4014 1.4186529336631124 -0.18216686134035323 3.7606899005391918 156 173 100 1.6213114286210957 5 2601 4 1758 1 2737 2 2118 14 2232 13 2312 8 1247
3731 2.0974370806413956 1.605308498804646 4.1414916282106837 143 117 97 0.49826733807161033 5 4400 1 4039 2 4220
4272 2.0895313174606622 -0.50670901378800071 2.7533374060230673 85 103 53 1.5036324458911325 27 2857 30 2695
806 4.0629427582221007 0.36896637432700252 3.9470131007758003 101 125 87 1.1194884487730328 31 2227 33 3033 35 4047 34 2134 36 2627
3163 1.721122854771902 0.81910952961686578 3.7019297058973 36 45 18 0.89567938341363607 3 3108 7 3368
4015 2.6187854398685655 1.1012879841135155 3.3489399543475189 203 207 193 0.95791319767378391 11 2496 10 2833 8 3384 1 2147 2 2305 3 1961 5 3968 4 2710
3732 1.3276688670160217 1.0154525734972992 5.3997973125751919 241 241 231 0.38585432220502403 4 3402 5 4406 1 4056 2 4233 6 2671
4273 2.4169278323222962 0.29671610167327661 2.8901879249885454 125 142 85 0.80460657272063596 27 2718 29 3210 30 2836
807 3.459986858952524 0.55666178245190767 3.0800081747842833 44 57 26 1.0863974820185855 33 3040 35 4053 34 2136 36 2629 37 2469 38 2268 40 3840
3164 1.7613040433970164 0.92824532504670543 3.9949219813447288 92 89 82 1.5802937385653852 3 3112 7 3370 5 5282 4 4073
4016 2.4250181103551123 -1.0376476605033276 3.5229910528333037 133 157 89 0.56479528251330513 7 1539 1 2338 2 2490 8 2373 3 1098 6 1250
3733 1.9123170789132773 1.8622967630072083 4.5205501367133181 150 120 96 0.275658251152682 5 4413 1 4060 6 2374
4274 4.0255851304771308 0.14714100587198778 4.3019153791241687 124 149 127 1.2609673323821944 27 2715 30 2840 32 1285
808 4.0240912249041152 0.48395336634545816 3.8367985089502152 63 88 32 1.181792601963171 31 2235 33 3041 35 4215 34 2335
3165 0.37302898882153002 2.2333267620456319 5.5078087050605031 37 40 91 2.0548946110115045 7 3375 5 5290 6 3569 1 5031 2 5153
4017 2.0949405091668627 1.8191712211964355 4.2621960102428229 135 112 95 0.62324262138025555 16 2485 13 4546 11 2872 9 4073 10 2887 8 3821 5 4027 1 4047 2 3793 7 2708 4 3117 6 2666
3734 1.8575052021772627 1.7538633059937951 5.2801517974680339 136 115 96 0.77373889949395713 5 4417 1 4065 2 4246 6 2935
4275 1.9842335097755293 0.38250831658596879 2.7697441587006857 175 192 150 0.89447859610796387 27 2971 30 2846 29 3712
809 3.3991439274832156 0.57320675010994582 3.0797001703566105 43 56 23 0.84325537271697659 31 2368 33 3043 35 4055 36 2377
3166 1.9102386820816577 -1.0118127382822122 3.7432989256023599 43 56 19 1.3417545023659549 3 2854 7 3104 8 4505 5 5068 4 3843
4018 2.3764465274263458 -0.036956715674376826 2.8481831329386162 191 204 187 1.3368519557868663 5 3176 4 2542 1 3252 2 3456 3 1548 7 1300 6 2486
3735 2.4983670886329992 -1.1115532918018796 3.5476091546362039 149 172 90 0.76543453471249634 4 2802 1 4070 2 3835 5 3589
4276 2.3330467398025441 -0.56245708635994207 2.7554164437642421 119 121 71 1.3812428778650454 27 2584 30 2955
810 3.9552504507295541 0.50694874613698182 3.8742827791280741 61 86 29 1.011362075740418 31 2236 33 3044 35 4056 34 2336 36 2841
3167 2.3836854597455739 -0.069768254306215055 2.5455186853467837 229 232 223 3.5896902146836123 11 1301 7 172
4019 2.606261602401402 0.16158105231451142 2.8628461405230516 199 211 188 1.0576956550335135 9 3494 8 3624 1 3817 2 3990 5 4197 4 2945
3736 2.4056109877757947 -1.0099565297356514 3.522596758018004 122 149 82 0.23299882449606346 4 3136 1 4076
4277 3.1584931785443211 -0.46275266232831486 2.7294667727653463 93 114 57 2.27508734794695 27 3056 31 2293 30 3158
811 4.0870633775221172 0.54521123906876512 3.7762231710268384 84 113 49 1.3061137835636334 31 2369 35 4062
3168 2.3836854597455739 -0.069768254306215055 2.5455186853467837 229 232 223 3.5896902146836123 11 1302 7 173
4020 2.2439391016395693 -0.29593897660544927 3.08579577034671 73 82 49 2.0469112905452707 4 2101 2 2717 7 2291 5 3727 1 2529
3722 1.2127612063126731 -0.58894331959735147 5.2122980105827663 123 150 99 0.8280478640963157 4 3045 1 3941 2 4113
4263 3.2200607123837979 -0.41372443998837577 2.650205585602122 156 126 108 0.46060024640480129 27 1958 31 1432 30 2081
797 2.3595755028551553 0.16438257445110693 2.8707785716393461 131 157 96 1.6737035836599816 31 2200 33 2993 35 3785
3154 0.99780498117252658 -0.60691556486339648 5.3785096045284773 136 163 62 0.3782354144335488 3 3031 7 3287
4006 3.3162827022462289 -0.22330136023914005 5.2168692512258863 158 177 132 1.3976148731538056 1 4891 4 3880 2 5085 6 3413
4165 3.3057091110483103 0.25388585417622894 3.2004879059580076 83 105 59 1.9562340556523654 22 2662 23 3668 21 3114
3751 2.629179783883127 -0.74585718269499224 4.3827148462833652 104 139 48 0.69458174389723804 4 2908 1 4163 6 2760
4292 2.3781347722120163 -0.58026404240502871 2.8275393568903082 94 111 49 3.0346965163547788 33 2912 35 3923 31 1884 30 2360
826 2.2939388347353309 -0.36767883424662762 2.7676993449945613 71 80 57 0.84419368275076767 31 2305 33 3112 35 4149
3183 2.5808195824257543 -0.79487508611203028 3.6609097818951239 114 134 85 1.3726820114646547 7 1191 5 3012 4 2019 1 2450 2 2601
4035 1.9879716277009269 -0.60962895820906671 2.8265867609476372 163 184 105 0.61962805816806754 1 3093 4 1408 6 1709 2 3287
4233 2.6372508901440535 1.7052886323260941 4.010246992041866 140 111 95 2.2226908399516017 26 2521 28 3322 19 2064 22 2269 21 2560 24 1743 20 3121 23 3435
767 3.7057214888905721 0.29831486870011792 4.2728337432404917 115 133 107 1.2983480338567628 31 2040 33 2823 35 3838 34 1865 36 2090
3124 1.7624423641642526 -0.1872138517997986 3.5796177596174594 100 118 76 1.1209093490650845 3 2731 7 2803 4 3261 1 3855 5 4227 2 3521 6 3054
4152 2.8520184272819984 -0.046029856682491932 2.7848234446946245 96 118 69 1.8128388565085771 22 2625 23 3510 21 2918
3738 2.0926970549109796 -0.81532318108533275 3.2004710260086928 145 162 126 1.2144490746608314 4 3144 6 2699
4279 2.4664306334507375 1.3731181033758881 3.8855809958955372 0 0 0 2.2839061730617978 28 3796 31 2385
813 2.1855798417525629 0.85113324056059703 3.4509667607075416 90 102 92 1.0653797504794722 31 2371 33 3053 35 3863
3170 1.3558553646602329 -0.15912851745658524 3.7918074993551438 167 177 118 0.72778983947495102 3 861 5 1727 1 1956 7 910
4022 2.4426119949891723 -1.0269328029133122 3.3705007572212433 184 199 131 1.1801333405779526 5 3590 1 3059 2 3836 9 3723 8 3451 3 1757 7 2210
3721 1.5655312010231492 0.099437877215189097 3.839587665413176 62 78 49 1.1445288079112381 4 3043 1 3927 2 4466
4262 3.0189826037479888 -0.77942053461101479 3.1656132389018494 119 160 66 0.57052845124428475 27 1927 29 2262 30 2039
796 2.1113712502412705 0.1220767853116821 2.8657366553599406 164 184 126 1.3818187972702507 31 2195 33 2988 34 2279 35 3993
3153 1.3883810942061963 -0.35524697526483723 3.8688610366846738 62 87 21 1.2146787026967072 3 2906 7 3267 5 5088
4005 1.765981718303433 0.14034807991565568 4.5754756879670486 30 46 13 1.2530184904900794 1 4784 4 3598 2 4995 6 3128
4164 1.704406939195481 -0.22368127447571062 3.6780851164997674 55 78 26 0.55499100748440322 22 2798 23 3660
3750 1.8188795069959161 -0.8866333163091622 4.0189837450357562 187 199 151 0.47773707708073021 4 3466 1 4149 2 4338 6 2739
4291 2.0944846812058047 0.25572167941621249 2.7757868287673597 191 202 144 1.8886972898173318 19 3071 18 2257 17 3012 16 3238 14 4476 15 2072 12 1821 21 3242 29 3842 28 3895 27 3096 32 1520 26 3103 25 2300 24 2045 22 2815 30 3196
825 3.249706265427438 -0.42765232695479238 2.7098925104598806 219 213 189 1.0306770520123349 31 2298 33 3105 35 4139
3182 2.6227509602109804 -0.80922746896328546 3.6531808929420397 149 169 118 0.4406988174680368 7 635 5 3002 4 2014 6 2103
4034 1.8528940537410297 0.40352485512854319 3.16830435431228 61 85 20 0.94943802568962454 1 1991 8 2142 6 1571 2 1352
4232 3.0185070790021444 -0.2208029953071802 2.6315835616387506 208 209 160 1.371258881132386 20 3530 19 3025 18 2101 21 3210 22 2892 23 3756
766 3.4765956965179834 0.3343208984653378 3.5819968094977561 41 64 12 1.9335847583089854 31 1778 33 2818 35 3826
3123 1.8546944241378744 -0.045594182680421889 3.1346258280154911 127 155 98 0.35862713325711698 3 2309 7 2800 6 3043
3737 2.4483915176066495 -1.0685349123938352 3.6992532183803015 200 215 144 0.81078906256776384 4 3417 1 4078 2 4263 6 2948
4278 3.3521139027510012 0.55098919072829033 3.0868441026016074 119 143 119 2.8113332405779623 32 1635 30 3217
812 3.5355617267376607 0.61772029816465335 3.5772552774558273 150 162 138 0.60858057388738951 31 2241 33 3046 35 4217
3169 2.1675212150791148 2.5674705061343919 5.0348545230821742 0 0 0 0.5671595293349404 7 1083 5 961
4021 2.0961341823680293 1.9839206482985809 4.3887929145137665 154 126 101 0.84378481520066784 4 3122 1 3607 2 4238 7 2198 5 4412 6 2674
3720 1.7697628120121298 0.22252184938840705 3.4947824451289957 32 45 25 1.8563056194155769 5 4296 1 3910
4261 4.0557170365412976 0.70969252838534003 4.1314620066365215 81 100 54 1.883074344345101 32 446 30 1940
795 2.1348362510741992 0.1052355042306717 2.8810066114087469 51 82 25 1.3109103817816516 31 1992 33 2986 35 3991 37 2400 38 2210
3152 1.430787695494411 0.88208998966100483 4.3500719242364649 97 110 80 1.7819963393172225 9 4740 7 3213 4 3934 5 5130 1 4819 6 3337
4004 1.765981718303433 0.14034807991565568 4.5754756879670486 30 46 13 1.2530184904900794 1 4783 4 3597 2 4994 6 3127
4163 3.222272894501427 -0.47951762320478308 2.7665511275405335 66 85 19 1.5358072532182467 22 2768 23 3622
3749 1.6475265289575662 -0.67210870473408535 3.4505332877485388 188 211 158 0.4344069690651311 4 3464 1 4141 2 4333 6 3000
4290 2.3947885567085438 1.5252460004866197 3.9304295312503714 94 69 63 3.838247443895308 26 3252 30 3324
824 3.2996717056699056 -0.46332960892032704 2.7663857277097397 199 194 165 0.29436730038736508 31 2295 33 3102 35 4136
3181 2.0960942539972494 -0.47936648554089256 2.7413811586109529 125 153 66 1.2916092172172084 7 1583 5 3000 4 2007 8 1692 1 2415 2 2571 6 1720
4033 1.3255123534404885 -0.21614617893293447 3.782957264669514 143 164 87 0.14879262000800764 2 2900 4 1759 6 1531
4231 2.4137682616164651 1.6853513553425155 4.0284174746682115 148 132 137 0.89182129860827919 20 3499 19 2995 18 2189 17 2812 16 3157 14 4419 15 1998 12 1871 21 3177 26 3169 28 3958 25 2365 24 1947 22 2863 23 3727
765 2.1695061510574392 0.47613751867199577 2.8486566972398837 122 141 95 0.89543992569120567 31 2039 33 2811 35 3817
3122 2.2598029325298019 -0.25600619489707022 3.1367078169986553 159 182 127 1.6188460541676974 3 2505 7 2778 4 3212 1 3231 2 3949 6 2470
4162 2.6320634735827713 1.6068359612877314 3.9706725103803535 133 97 81 1.0115667911117792 19 2598 20 3118 21 3035
3748 1.6490518081578047 -0.67158334781219453 3.4508379482450113 188 211 158 0.20639215387233256 4 3463 1 4140 2 4332
4289 2.9918268186246162 0.075204853401416166 2.9647631197750055 34 55 11 2.3411195746640185 33 2992 30 2166
823 2.3103470296461288 -0.50768756189623265 2.7449728742115886 80 85 44 1.0274062320650164 31 2135 33 3101 35 3929 32 1234
3180 2.0888153476968849 -0.55000268309876987 2.7495001497546787 217 232 177 0.79164688373314862 7 1568 5 2960 4 1985
4032 1.5341079212156854 -0.25724362356265507 3.684068680718549 199 205 161 0.96615926626957072 1 1884 4 1717 6 1506
4230 2.4648984720519662 1.370716912893825 3.8887994768637069 140 120 120 1.546638429104414 20 3311 19 2812 18 2052 17 2630 16 2958 21 3170 29 3907 26 3162 27 3160 25 2360 24 2099 22 2856 23 3722 30 3245
764 3.2869246288012315 0.32404567316540434 2.9161366959163026 46 61 31 1.4877443178789522 31 2031 35 3521 32 1287 33 2808
3121 2.0914175969560187 -0.71466663595041591 4.0402079919578346 102 127 72 0.79872268035230787 3 2278 5 4947 4 3700 1 4687 2 4902 6 3228
4161 2.2714710450074644 1.5026455947306896 3.9838684154849733 79 55 43 0.60462754512165418 20 3495 23 3597 17 2806 21 3036
3747 2.4733735881489158 -0.30139190611501465 2.864585234882334 85 104 48 0.43242533556129836 4 3461 1 4137 2 4642
4288 2.1552865191807014 -0.43441696592792811 2.7135367958219216 36 50 19 2.471559584769067 27 3187 30 3265 29 3940 28 3982
822 2.362286155643337 -0.58344262274060854 2.7867499529663435 200 194 169 0.73639750581338237 31 2285 33 3098 30 2953 27 2580
3179 1.9384951668023878 -1.0988519739645315 3.8211769781875753 128 155 61 0.83190279096340769 7 1558 5 2937 1 2380 2 3286
4031 1.6631532804812175 -0.6768999161801571 3.8255380616442984 91 122 54 0.82003781168049572 2 1074 4 1604 6 1428
4160 3.4699061890932601 1.6756941431353962 4.394276995579359 213 195 188 1.7392232169833453 22 2741 24 1940 23 3593
3746 2.2766665975705238 -0.37655926497477815 2.9541105240009884 103 124 65 1.3940075393793867 4 3189 5 4472 1 4134 2 3920 4 2868
4287 3.6309937182831971 0.83444227529007287 3.4809972589937255 93 101 93 0.92128841163444197 29 2188 28 2137 27 1291 30 1961 33 1924 35 2884 36 1864
4159 2.448207817946598 1.0757605759115771 3.3393603746944298 138 151 121 1.2157741562928932 22 2516 24 1731 23 3583
3745 3.183184331896177 -0.34029530903060529 3.0833293895416105 175 196 137 1.1071762404901559 4 3184 1 4133 6 2726
4286 3.2257503532552203 0.65436089734975145 3.0262255652368735 128 143 125 0.60789354571364373 29 2162 28 2100 30 1631 33 1895 35 2841 34 1384
820 2.6819324338895063 -0.98345847451203205 3.3971969579721915 183 193 132 0.80470500585532034 31 2108 33 3091 35 4112 34 2375 36 2688
3177 2.6448567327124306 1.1175499326234781 3.3225767823903474 222 222 212 0.42543774985857452 7 1489 5 2802 4 1856 1 2145 2 1497
4029 1.5752861229135398 0.43893188971955521 5.1547196762983578 77 81 60 1.1951664250482645 4 1899 7 1047 6 1164
4158 1.7556342228357844 0.87092860908841674 3.6071021873782265 56 72 27 1.5018848631996744 22 2721 23 3578
3744 3.2916437729981975 -0.37825440561491713 3.0337883520226336 138 162 105 0.84039109342032881 4 3171 1 4120 2 4307 6 2718
4285 2.5180751582353329 1.4079817207985805 3.9196990215805361 0 0 0 2.3236768014377009 26 3163 28 4042
819 2.7434551360204993 -1.0799368024107634 3.5302646711068228 87 117 43 1.710396613468494 31 2275 33 3088
3176 1.7476729075423227 -0.049092792184157553 4.9763030105719226 165 172 150 0.34327133884211763 7 1804 5 2758 1 2124
4028 1.969549537335326 2.2682784871234745 5.303871744057667 106 77 59 1.41594176483963 1 5081 5 5286 2 5296
4157 2.2002327422988111 0.27830411219377466 2.7903601596090453 221 218 167 1.2484697288748201 22 2671 23 3536 21 2960
3743 2.0737199134096382 -0.50629988714630303 2.9063060627285462 113 136 68 2.4513469478272198 4 3444 1 4114 2 4302
4284 2.0154566260515985 0.93408675314872969 3.5436646147831263 138 162 164 1.1046093986077969 27 3142 30 3319
818 2.4246282396603602 1.6829522900650149 4.0149055685757373 97 86 80 0.7556465521514657 33 3082 35 4103 34 2366 36 2873 32 1559
3175 1.5874063907542433 -0.48870155161969853 3.8228509926342742 47 71 17 1.0037704904242708 3 1557 4 2575 6 2217
4156 1.9751979745729169 0.23625493606349907 2.8938515948073316 139 154 87 0.92639228296585929 23 3535 21 3121
3742 1.8896752671743857 -0.96470227538422892 3.7304118149393322 106 137 45 1.349006392316525 3 2472 1 4110 2 4292
4283 2.1529075846924273 0.62792913376247306 3.0928311153648114 0 0 0 1.1645295520536978 31 2457 32 1638
817 2.8557175672167725 1.5373424505119164 4.0488874615575376 106 73 56 1.6341479673218877 31 2271 33 3081 35 4101 34 2365 30 2927
3174 1.9434732982905649 -0.95147830226533592 3.6892460545369015 148 161 93 1.4465754459275653 7 1166 5 2196 4 1433
4026 2.1838322881907892 1.9570192334118566 4.2652125135067225 145 115 91 2.2637333654674379 1 4625 4 3829 2 4846
4155 2.2781074192131636 0.27463667515935314 2.791339871533153 215 220 173 1.9301175536841835 20 3013 22 2669 23 3534 21 3119 24 1875
3741 2.054891332124825 -0.53202751445363872 2.8627661567414342 94 114 45 0.67993310320171629 5 4454 1 4106 2 4291
4282 3.1877010226355567 -0.33020825594332365 2.6665931934142 194 197 152 2.1371891553247675 32 1583 30 3272
816 2.3266815595090047 1.5443965661467687 3.9696259560314 64 43 38 1.226711510710631 31 2270 33 3080 34 2178
3173 2.4677357192939646 -1.018319733167262 3.3886519037392495 144 166 93 0.88859393907239603 7 1529 5 2087 6 1238
4025 2.0518064762470316 1.0042492863482919 3.5096527048551969 0 0 0 2.3901703886316361 5 3992 2 3123
3719 1.6236047776965925 0.14347805134803057 3.4995621320814898 61 85 35 0.53535532635471228 5 4823 1 3908 6 2570
4260 2.0757340850390773 0.37453736526747622 2.7315363465031757 114 134 82 1.6335338292940931 25 1721 27 2095 30 1894
794 3.3148020999631305 -0.22088705571824283 2.71228763432104 192 195 148 1.0694979095227439 31 2327 33 2960 35 3966 34 2258 36 2753 30 3012
3151 1.38983101275835 0.48285057920374308 4.067270426247652 33 49 14 0.76682315365526144 7 3206 1 4802
4003 1.4842528120439518 0.22331468666209792 3.4100711732270099 10 18 5 1.1140072815060529 4 3577 5 5014 2 4965
3718 1.66333883626932 -0.23412272105325327 4.261053705679041 100 122 71 0.326898169542365 4 3295 1 3903 2 4444
4259 2.7013984061458451 -0.31455081659323531 2.8691182492061262 112 139 88 1.0373513851566865 29 1497 33 2409 30 1800
793 3.44861737976106 -0.37444183759561961 3.0392722623343595 190 203 184 1.3210731941368405 31 2166 33 2953 35 4160 34 2250 36 2746 37 2378 38 2187 40 3565
3150 1.4402044469780535 -0.027372100800589126 3.5029819235856765 138 166 87 1.3454497439215862 9 4831 7 3165 5 4993 4 3755 1 4520 2 4726 6 3412
4002 1.6770221671065118 -0.25127253663594185 3.6499651590235 86 121 55 0.79708607638164697 5 4772 2 4927
3717 1.6362950088131503 -0.25784415943210304 4.2521191577668596 42 64 18 0.77417770730580437 4 3006 1 3898 2 4440
4258 2.2386143153733933 1.1448249242224771 3.281573466386924 136 160 138 1.1445153728302468 29 2218 30 1663
792 2.985514382963502 -0.27255529304220033 2.6869602250596123 50 68 9 1.1301750066554488 31 2168 33 2951 35 3957 34 2245 36 2741
3149 1.5514395502656526 -0.45682834284258372 3.7336889674125393 129 160 89 1.5329215364790139 3 2898 7 3137 5 5080 4 3983 6 3521 1 4990 2 5190
4001 2.8432320344916899 -0.011178174653558174 3.0053766162023048 206 215 232 1.7013431393400504 1 4695 4 3487 2 4908 6 3235
3716 1.0643352081783548 -0.037726531050791733 3.3153657396312282 151 172 134 1.6341252770824777 4 3005 1 3889 2 4056
4257 2.4754445840987591 -1.1125680629254482 3.3819415239818893 191 191 167 1.5227361692787191 27 1360 29 2231 30 1040
3715 2.0885227141658049 -0.49606429506274358 4.6916331899314621 87 113 48 1.0709527506039236 7 2603 1 3879 2 4420 6 2554
4256 2.2483646987115575 1.1507635507769602 3.2620269834844762 105 129 105 0.26230635073073 27 1030 28 778 30 1016
790 3.1429262124329234 -0.31470275991557889 2.6724593108215844 58 77 32 1.2336486024862809 31 2161 33 2947 35 3954 34 1766
3147 2.4146853560655566 -1.0760890541109795 3.638076132763219 220 227 188 0.48080063630907632 3 2845 7 3094 5 5059 4 3835 1 4837 2 5039 6 3359
3714 1.3645139485718276 -0.34239896317017204 3.8958186989493448 63 86 22 1.0968323574945096 4 2619 5 4242 1 3870 2 4418 6 2808
4255 2.3139611011703876 0.15917136611593105 2.864940651441557 42 54 18 1.4569214478196661 20 3413 21 2939 22 2143 23 3337
789 3.429971004722995 -0.43255424100324152 3.0175594026589261 188 196 145 0.49098893242415026 31 2158 33 2944 34 2240
3146 1.3140311157154083 -0.019837662263379446 4.9887672279271742 109 119 92 0.27215692376560185 3 2811 7 3065
3713 1.4008820007709806 -0.29475649522539632 3.7587104358654866 129 148 59 1.7851734895945672 5 4239 1 3867 2 4029
4254 2.1479630532370222 0.32398828189419082 2.7797307385486549 159 170 104 1.4490664263502642 18 1822 17 2576 16 2886 14 4151 15 1594 12 1548 13 4692
788 3.4303095026080812 -0.43250379110334347 3.0165693978887633 188 196 145 0.53609981240223947 31 2157 33 2943 35 3952
3145 1.6004250967474372 -0.13623165737258494 5.0193000459146502 81 100 55 2.1879407796905928 3 2802 7 3057 5 4856 1 4572 6 3313
3712 1.5400193893002065 -0.58387850736836699 4.2904232135929892 186 204 164 1.0367450574694357 4 3259 5 3819 1 3853 2 4014 6 3053
4253 1.9728588431328207 1.1749305308188771 3.957894745119487 144 118 100 1.742283109280566 9 4739 3 2831 5 4886 1 4354 2 4831 6 2915 7 3211 4 3634
3144 1.4421048893938322 0.12306003930864233 3.8199029746867676 101 124 80 1.3976483948315046 3 2790 7 3049 1 5007 6 3544
3711 1.4849803182699448 -0.31251691041652563 3.6554068329000327 88 118 57 2.0166151041422027 5 3255 1 3849 2 4404
4252 1.9653761326652059 0.27682927184413514 2.9076765387824777 78 96 19 1.4262225415961625 13 4411 11 3045 9 4241 8 3989 15 1595 10 3331
786 2.3987083782039216 -0.45007404279893998 2.8013381457974065 77 89 51 1.3240267508357939 31 2144 33 2926 35 3939 34 2223
3143 1.5517423681680496 0.12310526436888634 3.920749989079936 46 61 32 0.90187123763044963 3 2787 7 3047 4 3899 5 5111 1 4906 2 5098 6 3432
3710 1.7943518143640196 -0.51506436374477027 4.1320161234501409 52 74 28 0.82775005166185611 4 2582 5 3804 1 3843 2 4005 6 2232
4251 2.2782867221010403 -0.5426776850427284 2.7126137524414919 164 168 120 1.845131378169484 26 2276 29 3070 28 3088 27 2280 24 1180 22 1400 23 2167 30 2356
785 3.2600907865382474 -0.50724476588083722 2.7675750777978294 194 206 159 1.1301844806176373 31 2141 33 2921 35 3933
3142 1.4395304036626548 0.22727465219662302 3.5029581278218052 0 5 1 1.2973148310577478 3 2930 7 3046 5 5108 1 4902
3709 2.3427595916199153 -0.23088052630500153 3.1595862542901929 162 180 138 1.2058231210328858 5 4498 1 3783 2 3959
4250 1.4534461586927547 -0.32045797285994709 3.7482198180550061 142 145 92 1.9412617570636517 20 3400 19 2904 18 2130 17 2879 16 3218 14 4468 15 2050 12 1927 8 4655 9 4932 3 3009 7 3265 5 5183 4 3989 1 4991 2 5198 6 3526
784 2.4865586952333416 -0.51470806988948448 2.8362822893569639 185 187 150 1.4494244320271461 31 2140 33 2918 35 4131
3141 1.3813885722301711 -0.18527384237143052 3.8017133290044782 86 113 34 1.2824938908804249 3 2758 7 3014 4 3752 1 4522 2 4430 6 3082
3707 1.6400107281076333 -0.50176173040233096 3.4529071644090359 54 82 34 2.4718303298258015 4 3214 5 4753 2 3954 6 2474 1 3780
4248 2.5318136880489575 0.03645860770752956 2.7511852227554088 105 134 42 0.14287887087218509 18 1630 21 2415
3139 1.3635408535407012 -0.32036423697432814 3.8901289090233062 165 181 103 0.53598498421322316 3 2742 7 3001 5 4982 4 3741 1 4723 2 4937 6 3258
3706 2.3241302996975146 -0.24400968325577202 2.9138966587737656 81 100 57 0.48329524695696685 4 2884 1 3752 2 3935
4247 1.4664002982832178 -0.51024792289908516 4.6551253984096048 117 139 86 0.18805724641883659 19 1433 21 1192
781 2.3824710876036073 -0.58092129599856068 2.8210350831600972 85 99 46 1.0360560504242509 33 2911 35 3922 34 1970
3138 1.5301634340383634 -0.2086651528077805 3.6436522854916831 93 123 59 0.91241441298313097 8 4547 7 2997 5 4782
3705 2.2950120826404907 -0.45223860611797789 3.3270024739515365 45 67 21 0.56708306292386756 4 2882 1 3751 6 2159
4246 1.9602185369258787 -0.41054715626107463 3.248247822522746 19 37 5 1.3921273571812658 20 3178 21 2899 24 1392 22 2360 23 3266
780 2.3316603280043147 -0.56949617974208466 2.761912420299689 103 103 57 1.8064885147369385 31 2124 33 2909 30 2956
3137 1.7927465041722017 -0.66637090755843498 3.8344780191456058 123 152 86 1.3814833832153819 3 2500 7 2958 1 4861 2 5058 6 3385
3704 2.0347507886416323 -0.81654490831737681 3.9020021439973593 62 85 29 0.71535770871343329 5 4128 1 3747 2 3927
4245 2.6117937429136431 1.0335194191104264 3.4370076397275162 99 115 97 2.0506891822657667 26 3243 24 2183 22 2845 23 3709 21 3281 29 3895 28 3945 27 3252 32 1652
779 3.7671597210166037 -1.0320366894060933 3.8764850008473681 100 132 67 1.2635466413601508 31 2119 33 2906 34 2202
3136 2.2092667829636761 -0.41284882982043775 3.3414140889639152 129 158 104 0.72984127429569667 3 2697 7 2955 5 4943 4 3696 1 4681 2 4897 6 3224
3703 2.4077605731234546 -0.33458247768953187 2.9035667154951077 80 99 44 0.73801331583013907 4 2869 1 3735 2 3918
4244 2.2430350502902199 0.13488135511036706 2.8809851500392831 10 17 4 2.4720422579078427 22 2425 23 3334 21 2700 24 1657 26 2930 25 2102
778 2.6296748752606134 -0.9778720630569514 3.3499901832403514 209 213 170 0.42081957295641248 31 2107 33 2896 35 3908 34 2192 36 2882
3135 2.2602784207199798 -0.30190942416894623 2.9742956646581522 68 87 23 0.57652387975680008 3 2688 7 2945 5 4740 4 3690
3702 2.3851000026996916 -0.34801961863494102 2.8849837163640921 128 148 85 0.45696160355604515 4 2866 1 3727 6 2442
4243 2.6730854851847683 1.7809988590845545 4.0509899295608882 178 159 143 0.82094123214210357 20 3123 19 2357 18 1873 17 2424 16 2741 21 2561 22 2538 23 3186
777 2.6296748752606134 -0.9778720630569514 3.3499901832403514 209 213 170 0.42081957295641248 31 2106 33 2895 35 3907 34 2191 36 2881
3134 2.2758422906081144 -0.29916049412920648 2.9759883455862921 68 87 23 0.93444220901778619 3 2687 7 2944 5 4739 4 3689 1 4446 2 4649 6 3005
3701 2.1803183954559295 -0.3765690045714436 2.8408194227577539 148 169 110 0.86857035836251162 4 2864 1 3716 2 4321
4242 2.1477370541510212 0.32436273934724003 2.7737725352579226 160 168 107 0.56645262528540741 20 3026 19 2516 21 2731 22 2444 23 3366
3133 2.043095964104729 -0.86803185809306438 3.9790871822598644 85 109 49 1.4785809358261066 3 2677 7 2939 5 4736 4 3462 1 4443 2 4331 6 2999
3700 2.5338860340984111 -0.78857164141821812 3.7744380393626926 84 109 51 0.060501030871541767 4 2858 1 3715
4241 2.0190155058743353 0.41551217630417747 2.8356038504293495 59 67 24 1.5698417654456214 20 3042 19 2532 21 2755 22 2190 23 3094
775 3.2438386146193725 1.1558173290605407 4.2430051919440332 187 175 175 1.4300506151601913 31 1830 33 2875 35 3631 34 2170
3132 2.2198399246000213 -0.39623743300673964 2.8249640186562415 89 109 48 1.437461148378598 7 2933 5 4925 4 3678 1 4664 3 2673
3699 1.9102627125355121 -0.89868223956150506 3.751767523195241 228 233 231 1.854834000728083 7 1949 1 3710 2 3898 6 2426
4240 2.2529712264718968 -0.45483960643662458 2.7184887422749027 203 205 158 1.3474154288195772 20 3160 19 2658 21 2878 26 2837 25 1846 23 3474
774 2.7699598443280702 1.1334617775841569 3.4271299712735077 99 82 66 2.1339973481876626 31 2093 33 2872 35 4083
3131 1.4306539572404728 0.75407177994582797 5.0775406560411422 74 85 51 1.3394921547749625 3 2432 7 2894 1 4615 2 4839 6 3170
3698 1.8405085993974539 -1.0448635423183508 3.7757145906581964 117 146 49 0.8349523816228801 4 2447 1 3682 2 3298 5 2957 6 2081
4239 2.2769623668374654 -0.51496722188626554 2.7070070072261734 213 212 175 1.6493258639241168 20 2882 19 2411 18 1751 21 2872 29 3602 26 2832 28 3623 25 2223 24 1779 22 2579 23 3470
773 3.6573730385394772 0.88646800655982005 3.5349014634176221 93 96 77 1.8606977149130972 31 2083 33 2868 35 3613 34 2155
3130 1.9108340823863406 0.96339423275223579 3.6483472091648226 130 136 102 1.8320083362883528 7 2883 5 4878
4238 2.0215197777798628 0.34878714028056301 2.8330484394946058 40 50 7 1.6881182128308088 20 3439 19 2942 23 3544 17 2747 21 2970 16 3084 15 1778
772 3.4640999188161907 0.7556376941493459 3.6322419903919805 102 124 88 1.751276270587842 31 2070 33 2858 35 3592 34 2347 36 2845 38 2444
3129 1.6353864359603605 -0.1045323129912511 4.9982660176303071 205 208 200 1.3436067268797782 3 2384 7 2864 5 1887 4 3349 5 4336 6 3125
4237 2.0273166453612661 0.38121779469349198 2.8124279413925071 45 58 15 2.0497664088668524 20 3253 19 2752 18 2006 17 2754 15 1782 21 2974 26 2727 22 2451
771 2.9649045118857997 0.79174252065150807 2.966253678278969 73 89 62 1.6035667775032625 31 2073 33 2856 34 2143
3128 1.4706395807503647 0.060557434969603946 3.7094467874906614 118 144 109 1.4283248325262647 8 4024 7 2849
4236 2.0877373843884119 -0.46729507948471782 3.2530271733718523 199 205 179 1.7763671497889546 20 2920 19 2434 18 1944 17 2506 16 2576 14 3495 21 2887 22 2063 23 3254
770 2.2490721263484503 0.69348101768206538 3.1973855053121083 85 99 79 1.0778135871558336 31 2062 33 2842 35 3855
3127 1.3196588860397012 -0.14672346184029736 3.8220890252701705 100 122 49 0.7506285911383308 3 2566 7 2837 5 4811 4 3555 1 4530 2 4737 6 3090
4235 2.9029916741459405 -0.5496711655873644 3.2564822487151548 84 92 74 1.9552334982732944 20 1567 21 1429 28 3117 22 1417 23 2196
769 2.2765474195532081 0.57005644201324313 3.1109412062929227 8 11 4 1.3256455715633262 31 2053 33 2828 35 3841 34 2117 37 2219 38 2045
3126 1.3891766311870615 -0.17438466737570021 3.763862314107465 204 217 171 0.59500296293326282 3 2553 7 2825 5 4800 1 4519 2 4723 6 3080
4234 1.9504468157867767 0.24169771150430958 2.9146202274984581 18 30 6 1.7874417896395152 22 2158 23 3055 21 2719 26 2424 28 3228 24 1465
768 3.7005928298565434 0.29668557966000303 4.308634831672383 115 133 107 0.88108966756781104 31 2041 33 2824 35 3839
3125 1.4831667067183203 -0.27336407370800131 3.7489084859556501 84 109 28 1.4468712624511413 3 2736 7 2808 8 4394 5 4780 4 3523 1 4496 2 4701 6 3060
4150 2.0939365121575162 0.43137875892130323 2.706169209709544 60 71 14 0.58188176359699384 24 1896 23 3375
4148 2.3387852516080483 0.21539466399945376 2.8352950053321324 204 218 156 1.886230736660214 20 2703 22 2432 23 3346
4146 2.3687957594086106 -0.24977392034442744 2.9782435379718213 162 166 116 0.60141802247050402 22 2373 23 3282 21 2653
4145 2.4473997733372594 -0.28536363145863941 2.8753459146398321 19 33 0 1.0164600436625781 22 2081 23 3265 21 2643
4144 2.4459203063789774 -0.30742719594263745 2.8436409029077345 183 183 129 0.93713348246420347 22 2355 23 3262 21 2637
4143 2.0314284364385604 -0.45323456501593945 3.2238214241043424 121 148 74 1.7298456873448467 20 2923 23 3256 21 2633
4141 2.1369833655267696 -0.45075730283023863 2.8181680402358587 93 111 59 0.84423742914089461 22 2041 23 3242 21 2614
4140 1.9031148483357971 -0.85290108151233868 3.4782333197540569 120 140 113 0.88909595029078625 22 2010 23 3212 21 2863
4138 2.6320847011820159 1.6264853927133613 3.974834508517834 134 98 78 1.2509451977669415 26 2517 23 3184 21 2558
4136 1.8172419705887173 0.95386047630228277 3.6900036859050966 114 131 78 0.24346477123461327 20 2807 23 3159 21 2533
4135 2.5825906805435266 0.92777292006121947 3.3620189361890556 0 0 0 0.83253299640687239 28 3297 29 3300
4134 2.6097208318410718 0.87696502828947454 3.29253650450128 89 102 76 0.33957225378984629 24 1716 23 3134
4133 2.2771779673024555 0.6557757597977093 3.1577454038281498 85 99 66 1.4398020121345292 22 1592 23 3122 21 2177
4131 3.0467107330106256 0.5646256552458323 2.8470623983301064 69 84 53 0.91752527062143963 24 1491 21 2475
4130 2.1589503302990174 0.41330134065482838 2.7596842665385379 71 87 41 1.4075794568345836 22 2452 23 3088 21 2748
4129 1.6787085107220197 0.23605468297617757 3.2450618788711982 73 89 52 0.56892159265317943 22 2169 23 3073
4127 2.112288820906794 0.20074922556684316 2.7824284186745825 178 190 128 0.05000760930696363 22 2147 23 3044
4126 3.0398099537058858 0.079334991107137487 2.9664579008197345 200 216 184 0.97408138231895691 22 2129 23 3012 21 2418
4125 1.4263421828214442 -0.26623512721398451 3.7727787981554535 167 175 118 2.6294568009592449 26 2104 23 3005 21 2689
4124 2.8154439861757776 -0.071330156384500923 2.7451154736505541 167 183 134 0.63322406236155726 20 2648 23 2984 21 2388
4123 1.5884556730948678 -0.43185479574538943 3.4767017430624003 125 158 77 0.20107307015379566 23 2970 21 2370
4122 2.4149601739868864 -0.32035279954058488 2.8292505669948866 92 106 47 1.1495869835436305 22 1762 23 2942 21 2632
4121 2.1656109522982643 -0.36009454795327522 2.7962870499921331 54 66 20 0.95812764610758538 20 2600 22 2066 23 2935 21 2335
4120 2.9336136241347672 -0.33043183001940724 2.6626160035631625 178 182 128 1.316152846437177 22 2049 23 2915 21 2321
4119 2.1678758552848358 -0.51379738594799051 2.7002042327803966 205 202 160 0.49579377246705364 22 2024 23 2895 21 2289
4118 2.4435088613268561 -1.0139485085619615 3.5191627993461214 112 134 72 1.4778335820529107 22 1656 23 2864
4117 3.3745193485178273 0.67284036856464768 3.0137421898414072 173 186 158 0.78120414256150728 26 2751 23 2756
4116 1.9114661557574644 0.31381893257529725 2.9656873645681121 9 14 6 1.6528615630021999 22 1889 23 2719 21 2740
4115 2.0729169385255455 0.35211411603928994 2.7746789300749337 191 203 142 0.68070152113093052 22 1891 23 2718 21 2145 20 2390
4114 2.8654221361889327 0.30005335760517254 3.1435620475170811 77 96 66 0.62110880203923657 28 2503 23 2690 21 2122
4113 2.1392686523576878 -0.093558925284264446 3.0063922816546507 107 124 96 1.2853182456049592 20 2670 22 1818 23 2647 21 2408
4112 2.0750128411054853 -0.11035090203698231 2.9823879613478064 99 120 81 1.4447867678775028 20 2666 23 2644 21 2403
4111 2.155692126602764 -0.34668904079819329 2.8086212467045129 155 172 125 0.14962739683567203 20 2606 23 2574 21 2339
4108 3.4628333394851172 1.6122743242693112 4.3717346554801342 97 67 49 0.032818702554742042 22 1641 23 2472
4107 2.4899926340226348 0.90898258907948082 3.4148426245104271 77 90 72 0.6970491263950368 24 1006 23 2428 21 1886
4106 2.2173467121573451 0.28916330373819532 2.7739889898958836 47 58 1 0.46396500765423559 22 1259 23 2339 21 1823
4105 2.8920451485241219 -0.31674471511990088 2.6929202360483546 121 130 73 1.1098701373463034 20 2232 23 2214 21 1717
4103 2.3391942516446838 0.91499534274469141 3.4767659007232523 0 0 0 1.2116866362711654 18 1011 26 1586
4102 3.6682521785490798 0.91603413305777781 3.5253322098902644 165 161 132 0.72640667862150776 25 1363 23 2049 21 1874
4101 1.3692201524013177 -0.23886644536498891 3.7756686486632307 173 179 131 0.5589804248372271 22 1215 23 1912 21 1512
4100 2.4470172889741937 -0.053384143855500527 2.5189727306020142 111 131 71 0.36723766148250842 26 1471 23 1888 21 1491
4099 2.2862302795195966 -0.43725323908383334 2.7233321887323059 143 159 89 0.74071930054690727 22 1155 23 1791 21 1427
4098 1.4020099705318603 0.76066233394460725 4.8936838106487164 0 0 0 0.19109596595288225 25 282 23 1662
4097 2.0380714555084984 0.35979953292026312 2.7891021187656255 118 133 64 0.68272466318339475 22 779 23 1568 21 1257
4096 2.6195577344722119 -0.97438933179553877 3.3109690952071693 168 172 113 0.99615716759486317 20 1121 23 825 21 1054
4095 3.3209009211337248 2.1166822369804601 4.3697393659400365 0 0 0 3.6855650103140642 22 252 24 220
4094 1.8480748474261153 0.39913118193231323 4.2339813272298361 12 23 9 2.7823923895682725 4 4066 6 3554
4091 1.6646663357511173 0.82844368418547254 4.1383458937367656 49 52 43 0.05681189984004012 4 3629 6 3161
4090 2.0578741612301115 -0.14420840897058432 3.4027671291451025 71 93 47 1.0223395337726822 4 3726 6 3041
4089 1.9403131916005314 -1.1003726107837351 3.7959064114161634 211 227 168 1.0433091657789102 8 3466 5 4068 2 3855 1 3669 6 2400 5 4430 4 3146 1 4091
4088 1.5661571236299934 0.057233801712764799 3.6525022977183252 105 123 78 1.0972889738536811 3 2574 5 5005 6 3280 11 2775 10 3093 9 4256 8 4240 7 2841
4087 1.4752704084177044 -0.34494948587898705 3.7316038340914037 143 165 98 1.3805776051072336 13 3556 11 1874 10 1849 8 2668 5 2521 1 2674 2 2846 6 1841 7 2056 4 2592
4086 2.1844342981997551 -0.2774578485109761 3.0768266611531558 72 83 41 1.9330258409108123 4 4033 6 3576
4085 1.9433915280152108 2.3471052123589988 5.2409526965599529 0 0 0 1.8472278221674345 1 5030 4 4081 5 5228 6 3567
4084 2.0152199107164801 2.4266597464722954 4.8275655738937173 129 97 76 2.2747289518111309 4 4023 5 5227 6 3566
4083 1.641159319809482 0.74148652406233395 3.9129217693678018 69 85 56 0.47228149159002286 4 4016 5 5218 6 3560
4081 1.5393163891768429 0.38745630932684061 3.8745453757122799 0 0 0 0.42869865775454363 2 5223 4 4006
4077 1.7604284534455095 0.046085989069016439 4.9691442662815026 94 116 69 1.2228148375469672 2 5113 4 3913 6 3451
4076 2.0802505778668205 -0.60247718991590871 2.8530907848755334 196 212 149 0.8272845439883616 2 5045 5 5065 6 3366
4075 2.8228027093974637 -0.040381192070350111 5.0300455266294311 172 182 154 1.4131433405911817 1 4757 4 3576 6 3293 2 4760
4074 1.651203262616268 -0.75987479466004082 3.4841342714480081 104 134 60 2.567856278238636 1 4667 4 3679 6 3208
4073 2.0766804718510556 -0.61316378997299614 2.8884316451273579 102 128 39 1.7320265305402849 4 3662 5 4913 6 3194
4072 2.4714661382181027 0.4888145096046897 4.7755514849369307 91 100 73 0.95071037763124222 1 4317 4 3604 6 3138 2 4516
4071 1.1535347621675238 0.27580919240330276 3.4074966990286533 129 150 86 0.66502452563719661 1 4282 2 4774 4 3590 6 3121
4070 1.3822633451051167 0.1018516102424824 3.1638848229280887 77 109 38 1.6469677221326355 1 4515 2 4720 4 3547 6 3083
4069 1.6623101348214788 -0.78025595355606958 4.3565908078797539 67 97 25 1.9897893653552068 1 4705 4 3231 6 3028
4068 1.5823016628475688 -0.55074420471218322 3.5454387662693092 100 128 71 1.5740222539958453 1 4161 5 4752 6 3020
4067 2.7776496738228529 -0.77226215735838843 3.619744571965442 132 144 108 0.26823472818527305 1 4422 4 3164 6 2976
4066 2.4780527150685279 -1.1323805771826301 3.4439588619148966 206 213 169 1.2611248070340257 1 4388 5 4687 6 2944
4065 1.5037442421949065 0.6472885896418209 5.0013576133533437 90 105 75 1.2389403115322204 1 4612 8 4096 6 2916
4064 1.6715591773441558 0.41517457825679216 4.4578248148347051 19 28 11 1.2611206958315198 1 4592 2 4531 4 3376 6 2896
4063 1.914012939073384 -0.49068011451015897 4.514015519340794 67 88 45 0.51997074280514322 4 2986 6 2806
4062 2.1111821982068792 -0.57961503300758876 4.5229130935763608 46 70 18 1.6069086607917062 1 3850 4 2587 6 2792 2 3511
4061 1.5451357775718995 -0.68675395749893042 4.3126387959746255 165 187 124 0.96029610538499499 2 3999 5 3790 6 2784 1 2640
4060 3.2681987999068332 -0.3598453607742666 3.0536529033497368 110 135 52 0.81650881908116579 2 4317 4 3176 6 2723 1 4125
4059 1.9266531396611011 -0.74506706271306766 3.4556936219791066 118 145 90 0.8230712387262511 1 3711 2 3899 4 3446 6 2720
4058 1.4508633652611107 0.34026020015037772 4.141352803103846 39 54 27 1.0168077341669675 2 3700 4 3366 6 2634
4057 1.7879854480792812 -0.0053843337421676041 4.9524035223004841 104 119 79 0.23260426966702355 2 4148 4 3067 6 2624
4056 1.791567937398002 -0.42652214214626655 5.0064297667990045 91 115 57 1.3209600945505116 1 3923 2 4092 5 3353 6 2583
4055 1.8554929793996249 0.41571023166068904 3.1528329214005169 147 172 107 0.38306193414294393 1 3422 4 2661 6 2581 2 3603
4054 1.9284942201324211 -1.0889947344181845 3.8098216699278247 192 212 151 0.55104431514001773 1 3677 2 3860 3 1779 6 2405
4053 1.4691749872465822 1.1669539541897216 5.5201974470176918 94 105 73 1.642944954825488 2 3809 4 2773 6 2370
4052 1.6790001602448541 0.61135708763398722 4.0167443830119547 35 49 26 0.85781817420293649 2 3735 4 3099 6 2341
4051 2.7013514179345615 0.55342976374624864 4.8772530381677299 33 40 7 0.42046857254768283 1 3522 4 3087 6 2328
4049 2.1842867664583445 -0.044432269311372438 4.6743570923593776 79 95 56 0.68393172888424236 1 3453 4 2266 6 2292 2 3632
4048 2.2096907101055425 -0.72940577952080576 4.33625502359551 90 117 50 1.1044590404045049 1 3801 2 3973 4 2923 6 2203
4047 2.5963420421919383 -0.08037692800415229 3.0224501299655304 72 90 67 1.1837661026954487 1 2578 2 2759 4 2919 5 3758 6 2194
4046 2.3427218626678967 -0.05823136501202035 2.8378212149047712 120 142 96 1.7909739706246384 1 2568 5 3167 6 2184
4045 2.3947569961409698 -0.18232737384980324 2.9806230065912889 66 92 28 0.96477369489529519 4 879 5 3141 6 2175
4044 2.2410737600307864 -0.27905238863749965 3.1150736304156035 131 148 96 0.57471078459600833 1 3226 2 3425 4 2900 6 2174
4043 2.2560586389453117 -0.30312450847220279 2.7228519866296059 121 146 75 1.2451012628874449 1 3168 4 2493 6 2129 2 2626
4042 1.9233360353369844 -1.0778220885473122 3.7718752853578992 178 202 119 1.3511070696773289 1 3091 7 1927 6 2072
4041 0.7608837193150042 -0.065693830777482934 4.8814918061961032 109 125 77 1.9470349735236854 2 3749 5 2821 6 1980
4040 1.2634522832288444 0.32699260409917025 3.6227028615323218 86 104 65 0.22315976935075008 2 3047 5 3431 6 1936
4039 2.2011238716808776 -0.050358907741385517 4.7074718345164168 55 72 30 1.550488998388589 1 2845 4 2265 6 1909
4038 2.3132430783925981 0.41420349937664647 3.086372476204029 171 192 153 1.7420453848596527 2 2907 4 2641 6 1875
4037 2.2010241896828604 0.21504371234019334 2.934241470326457 98 122 74 1.6708137359542423 2 2847 4 2594 6 1843 1 3326
4036 2.0872262317777057 -1.0336443834984623 3.9281435859170459 137 158 109 0.91961655672174669 1 2431 2 2577 5 3644 6 1723
4024 2.5585333883807109 -1.220108964850027 3.6065422695357037 142 164 82 2.5129809121048328 1 618 5 988 2 792
4023 2.4106844549979303 -1.0834044810200645 3.6266698031725042 183 193 137 0.78112496817771238 4 1365 1 1466 2 823 3 574 7 573 5 1037
4010 2.0001515642733225 1.3227366780047336 3.9980770619107946 114 84 58 1.4097405451563623 4 4075 2 5237 6 3563
3697 1.9179028106298606 -1.087296568521082 3.8720191105599056 138 165 102 0.43749866893139844 7 1935 1 3681 2 3866
3696 1.8483231754287741 -1.0430478085117461 3.7614439985531232 184 204 135 0.80197850839947415 5 4087 1 3680 2 3297
3695 1.8927820417115502 -1.0613231510756007 3.7108705932870589 220 229 174 0.93948491316816507 5 4070 1 3670 2 3856 6 2401
3694 2.1284627951743764 -0.64525793461781333 2.8228556713030577 174 190 115 0.67806900910286305 4 2817 1 3661 2 3849 6 2698 5 4428
3693 2.111605011469337 -0.64765816242743812 2.8236065668927641 174 190 115 0.74210772582352114 4 2816 1 3660 2 3848
3692 2.2734931586292144 -1.1515164761164565 3.7656323547127326 213 225 179 1.457601256941351 5 4424 1 3653 6 2688
3691 2.4957609407159604 -1.1648993038268551 3.5926877333867657 201 222 162 0.21139944482591391 4 2798 1 3643 2 3830
3690 1.3097995220147827 1.0857282069272598 5.4822082847414384 81 93 53 1.2712659351135946 5 4032 1 3612 2 3810 6 2675
3688 1.3563177429549664 0.99148408734699389 5.3967133080975849 77 87 52 0.71142497476376754 5 4024 1 3599 6 2365
3687 1.588787047837888 0.51129478959189978 4.0971159902677359 109 129 78 0.91766558757939054 4 2730 1 3540 2 3115
3686 2.5114703274499433 0.51621842782256855 4.8203769983230513 89 95 67 1.0808013834461467 4 2724 1 3523 2 3710
3685 1.3775630456291521 -0.077949444712293481 5.0614298701056279 120 131 100 0.51122813023525338 4 2715 1 3517 2 3702
3684 1.6676831362563802 0.3289854372285072 4.1469572756346249 6 12 2 0.64551795802456369 4 3357 1 3501 6 2626
3683 1.5578695649062053 0.10231111009028729 3.909265690370022 16 30 6 1.1036646664920005 4 3048 1 3455 2 4111
3682 2.1787193648216094 -0.071601359304247242 4.7213397764068112 68 90 48 1.0045444641861803 4 3042 1 3452 2 3631 6 2597
3681 1.1666434007810815 -0.60478577530910971 5.1496836951103617 38 62 26 0.58243552431115819 5 3894 1 3448 2 3626
3680 1.701089658409233 0.025439512661415552 4.1520054788257248 96 114 72 0.74058356766106648 5 3912 1 3446 2 4107 4 3046
3679 1.5624340948533326 0.27404606908255946 3.4313575675395178 129 152 110 0.98235843136646439 4 2675 1 3439 2 4102 6 2594
3678 2.0620319326971099 0.3700083517952788 3.002141026094383 64 85 26 1.1298994372950222 5 3331 1 3389 2 3562 4 2230
3677 2.2260511850640512 0.38184049720187668 3.075059398630319 175 191 155 0.23435567221443537 5 3864 1 3388
3676 2.2245717518627313 0.36460083386199654 3.0062701916730981 109 134 79 0.223012922003165 4 2995 1 3375 2 3555
3675 1.4389611582067239 -0.20852958915905673 3.6913563085928058 114 141 73 1.0248646140292712 4 2624 1 3367 2 3547 6 2254
3674 1.3846150748233701 -0.32127276651061459 3.8446980499224597 172 183 117 0.079435270047476775 5 3283 8 3241 1 3356
3673 1.5187241973763717 -0.50670641623939638 4.2612099153869174 138 162 106 0.50465130383016243 4 2606 1 3352 2 3537 6 2246
3672 1.7949330424539884 -0.40925454468837785 4.1537857020744573 44 67 23 1.6802540915086628 5 4553 1 3344 2 4412 6 1851
3671 1.6812693261475893 0.060917843478616701 3.1054690506139604 185 208 166 0.30860541876963937 5 3280 1 3343 2 2862
3670 1.5473068799916356 -0.28058953251743018 3.7086418854302114 81 109 34 0.38386752656929995 5 3265 1 3336 2 3531 6 2242
3669 2.2246299809448788 0.21991078320228022 2.9325952677772307 112 136 85 1.6445637229042187 4 2193 1 3327 2 2848
3668 1.8818623087730226 -0.026327319410839371 3.101937729630635 114 146 81 1.6222755903127177 4 2181 1 3305
1153 3.515858052543511 0.62181788554988249 3.2065342363942122 140 153 135 0.23659057733884131 36 2839 38 2440
3510 1.782976253895538 -0.53233443627946164 3.9625889009808359 100 133 61 1.8456431078197428 5 4959 4 3718 1 4871 2 5069 6 3395
1167 2.736812361579894 -1.027972178396817 3.4686605101466261 107 134 41 1.0530513516478575 37 2039 38 1658 40 3152
3524 1.61587901057174 0.84457399685594825 4.2779187803987035 0 0 0 2.2381833681012089 3 2830 5 4885
1171 3.259693097732324 0.028907008260181125 3.1985594531871899 114 147 67 1.08859843840556 37 2169 38 1768 40 3613
3528 2.5123423111480339 -0.91336148662118755 3.5849682919353745 216 221 224 1.5485012456499381 5 5063 4 3839 2 4874 6 3365
1184 3.4198387670867838 -0.4450231675249226 2.9999063195572235 95 117 34 1.183489437524176 36 2256 37 1846 38 1954 40 3546
3541 2.4942463914643591 -0.97780662808887309 3.3499861426665758 184 193 129 1.6362790087581747 5 5144 4 3946 2 5158
1185 3.4427368705223049 -0.45134202196682915 3.050961855851853 52 74 28 0.19190279594905829 37 2367 40 3255
3542 2.0381525232726942 -1.1835392631350583 3.8274950574943793 223 229 191 2.2745330167337672 3 2847 5 5060 1 4839 2 5159 6 3493
1212 3.4178133917240707 -0.38681792209919191 2.9572618493851306 62 82 31 0.56190350956178203 37 2573 38 2376 40 3930
3569 1.4559512519284321 -0.31559416008041763 3.7210112442170744 179 201 135 0.56644568222056269 4 1054 1 1060 2 1233
1220 3.4741121259974901 0.21216531657099597 3.2672208734691659 153 177 117 0.4935754046312365 38 1793 40 3053
3577 2.4284663821258166 -1.0993949460675008 3.4413562668740374 160 176 112 0.85617462423349355 4 1345 1 1442 6 1233
1251 2.4688654410354713 -0.98085121315283141 3.4317268929685567 75 108 29 2.6435453851439754 26 2545 25 1603 24 1539
3608 2.213901413469769 -0.9402022538821867 3.3542718297955476 155 174 110 0.76930488348542259 4 2420 1 2344 2 3254
1252 2.1486194449341114 -0.47109310898577761 2.7204156375657678 137 152 83 1.7314067819886254 26 2592 25 1634 24 1189
3609 2.1274961829958197 -0.68592207411344919 2.8833505883859996 146 165 86 1.771982642148858 4 1960 1 2348 6 1699
1253 2.8978838145703945 -0.49595768310458088 3.2454841815503657 148 159 151 0.88930235908060917 28 3127 25 1644 26 2020 23 2209
3610 2.1712272646018627 -0.66358030418372871 2.88109838729999 168 191 120 1.4663157041835724 5 2146 1 2355 2 2511
1254 2.3006207356223571 0.27363934693107078 2.7938673775335223 175 190 129 1.3700329366862958 26 2425 25 1715 22 1867
3611 1.945585976176325 -1.1021393202989485 3.831658268359289 170 195 112 0.75113185774259594 5 1096 1 2378 2 1752
1255 1.9374624677623113 0.39267655008055796 2.9219371306093289 8 24 0 1.6554630082556276 29 3505 25 1727 22 2187
3612 2.1940874986269208 -0.5638115857008662 2.8778818725621411 143 166 85 1.143610365993442 4 1998 1 2402 2 2554
1256 2.0957595285646735 1.8220409248842089 4.2686301890082445 154 139 142 0.71635364577329907 26 2524 25 1785 24 1527 22 2271
3613 1.8440243605864399 -1.032810736272848 3.7726526960399713 183 203 128 0.73001731958313665 5 2965 1 2404 2 2556
1257 2.4123493044971096 2.5096763077955919 4.5309812082071073 125 104 103 1.375542691221189 26 2531 27 2547 29 3323 25 1792 30 2648
3614 2.4350091669505236 -0.56745695774861504 3.03602002011732 208 223 168 0.26452777660469529 4 2010 1 2424 6 2096
1258 2.7083098412572313 -1.1532452213437314 3.5438919832852891 160 186 87 1.0171796449870378 26 2234 25 1797 22 1646 24 1332
3615 2.1684151229898316 -0.42888284461250514 2.8427634908927 191 209 159 0.16104808014094565 4 2482 1 2454 2 3338 6 2113
1259 2.5083877034162465 -0.91454297992535305 3.3869195718253176 100 126 52 1.5378600443650563 25 1811 24 1545
3616 2.3144378353486816 -0.45586926266490824 2.941699181501467 216 231 192 0.3185240068376653 4 1487 1 2456 2 2609 6 1737
1260 3.8126026716613133 -1.0261156699579372 3.8297716785620359 205 212 179 2.5797397828643565 26 2253 28 3348 25 1813
3617 2.1151725246030191 -0.44486997508627607 3.1352747979769569 198 193 170 0.62665921718456019 5 3087 1 2496 2 2669
1261 3.6228133603134576 -1.0129961001292531 4.0159313329503998 160 188 129 1.4873837494924267 26 2557 28 3356 25 1820
3618 1.7718576103503934 -0.62215079071897483 3.5596746096857435 66 96 31 1.1791096772121823 4 2096 1 2523 2 3413 5 3717
1262 2.3393110486650208 -0.51791618016959684 2.719689976672897 187 194 152 1.5459198973330219 26 2587 25 1837 24 1567
3619 2.355365310928776 -0.2327852877112454 3.0158313068180949 75 97 35 1.0449860077376492 4 2103 1 2534 2 3420
1265 1.5646160162711573 -0.29728248924404999 3.6095619850479381 99 131 68 0.48968552358999795 26 2900 25 1889 24 1833 22 2627
3622 1.7661198965512384 -0.72072168746614729 4.281312613148156 194 214 157 0.36757240544909758 4 2567 1 2607 2 2786
1266 1.7523154823957945 -0.24164645772120549 3.5033748243140916 77 105 57 2.5485921339130595 26 2663 25 1894 24 1835
3623 2.6196929598345724 0.17361285257511991 2.8954188471536906 181 196 153 0.61099115902686818 4 2167 2 3490 8 2647
1267 4.1970502908795781 0.17851865721324059 4.0209763733409964 0 0 0 1.5638326708846944 26 2700 28 3720 25 1923 24 1656 22 2420 28 3504
3624 2.6567783376926197 0.18304928996740547 2.8945140652899934 177 195 147 0.11964464865162387 4 2166 1 2618 2 3489
1268 1.9317116942575063 0.26235709142190933 2.8804176989308616 147 167 103 0.9749072170794616 26 2713 25 1932 24 1670
3625 2.2618574471573281 -0.042549856663655759 3.1999579043190338 129 158 100 0.70047523860231975 4 2165 1 2622 2 2805
1269 2.7034473311745542 0.32786481152162267 3.210198688268274 61 81 56 1.0492645964524514 27 2967 25 1940
3626 1.7941040860104558 -0.46150463421062388 4.1004774271823647 155 175 136 0.25547654323601393 5 3243 1 2669 2 2842
1270 1.4680160334865053 0.25660533201230895 3.3916061868705181 68 97 53 1.2163857788938606 26 2721 25 1941 24 1681
3627 2.0905889915187759 0.22773874542513084 2.9343101055469236 192 215 152 0.95424564629534048 5 2558 1 2697 2 2858
1272 2.2032026274422529 0.49795764558296846 2.8546704360509372 28 47 14 1.5166849038126962 26 2744 25 1958 24 1493
3629 2.2398303637802188 0.36198774841173975 3.0883363732121287 184 207 162 0.26647644290150546 5 3325 1 2735 6 1870
1273 2.7754434416728127 0.56707456955422431 3.0159635150660047 89 106 87 1.4755960492495974 26 2172 25 1961 24 1494 22 1909 28 2949 20 2407 19 1985 14 2840 17 1906 23 2748 21 2154
3630 1.3265141740526531 -0.13972231127699217 3.71547938281349 145 162 120 0.46475260072222901 4 2235 1 2760 2 3571 6 2266
1274 3.6176610118900703 0.92250912524392437 3.5319164580134452 157 169 159 1.8203177392031187 26 2486 25 1973 24 1507 22 2231 23 3399
3631 1.6352001064133979 -0.0049872162672519585 3.7066680934954461 132 159 105 0.18083884611910928 5 2640 1 2771 2 2922
1275 2.5462159308530783 1.3486215824494803 3.8292586785844511 137 119 119 0.27783003001520185 26 2783 25 1990 24 1737
3632 1.6639019593955333 0.24071000458573577 3.2904647429198932 95 118 68 0.90800619876355604 5 3354 1 2782 2 2937
1276 2.0482357349971712 1.7343179295727682 4.2895295769268218 166 156 157 1.2773112470034287 26 2798 25 1996 24 1746 22 2270
3633 1.6042964153122368 0.12745652482926378 3.6795107893957395 84 103 81 0.42271678717681932 4 2255 1 2808 2 2970
1277 2.1701165701056371 1.9020532169813062 4.2627344369578131 128 107 104 1.4297773004295478 26 2800 25 1999 23 3438
3634 1.6409333754137014 0.1416203517887121 3.6733869762976545 43 63 26 0.31599896454326476 4 2664 1 2809 2 2973
1278 1.8843719300075441 -1.1557441074336037 4.0376631562327399 0 0 0 0.99106922171265932 26 2815 24 1761
3635 1.7344302319681346 -0.42657923290543848 4.9708548426279711 206 216 187 0.51792721457068847 4 2658 1 2814 2 3608
1280 2.0390292747258654 -0.37991281518845277 3.1798762404370815 100 137 60 1.8746515444521943 26 2872 25 2058 24 2004 22 2603 23 3760 21 3216
3637 1.8563938787292609 -0.063633303795362417 4.8700291325554943 132 147 125 0.49159608324508614 4 2692 1 2878 6 2304
1281 2.9202088834448823 -0.24081698818064148 2.6646653239202451 183 190 147 0.44136931741791491 28 3667 25 2060 22 2351
3638 1.6177363431022356 -0.013240465365345414 4.9437255917681897 89 106 68 0.8591526662912774 4 2704 5 3449 1 2911 2 3682 6 2316
1282 2.013081182909648 -0.34267703578081721 3.2239546507588059 130 166 96 1.100193652473862 26 2882 25 2066 24 1820 22 2613
3639 2.5658951136494386 1.0892573809650965 3.3542138441019946 162 168 154 0.72095242890849842 5 3972 8 3386 1 2913 2 3072
1283 2.3066939452271376 -0.24022541689938504 2.944731430586311 79 101 54 1.1125048411901231 26 2886 28 3681 25 2073
3640 1.4382765350364541 -0.080108893404458301 4.9815374752581345 85 102 58 1.4122715539378765 5 3453 1 2916 2 3689 4 2304 6 2317
1284 1.6190859087633671 -0.34230732905536365 3.5160497135769515 91 133 47 1.4277895561181762 26 2891 25 2074 24 1620
3641 2.5348508017600944 1.1017390978164792 3.3798230723322233 225 226 218 0.4155454495836774 5 3477 1 2919 2 3082
1286 2.2763245464822872 0.15642953775482815 2.8664141605713662 150 168 118 1.2157206307930939 26 3090 25 2104 24 2034 22 2659
3643 1.6011180151498994 0.8848542317682947 3.96354760577294 127 120 117 0.97026835538515233 4 2748 1 2987 2 3769 6 2357
1287 2.3739521309690135 0.21866892400998911 2.8321349971518326 28 44 19 1.2961708571549855 26 2938 25 2109 24 1868
3644 2.3472207660594564 1.303286557985843 3.8352130629675818 0 0 0 1.0078990327931514 4 2358 5 893 1 2988
1288 2.4278954555808192 0.26489849080476913 2.8714149906271489 6 18 3 1.7550148330864215 26 2709 25 2117 24 1870 22 2668 30 3063
1289 2.7304592988744401 0.35671977972706725 3.1940455379072836 16 33 1 0.27269576566637271 26 3113 28 3738 25 2129
3646 2.5529760136255244 -1.0823286677889734 3.6190909800173579 104 128 46 0.6449378611876776 4 2806 1 3062 2 3247 6 2051
1290 1.9723658182418387 0.34744858714961507 2.8675602030425087 61 83 37 1.0257122279502724 26 2952 24 1884 22 2682 23 3687 21 3262 18 2269
3647 2.0783509316675288 -1.1284057263748493 3.7239273877695465 229 236 190 0.51240148894392834 4 1951 1 3067 2 2492 6 2055
1291 2.040933359549558 0.41923938363359453 2.7977567280867044 161 176 117 0.76091218694476692 26 2960 25 2134 24 1895 22 2694
3648 2.572542717598659 -0.94804527908749425 3.543444450323316 132 157 87 0.55304485058341735 4 2426 1 3077 2 3268
1292 1.6054206889862925 0.52190483119612074 3.1358127974815622 109 137 78 0.58909467044183816 26 2974 25 2150 24 1907
3649 1.9334824079822523 -1.1364033489460557 3.8352333540620736 221 236 180 0.56116761281843253 4 2428 1 3082 2 3275
1293 3.3878114553353522 0.77876828432280909 3.214079877857833 65 82 46 2.6053807142440548 26 2480 25 2161 24 1500
3650 2.1623265019838955 -0.64732764753047467 2.8818829183253847 125 153 68 0.1722626689318372 4 2434 1 3084 6 1704
1295 2.0459587433791042 0.76122436433469243 3.4030370204738074 24 46 25 1.480319589990414 26 2989 28 3935 25 2166 24 1917
3652 1.9878052971470399 -1.045667679645111 3.7097637890834858 86 109 31 0.70437127346068351 4 2827 1 3090 2 3284 6 2070
1297 1.9092103068961874 0.9041059385611655 3.4819823060984825 95 111 85 1.8046208741670211 26 2994 28 3781 25 2172 24 1925 22 2723 23 3579
3654 2.0796667080332067 -0.77300272212221932 3.200419375868921 207 222 177 1.4241004612921981 5 4076 1 3098 2 3289
1298 2.3710690302976758 1.12936931541276 3.3313359939243714 113 132 111 1.4550114087045529 26 3004 25 2184 24 1933 22 2521
3655 2.0091684854062346 -0.98945239711659738 3.6306356305031731 170 185 117 0.96388518773866827 4 2441 1 3099 2 2536 6 2076
1299 1.9701947008652556 1.2127648406090568 4.0565090537855628 86 64 50 1.8451120677202262 26 3159 24 2096 22 2853 23 3720
3656 1.8598154954847499 -1.0596290932023218 3.7858803814908213 157 185 100 0.36510127397898651 4 2446 1 3106 2 3296 6 2410
1300 1.770500297055726 1.4149420942665765 4.6673701095228548 129 108 105 0.53302610507894832 28 3583 25 2191 30 2296
3657 2.969741690541662 -0.83325412021138168 3.67554089939448 165 179 153 0.59075987857032475 4 1431 1 3128 2 3311
1301 2.5669899813618997 -0.56053283670882148 2.9533213056526368 94 146 23 0.98706202553956623 26 2834 28 3973 24 1568
3658 2.0683644268619417 -0.46520525006503377 2.8450368981088654 126 147 88 0.77092663583173593 4 2029 1 3139 2 2597
1302 3.2181982006625867 -0.43911306313706117 2.7551557785050749 217 221 190 1.0569407263129778 26 3035 25 2228 24 1975
3659 2.345566370438902 -0.32062436777163372 2.7016922339697724 116 137 57 1.3177689687686784 4 2857 1 3153 2 3350
1303 2.1810275787489903 -0.34761293316962499 2.7492082463791996 94 114 65 0.76726773402790127 26 3049 25 2242 24 1993 22 2782
3660 1.9703177728292822 -0.91484556203206446 3.9303001468721335 151 173 111 0.33557649248411359 5 3681 1 3175 2 3913
1304 2.9736756868024701 -0.29633802374872037 2.6126152634861008 198 210 162 1.3418617639517363 26 3045 28 3986 25 2243
3661 2.0187289997494382 -0.93442014701724907 3.9787712353162465 160 181 125 1.4090854001911055 4 2861 1 3176 2 3912
1305 2.9736756868024701 -0.29633802374872037 2.6126152634861008 198 210 162 1.3418617639517363 26 3046 28 3987 25 2244
3662 2.2003405984353082 -0.38128010255925471 3.1711706418231898 123 150 69 0.70208550951795523 4 2091 1 3204 2 3409
1306 2.2568773632361099 -0.32206480881178362 2.7135299909467747 163 176 120 1.4311362125432081 26 3050 25 2247 24 1995 22 2785 23 3642
3663 1.7367069305949483 -0.54174472055030332 3.4657622418343892 46 77 14 0.25279975189187548 4 2897 1 3224 2 3422
1307 3.3789674553787976 -0.26319877270751429 2.7266657985512031 196 208 173 1.9360565232386391 26 3051 25 2249 24 1805
3664 2.1823278096326182 -0.3660501556605279 3.3691193072781238 130 158 104 0.40346307112482238 4 2909 1 3240 2 3956
1308 2.4484835167215264 -0.30613062816478726 2.9804459546681894 29 51 9 1.7234985355176891 25 2256 24 2005 22 2788 23 3759
3665 2.355508081213892 -0.031044229188449353 2.8275744381763896 60 78 62 0.41413449128818658 4 2132 1 3254 2 2760
1309 2.4526136628196697 -0.3069915708554406 2.9951063719840629 29 51 9 2.0934460366432042 26 3060 25 2257 24 2006 22 2789
3666 2.4212133701696814 -0.030744588559585406 2.8827843119590524 81 99 51 2.2616555194872077 5 3763 1 3261 2 3460 6 2489
1310 1.6935317420919187 -0.22331239496856972 3.7043450549542962 75 111 43 1.194397440058409 26 3207 25 2275 24 2024
3667 1.9641474532964756 -0.67353081222355737 4.1045934875165937 137 160 116 1.2630850811918444 4 2552 1 3272 2 3467 6 2495
1311 3.4925083583183367 -0.066312038746563814 3.3698392264103156 73 108 18 0.83006945398050069 26 2908 24 1839 22 2630
1312 1.5818237108050972 0.0069145576752506757 3.561178388399743 70 99 43 0.95666592474081158 26 3215 24 2147 22 2808
1313 2.0559143504680835 0.18897919219691817 2.8382880606054655 176 191 136 1.2029610185372948 26 3096 25 2294 24 2037 22 2810 23 3777
1314 2.6469275472998302 0.28848221675567876 3.048773818987021 46 70 38 1.043046115439064 26 3106 25 2301
1315 3.293339663395138 0.34254429664456504 2.9384526129077488 38 61 9 2.7425391054305082 26 3104 25 2305 24 2044 22 2911
1316 2.0061200416742904 0.2997025751755733 2.8085371470263376 163 179 116 1.0097394374978528 26 3108 25 2307 24 2049
1318 2.171707523735487 0.41170964209062122 2.7629508949440518 74 90 46 1.4314049804755762 26 3122 25 2316 24 1890 30 3076
1319 3.2087746453357808 0.64474765041432736 2.9906428765557389 108 126 100 2.0448780401737499 26 3231 24 2071 22 2702 23 3556 21 2987
1320 2.0604206251119659 0.71237285169985975 3.2707855222037829 106 128 107 0.87628632494110192 26 3141 25 2341 24 2082
1322 2.5082056798791705 -0.48878811913553449 2.8252008641647306 222 219 188 1.7339648917851622 26 3187 28 3976 25 2387 24 2118 22 2772 23 3744
1323 2.3978620047229167 -0.46242778190627437 2.7482008013653734 199 207 166 1.636628521785179 26 3188 25 2388 24 2119 22 2773 23 3623
1324 2.1820446335659329 -0.38540321138187339 2.6765627297255503 184 200 161 1.0068633059462286 26 3193 25 2392 24 2121 22 2885
1325 2.3168674740764907 -0.37923188268621616 2.7302139288339453 173 170 140 2.1061980643371734 26 3195 25 2395 24 2124 22 2887 23 3753 21 3204 20 3360
1326 2.152617568234592 -0.38522306226248221 3.1562949949739427 78 100 38 1.2604403981292733 26 3199 25 2403 24 2128 22 2894 23 3757 21 3213
1327 2.2766902054936371 -0.27305195422867262 2.9296783597397416 167 180 136 1.1947949062969954 26 3062 28 3996 25 2407 24 2008
1328 1.7261147011978433 -0.29412806161741012 3.5735579434480513 46 73 22 0.49943932480523229 26 3205 25 2413 24 2136
1329 1.4554865254779996 -0.036368614374333509 3.4402505662394285 154 184 110 1.6953557227338503 26 3214 25 2424
1330 2.1239213708598763 0.37763547264082314 2.746824080406812 216 226 191 1.9069429049104656 26 3226 25 2442 24 2156 22 2922 20 3582 19 3082 18 2150 17 2912 23 3795 21 3260
1331 2.1342893983604068 0.48784472580669408 2.8274567511456956 13 27 2 1.3961598767930168 28 3917 22 2828
1332 4.0810512239826018 0.55701373432681767 3.7291237560986081 100 128 71 2.362866712563318 29 3995 25 2446 22 2824 30 3219
1333 3.4379532810600941 0.61723450235918198 3.0802296891765648 193 204 187 1.5939760617274146 26 2969 25 2450 24 2066
1334 3.0184078806092782 0.62569228980058622 2.8256244032380242 65 80 47 1.2237490912499887 26 3134 24 2070 23 3691
1335 2.1148730224357357 0.64380415574925631 3.1169454561420897 118 140 99 1.8548270396501336 26 3237 24 2171 22 2942 21 3274 20 3468
1336 3.3239929684084175 0.71480202787823255 3.040278770035918 165 176 159 1.0318709632364629 26 3138 25 2458 24 2076
1337 3.3208974527123996 0.83583317352342679 3.2007714043880684 86 99 82 1.2624659205433451 26 3143 25 2460 24 2081
1338 2.1120476504303962 0.98852627845318142 3.3854143401860788 0 0 0 1.1747920110709769 28 4037 29 4010
1339 3.4492975033025135 1.3985797484578479 4.4986014890377941 95 81 81 0.52984680472154932 25 2473 24 2095
1340 2.8807621500552152 1.4233984615999433 4.0367122620768185 186 159 158 0.74986659785911103 26 3250 29 4017 25 2476 22 2961
1341 3.3399354862769548 1.0812977713281993 4.3946971771133185 42 32 33 2.2714813725959084 28 3300 25 1565 29 3304 27 2793 30 2910
1342 3.1383554105083342 0.4060275970016628 3.073983114116094 44 54 43 1.4029300707594252 29 3983 27 3111 25 2312 26 3115 24 2052 22 2820
1343 2.1794083943725355 0.75494245548502315 3.2470837475143091 48 61 44 1.8706706492077601 29 3531 28 3554 27 2764 25 2165 26 2988 28 3773 22 2840
1344 3.0270056083199108 1.8115081568717617 4.1956154232037486 146 112 104 1.9324306519917576 27 2544 33 2890 25 1997 26 2797 29 3578 28 3594 24 1744 23 3434 21 2838
1345 2.0023785012295994 0.22499296198437277 2.7962722479814839 150 168 113 2.4432447593580759 29 3839 27 3094 26 3100 28 3894 24 2043 25 2430 22 2667 30 3195
1347 2.5195322173442647 0.51482249725551266 3.074816022206992 64 85 42 0.71529317712110008 26 1258 24 648 23 1589
1348 2.4882431960999511 -0.35128486472888848 2.839320173956597 136 143 99 0.41894689456238954 26 1119 29 1482 24 724
1349 0.84363614711129287 2.2228943060211859 5.6756953511797077 116 127 157 1.5238575349578081 26 983 24 840 25 679
1350 2.8623222307011771 0.31408571956792131 3.1503988142362975 48 67 35 1.8333189219384869 28 1555 24 956 23 1967
1351 2.5540162473097925 0.58731293051320366 3.1455334140469344 87 106 75 1.0515952420229457 26 1264 24 984 22 1575
1352 2.4230229165886299 0.63915616127051222 3.1061161223276539 92 109 77 1.1798057925391994 28 1147 24 990 22 521
1356 2.5879864080912047 1.1444052986396622 3.2370138153709074 144 159 136 0.95031097488427818 26 1920 24 1010 22 1629
1357 2.4032963730088861 -0.44359231742847754 2.831202037291102 142 145 96 0.83926904895798937 26 2010 24 1051
1358 2.2660656711051179 -0.13816019180678421 2.943246792017491 77 108 48 1.8287606212039489 26 1783 24 1083 22 1810
1359 2.1356335665465855 0.2040995669533418 2.7902182874240697 158 171 100 1.209059878176439 26 2133 24 1104 22 1856
1360 1.9627996516099973 0.37835281026578055 2.8562389567869562 83 109 46 1.1083924347910612 26 1844 24 1121 22 1895
1361 1.9685839819530453 0.41999451056932963 2.8335497209412153 33 50 16 1.9695617490676378 26 1855 24 1124 22 1290 23 2372
1362 4.0940522230118788 0.69929416858197135 3.6523844980718034 127 139 91 1.5510909677758358 25 1357 23 2375
1363 3.0290859903456271 0.78132047161584928 2.9395708190283876 157 170 152 0.71240529930113106 28 2970 24 1139 22 2225 25 1748
1364 2.2832771699323584 0.89292995528430819 3.8367718439103831 56 73 54 0.2454921681792645 28 2990 22 1331
1365 2.3948386626292577 0.91921978379980696 3.5017229869752371 61 75 58 0.77265811154588826 26 1584 24 1149 22 1609
1366 2.484338550855635 -0.277908084633397 2.9156006096454958 98 116 76 1.0689395469908292 26 2067 22 1466 23 2587 21 2027 20 2622
1367 2.5169488153930528 -0.053133266428566424 2.5486180939866241 98 126 65 2.0578800167770068 27 1754 28 2826 24 1241 23 2985
1369 1.5103109575345588 -0.2325592760878393 3.7233418505713143 107 135 77 0.49938014107027567 26 2106 22 2122 23 3011
1370 1.79657454651504 -0.022322649443931381 3.0842707102421687 168 197 124 0.56375215449763905 26 2120 24 1254 22 1834
1372 2.1549852564182119 0.25440669506560692 2.7649814235858314 190 193 149 0.62682654614265554 26 2142 24 1269 23 2692 21 2449
1373 1.4067120165506155 0.15716756106315138 3.7502934938749171 88 117 84 1.8200459776192917 26 2427 24 1271 23 3076 21 2467
1374 3.0017233707159834 0.40585373178206391 3.1073993649779501 123 147 104 1.6011036568603059 26 2155 24 1282 22 1881 20 1708
1375 2.2729515284615092 0.57078331536373794 3.0804192271817357 21 36 14 1.7353795403834351 25 1963 26 2469 24 1297 22 1921 23 2393
1376 2.0833329960576914 0.6191589651225452 3.1343875169733977 2 8 0 1.7771751841213268 26 2476 24 1300 22 2221
1377 1.8200286006405135 0.62249591060590692 3.3048095873625991 23 46 18 0.48059952805278761 26 2478 22 2226
1378 2.2557117567720297 -0.5579172440561051 2.7116512468286276 163 176 120 1.2626892629235689 26 2274 24 1354 22 2015
1380 2.3325915567880253 -0.43777826722245705 2.7067269110889245 167 180 111 2.2835594248691442 26 2298 24 1372 21 2309 23 2907
1381 2.4822627990589567 -0.37465416552064873 2.7945382285669202 62 87 30 1.0822029782755793 26 2313 24 1378 22 2054 23 2923
1382 1.5225807829061961 -0.32087104970090174 3.7839288395706276 179 201 139 1.0764215055839963 26 2374 24 1426 22 2112 23 2994 21 2407
1383 2.3883407939112993 -0.052252111696016082 2.7086783650203197 87 115 56 0.60174936654252476 25 1898 24 1429
1384 1.8279562996237217 -0.13019847797972628 3.2754955379909707 21 43 7 1.1664338299818755 26 2389 24 1435 22 2124
1385 2.1629012071250799 0.11301557865410727 2.8433641986534495 38 59 23 1.6812318175795793 26 2695 24 1451 20 2338 25 1914
1386 3.0153025932501514 0.23305492552298795 3.0697812522022923 102 129 86 1.4114235407816109 26 2704 24 1454 23 3038 22 1850
1387 2.2379573268231829 0.26432296684851614 2.8057577726545619 134 144 82 1.042009983372765 25 1713 26 2422 24 1463
1388 1.395684247625715 0.13471998651950015 3.7371833894016997 152 178 143 1.9786803934025279 26 2421 24 1467 23 3069 21 2459
1389 1.9375684802120428 0.3454675648899117 2.9184976602877519 5 18 0 1.1124425979164787 26 2723 24 1478 22 2448 23 3372
1390 1.3785642173206918 0.30708160950117025 3.7803097840850408 127 156 100 1.3073817744371008 26 2167 24 1485 22 2200 23 2751 21 2163
1391 1.7120797894614108 0.86196290971258926 3.6050326406795343 136 156 105 1.0231302189143519 26 2200 24 1513 22 2247 23 3409
1392 1.6904455610517615 0.87724403198273537 3.6563673414174014 88 111 59 0.4649496877208168 26 2493 24 1514 22 2505
1393 1.7390782492803591 0.90545076867160135 3.6363232876809692 75 95 46 0.34282449805540838 26 2204 24 1515 22 2250 23 3154
1394 2.1505242726948373 -1.1493517166605542 3.7251136859519178 0 0 0 0.83820568115014615 26 2540 22 2546
1395 2.0672684313856857 -0.53992916732580032 2.7281274428033164 206 219 173 1.2285126533627218 26 2581 24 1566 22 2322
1396 1.9683844417451803 -0.43868215000201616 3.2340495873743191 172 200 141 1.244520493533487 25 1857 24 1586 22 2072 23 2946
1397 1.9758229847424169 -0.38230444757878435 3.2213309100911851 149 181 116 0.95027494822268732 28 3154 24 1597 22 2366
1398 2.8891965453587201 -0.18525683621643285 2.663085980093804 102 117 60 1.5972559285641115 26 2636 22 2085
1399 2.3374145719505788 -0.26818166994514386 2.916813719081798 75 97 33 1.7076172275613895 25 2067 26 2883 24 1605 22 2370
1400 2.1559811298840743 -0.32162118532520556 3.2493614149475376 79 92 47 0.69406619686867632 25 2069 26 2641 24 1609
1401 2.4306535897336614 -0.27353910769897788 3.085472832663926 53 70 26 0.37518358794402201 26 2354 24 1610 22 2090
1402 2.3050566957197058 -0.20413735851885378 3.0497606237333721 28 42 7 1.1593632885751051 26 2653 24 1621 22 2618
1403 2.3033952828450897 -0.16510916553682997 2.9622453811203791 108 140 77 1.4451020728493569 26 2899 24 1622 22 2379
1404 1.4186299988848112 -0.36162495010434947 3.8834359972456136 116 144 103 1.1658607835864017 26 2655 24 1624 22 2388
1405 3.4904158422963021 -0.10357437841309308 3.2060572801925411 90 132 22 1.74892907457828 25 1896 24 1625 23 3292
1406 2.0738875062368258 -0.14060422608678799 2.9787264679295085 138 163 116 1.0603017454478132 25 2271 24 1628 22 2629
1407 1.7871411690215875 -0.18700905115012895 3.5870027705753911 63 85 39 0.72725962395233712 26 2673 24 1636 22 2408
1408 2.9207398176447437 0.0085599728440779316 2.8381897646349041 24 41 11 0.94012121903812884 26 2676 24 1637 22 2399
1409 3.344919942455264 -0.015142568330793459 3.2291926168910234 36 70 9 1.4520366406826331 26 2913 24 1639 22 2398
1410 2.9449843803548212 0.036834971848614818 2.8790458203008282 162 186 124 2.1009725736375762 26 2682 24 1641 23 3313 21 2679
1411 1.7989138386438264 -0.12397528319466719 3.577966055848794 53 78 23 1.9527598189004109 26 2394 24 1642 22 2646
1413 2.7458254201063679 0.37130984827736807 3.1024892887220563 56 75 43 2.1563468329357121 26 2722 24 1677 20 3238
1414 1.3643266088394572 0.22127596111939002 3.6303640082411452 191 207 192 1.8649904939126891 26 2439 24 1680 22 2177 23 3086 21 2754
1415 2.0152328049985995 0.3500058046365041 2.8138040985785047 47 68 11 0.76835962188117168 28 3518 24 1683 22 2683
1416 3.1690155619280174 0.59846814645573154 2.9353888532485914 83 102 74 1.68444763093012 26 2746 22 2463 23 3379 21 2478
1417 3.0903218863251798 0.60332516794010227 2.8761360971691725 90 109 79 1.6249140794729915 28 3759 24 1695 22 2468
1418 2.6520207724769067 0.57402384892027747 3.0121511995875498 36 54 6 1.6522995371058025 24 1696 22 2208 23 3383
1421 1.94669603833445 0.59228898664275131 3.2616782670916522 56 72 43 1.1588737596874201 26 2982 24 1705 22 2484
1422 2.0289520791095783 0.66727286018676402 3.3021840082803648 38 53 25 2.6145236896465125 25 2160 26 2755 24 1708 22 2230
1423 2.6127331798007791 0.94029295585448458 3.5078015860773282 33 47 30 1.2786815288194553 25 1977 24 1719 23 3137
1424 2.1551462345442349 0.87324051064513941 3.3527025506570767 3 5 0 1.8030860707550362 26 2197 22 2499
1425 2.5814039697061415 1.0062017809468895 3.4832723708155648 58 74 48 1.9754081659777654 22 2720 20 3477 23 3708 21 3154 16 3122
1427 2.5420815755579236 -1.0540744068182102 3.3954579835277139 214 219 179 2.2314559501622884 25 2207 24 1751 22 2751
1428 2.0423933566944386 -0.57464187837837766 2.861958604648061 191 211 162 1.4040212150973217 26 2580 24 1777 22 2577
1429 2.0833564191378309 -0.47652569728752225 2.6665194275670716 81 108 45 1.3134371664538478 26 3031 24 1783 22 2583
1430 2.2527593358352553 -0.45625781636720508 2.7191921426002077 196 197 140 1.4106104300494451 26 2836 24 1785 21 2877
1431 1.8987541765492091 -0.57534405202451011 3.4387286196068012 89 118 72 0.35090093078848261 26 2851 22 2590
1432 3.1778958492940559 -0.26965131011398902 2.5977346043862934 82 102 39 1.5853796156524604 26 2865 24 1799 22 2593 23 3631
1433 1.9822857775215044 -0.3604602694751039 3.3019988329244336 43 73 11 1.2993965281244817 26 2632 24 1818 22 2612
1434 3.4834375803425814 -0.20896836423817483 3.0268411374370396 0 0 0 0.25998839813186203 24 1819 22 2607
1435 1.5431784789983938 -0.27738147941767394 3.7012596501547947 165 181 132 1.0378749377278838 26 2903 24 1836 22 2632
1436 1.8578472071656593 -0.13116032903692793 3.0322447462228701 16 34 8 0.93913604025399566 26 3073 24 1841 22 2797 23 3770
1437 1.5421875097384787 -0.22451429548917118 3.6431504679921161 47 78 11 0.67605514929803645 26 2670 24 1842 22 2637
1438 3.541143110670474 0.17497246880904382 3.0400393994946509 0 0 0 1.0145911411374802 26 3084 24 1852
1439 1.5203614249524258 -0.045573065902152203 3.5432115451951569 146 179 90 1.2823218006969264 25 2098 24 1853 22 2653
1440 2.3376128317015472 0.13155797358962901 2.9417495662633568 31 46 17 2.7710318980255817 26 3085 24 1857
1441 1.4375799417192834 0.023388262256259187 3.4812602886250223 128 156 105 0.50383483231069182 26 2927 24 1861 22 2661
1442 2.6535935923216925 0.19663919375166747 2.9699689015161099 73 97 61 1.5307213817399554 25 2296 24 1863 22 2429 23 3032
1443 3.2904030685096775 0.35448881780801078 2.8317675041888744 161 181 146 1.0001814509605764 26 2710 24 1872 22 2436
1444 1.9719377620389549 0.34736478815787836 2.8652418297864606 61 78 41 1.2751881467204591 26 2951 24 1883 22 2681 20 3583 18 2268 23 3686 19 3084 21 3261
1445 4.0623035652040853 0.54694895189883386 3.7022015503404484 114 137 81 1.7942344499317209 26 2959 28 3753 24 1888
1446 1.5215400914483883 0.33604744437110579 3.8771572475507794 52 79 28 2.435743100630881 26 3124 24 1898 22 2697 23 3557
1447 2.1186596501801631 0.51381100916434574 3.3908332318990415 35 50 22 1.41831663259092 26 2970 24 1903 22 2705
1448 2.1612982314646287 0.92480312748101667 3.6584641832059441 7 18 1 0.90065148060233202 26 2993 24 1923 22 2719 23 3707
1449 2.0531677512970528 0.91878405105595917 3.6302229776230384 4 16 2 1.2111566432428857 26 2992 24 1924 22 2503 23 3408
1450 1.8416734004893482 0.99207080675374715 3.8507547148086516 111 123 89 0.22312442235541607 24 1928 22 2727
1451 2.7169642498232989 1.1143960600664222 3.3219197419413056 167 168 137 1.6097088396847727 26 2776 24 1932 22 2728
1452 2.8581593366458216 1.3271305845475354 3.9759161930299056 181 154 145 0.59236307148642964 26 3007 24 1935 22 2524
1453 2.8581593366458216 1.3271305845475354 3.9759161930299056 181 154 145 0.59236307148642964 26 3006 24 1936 22 2525
1455 2.3081154818458525 -0.45180085868774783 2.7401865392643372 93 109 45 1.1148865913519603 26 3190 24 1981 23 3625
1456 2.5384894763809553 -0.45761368279003284 2.9095690291152367 59 87 38 1.0957691254264765 26 3040 24 1984 22 2588 23 3241
1457 2.2446205675483801 -0.29450508858197505 2.7987380845112124 47 59 16 0.60846349725854065 26 3058 24 2002 22 2786
1458 2.6859077385046404 -0.24571574254301015 3.2483913845057559 111 141 89 1.4075926101623162 26 3065 24 2014 22 2617
1459 3.4642528058250921 -0.17501507898845253 3.1950762685699821 79 116 20 2.1771004059668257 25 2267 24 2015 22 2790
1460 2.1861921799966932 -0.12315265887643929 3.0087647114346194 71 97 49 2.6586799841494062 26 3072 24 2022 22 2795
1461 3.2576401092265312 -0.04997267232046864 3.23164497836733 39 59 23 2.0580668871779029 26 3075 24 2023 22 2796
1462 1.3750975577203606 -0.21077203496604172 3.8030788854496733 72 101 34 1.0901447126829882 26 2910 24 2027 22 2801 23 3664
1463 3.111203149836073 0.041723862000852152 3.006347139579062 111 144 74 1.7306619881871388 25 2095 26 3080 24 2028
1465 2.269134657590572 0.20993253666218728 2.8411399574155718 46 62 27 2.0560933713157881 26 3099 24 2039 22 2811 23 3675 20 3229 21 2949 19 2505
1466 1.4792263285941187 0.080799856584951313 3.6243490798632392 64 89 59 1.7612878743776961 24 2040 22 2666 23 3677
1467 3.410545960753208 0.61686935816675481 3.0147276642884901 193 204 187 1.6798008924418728 25 2449 26 2968 24 2065 22 2459 23 3096 21 2751
1468 2.9641502755942506 0.57609247623075244 2.9216024790438282 30 41 13 1.5835684362836988 24 2068 23 3802 26 2967
1469 2.1818688824120658 0.53152445166895645 3.2805348057310928 52 67 46 1.3426075286846986 26 3132 24 2072 22 2831 23 3694 21 3271 25 2330
1470 2.5196397597067928 0.61245644065914517 3.0945658479793079 120 135 109 2.2154213620912659 26 2975 29 3999 24 2075 22 2707
1471 1.7849329359572363 1.0459765484974453 4.2006465063616067 178 176 179 0.86150027285924846 26 2997 24 2090 22 2953
1472 2.9496387520659302 1.3774954934825809 4.1052468671793907 142 103 96 1.2759736749354422 25 2475 24 2097
1473 2.5196272347956037 1.3088940874158703 3.860928448204032 103 75 74 0.90607636945362868 24 2098 22 2854 25 2359
1474 2.4122216688227605 -1.0726677943889511 3.6111018336700309 206 221 178 0.86531972107316679 26 3173 24 2104 22 2867
1475 2.3952468213924663 -0.4055118934689535 2.7780612730174039 105 128 58 0.67307670673090891 26 3192 22 2884 23 3750
1476 2.3265548667742699 0.19160443182932629 2.8207215826175105 163 177 118 2.3349547555232428 26 3217 24 2148 22 2909 20 3559 18 2248 19 3065 17 2892 14 4335 23 3775 21 3235
1477 2.8780973112085153 0.37838730805482812 3.062499285122422 46 65 35 1.8284741361123256 26 3221 24 2151 22 2914
1478 2.1805509148818309 0.3561139065391713 2.7675503376808361 42 59 14 0.39868837306646426 26 3222 24 2154 22 2920
1479 1.3709552978239905 0.26803176657574057 3.7558103104958831 44 68 36 1.6702669715585663 26 3224 24 2158 22 2925 23 3799
1480 3.543738533078622 0.76906228414552058 3.4044769721043213 49 73 25 0.71597229095225101 24 2169 22 2833
1481 2.1059107469184997 0.84870844342164375 3.5256734912117595 2 4 1 0.73124359162237496 25 2463 24 2178
1483 2.6310381521623403 1.3242443750772217 3.888393546760101 109 77 67 1.9154635940424165 26 3249 24 2190 22 2959 23 3830
1484 2.269324069364103 0.21715417943787785 2.8327427851317912 36 51 19 1.6994911249029592 26 3098 24 2038 29 3971 28 4014 27 3217 33 3235 35 4293 34 2547 36 2946 32 1619 37 2739 38 2400 25 2298 30 3295
1485 1.9897726446791386 0.43186812710267164 2.8369631875788093 158 172 130 0.80541547988221729 26 2738 25 1953 24 1689 29 3241 28 3528 27 2454 22 2458 23 3381 21 2761 30 2553
1486 2.0470949733053994 0.25123891847572005 2.8081854734730642 68 93 42 2.2198894512896095 25 2115 24 1874 26 2943 22 2818
1487 3.0119823775991041 -0.79722035712826145 3.0850159983000309 0 0 0 1.2482506673017335 26 47 29 459
1488 2.4941663572991231 0.89578506909070177 3.4024620754337294 21 39 15 2.0397113360056434 29 2195 24 1004 22 1329
1489 1.6004365846746476 0.06644591963641705 3.0998724832483271 0 0 0 1.7649853993924605 26 2406 28 1981
1490 2.0520208449255484 0.24761987372100872 2.830113176738275 54 78 18 0.97893007790644793 26 2942 24 1873
1491 1.4968209709725135 0.8027021755648569 3.9649738155534049 0 0 0 1.1231861924190572 29 791 22 199
1494 2.137133829955864 0.44174262869325526 3.1237163683120257 85 95 59 1.9305880284513253 24 785 22 794 21 971
1495 2.1858231855900825 0.0023388477916527093 3.005241431501811 50 69 37 0.94319547836726603 22 970 23 1504
1496 3.0896549382895877 0.75311326936096634 2.8688937576782019 121 133 109 1.244282504447767 26 1283 22 1047 23 2036
1497 2.8948432919415459 -0.47779170916906727 3.2405928704825824 171 182 166 2.0330922421890545 26 1721 22 1163 23 1390
1498 2.0719082647468086 -0.37633176209570929 3.1548525848812563 136 149 81 0.05901925383243168 25 1163 22 1187
1499 2.9675478023041317 0.075271693168304524 2.9282988297382317 129 153 65 1.9669187379299427 26 1798 28 1487 22 1221
1500 2.3098121177084732 0.37613371868474599 2.7960135912442814 130 151 77 0.10915954754714158 29 2121 22 1279 21 1834
1501 1.5636904343916627 0.51260357503418597 3.1392639934986222 118 142 84 0.88293708865437126 26 1870 22 1308 23 1625 21 1288
1502 2.256857614751195 0.67268320726068798 3.2068792661812746 115 128 102 0.83600758817599474 25 1212 26 1545 22 1311 23 2046 21 1876
1503 2.6420605435505422 1.1073683026700951 3.3171744739061477 73 85 47 0.77239356106348456 29 1758 22 1349 23 2084 21 1615
1505 2.2976304769250246 -0.42877351829851928 2.7229364896581143 55 71 7 1.0022812751090227 26 1709 22 1422 23 2546
1506 2.9176840701336886 -0.48332374362612202 3.2580446175716129 189 199 188 0.69701715232962791 26 1722 22 1427 23 2212
1507 2.8870149413363309 -0.4660820877306931 3.2516144548856278 200 208 193 0.9571261536455602 26 1726 22 1437 20 1904 23 2215
1509 2.7116755946355635 -0.22747803711756853 3.212120627985076 79 100 59 0.98777973111741479 26 1768 22 1477 23 1882
1510 2.2562448907430444 0.0017347985677141548 3.048670270560629 100 119 87 0.85317114801301053 24 1093 22 1496 23 1915
1511 2.5906221391947768 0.15934150516109313 2.7940496049067995 164 181 135 0.88766055030350133 26 2126 22 1505 23 1927
1512 2.3253049116995328 0.19116742625878222 2.8194768378120809 145 149 74 0.84090156500411029 26 1812 22 1512 21 1528
1513 2.3108929822564956 0.29565697572823535 2.7676423305855522 181 193 121 0.9586896085361114 24 1111 22 1531 23 2337
1514 2.4574274802939464 0.61282163663383293 3.0687427864284782 120 134 99 1.1783166662108795 24 1133 22 1581 20 2424 19 2007 14 3305 21 2167
1515 2.0767273041864565 0.7461571677264226 3.37447603871736 49 61 37 1.3240134222921529 24 1142 22 1596 23 2793 21 2511
1517 3.1816312396508 -0.48462699140397586 2.7442429221111455 191 205 155 1.5730663756795362 26 2281 22 1693 23 2171
1518 3.0323389064983748 -0.59353751449915726 3.241175667813653 203 217 173 0.48339869550181874 26 2001 22 1703 23 2533
1519 3.0323389064983748 -0.59353751449915726 3.241175667813653 203 217 173 0.48339869550181874 26 2002 22 1704 23 2534
1520 2.3319985749408563 -0.46654299446863351 2.7385120942448733 109 122 51 1.2468431590806675 24 1191 22 1712 23 2539 21 1987
1521 2.2831122400091153 -0.41893680028380553 2.7275518726377257 202 210 164 1.4983442145891688 26 2014 22 1732 23 2913
1522 2.2281483398706174 0.1659511521066761 2.8253068274109436 193 204 145 0.60476585876520039 26 2127 22 1847 23 3037
1523 2.9405611242620284 0.34556904293612839 3.0800116915246161 159 177 138 1.1490383461985272 26 2716 22 1870
1524 2.9362193730415602 0.34744683967459822 3.0680125385739401 159 177 138 1.4487506169611333 26 2717 22 1871 21 2959
1525 3.554868787371317 0.45568777177139974 3.1412587630303754 176 192 152 2.3847656471129586 24 1678 22 1876 23 2696
1526 3.044924168250243 0.53387291631661593 2.7960747714752605 131 149 111 0.29534692263467166 29 2951 22 1898
1527 2.9469132474863327 0.55178377429262038 2.9994640950339821 65 75 48 1.3592114854323725 24 1293 22 1904 23 3099 21 2477
1528 3.3378984709753707 0.67098513720986408 2.9974307060818801 58 81 27 1.3491682973080508 26 2470 22 1913 20 2403 23 2754
1529 3.5448880484746383 0.91263533827386467 3.4755524734757426 125 129 105 1.1549223262179154 24 1141 22 1939 21 1875 23 2788
1530 2.2302488318970113 0.98881139980292687 3.4761245296733141 95 113 91 0.72081361154935142 26 2208 22 1955 23 3151
1532 2.8982324360712504 -0.59441926230971665 3.2409735987447847 66 85 39 1.1271248317965405 24 1367 27 2302 22 2028 23 2535 20 2204
1533 3.2386931399856538 -0.0066843572367658094 3.0689689650010674 169 187 146 0.89259083197335665 26 2675 22 2115
1534 1.5618360112508793 -0.088419327020534941 3.701072949115817 45 66 9 0.85210592287213272 24 1443 23 2673
1535 2.1135052399104861 0.25166617661181173 2.7649868898403169 209 218 171 1.3725084949432294 28 3507 22 2153 23 3050
1536 2.9195791561887141 0.34942210318557831 3.1076807803651545 56 79 38 1.4555105408615558 24 1472 22 2159 20 3016 19 2510 18 1653 23 3353
1537 2.2855790017025628 0.30722169184038861 2.7548471390109266 136 148 72 0.53233611243574919 24 1469 26 2431 22 2161
1538 2.8794177365657956 0.55077590413728628 2.9366846568522593 89 106 70 1.283790150256642 24 1693 22 2197
1539 1.8219083823428526 0.62413112931446257 3.3239866129567059 23 38 16 1.338880560337999 26 2479 22 2227 23 3127
1540 2.1516686642786027 0.87367718272597072 3.511008332892803 70 85 64 2.1499580641411646 24 1511 22 2241 23 3142 21 2520
1541 1.6694016398636018 0.81504357472640554 3.7006759636112982 80 115 59 1.6039979904224413 24 1309 22 2244 23 3406
1542 2.1004460773073586 -0.53559860374991031 2.7711502952536171 180 187 120 0.24333205054372226 22 2327 23 3471
1544 2.62972984628846 -0.071931734869661756 2.6888793098195083 116 140 79 1.3692850327101143 24 1425 23 3295
1545 1.4515888312212621 -0.31848673101427333 3.7773100555793535 196 205 160 2.0568426989800561 24 1627 22 2393 23 3307 21 2927
1546 1.7358989598240029 -0.26301853502758926 3.6376040937304208 32 50 8 0.91473203160463123 22 2395 23 3517
1547 2.5218588856547193 0.012299109630353392 2.7628233500363857 125 152 81 2.0445037523272735 26 2680 22 2406 23 2649
1549 1.3501252084319417 -0.13610529035382593 3.7857408882753383 97 119 54 1.4757046099250555 24 1650 22 2417 20 3215 19 2726 16 2876 14 4138 15 1764 23 3328 21 2697
1550 1.7788531396668639 0.089460454793334615 3.0462341784110665 143 176 99 1.2892651392845231 28 2865 22 2427 23 3041
1551 2.3849893866767427 0.21712810977123811 2.890383712390562 38 51 24 1.1164659369681751 24 1662 26 2705 22 2433
1552 3.2186751336644011 0.3213455759745209 2.9137371448299674 125 147 111 0.91064181723330984 24 1665 22 2434 23 3344
1554 1.8930155556175485 0.3756694295125631 3.1882501008772519 12 24 4 1.6159774960529072 26 2730 22 2453 23 3098 21 2485
1555 2.2581086066177156 0.59667165889390228 3.0659211976691556 177 191 154 1.5035834699472186 24 1909 22 2480 23 3392
1556 2.0724902234135194 0.78291229442139132 3.3688268213815 71 84 66 1.3940657772560783 26 2758 22 2491 23 3402
1557 1.982368855044468 0.83003600048781423 3.3128213328349267 0 5 0 2.8275145075736066 24 1921 22 2498 23 3705
1558 1.7689166672733738 0.91729201240181335 3.6552130698907286 140 157 105 1.2849718594210895 24 1516 22 2506 23 3414
1560 3.1221741513688288 -0.28787167705338806 2.6500242382011403 190 193 149 1.0348695364644276 28 3655 22 2592 27 2883 29 3629 23 3484
1561 2.3495462694269045 -0.20008697329895633 2.8712067010872984 58 74 34 2.0021826540583447 24 1619 22 2616 23 3648
1562 1.823954555872952 -0.015384555529592761 2.9994159123958473 176 201 132 1.0546944850685975 24 1648 22 2649 23 3522
1563 1.7693669338356344 0.056195946664433449 3.0414665791939508 83 120 24 0.14438864281206629 22 2656 23 3666
1564 2.72230339622896 0.44910615489377204 3.2324822822926613 62 79 34 1.5688673816499943 26 2958 22 2688 23 3547
1565 2.2255825198485644 0.95449039045563044 3.6022825046599367 41 54 35 1.1104177090582328 25 2173 22 2722 23 3577
1566 1.8500152437759052 0.93810250510954929 3.7084379373617358 33 35 24 1.4754892367680146 22 2724 23 3710
1567 2.6252882910695048 1.7557195040344253 4.0450848112964772 106 75 55 1.2612538097395851 28 3960 22 2748 21 3178 23 3602
1568 1.9903639019498214 1.7823059421712599 4.4048441859248442 173 159 156 0.58387677624596945 26 3017 22 2749 23 3604
1569 2.9023708979234888 -0.2871132194579703 2.6683637361588546 47 57 20 0.69324816449489413 24 1807 22 2779 23 3754
1570 2.0411680542791317 0.26282386653701656 2.7704127054775793 0 0 0 2.2470868196431359 27 2955 29 3843
1571 2.0573832384366701 0.30413829177486185 2.8194880349375602 23 39 3 2.0331908583354634 24 2051 22 2822 20 3572 23 3786 21 3247
1572 1.5710148070217229 -0.62998014431956229 4.1800423140992065 201 215 187 0.88747565221182101 24 2000 22 2896
1573 2.847078555226183 0.5579887372461646 3.0280797474758501 114 132 112 0.97671117293985521 26 3229 22 2933 23 3804
1574 2.1257953058859158 0.46650162329844097 3.2358065390953521 13 25 5 1.2517129481287024 24 2163 22 2934 23 3805
1575 2.1391715092385235 1.125770499052928 3.3769414767879815 110 132 83 1.0669220694420967 24 2188 22 2955 23 3827
1576 2.8656431669742557 1.4166827319963502 3.999187101460953 199 175 165 0.90139381233272919 24 2191 22 2960 23 3831
1578 2.9276363458957881 0.61439983366899664 2.8390174284667027 113 134 100 1.5153539360708619 24 1697 22 2207 26 2466 28 2953 23 2753 21 2487
1579 2.7111738510933279 -1.0640660851819064 3.4509997925929627 156 162 138 1.9221238866356927 26 2536 22 1990 29 3585 28 3601 27 2825 25 2004 24 1533 30 3142
1580 1.9011323268408022 -0.46182315955009468 3.4957982242055112 0 0 0 0.60582615739649659 26 808 28 981
1581 2.6671688396621609 0.34259615472301003 2.7528249733793637 33 48 12 0.86579939064681899 24 1672 22 2672
1582 2.7883376553623331 -1.0157674514865438 3.4939215688752117 213 209 182 2.3236129098042726 26 3175 22 2868
1583 1.6455654687334735 0.86058428447808777 3.8574555431719388 162 176 134 2.3902315978540205 26 3149 22 2949
1584 2.9306691929276329 0.3146582455189873 3.1140550505011815 72 90 52 0.42566189909723906 26 1825 20 1695
1585 2.7297652427413834 0.57162687483083396 3.0161002452850538 129 143 110 0.89973524261937254 22 1910 20 2062 19 1990 14 2314 23 3108
1586 2.402655216185694 0.90508160865380771 3.4684470570477717 38 49 32 0.65044528387028533 22 1607 20 2087 23 2431 21 1889
1587 2.6431902280284025 1.501436760048739 3.9247923421802446 167 135 119 0.74286600697183147 22 1642 20 2132 21 2232
1588 2.922933728289387 -0.53490450217249363 3.2493095670527179 200 206 192 0.96027700679896499 26 2300 20 2218 23 2547 21 1993
1589 3.1554869767958231 -0.33057136065919818 2.6478296790189324 173 178 111 0.77071392804993888 22 1738 20 2219 23 2553
1590 2.1464692754719805 -0.37395271405090963 2.7796314642863145 115 133 81 1.8607600338756596 24 1207 20 2239
1591 2.8301036037059752 0.30154927247527835 3.1065242457160744 84 100 71 0.28597374738717818 26 2145 20 2361
1592 2.754194241413686 0.56620431524621539 3.0201951762001205 39 48 21 0.85599567068656834 22 1907 20 2408 19 1986 23 2750
1593 2.2714777880754458 1.1139712801568562 3.3458191022482735 149 158 137 0.99247357389830348 22 1632 20 2482 19 2049 16 2199 23 2463 21 2222
1594 3.017296371245104 -0.5876096993721448 3.2608014426322631 84 103 51 0.8436404510291301 22 2030 20 2567 23 2900 21 2306
1595 3.1433311334192635 -0.34161370051689999 2.6555547148743166 79 89 36 1.8140410007814129 22 1733 20 2576 19 2144
1596 1.4225220281384561 0.27285617243241961 3.846380627654296 51 68 36 1.8797559187364314 22 1899 20 2762 19 2540 21 2157
1597 2.8413427155705477 1.531021228151171 4.0306394580545426 172 144 120 1.7449209157812178 24 1740 20 2829 21 2556
1598 2.933942983487535 1.5806607382873252 4.093348565977819 189 165 153 0.72627838046747017 26 2788 20 2831
1599 2.5725901165764613 1.0572959030674587 3.4203017744982076 96 109 81 0.955555397757338 22 1956 20 3084 19 2324 18 1688 16 2458 23 3152 21 2805
1601 2.3300851089396692 1.6066001203913283 3.9917865974999258 141 107 91 1.7223925737069292 20 3122 19 2604 18 1872 17 2637 16 3156 14 3761 15 1665 13 4768 10 3411 9 4557 23 3433 21 2839 11 3372
1602 1.7663092624776713 -0.46067315685935051 3.5075341240410962 26 43 8 1.3782510643969479 22 2363 20 3382 19 2886 18 2223
1603 2.3619329819697605 -0.15883894460254808 3.0018339767281876 39 54 21 2.4638353258966337 24 2018 20 3388 22 2793 26 3069 23 3655 21 3100
1604 1.4473586433210512 -0.26733479232694091 3.737472589311881 38 53 10 1.2513084254391358 22 2400 20 3402 19 2908 18 2132 17 2884 16 3223 14 4326 15 1917 12 1808 13 5032 11 3641 10 3656 9 4818
1605 2.0196944707638056 0.34958585053486541 2.8300696418791587 47 59 18 0.80272528372650331 22 2684 20 3438 19 2941 16 3083 23 3543 21 2969
1606 2.0567285233597703 0.70632473546918562 3.2384040036257891 101 111 77 1.7905329732759658 22 2838 20 3473 19 2780 23 3702 21 3146
1607 2.3956614732633801 1.5204342348163564 3.9540407581540928 143 107 93 1.0929176013770863 22 2966 20 3612 19 2990 17 2805 16 3152 14 4239
1608 2.7693417870694703 1.6650211783155018 4.0186726638020209 142 101 81 1.6002724386156444 22 2968 20 3613 19 3111 23 3838 21 3295
1609 2.4945077435715377 0.89913749926933173 3.4419454311049948 12 29 8 2.1016583409901051 27 1869 20 2085 29 2196 24 1005
1610 2.1381351070055747 0.61853130966936032 3.0686664099528311 49 63 27 1.2367361377947599 20 1054 19 1024 18 793
1611 3.1380677419298184 -0.52940061536467797 3.3064403123447121 54 68 19 0.62360836913983286 20 1888 19 1383 21 1994
1612 2.1726934763452515 -0.30704664094936379 3.2671694551898245 87 89 67 1.1827539221848986 20 1950 19 1421 21 1755
1613 1.388669041592475 -0.1798692462735092 3.7322911394082889 118 125 84 0.49651573315786757 20 1999 19 1449 21 1517
1614 1.3763811692367207 -0.15483726386527344 3.7505379656263034 96 98 53 1.1710968726887108 20 1331 19 1450 18 1150 14 2773 13 3612 11 2390 10 2372 1 3391 2 2908 6 1874
1616 2.6419500419331379 1.1098116679805707 3.3182306187456931 55 64 33 0.4742612537298041 20 1783 19 1505 16 1690
1617 2.6436354430934146 1.1100639290694736 3.3204916687608828 55 64 33 0.67048756255399578 20 1784 19 1506 16 1691 14 2392
1618 2.4068081802874453 -1.0415759214482638 3.4048620890132129 111 111 54 1.1344454148358578 20 1818 19 1544 17 1444
1619 2.5873375004335912 -0.95248202869749654 3.327301932341157 168 168 118 0.93820619212800993 20 1829 19 1551 18 1205
1620 3.0695653073465956 -0.62456590111816401 3.2770718002102779 93 112 67 0.93999161006255427 20 2560 19 1587 21 2295
1621 3.0899658006051625 -0.62179915174344824 3.2727594028614355 137 156 92 1.004057757947479 20 1864 19 1588 23 2525
1622 2.9871367094699148 -0.5842753912247457 3.2537780740416888 164 174 149 1.465850859226846 20 1877 19 1592 23 2187 21 1986
1623 3.0978996954133931 -0.52484755615943901 3.2817281982795028 192 202 168 0.4321361260740344 20 1886 19 1601 23 2201 21 2316
1624 3.0725566930961663 -0.51369861823982788 3.2719006606768883 79 90 47 1.6938496426084422 20 1891 19 1603 23 2552 21 1999
1626 1.3345392425170461 -0.26859750645171721 3.8425330585211426 99 104 52 1.6303654520707613 20 1990 19 1673 16 2119 21 1510
1627 1.3153420737967334 -0.18925324356773579 3.8043615309287007 71 83 35 1.3402556511307469 20 1672 19 1683 17 1867 21 1793
1628 2.6601098382808321 1.058566691706877 3.4032005217022356 127 136 109 0.5803549492282708 20 2094 19 1720 14 2896 13 2530
1629 2.6198512666901266 1.0946393918947344 3.3649954542281151 142 152 127 0.54404173756179575 20 2101 19 1725 16 1943
1630 2.2817181529126733 1.1208017765559475 3.3296069481739479 127 137 115 1.0927506260624844 20 1802 19 1746 21 1625 23 2100
1632 3.0733412621671041 -0.4200424601926217 2.6816136365661434 140 150 81 1.6904983460295535 20 1870 19 1839 18 1555
1633 2.9409351134890351 -0.30975289945090884 2.6278451662503044 125 102 66 1.4771775204392565 20 2230 19 1864 18 1577 17 2246
1634 2.1022065898469626 -0.46654642153360487 3.2399361953568486 10 22 0 1.0513204380513617 20 2247 19 1878 14 3092
1635 2.4741966083610283 -0.28358660752330117 2.9969045023623293 95 103 64 0.68932072392491728 20 1931 19 1892 21 1473
1636 1.9107559929097815 -0.45864895381938919 3.4568616617081154 91 108 75 1.8755852723474125 20 1932 19 1893 17 2296 16 2336 23 2584 21 1744
1637 2.0968093945705455 -0.34354235112844073 3.2790610731404 185 197 176 0.73080887165700159 20 1944 19 1898 16 1841 14 2104
1638 2.109329605243623 -0.30893148789579289 3.2963444175060257 85 106 60 0.85559829608097882 20 2278 19 1908 21 2054
1639 1.8328631974387806 -0.12483655421834382 3.3842297992664498 9 21 0 1.2463883571737353 20 1988 19 1929 21 1783
1640 1.8277183931200911 -0.11562000047121422 3.3222717508054189 80 95 52 0.66606286200666198 20 2331 19 1930 21 1782
1641 1.3672334753804523 -0.24081962898904341 3.7632840538831336 128 131 89 0.99610864216038641 20 1995 19 1934 16 2120 14 3215
1642 2.6267722666643278 0.1439003592901911 2.8314088901219461 77 100 32 0.36505175684661151 20 2335 19 1936 18 1440 21 1792
1643 2.0732278428243998 0.35297713341319192 2.7767533130536322 156 167 111 0.3791944951702611 20 2389 19 1976 16 1897
1644 2.9037554395894984 0.5520000843995474 3.0293069287631127 123 138 100 1.4916612449696274 20 2750 19 1981 18 1469 17 2122 14 2833 23 2736
1645 1.8849916726802021 0.70494456099683367 3.3592647873824171 84 99 73 0.74206239157626863 20 2444 19 2021 21 2510
1646 1.3468516416833729 0.98698215078075635 4.5057074212480224 0 0 0 1.0766410273387401 20 2494 19 2057
1647 2.4940039660001716 -1.0765607623316937 3.3512551470953662 122 106 55 0.19304303039628001 20 2143 19 2073 18 1513
1648 2.4220391742170664 -1.0879385310527361 3.687646485935367 61 68 14 1.6242358935568793 20 2512 19 2085 21 2245 23 2128
1649 2.0812184830157445 -0.53109717969041337 2.7764375448809187 115 125 62 1.0675785976836683 20 2562 19 2136 17 2231 18 1389 14 3463
1650 2.9928619392342251 -0.55480490354016709 3.2570388219506414 177 181 166 0.64230146201738347 20 2573 19 2139 21 2607
1651 3.1956774224447564 -0.30989535323404666 2.658184381485976 210 215 165 0.93594480553391557 20 2586 19 2152 23 2917 21 2617
1652 3.0012151141573904 -0.48171427205976136 3.2838050615391183 141 152 122 1.0603790336285766 20 2588 19 2156 23 3246 22 2335 21 2623
1654 2.2160810619399696 -0.34831975743251709 2.667991778294132 138 146 87 1.1380269604525539 20 2911 19 2163 21 2627 23 2928
1655 2.0491948419086636 -0.48875876848791711 3.2379053455033975 211 221 194 1.6076930300171139 20 2602 19 2171 16 2057 17 2271 14 3086 21 2336 23 2932
1656 3.0044692801992654 -0.20505559691974273 2.6473544344992446 119 109 70 2.0047096112201945 20 2921 23 2945 22 1769 21 2345
1657 2.9448717916526945 -0.19605879635751752 2.6727474949009289 154 153 95 1.9492889575190488 20 2615 19 2177 18 1765 21 2640
1658 2.1345237905128593 -0.41105443154273585 3.1399462130008708 167 170 125 0.34452227810260933 20 2614 19 2181 21 2347
1659 2.1186894837142956 -0.38733938541535479 3.1549005335207645 57 65 17 1.4345294589797701 20 2620 19 2186 21 2348
1660 1.9753707688772562 -0.38429032555255987 3.2298832706125697 106 128 71 0.63922808673332576 20 2632 19 2191 23 2963 21 2038
1661 2.2027281245301409 -0.32038564850410944 3.1165462746113692 53 63 28 1.1253314284917419 20 2633 19 2192 21 2364
1662 2.3961756631243669 -0.25506175769380046 2.9692117093518284 64 72 35 1.19434984961004 20 2635 19 2194 21 2368 23 2969
1663 2.0120962683128014 -0.34428052485466787 3.252927386697027 98 116 73 0.60638672036858499 20 2639 19 2197 23 2972
1664 2.0981935766405599 -0.31022257702910289 3.3288551327197431 72 88 49 1.9193445136478551 20 2647 18 1617
1665 2.1240421475290647 -0.1494808745086364 2.8907430563036796 102 120 64 1.1587405728988343 20 2657 19 2213 18 1622
1666 2.0661667204600787 -0.14671748295351747 2.9835978728825476 149 165 129 0.65497526829897623 20 2301 19 2217 14 3547
1667 1.5410105144251052 -0.28622383829266712 3.7099446015332007 95 106 64 1.9272924924999904 20 2673 19 2225 17 2073
1668 2.2250649394437838 -0.01551516985432945 3.0281737571297964 33 47 21 1.1323225087276498 20 2328 19 2233 21 2421
1669 2.1972547512080096 -0.011489873553177429 3.0249543374049503 132 151 145 1.2510971544630352 20 2330 19 2234 18 1634 23 2298 21 2422
1671 2.3715312131622612 0.22107104067991115 2.8500408121377414 44 58 7 1.2437245320370289 20 2997 19 2247 23 3347 21 2709
1672 2.2295293384636725 0.2717268074246762 2.7676158183104214 177 176 106 1.1551251779696272 20 2714 19 2270 21 2452
1673 1.9334652157182635 0.29096535918519451 2.9154340181739959 59 68 22 1.0072575094666336 20 2736 19 2285 16 2418
1674 1.9651491339291087 0.30442816492904129 2.8571689299396006 55 64 17 0.89789698589947298 20 3030 19 2286 21 2457
1675 1.9671982046343792 0.30425765311886194 2.8603813628615411 55 64 17 0.90581948299228277 20 3031 19 2287 21 2458 23 2706
1676 1.5796346540757418 0.23595844874305602 3.2860456665967148 56 71 42 0.43887206152350289 20 2744 19 2293 21 2146
1677 1.6007845024725738 0.76869611109283664 4.2174083354187548 4 10 0 1.5266211506121674 20 2796 18 1848 17 2779
1678 1.5987898865109467 0.87512582827646868 4.1571540022960827 95 92 83 0.55250708647959923 20 2800 19 2329 21 2527
1679 1.9117107294956763 0.96136656362762785 3.6718728623685255 50 52 47 0.93548079412269747 20 2804 19 2330 21 2531
1680 1.7465317308215138 0.91185427684200149 3.6786816417177044 73 89 42 1.3362476471604474 20 2801 19 2332 21 2528
1681 2.4180304979591707 1.1197302567314467 3.3374742612396289 159 166 147 1.1449064571366476 20 2477 18 1852 21 2536
1683 2.4482123474725479 1.7182987140583554 4.0328097968300591 107 76 57 1.9946227954216944 19 2360 18 1874 17 2159 15 1485 23 3436
1684 2.5725542058592392 1.7690469007918717 4.0476847199765738 135 105 95 1.1513723146022241 20 2836 19 2361 14 3400 21 2562 28 3324
1685 2.0975107297282949 1.8204176311707763 4.2661833508418558 99 79 71 0.91049209815565979 20 2838 19 2365 14 3771
1686 2.6067167269037834 -0.97247986494399363 3.3250430950774281 140 121 91 2.0111463205912514 20 2848 19 2370 21 2569 23 3196
1687 2.4840432214406327 -0.94696643082182885 3.3832323161319287 128 134 86 0.91536150941057259 20 2516 19 2372 18 1715
1688 2.1815531115794848 -0.57493315259132949 2.7739006956476588 186 187 145 1.1343160293849599 20 2877 19 2407 18 1745 17 2216 16 2528 23 3218 21 2590
1690 2.3188313313383722 -0.48126818676597377 2.7285851541729893 188 189 129 0.68110808662952727 20 2889 19 2413 18 1562
1691 2.1216290915636744 -0.46942529774330632 2.7480245287335814 89 106 54 1.2477043340940883 20 2893 14 3469 21 2606
1692 2.9376819852304514 -0.32633019258342766 2.6708197297573943 158 157 97 0.69683394799224363 20 2900 19 2423 18 1759 17 2489 16 2554
1693 3.1559065028926465 -0.27437589344106023 2.6461337458951828 64 79 25 1.4409975750526529 20 2906 19 2424 18 1579 21 2625
1694 2.16638461154256 -0.36752834779974219 2.6830548705424624 106 117 61 1.3811579602225414 19 2426 18 1581 17 2256 16 2562 14 3844 21 2626
1696 2.1045383330418361 -0.43999064845630831 3.1603235185141161 123 125 82 0.83668295162860118 20 2918 19 2435 21 2342 23 2573
1697 2.0284758355688286 -0.45025036827863585 3.2169560596237927 107 126 70 2.0744064584781716 20 2924 19 2439 18 1593 23 3257 21 2634
1698 2.9356220427146629 -0.20659745585638772 2.704760714603057 68 77 22 1.5593545600797456 20 2927 19 2441 18 1591 21 2639
1699 2.1628322113048966 -0.40308307320693088 3.1423850169874106 62 74 28 1.2372410873479052 20 2928 19 2442 18 1595 17 2283 16 2325 14 3505
1700 2.1020233318924184 -0.33063558911285945 3.1642061896860558 143 145 98 0.12681702788946553 20 2951 19 2455
1701 1.7522898803755114 -0.37724791742622832 3.5246403981457797 85 101 75 0.93709082327881887 20 2649 19 2466 18 1962 23 2616 21 2385
1702 1.5892834925374049 -0.37391213448018451 3.5196787487542931 97 119 73 1.7676856516328232 20 2968 19 2471 17 2541 18 2124 16 2847 14 3882 21 2390 23 3290
1703 2.1641140311429647 -0.11655549723030237 3.0072584621703995 53 71 23 2.0357131675323821 20 3203 16 2617
1704 1.4316207259279108 -0.30620481926913495 3.8009558390416616 61 75 23 0.72821164004870143 20 2677 19 2484 17 2553 16 2859 14 4120
1705 1.7623734358851744 -0.19997940114683543 3.5889545045673028 3 11 0 1.6365928476985474 20 2680 19 2487 23 3006
1706 1.7870018866572577 -0.18968369583823452 3.5863970164649825 53 62 36 1.3278335595879633 20 2681 19 2488 18 1806 17 2723 16 2629 14 3896 15 1747 12 1805 13 4672 11 3270 10 3306
1707 2.2617912249596137 0.20817213060948958 2.8302945589605257 59 73 20 1.0866781458631996 20 3228 19 2504 21 2948
1710 1.9358187865160164 0.26340396174286707 2.9188290721648991 136 150 91 1.4827715357026261 20 3024 19 2517 18 1823 23 3362 21 2724 22 2162
1711 1.967550793713595 0.27210818279941246 2.9114796151357418 43 57 8 0.62722234770114071 20 3025 19 2518 21 2455
1712 2.2473331062337856 0.3611225755225641 2.7850614662355597 143 156 87 2.126922069191878 20 3241 19 2522 18 1664
1713 2.2473331062337856 0.3611225755225641 2.7850614662355597 143 156 87 2.126922069191878 20 3242 19 2523 18 1665
1715 2.0294707444154625 0.41854874383548224 3.2676582207480989 55 69 46 1.7167543295487402 20 2759 19 2535 23 2380 21 1852
1716 2.0042577897071689 0.69770098942673231 3.2910936115138991 65 74 45 1.8178910799719692 20 3072 19 2555 18 1842
1717 2.0983007218667931 0.79034059634567888 3.4272833985198705 53 60 44 1.8885269854331543 20 3278 19 2559 18 1843
1718 2.6977019325034473 0.98071931573775983 3.4923555767810552 68 81 63 1.0942725707736092 20 3280 19 2560 14 3693 23 3404 21 3005
1719 2.5215632658200584 1.0379274545525419 3.4432398497729153 114 126 101 1.3860212081804788 20 3081 19 2563 18 1846 17 2395 16 2707 14 3703 21 2803
1720 2.7462702645541759 1.1129086985776855 3.3655074261633247 155 165 130 1.4326709724592535 20 3086 18 1847 17 2778
1721 2.2826472066632557 0.98296256942004157 3.5008878639943313 97 107 96 0.6822202948209557 20 3083 19 2565 14 3704 21 2804
1723 2.583345740667585 1.1070156826936506 3.3536930929786077 102 112 87 1.5191659008995433 20 3089 19 2570 17 2621 16 2710 21 2810
1724 1.7768705024078957 0.90089977017530043 3.6244038751606258 93 107 58 0.68794414528910941 20 3090 19 2574 21 2526
1725 1.7916630104220692 0.96433718443001548 3.6994794408243563 89 98 55 0.94976011647098979 20 3095 19 2581 21 2812
1726 1.7881846513209312 0.96338040285807003 3.6917104186216312 89 98 55 1.4069726313394517 20 3096 19 2582 18 1855 17 2408 14 4004 16 2466 15 1473 21 2813
1727 3.0522584066292517 1.6336441844523557 4.1288433380373073 206 180 165 1.8397224880712912 20 3113 19 2592 21 2832
1728 2.3850497128498289 1.9846179066226641 4.1974350269885603 112 89 75 1.3228203499575282 20 2841 19 2609 18 1706 14 3773 21 2841
1729 2.3908176494288931 1.988545309111774 4.2052710788014656 112 89 75 0.97365812379565819 20 2842 19 2610 18 1707 14 3774
1730 2.4688469258990731 -1.0912848241384694 3.4349634069404966 77 86 41 1.9304191555607582 20 3128 19 2617 18 1878 17 2645 16 2974 14 4246 15 1841 21 2846
1731 1.9331075996276614 -1.0524611961896062 3.7226766128326489 190 197 150 1.5730377106846685 20 3132 19 2625 17 2656 16 2983 14 4047
1732 3.2086876081659494 -0.46696715882175166 2.7515699181230087 66 85 19 0.37188545956552765 20 3154 19 2648
1733 2.1270190378331546 -0.53736448951993065 2.7355059078093129 86 100 41 0.56814994693342891 20 3155 19 2652 21 2870
1734 3.289093695230116 -0.37360387615344093 2.6788776309037008 0 0 0 1.3410861935669098 20 3157 19 2656 21 2876
1735 2.2506104578164208 -0.45230442308443874 2.7154262094954071 212 210 169 0.55552989149270482 20 3159 19 2657 18 1930
1737 2.9106626844897012 -0.38924991494048888 2.7523285252483047 207 206 183 0.89807502947671647 20 3161 19 2659 18 1929 17 2678 16 3003 14 4280
1738 3.1244140231716617 -0.28899895836469386 2.6537850877574356 188 192 133 1.3702104393947463 20 3162 19 2663 18 1933 17 2684 21 2885
1739 1.9250376768918287 -0.59762991383676034 3.5248508898200313 64 81 47 1.7209809291733986 20 3163 19 2666 21 2886
1740 2.1800315560846975 -0.47966398249065451 3.1756589917928268 22 31 4 1.4111107425862315 20 3164 19 2669 21 3081
1741 1.9778608192064178 -0.34929096384582276 3.2587504836538104 9 18 0 2.1752715296156393 20 3385 17 2702 21 2907
1742 2.3231463454083521 -0.21322003710088022 2.9593998651955964 106 113 69 1.2693648450482973 20 2960 19 2691 18 1792 17 2308 14 3528
1743 3.4496969250476188 0.024611112278670917 3.1228647518573163 203 219 110 0.30205170611203408 20 3397 18 1965
1745 1.843583660889943 -0.058033730502456041 3.0493760863633588 38 55 11 2.5405444744954941 20 3206 19 2713 18 1977
1746 1.3494189659086517 -0.13674149859627158 3.7864890373317981 56 70 21 2.0013386553686456 20 3216 19 2727 18 1984 17 2568 16 2877 14 4139 15 1765
1747 2.0925086368206802 0.17830185103095375 2.8265290950098518 48 55 21 1.0381877320633845 20 3226 19 2735 23 3341 21 2944
1748 2.094548112757681 0.17843052134266421 2.8289482882162589 48 55 21 0.67815408698736146 20 3227 19 2736 18 1986 17 2567 16 2647 21 2945
1749 2.0998031432478457 0.22299766721973685 2.8149692939801154 68 80 41 1.7184206793760264 20 3010 19 2737 18 1816 16 2652 15 1587 21 2445 23 2686
1750 2.1929178268788014 0.28664379778070709 2.7723977448633037 221 219 175 2.1937015661302182 20 3235 19 2741 18 1995 17 2574 16 2882
1751 2.1373751771675962 0.29778961558524064 2.787121522598476 55 69 18 2.4402626790186082 20 3236 19 2742 17 2369 14 3604 21 2961
1752 1.9716531817856775 0.28013269013136749 2.8689566608571608 47 60 14 0.88041582271567786 20 3239 19 2745 21 2727 23 3058
1753 2.0297356737184367 0.38014244639589079 2.8160281192758387 47 60 17 1.9134665569039495 20 3252 19 2751 18 2005 17 2753 16 2893 15 1781 21 2973
1755 2.1576824159529733 0.41737608929748765 2.7421569925292602 91 111 48 0.80097859609396149 20 3254 19 2753 18 2007 21 2975
1756 2.0021403958724622 0.37852990494526534 2.8410169942387733 175 186 126 1.0903383812740932 20 3442 19 2755 16 3089
1757 2.0528288194199518 0.41912493063689854 2.8180470154972554 126 134 74 0.79453124238317185 20 3257 19 2756 17 2757 21 2978
1758 1.9299081986708571 0.59816663651500435 3.1220858121204431 9 11 8 1.7800771527787786 20 3467 18 2026 17 2769 16 3113 15 1963 12 1712
1759 1.4112328597334864 0.47886047065995424 3.1338703757963433 123 139 100 0.35398312511391633 20 3270 19 2775
1760 2.0594263799892465 0.70574672220321899 3.2438768184024585 115 128 102 1.3870918835923212 20 3474 19 2781 18 2030 21 3147 23 3703
1761 2.0570859010641085 0.74462069583612911 3.412977446947822 55 63 40 1.0594251377096844 20 3074 19 2784 18 2031
1762 2.7086375620833607 1.0295802995480967 3.401132896995497 110 123 95 1.8874344590405305 20 3283 19 2785 21 3008
1763 2.7243955359230623 1.0370073294882358 3.4314427023878875 110 123 95 2.3570530463268753 20 3284 17 2775 14 4206 15 1809
1764 1.6478449505163169 0.77152969468706212 3.5250378175316412 110 115 85 1.1908867712287137 20 3285 19 2790 18 2034
1765 1.5540644846357057 0.81922671368105704 4.2607680244553956 24 21 12 1.4731272431449516 15 1823 13 4954 11 3555 10 3578 12 1722 9 4736 8 4295 4 3821 6 3167
1766 1.6483743365345545 0.82284696190899609 3.7095177222329081 37 47 13 1.2499381015368265 20 3085 19 2796 18 2037 17 2781 12 1720 13 4950 10 3574 9 4547 21 2523
1767 1.7611733358829444 0.86144552419968856 3.6329582951338253 34 44 10 2.0989933909969278 20 3293 19 2797 17 2782 16 2939 14 4216 21 3010
1768 2.4800692910281286 1.0850662551376475 3.4147285247351955 172 179 161 0.81547520821384611 20 3479 19 2798 18 2035 21 3016
2098 2.1043823824212957 -0.39862541724047523 3.2480457475439253 135 148 95 0.88253430572754932 16 2330 14 3862 15 1547
2103 2.9762463321836532 0.77882240117912449 2.8874386732154358 204 212 189 1.3612697082217846 16 2684 14 3958 15 1455
2104 1.2170350666546039 0.40472143626614698 3.1106536679238852 132 149 81 1.8323513517238952 14 3969 11 3092 13 4465 10 3133 9 4290 16 2919
2106 1.6468340220395854 0.89615338683219237 3.813918206355245 51 45 32 2.3851164444635815 16 2721 14 4003 15 1653 12 1585 13 4520 10 2860 8 3413 9 3682
2107 2.5179791386313024 1.3803370818744285 3.8886734231837838 128 91 82 1.3160970540747652 16 2729 14 4011 15 1659
2108 2.4539639009950331 1.5717979928782582 3.9849882146736491 120 84 65 0.97158939204934747 16 2739 14 4021 13 4200
2109 2.1718332485081904 1.8997937044257747 4.2538528885548201 115 89 72 0.96271889364461205 19 2608 14 4027 15 1669 12 1593 13 4547 16 2486 11 3148 10 3203 9 4348 3 2195
2110 2.3788890225319412 2.0802914635708003 4.2565922793679771 127 98 80 1.1483777038082921 17 2433 18 1708 20 2843 14 4029 21 2564
2111 2.0003330641851989 -0.54888114735163762 2.8022928019694184 160 168 108 1.145387529223642 16 2786 17 2672 14 4067
2112 3.1517460834648734 -0.24242078857675062 2.6234522147338071 222 223 170 0.27590909940966746 16 2804 14 4083
2113 2.2706488671153839 -0.061957280795807188 2.7731995108937584 87 103 40 1.6384106467270603 17 2547 14 4116
2115 1.3376497961163227 -0.20193454226808 3.8295493326311156 87 102 43 1.114099511102937 16 2874 14 4134 15 1757
2117 1.9142740635510795 0.31234218983601231 2.9209299131402617 112 123 53 0.52696473789066733 16 2892 17 2749 14 4159
2118 1.3375246800372675 0.47830185105717277 4.1332172894945094 125 133 96 1.7918987199174272 16 2698 14 4200 15 2107 12 2073 13 5275 11 3881 10 3887
2119 1.583192891362573 0.44022354514396023 5.2210152841450066 117 130 91 2.0805841155635787 16 2456 14 4203 12 1718
2120 2.6770234663732535 1.4760433330665406 3.9376302784937423 161 129 106 0.95635531636018045 16 2961 15 1662
2121 2.9476319608845878 -0.55478599661716921 2.8581210539580235 0 0 0 2.8589913980284578 16 2991 14 4265
2122 2.1562346664415233 -0.38035520064751471 2.7529040308515822 115 131 66 0.65693661093178224 17 2690 15 1871
2123 2.192006212239928 -0.28671018412915406 2.7309260148336758 164 176 104 1.3177471250725734 16 3019 17 2862 14 4294 15 1881
2124 2.9507360011017925 -0.18404159165733602 2.674614377032396 163 166 109 0.0024724331246401702 16 3017 14 4296
2125 1.6330524960810844 -0.53476904979901219 3.476201288128923 154 174 111 1.6720348010443029 16 3205 14 4301 15 2036 12 1906
2126 2.0108765664047326 0.37891660674503008 2.848181302892562 160 167 103 0.52116969570345562 16 3088 14 4352 15 1942
2127 3.0382206461384249 0.62447523934917437 2.9574554193304965 55 72 27 0.92451407222851201 16 3093 14 4353 15 1945
2128 2.4272562595278955 0.53469425229203849 3.2166130048028507 86 100 65 1.7433407082521137 16 3100 14 4357 15 1955
2129 1.3604280345773347 0.56048619221869411 4.0833196293921796 67 76 45 0.25072406121965884 16 3121 15 2113
2130 2.6475560051299549 1.1578988044622918 3.2746971566151766 165 168 137 0.52857912385187411 16 3128 14 4388 15 1978
2132 1.346531432588483 1.0822190946356254 5.3956734429057871 123 135 97 1.6917617592637708 14 4414 15 2132 12 2000 13 5210 11 3723 10 3832 9 4979 8 4705
2133 1.7313630927239181 1.3037983311320835 4.6943530404313094 106 88 66 1.4746441867670341 16 3153 14 4415 15 2133
2134 1.8822943003028487 1.7904229217785714 5.1418873559417619 146 118 104 1.8233004989836521 16 3163 14 4424 15 2002
2135 2.5839446716609529 -1.1936009722195637 3.7984406904539583 217 223 163 0.64894718423211883 16 3167 14 4429
2136 2.1640733007791999 -0.34493865049054995 3.0480121376333034 86 98 48 1.4177720637614759 16 3311 15 2037
2137 2.1121204906593523 -0.093828746956891557 2.790897993168544 73 91 31 0.20041134653633291 14 4463 15 2043
2138 2.0700220037470793 -0.058368779174736762 2.9830623250073067 66 84 51 2.1157676553360969 16 3217 17 2999 14 4466
2139 1.3804961958675914 -0.15828551072674785 3.7539667549435309 139 147 83 1.0644321625970787 17 2894 14 4474 15 2066 12 1942 13 5155 11 3783 10 3792 9 4945 8 4667 3 3014 7 3270 5 5188 4 3993 1 4995 2 5205 6 3530
2140 2.1466683688133772 0.45197630858021681 2.7526582904797197 218 222 169 1.0072908291403899 16 3090 17 3024 14 4485 15 2084
2141 1.1771212686852315 0.25436848739502821 3.4517820390210496 32 48 7 0.57111770138887308 15 2096 12 1969
2142 1.568717188176483 0.75575428704483383 4.1549235410959859 0 0 1 1.6604583638507808 16 3129 19 2323 14 4506 15 2121 12 1990
2143 1.4082849169392004 0.87424676659812051 4.3400697550678551 98 113 84 1.7269744575392671 16 3273 14 4514 15 2126 13 5205 11 3718 10 3580
2144 2.5151007385189499 1.4292670081442838 3.9058455884603207 122 89 70 1.7625700519352265 16 3275 18 2291 14 4515 15 2130
2145 2.6608099014419957 1.6513022061897265 4.0060421401260138 168 141 124 1.7290045689940898 16 3372 17 3059 14 4518 15 1995
2146 2.6332731132046634 -1.2177163469691781 3.5760390475698238 225 225 175 1.398395033033009 16 3286 14 4525 13 5107
2147 2.6175939670239221 -1.2119425790363154 3.5647202579381325 225 225 175 1.2929667778811451 16 3287 14 4526 11 3725 9 4881 8 4709 3 3055 7 3310 5 5140 13 5108
2148 2.2122879966815625 -0.56214165888138923 2.7509673993629975 56 70 29 0.44998607770254956 16 3294 14 4537 15 2022
2149 2.200235286134117 -0.34143073440882071 2.7380787066818346 74 90 25 0.97037316055986766 16 3306 14 4548 15 2159
2150 1.7203685401270068 -0.81035757670476261 4.3835298626643837 89 112 31 0.8287866643593238 17 2983 14 4551
2151 2.1624483589382457 -0.32641594420873388 3.3229640128540159 176 186 152 0.60509700275284095 16 3317 14 4555 15 2166 12 2030
2152 1.6349760242194078 -0.64043613054505977 4.2774570002306964 64 85 16 1.2944486597862725 16 3318 17 2990 14 4556
2153 3.3348699707283251 0.0099577085624155074 3.0506564688430533 210 236 113 0.6510268666649075 16 3321 14 4560
2154 2.4132600408406053 0.17991066258981694 2.8079121973252694 76 101 20 1.8137519835082498 16 3327 14 4570 15 2058
2155 1.8366931905238886 0.021777502839282023 3.1019530526168015 12 26 3 0.53407460018857689 16 3329 14 4571 15 2177
2156 1.8366931905238886 0.021777502839282023 3.1019530526168015 12 26 3 0.53407460018857689 16 3330 14 4572 15 2178
2157 1.5043674764846955 -0.018673308290886457 3.9227635451864744 53 66 22 0.84237044675730599 16 3341 14 4582 15 2185
2158 2.8109652196177515 0.5603482255868365 2.9999881747262593 128 139 95 1.2317423472700511 16 3349 14 4588 15 2086
2159 1.6364728232720889 0.3630961542933076 4.9290485248567277 111 118 88 1.2785367304686837 16 3356 14 4595
2160 2.9859870769836157 0.97574058736786706 3.5684810530894775 0 0 0 1.0575082848396571 16 3359 14 4596
2161 2.1586108450817134 0.77994422153836329 3.3613882904990953 9 12 1 0.67884413756129114 14 4598 15 2197 12 1979 13 5188 10 3702
2162 1.9540242895566209 0.79257582414166861 3.3727006757421156 16 25 4 2.0883410560141158 16 3360 14 4599 15 2108 13 5086
2163 2.3424867011628145 0.93342555734994392 3.5239130603246331 48 60 40 1.6020044344607143 16 3362 14 4601 15 2112
2164 1.5124262937162103 0.81124492097529755 4.3157498131355503 68 79 49 1.9653264222059788 14 4606 15 2204 12 2083 13 5287 11 3894 10 3899
2165 2.3940975973688396 1.0723756815002154 3.3969325330600606 100 112 90 1.4008614112562445 17 2622 16 2937 14 4214 20 3482 19 2969 18 2174 17 2780 16 3127
2166 1.4121781682053076 -0.25751760842317262 3.7522708653415231 69 68 44 1.7809170490399546 19 2712 14 4124 20 3404
2167 1.7347951408066249 -0.83645691921458309 3.3991832865097344 154 170 123 2.0496612212593259 16 2990 14 4056
2168 1.5733583391212311 -0.13745021863425017 3.6949091106470777 47 61 25 3.2814137851618206 17 2731 14 4337 15 1927
2169 1.4387409914862104 -0.22389032655797061 3.7150018074235405 88 99 34 0.83193460288338417 17 996 15 710 11 828
2170 1.3914323659641343 -0.16925042944674915 3.7212125755396328 85 95 35 0.006349084492690369 14 2235 12 1004
2171 2.3193504048795051 0.41662909583120084 2.7637309150442357 65 73 24 0.59817741314261053 15 968 11 2761
2173 1.8364004394137485 -0.46636470513049982 3.4705309103893591 137 157 108 0.73909109540781992 17 2297 15 1233
2174 1.8181528301417476 -0.43454715714409703 3.4004077104801937 65 85 36 0.16604230908898837 17 2045 15 1236
2175 2.0637978995716555 0.28024613509188606 2.8612281186718875 147 157 87 0.86326491161415841 14 3249 15 1278
2177 1.4609878827012941 -0.22208149909499836 3.7107375521616861 86 101 32 0.99384203727324583 16 2383 15 1415 12 1412
2178 1.3624475587006184 -0.25190866128676326 3.7869382895009567 117 122 57 1.2516777876991085 14 3580 17 2342 15 1420 13 4049 12 1293 11 2735 10 2748 9 3911 8 3681 3 2335 4 3279
2179 1.4243147205797615 0.059401154171490653 3.7058596988536947 57 75 27 2.4465146179178148 16 2423 15 1444 12 1435
2180 1.3235921774745383 1.0716211159322913 4.7679800227734956 0 0 0 2.2872930180843647 14 3751 15 1483 12 1462
2181 2.6710994101133476 1.0932677879567216 3.296680426809159 190 194 161 1.6657255892042173 14 3702 15 1639 12 1576
2182 2.4834101382242246 1.0828814756434086 3.4142939876035219 199 206 188 0.79142609305089329 16 2936 15 1641 12 1577
2183 1.7254195095458955 0.83233601836815363 3.7615914816630123 49 55 25 0.30768301021526206 14 3987 15 1646
2184 2.4739283639013916 1.1410122247796464 3.2690174566619974 191 194 177 1.0934191616098143 16 2715 15 1647 13 4497
2185 1.9579259093907753 1.165324746094144 3.9494951280869683 115 91 71 1.1853125496218904 14 4010 15 1658 13 4529 10 3184
2186 1.3556907146652915 -0.28087447696831186 3.8192334598053552 76 88 22 1.222421976534259 14 4123 15 1748 12 1672 13 4871 11 3463 10 3501 9 4664 8 4399 3 2745 7 3004 5 4984
2188 1.6368627349779399 0.7673933748098013 3.8813772653373557 46 57 27 0.9779661936556634 16 2711 15 1813 13 4740
2192 1.7814497184062479 -0.769597662278388 4.3423489719859587 101 135 25 0.89468119831541748 17 2859 15 1890
2193 2.1291272147719402 -0.35831564048337416 3.2431182694050786 61 73 23 1.2966073247091265 16 2832 15 1893
2194 1.3352648436553125 -0.24458383098857225 3.8171816120349882 186 190 139 0.67300971021549738 14 4332 15 1922 12 1815 13 5040 11 3651 10 3662 9 4668 10 3509 8 4550 3 2913 7 3159 5 5096 4 3876 1 4887 2 5082 6 3408
2195 2.0143501675423914 0.26756686326729368 2.8698064159140069 41 50 2 2.2871589084775708 17 2740 15 1936 12 1824 10 3516 9 4674 8 4402 3 2747 7 3003
2196 1.5044522012536305 0.52113139271180231 4.0932953367930169 17 25 3 2.5442588456297646 14 4375 11 3543
2197 2.3543109047183166 1.0296391195677168 3.437903470453529 0 0 0 0.35174893179954125 14 4387 18 2170
2200 2.6311739917169721 -0.97886668464874771 3.4600314652528481 186 191 128 1.9752818970642136 14 4430 15 2011 12 1735
2202 1.5189492290337125 0.077132791836609621 3.6698135342410962 35 49 16 2.038413177779034 14 4481 15 2080 12 1960 13 5170 11 3671 10 3678 9 4843 8 4569 7 3171 5 5010 1 4747
2203 1.9592652520302034 0.35369377671953733 2.8685677518569936 45 58 13 0.32083625712336916 14 4482 16 3247 15 2081
2204 1.6285315420697923 0.41175764045631408 5.1951714695239488 0 0 0 2.0242361744621147 14 4376 15 2109 10 3709 9 4871
2205 1.6282942944165162 0.43032043825446159 5.1030424034267403 122 132 98 1.031534697393899 14 4377 15 2110 13 5278
2206 1.811671313499811 1.0007900361057687 3.6226438734310036 81 52 35 1.6845789738972272 16 3272 15 2124 12 1994
2207 1.9106027524498217 2.3231407647600757 5.2307202275549818 0 0 0 1.7530067344038978 16 3282 12 2005 11 3831 13 5218 10 3834 9 4983
2208 1.931010128337378 2.3265135388332494 5.1281342120557225 107 78 60 1.9964708628968109 14 4426 15 2138 13 5217 11 3830 10 3723 9 4982 12 2004
2209 2.9894207118486191 -0.42932964264787277 2.7326486762659359 75 98 26 0.37639533787025359 14 4542 11 3838 13 5226 10 3734
2210 1.6631971974872071 -0.78361297897193349 4.3080857699189314 89 115 25 0.89724274431175499 15 2161 13 5235
2211 1.738509297133036 0.013333191179194548 3.1055585984608585 130 150 87 1.5282499274126806 16 3331 15 2179 12 2052
2212 2.0783645564441517 0.21078350152630917 2.8916141373159086 146 155 88 1.2637913014552999 14 4576 15 2180 13 5255
2213 2.1586108450817134 0.77994422153836329 3.3613882904990953 16 25 4 0.67884413756129114 14 4597 15 2196 12 1978 13 5187 10 3701
2214 1.481002915008389 0.63677554072621378 3.9925381356817109 8 14 2 1.4641837814614269 16 3361 12 2079
2215 2.1199160301612561 0.31991656557246434 2.8119921765486122 25 30 1 2.4800423062208985 16 3340 20 3576 19 3077 18 2263 17 3017 15 2077 12 1951 21 3250
2216 2.5301132595615572 0.93004705756889272 3.5559984474081241 49 63 40 1.0113478351901661 18 1179 15 1171
2217 2.7913054440731515 2.8216110750282017 4.8845979416205489 121 89 66 1.0659125391246123 17 1091 12 652
2218 0.8303002073427147 1.8924174291438813 5.4852804918236631 134 136 156 0.79560975956967894 17 340 9 1804
2220 0.82304944333147523 1.8920771780403745 5.5002947819359971 63 70 116 0.34106683608229749 17 1429 8 3438
1192 2.5523978098621907 1.3571496867867836 3.8875066401959697 118 99 94 0.44382806989515694 36 2867 38 2095 40 3406
3549 1.9253954904217883 -0.63581479859287526 4.4783879471915151 44 67 11 2.1322906917431079 5 5084 4 3987 1 5049 2 5261
2301 2.2565295101830425 -0.58186906679519601 2.7259854622456352 224 228 177 2.0144015964758575 12 1880 13 5113 11 3733 10 3602
1193 3.484071809046128 1.3563187265273045 4.6001098176543582 130 85 64 0.97663823359797675 37 2502 40 3437
3550 2.0854535504942064 -0.30372041310237929 4.737988657272143 72 97 42 1.3154049643699577 5 5191 4 3996 1 5000 2 5209 6 3535
2302 1.180971715272966 -0.63920946525740352 5.1367890827370593 0 0 0 1.3554802907704966 12 1935 13 5149 10 3666 11 3652
1194 3.4806093302493277 1.6447406562911018 4.4295389188711267 191 171 160 0.93306946209980524 37 2503 38 2113 40 3449
3551 1.6002975857466051 0.12442838778303394 3.5606590472747444 62 91 33 0.28263256163782124 5 5193 1 5002
2303 1.4702039988159856 -0.19743788565677625 3.7324578108885857 154 158 97 1.2753803498830818 12 1937 13 5151 11 3777 10 3785 9 4822 8 4548
1195 3.4953748416672208 -0.62189979291588759 3.2868170612075231 87 109 63 0.91299913565436519 37 2347 38 2162 40 3749
2304 1.8211389814819807 0.092361580088371281 3.0795668273739594 125 149 88 0.75269075395120566 12 1940 10 3786
1196 3.3752430758382213 -0.39974742899644311 2.894756172332845 90 112 40 0.44630984081355757 37 2366 38 2180 40 3549
3553 1.6139644157860862 0.598167204571315 4.3229687772131236 21 32 15 0.59119008704725662 5 5219 4 4017 2 5235
2305 1.9959723430283194 0.30114361570448783 2.8330548150680537 159 162 93 0.55263477731526289 13 5163 11 3788 10 3794 9 4944
1197 3.3123788590273442 -0.32776608510380562 2.7047850762418997 72 86 25 0.95512414449625627 37 2368 38 2181 40 3252
3554 1.3247591659520348 1.1139514516235369 4.7583007830237101 87 61 43 2.4144402255828066 5 5224 7 3218 4 4021
2306 1.9672518994214687 0.35453163025118778 2.8755604157268309 48 61 18 0.25768045016780589 12 1956 13 5167 11 3792
1198 3.3338252724846442 -0.25665415163048677 2.6988059268219975 63 83 24 1.7966841831138145 37 2382 38 2189 40 3268
3555 2.1921496207239843 -0.68695123727406948 3.1585703588049667 192 209 155 1.1134410196636084 4 4029 1 5036 2 5247 6 3573
2307 2.57759412371297 0.58993150517468385 3.2610329200270498 25 39 6 1.5635418234537559 12 1965 13 5177 11 3804
1199 3.3279214459837045 -0.22067496343138102 2.6971921047313918 166 166 116 1.1374741574865486 37 2388 38 2199 40 3568
3556 1.6446042420016247 0.07906095779702399 3.2174936335620137 95 122 71 1.7584744151489442 5 5187 4 4050 1 5056 2 5266 6 3589
2308 2.5929251121394432 0.91620382971104186 3.3276384018266887 0 0 0 2.2622272812728417 12 1980 13 5189
1200 3.3192904818712714 -0.46506445778696842 3.7498028387224611 51 67 23 1.4338761445246468 37 2139 38 2202 40 3782
3557 2.446861762427917 0.57634370506827126 3.118491426252918 39 51 15 0.76620610403699096 5 5266 4 4055 1 5059 2 5270 6 3593
2309 1.2640551485066946 0.3756621331855392 4.1315281663503418 125 134 87 2.1834203414672175 12 1977 13 5191 11 3811 10 3883
1201 2.839003890891092 0.32892564328162804 3.1058598947393437 63 79 52 1.7697030607797073 37 2446 38 2255 40 3629
3558 1.0146677760406508 -0.18157367248306203 5.2523526990890117 107 124 82 1.5615415226130827 5 5276 1 5072 2 5287 6 3608
2310 1.9139682276835848 0.83117201022698661 3.3925037557510569 153 163 139 1.5352085013381447 12 2076 13 5195 11 3817 10 3818
1769 2.3297215164087537 1.0686627164324181 3.4155450913110359 111 124 104 2.2102655344750581 20 3298 19 2800 18 2040 17 2784 16 2941 14 4217 21 3018
1202 3.4032111151740283 0.66759187175030976 3.0391928141803102 138 151 123 0.60891330836666302 37 2657 38 2272 40 3853
3559 1.58752811231448 0.93935109961431584 4.3298616552059048 69 51 31 1.049789874766043 5 5283 4 4074 1 5077 2 5291 6 3614
2311 1.7665395515849267 1.4971237830937325 4.7251794180112121 94 63 42 1.6179871888855704 16 3158 13 5214 11 3828
1770 1.6940520220182111 0.88713225570559229 3.6540222710773165 39 49 14 1.7083875479793971 19 2801 18 2046 17 2789 16 2944 14 4221 15 1652 13 4752 11 3360 10 3173
1203 3.5356437749618954 1.8898166382468966 4.5611028930893651 147 119 106 0.41132436017294294 37 2507 38 2312
3560 1.9310818302527184 -1.115309821321657 3.8602678838746969 146 167 77 2.093442542321442 10 1131 5 2936 4 2439 9 2727 8 2409 7 1561 2 2530
2312 2.5078980264231951 -1.1568835247832121 3.72827969126027 231 240 178 2.2895978529443446 13 5219 11 3833 10 3725 9 4985 8 4711 3 3056 7 3312 5 5230
1771 2.0046586846904502 0.9952995122088123 3.5731732762478998 42 31 25 1.5141629778708261 20 3299 19 2802 21 3017
1204 3.5356437749618954 1.8898166382468966 4.5611028930893651 147 119 106 0.41132436017294294 37 2508 38 2313
3561 1.0403884851463554 -0.59345078813765506 5.4090101846617298 65 80 29 1.8275297390205869 5 5201 4 4005 10 3675 9 4951 1 5011 2 5278
2313 1.9353741406488558 -0.80685704651263512 3.4213977918731171 154 168 153 1.1859137714032231 13 5223 11 3736 10 3732 9 4893 8 4622 3 2863
1772 1.8068777245981587 0.98692245485953334 3.6756080891787062 156 168 130 1.2291573242885774 20 3483 19 2807 18 2180 17 2793 16 2950 14 3728
1206 2.6955335263676261 -0.97473697818530158 3.3900912679997575 189 198 133 0.9532296190869145 37 2695 38 2328 40 3716
2315 2.0964268055520918 -0.48502073701908616 3.2134205048416375 39 57 9 0.32431622974790419 13 5233 11 3748
1774 2.5980351643006787 1.6689271919620847 3.9986558116515041 120 84 68 1.5017716284599183 19 2821 17 2634 14 4240 15 1833 21 3039
1207 2.302540438914864 -0.62546126729362339 2.7588047932486872 193 201 148 0.95207272812434196 37 2526 38 2331 40 3722
3564 1.5585565100190111 0.55618132823961697 5.3340804311473446 75 83 41 1.0784929178276419 4 1285 5 901 1 541 2 1609 6 514
2316 2.1991849183958267 -0.44181950768495304 3.1590833059822558 217 223 163 0.99497934550955747 12 2022 13 5234 11 3843 10 3847 9 4906
1775 2.2602972027433856 1.5475730949681752 3.9986567608903734 124 103 98 1.2901499546559718 20 3314 19 2822 18 1870 16 2967 14 4022 15 1834 12 1726 13 4767 11 3371 10 3192 9 4341 8 3807 23 3600 21 3037
1208 3.2605756439150504 -0.4619013264079343 2.7295047110657396 65 85 22 0.63853680241227673 37 2555 38 2357 40 3744
3565 1.5561157705957764 0.57056906191858503 5.34088878125677 103 109 76 0.29547656599548006 5 2001 1 543 2 713 6 1166
2317 1.9817202433903625 -0.39356418416351213 3.4924689692387094 65 88 32 0.9478135780810325 12 2031 11 3851
1776 1.97741537961727 1.7725940417003827 4.371119569116539 102 81 77 0.89341099483307695 20 3317 19 2824 18 2059
1209 3.0500131985650385 -0.33630069407502183 2.6870391503832152 73 97 35 0.59970993187124122 37 2562 38 2365 40 3752
3566 2.4516085424073464 -1.1171188424165746 3.6537243064416391 150 169 90 0.57405255771531838 4 1358 1 643 2 18
2318 2.2140450526176902 -0.28329967330925337 3.2773405864865479 42 55 11 1.9232709001813508 11 3852 10 3764
1777 1.9944131047716631 1.7863173409589317 4.4117511059647123 102 81 77 0.95326272912149657 20 3318 19 2825 17 2818
1210 3.3993600561599702 -0.41764708066795969 2.9266591092015055 179 175 114 0.54117498013099208 37 2723 38 2372 40 3925
3567 2.4315409594501305 -1.0296922913329749 3.5174856031710027 71 96 29 0.45563277109649675 9 870 1 650 6 28
2319 2.2474218150650516 -0.65453392523871501 4.5192049463855062 56 82 8 0.89779645898017779 12 2033 13 5245 11 3764
1778 2.5686491972376344 -1.0201548713086774 3.367796948612388 72 82 28 1.4938269733709579 20 3324 18 1879 17 2648 16 2752 21 3045
1211 3.4428937270117825 -0.41869620190490947 2.991093737666271 175 187 112 1.978264169972721 36 2739 37 2572 38 2374 40 3929
3568 2.1745590174547047 -0.27007743085295549 3.4500602142509185 128 154 120 0.86450579601438671 4 980 1 959 2 1142
2320 2.0416139428466136 -0.063658973440497535 3.0045149965378228 86 109 65 1.7816888341862114 12 2044 13 5251 10 3769
1779 2.4965159440100146 -0.94373203945445039 3.3398937971666589 183 189 125 1.0189480902935129 20 3327 19 2832 18 2064 17 2823 23 3609 21 3048
1213 2.8997960355506116 1.4996789903312626 4.0480479551164565 131 92 75 0.96363728521644265 37 2682 38 2462 40 3991
2322 1.342718957389571 0.48049387230527896 4.1376706167738551 124 131 88 1.2374316324473336 12 2074 13 5276 11 3882 10 3888
1781 1.9135539675776432 -1.0161434233926945 3.7419400252914596 65 80 28 0.66653847416053191 20 3335 19 2840 18 2074
1214 3.3051884164576872 -0.30017107367837892 2.6769295849171035 192 195 145 0.12791889894130437 37 2730 38 2495
3571 1.7190027218846666 -0.04973409271800746 4.9555696664759106 166 181 148 1.0590723965068243 5 2759 1 1244 2 2282 4 1840
2323 1.6377638406219821 0.76097620957830936 4.2149316541801696 1 3 2 1.5898040238993356 12 1991 13 5280 11 3888 10 3894 9 5050 8 4758
1782 1.8069695918155282 -0.80731162233729026 3.4789974682789655 95 115 80 1.022721155900614 20 3150 19 2848 18 1912
1215 3.486658612709149 0.263278794184303 3.4129620956354656 145 166 115 1.3781604236655622 37 2760 38 2532 40 4034
3572 1.3530638842071199 -0.053708387077703493 4.9772125418075177 186 189 180 0.53117630338856248 5 1926 1 1283 2 1518
2324 1.4813455227366541 0.80390019614735653 4.2922289023675644 77 87 60 1.3667376882803057 12 2082 13 5286 11 3893 10 3898
1783 2.2211490428074963 -0.48742691947349276 2.6825101728258751 79 84 26 1.4162141020238532 20 3345 19 2853 18 1925 17 2673 23 3741 21 3193
1216 2.2671790131179232 1.071419457071707 3.3949856936346472 115 138 125 0.26621434531554544 37 2766 38 2537 40 3970
3573 1.372229396742441 -0.0023839273935640729 4.9392965147673129 154 163 134 1.6544428152779229 5 836 1 1287 2 2333 6 1118 4 1866
2325 0.59764971476569873 1.8769686183331167 5.7025433812340944 69 78 127 2.1139058088174498 12 2090 13 5294 8 4707
1784 2.1020357794419238 -0.49560315597818605 2.7446226138792418 70 84 35 1.1608117891397298 20 3346 19 2855 18 2087 16 2998 14 4274
1217 2.2671790131179232 1.071419457071707 3.3949856936346472 115 138 125 0.26621434531554544 37 2767 38 2538 40 3971
3574 1.5554249634905473 0.42147333920794067 5.1077499215691287 192 203 171 0.6930112607241643 4 1897 1 1350 2 1595 6 1162
2326 1.6347578156799947 0.66393176962669831 4.1410099540212304 7 12 5 1.7993937351281248 15 2201 13 5199 10 3710 11 3706
1785 2.3030340361821624 -0.44378230713553191 2.72402470329618 106 119 65 0.85149130703374354 20 3350 19 2857 21 3068
1218 3.4765636623447542 1.1502471910713814 4.3822350265948069 116 83 68 1.263691811183808 37 2786 38 2550 40 3990
3575 1.5946909843568862 0.409824235980703 5.1853478111630951 74 81 47 0.57314552254087847 4 511 1 1351 2 2401
2327 1.5968212275269547 0.35204549487740844 3.3777137231104493 31 42 10 1.3288295771943519 13 5269 11 3873 10 3871
1786 2.1920851551943312 -0.43242869184515642 2.705281206257252 67 76 31 0.61094917798605108 20 3352 19 2859 21 3070
1219 3.7758983532808492 0.8204757888682811 4.1576658939746451 120 128 95 0.47550398929828996 37 1161 40 2387
3576 1.3116145127644605 1.0154779146599848 5.4111245367609468 214 213 196 0.84209228946401393 4 1307 5 2032 1 1403 2 1654 6 1187
2328 2.0573715875407128 0.18625653170344258 2.8413790894580924 130 148 50 1.11313849942804 13 1385 11 224 10 789 9 1458 8 1180
1787 2.2092977486707284 -0.43599877925589281 2.7304862941667811 67 76 31 2.1156698274907821 20 3353 19 2860 18 2090 17 2682 16 3005 14 4279
1221 3.4971228708142585 0.20575741742186526 3.2873440161279222 102 136 50 0.43103117142311254 37 1952 38 1342 40 3054
3578 2.3978815519688923 -1.1230971747555096 3.4865801689401232 148 164 75 0.074014035952875368 4 1931 1 1443 2 2477
2330 2.0963638165430791 -0.3953758511553771 3.1902547546300828 117 140 48 0.93591016032856822 13 2087 11 663 9 2141 8 231
1789 2.1598889312012561 -0.38701857238771276 2.7448820584505627 101 118 63 1.7527189911078938 19 2868 18 2096 14 4287 21 3080 16 3009
1222 3.4634188782438073 -0.47350354205231865 3.1923962887474384 127 158 71 1.9557708250425707 37 1854 38 1959 40 3258
3579 2.4673096793052509 -1.0610071403596688 3.4309714883685225 197 204 153 0.57619719659942048 5 1007 1 1452 2 1702
2331 1.426376562199918 -0.34022306184325579 3.8269779678156071 132 152 81 1.6120849941407243 13 2243 11 786 10 763 9 1435 8 1999
1790 2.9265747272244487 -0.24194577339463985 2.684343038534903 170 178 105 0.31613154627250373 20 3368 19 2873 18 2105 21 3090
2091 1.309436699229596 0.31970276044682877 4.0951511813091876 55 66 34 0.18635783674780976 14 3685 15 1635
1239 2.9261950011777236 -0.45145606341435252 3.2614983778307169 185 197 188 1.0771175523108909 26 2315 25 1446 24 1204 22 2056 20 2595 23 2929
3596 1.7432987559043627 0.079948074319655657 3.4537362663256861 62 90 43 1.6061255149053368 4 2232 1 1939 6 1538
2348 2.1031272098557419 0.63399247482992349 3.1532907089446791 149 166 111 0.6210495165682145 14 1762 11 1563 10 2009
1807 2.0824704761711241 0.64755418630819916 3.1741381976305867 88 99 65 1.4603601688124241 20 3469 19 2958 18 2027 17 2770 16 3114 14 4370 15 1964 12 1713 23 3567 21 3000
2221 2.4856249496226144 -1.116554795055835 3.679811716719315 150 164 76 0.17032461181787395 15 1495 10 2896
2093 1.5206653640574472 0.71987075012604107 4.0485451551544145 68 77 58 1.9234179767414099 16 2190 14 3712 15 1645
1241 1.4433135306412599 -0.27477369876327856 3.7241289569640701 107 126 70 1.4127914238056516 26 2384 28 2828 25 1481
3598 1.1679517015797107 -0.57002296516499851 5.1501362774896968 91 116 77 0.50905674556196334 5 2689 1 2058 2 1400
2350 1.9174906355858938 -0.97498732279971045 3.683319056416769 124 141 30 0.16833084819429631 13 2696 11 1703 9 2749 8 2439 5 2969 2 2560
1809 1.6037966666980636 0.72864292002044895 3.8970816813114855 43 52 30 1.5193510154413969 20 3282 19 2963 18 2168 17 3043 16 3366 14 4604 15 2202 12 2080 13 5201 11 3885 10 3890 9 5046 8 4757 3 3047 7 3300
2223 2.1167565616618638 -0.34352044148141009 2.7648052140257153 133 151 91 0.86595341044056939 15 1535 11 2946 13 4312 10 2632 9 3801
2094 1.7648092823909647 0.90102904442770904 3.6158577345408522 94 104 54 1.1483223622387764 16 2461 14 3719 15 1469
1242 2.9799557493048745 0.094670400506986344 2.9457617956443767 166 191 126 0.9846448186116411 26 2399 25 1497 22 2132
3599 1.7062479301074349 -0.034834048800437611 4.965456308343815 210 219 200 0.71453719118204362 5 2767 1 2128 2 2288
2351 1.9154146589738144 -0.97509787952631533 3.682062896267118 124 141 30 0.51662318480181668 13 2697 11 1704 9 2750 8 2440 3 1479 5 2970 4 1996 1 2407 2 2561 6 1715
1810 1.6369607118772984 0.80148464499373107 3.7879223325237423 89 99 62 1.0175740008768028 20 3286 19 2966 18 2171 17 2935 16 3126 14 4389 15 1980 12 1988 13 5095 11 3710 10 3716 9 4874 8 4594 3 2963 7 3208 5 5127 4 3931 1 4936 2 5132 6 3471
2224 2.1422667306383816 0.36944121092015192 2.7560526097853248 214 222 171 1.2351771689224524 15 1775 12 1551 13 4412
2095 2.3376840451512555 1.3313521634703656 3.8337280599275578 176 152 124 0.7102172457640924 16 2733 14 3742
1243 1.1703199460697602 -0.10723798690258707 4.3829674132451428 157 185 122 0.43474211521617828 26 2694 25 1499 24 1658
3600 1.6180325129282258 -0.029777278906602148 4.9503368768899909 141 151 128 0.52099980331931139 5 1911 1 2142 2 2302
2352 2.0568570863560387 -0.39019889795216545 2.7734311839846413 67 87 15 1.6625045721583083 12 1261 13 3440 11 1767
1811 1.6992849615315473 0.82884700726328775 3.6372915522286116 26 32 4 1.3261205406392307 20 3478 19 2967 18 2173 17 2936 16 3263 14 4505 15 2120 21 3009
2225 2.4162583891318978 1.1560280202669857 3.2443815628970825 176 179 157 1.5301078909676775 14 3995 12 1579 11 3112
2096 2.310695912829114 1.6132107149025849 4.0119812741021788 105 69 52 0.81094316717069614 19 2356 14 3762
1244 2.1404283836648461 0.12030831171328163 2.8383442853285792 171 186 141 0.93615573032984145 28 2864 25 1500 22 1506 23 2676
3601 1.5335244082616319 -0.026941750029134515 4.9486985116512319 169 183 148 0.17818393878241578 5 2784 1 2152 2 3071
2353 2.1043332020634953 -0.42239186454068511 3.4445373780118045 31 54 1 1.1654965730725979 13 3959 11 1821 10 2274
1812 1.6655932449877973 0.8484081460020918 3.6697869941462367 154 157 128 1.3165422225035119 20 3294 19 2968 16 3136 14 4394 15 1982 12 1857 18 2042 13 5096 11 3711 17 2785 21 3011
2226 2.1710331025675522 1.8991139166170399 4.2537631737044661 122 95 76 0.83705858565812452 15 1670 12 1594 11 3149 14 4028 9 4349 3 2196
2097 2.0931457309109218 -0.40838987348760619 3.1565555007960651 83 91 32 1.9696151251653069 16 2327 17 2512 14 3861
1245 2.3078716943056512 0.64469647129201257 3.1758725990742311 80 99 67 1.3689737150783274 27 2483 25 1538 22 2220
3602 2.100631447789131 0.28620733676364912 4.8832267443220632 27 41 5 0.54001367836054215 8 4063 1 2171 2 2321
2354 1.6141447924246579 -0.56378028425247873 4.3074351034773413 92 115 43 1.2429279123907297 13 2224 11 1862 10 1315
2227 3.0831027813307315 -0.25423513771972533 2.6562516114188117 113 126 43 1.5580506644865442 15 1703 11 3206 10 2960 9 3784
2099 1.9126376991820071 -0.095295605291569108 3.5637403083051034 71 84 46 1.6222803897779468 16 2866 14 3904 15 1749 12 1813
1247 2.6989028472149164 1.0603791001949168 3.3736912882868499 110 125 106 1.595779649078416 26 2500 29 3308 25 1570 24 1518 22 2252
3604 1.4274636470874937 0.0031277933494500763 4.9608616485748973 43 51 27 0.50565423823285127 5 2805 1 2181 2 2330 6 1961 4 2722
2356 1.4645629137477378 -0.32178630588302082 3.7356320299903714 186 197 130 1.243182609535959 14 2164 11 1877 10 1342 9 2995
1815 1.8256949334065431 0.92020528316496397 3.6364051155362596 22 22 12 1.8723701792586347 20 3481 19 2972 18 2286 17 3049 16 3266 14 4509 21 3159
2229 1.3151103608616839 -0.1734923176770424 3.8039420213606321 167 175 117 0.98842833742690528 15 1762 12 1678 13 4885 10 3521 9 4680
2100 1.4118658938425019 -0.19888168246519469 3.7529676272071972 57 69 17 0.89344241978082128 16 2868 14 3906 13 4682 11 3279 10 3326
1248 2.3482031215349903 1.1481654840682909 3.2490723637988035 156 170 155 0.61575853833940764 26 2220 25 1578 24 1322 22 1974 23 2841
3605 2.5164720478090081 -1.0717443300749776 3.5595826539411752 90 118 33 0.7851323641581951 5 1026 1 2332 2 2485
2357 1.4576274018605269 -0.32410032805372857 3.7501043994591847 140 140 76 0.80705506107611191 14 2728 11 1879 10 1858 9 2997 8 2681
1816 2.9518145861329481 1.6533495537446687 4.1231354258522979 176 147 129 2.5293374613577271 20 3493 19 2987 21 3293
2230 1.3462297240434631 -0.10541384646910489 3.7983202443219986 135 145 82 1.00079390101029 15 1768 12 1681 13 4893 11 3486 10 3531 9 4685
2101 1.5158851453359927 -0.024821992851143164 3.6166858007687588 17 26 7 1.6844984181079088 16 2653 15 1934
1249 1.8797995994082666 1.3651921121135213 4.5708847603169973 157 142 137 0.28625372465805493 26 2224 24 1325
3606 2.4698929587788188 -1.0909869439043627 3.6275332625083383 204 223 159 0.40637226232476192 4 1944 1 2336 2 2489 6 2052
2358 1.4194501092187071 -0.33241493691610408 3.8212269358865267 89 105 30 0.73458119399707666 13 2971 11 1881 10 1353
1817 2.1752760374925106 1.4896001906420104 4.0060761671974685 115 87 77 1.8288127725477294 20 3496 19 2991 18 2294 17 2808
2231 2.4229959540012471 -1.0546791637063679 3.4435767585380268 223 228 172 0.91710881623412766 15 1842 13 4970 11 3568 10 3592 9 4754 8 4495 3 2843 7 3093
1191 3.3371049695694794 0.16344440233123705 4.3191773178468038 131 155 79 0.65656912557405789 37 2222 38 2050 40 3655
3548 2.7360598476349862 -0.80012357796971667 4.4543902904598864 0 0 0 1.771841219993896 5 5246 4 3975 6 3513
2300 2.2820667828752863 0.85044827984395388 3.4148877832703914 88 105 60 1.9630370701268407 12 1853 13 5083 11 3539 10 3378
2102 1.9522784187218367 0.26733680517934411 2.9363383789852544 150 161 95 1.0676603146791017 16 2661 14 3935 15 1773 13 4895 11 3483 10 3525
1250 2.5909338711980028 -1.0842235278322965 3.4262352690148559 101 125 49 1.1248328295833703 26 2236 25 1590 22 1987
2359 1.8598694626654235 -0.10358854763528121 3.4605465460253177 111 137 71 0.42773697341972605 13 2990 11 1891 8 3233
1818 2.6310484578797539 1.7474422474489861 4.0530629000687233 117 85 74 1.6076870544711261 20 3498 19 2993 18 2057 17 2810 14 4418
2232 2.892471495491014 -0.38897153506481769 2.754434600637055 202 211 146 0.66799869253702693 13 4983 11 3591 10 3617 9 4603
2131 2.3052627046737064 1.1483453328485334 3.7542359043057498 83 58 38 0.0069733567499819672 14 4403 15 1986
1279 2.3322424554193826 -0.34442095282040541 2.7857570565923795 71 88 45 1.3129065859679963 26 2864 25 2049 24 1806 22 2598
3636 1.82218273572085 0.089987318533520988 3.9817646390378192 50 66 39 0.97104917658833168 5 2685 1 2822 2 2985
2388 1.4185896560082008 0.24318558590543415 3.5197893464012533 125 144 111 0.34372050107974511 13 4120 11 2448 10 2433
1847 2.7684436385464313 1.0622896667469111 3.405015151667619 143 149 121 1.9826243845567884 19 1719 18 1182 15 999 12 1216
1152 3.2321914225830155 0.76531129765565975 2.9820863038345151 127 139 119 1.0717740274890906 34 2346 37 2473 38 2274
3509 2.1644534965963929 -0.21646162288160359 3.3125978311223423 117 132 92 1.0430164675395539 5 5078 4 3716 1 4702 2 4911 6 3390
2261 2.656335735529431 1.1086993984158653 3.3118486895883454 225 226 202 0.47510664550772547 14 2903 13 3211 10 1579
1205 2.7781761995350664 -1.0766845872671007 3.5514424177924728 82 96 38 0.90868682448509774 37 2520 38 2325 40 3896
3562 1.5815506095485063 -0.56051575198848336 5.0150574224237836 149 156 138 0.50356160949821249 5 669 1 394 2 530
2314 2.0236795902440003 -0.48113737017630309 3.1811884347248509 39 57 9 1.3631778254849964 13 5232 11 3747 10 3751
2116 2.0808359856384233 0.18558125560119609 2.7981809283357904 107 114 45 1.2767497522976383 16 3066 14 4135 12 1537
1264 2.8495034763786089 -0.37318172497688579 3.193900639765487 67 93 56 0.99588112036569465 26 2619 28 3415 25 1863 24 1588 22 2070
3621 2.3629807134663601 -0.029017031627250837 2.8494274167273073 66 84 59 1.4112548217232821 5 1449 1 2579 6 1809
2373 2.4362120131471463 -1.0841528366654869 3.4664317673008895 134 154 54 1.5617412766889485 13 3333 11 2152 10 2536 9 3722 8 2976 5 4051 1 3648 2 3833 6 2385
1832 1.369249951150366 -0.20518363785245389 3.7733322214020819 36 53 11 1.6168724063135882 20 3553 19 3061 18 2243 17 3004 16 3232 14 4472 12 1938 11 3654 10 3510 8 4405 21 3107
2246 2.3083805736670708 1.6446268105579533 4.0268536859684039 113 79 54 2.2277179009455725 18 2296 12 2001
2087 1.8417541921426135 -0.11269029290684855 3.411744629785193 94 110 62 1.2499942733523119 16 2633 14 3576 13 4673 11 3007 10 3046
1235 3.0104058771623183 0.23613817059524159 3.0367200011768598 106 132 95 1.0323256660362741 27 2079 28 2877 25 1338
3592 2.2750964955485462 -0.22782228849247443 3.1595905758632838 86 101 63 0.99914686910973716 5 3160 1 1755 2 3447
2344 1.9613971374326291 0.28490059484508912 2.8123908107533127 134 144 58 0.6921346510705596 13 2360 11 1474 10 837
2092 1.9528745176274125 0.83798496308645376 3.3795624631067658 130 140 106 1.4215035801300269 18 1845 14 3699 15 1464 13 3713 11 2492 10 2469
1240 2.8964756339453599 -0.3005419139489201 2.8565636135615531 104 126 79 0.71397928240106034 26 2331 25 1454 24 1389
3597 1.3412423272280503 0.20490655512329894 3.3629162018616361 115 131 105 1.3720120924009149 4 1801 1 2015
2349 1.3118081703309754 1.1199302077743045 5.5041038575459922 189 194 157 1.1277781782594989 13 2620 11 1647 9 2645 8 2339 10 2096 7 2196
1808 2.084300396994756 0.64848908056934862 3.1785818486473509 88 99 65 0.53447854648237625 20 3470 19 2959 18 2028 21 3001
2222 2.1824328393609576 -0.42228255245393281 2.8634064803671104 95 111 64 2.0207977446621808 14 3068 13 4305
2090 2.5959832095411546 0.59501249316329918 3.0410462307644304 47 51 26 0.55552835158234515 17 2129 14 3660 13 3670
1238 2.92070968828174 -0.51334438794143 3.2599550172235778 182 195 185 0.66210200308943712 26 2015 25 1439 22 1730
3595 1.3547033141526341 -0.24961882455258555 3.7935527887025913 207 211 166 0.16320296769731049 4 1099 1 1920 2 1276
2347 2.039037600365035 0.36299037146057822 2.7681229033083246 154 167 88 0.96647210787768612 13 2385 11 1487 10 1436 9 2402
1806 2.6380777441846082 0.60878907115806213 3.0292622044363702 132 143 109 1.0616189963812228 20 3450 19 2952 18 2017
2089 1.426492422628207 0.077376239829201748 3.7475028537278461 55 68 22 0.7880820548600328 17 2120 14 3631 15 1446
1237 2.4188990932977656 -1.0483252841180328 3.6959104745836253 124 157 60 0.74751308166787467 26 1956 28 2671 25 1403 22 1661
3594 1.4663627383988018 -0.27069665346207755 3.6776402299363342 206 213 171 1.2224776213442545 4 1716 5 1626 1 1883
2346 2.0663517141567667 0.37816037614293196 2.7303885681580278 153 165 76 0.47408044289386658 13 2383 11 1484 10 1945
1805 1.6785310269334819 0.27634652285747996 3.3010421179602423 28 42 9 0.77536365735722457 20 3443 19 2946 18 2155 17 2923 14 4356
2088 1.7200192304369477 0.049225563432256127 3.204681364682977 95 110 67 2.0240331541307675 16 2400 14 3592 15 1586
1236 2.6542952622381639 -0.94306044606717077 3.3501162800803099 109 133 48 0.94222895867366241 28 3053 25 1400 22 1366
3593 1.4541999833174224 -0.32573707266468188 3.717391074810358 73 101 27 0.92676142170093256 4 1703 5 1597 1 1868 2 2068 6 967
2345 1.9394700761294639 0.29773867591099151 2.8612069315855959 103 121 37 0.34787856012581808 13 2374 11 1480 10 1942
1804 1.535948335037149 0.2264868838950288 3.3363622439553011 77 93 64 1.2350301616973631 20 3250 19 2945 18 2009 17 2920 16 3094 11 3504 13 4914 10 3353 9 4506
2086 1.5615580262556843 -0.49141908629015457 3.6159670090195069 138 158 97 0.30497785427062379 16 2597 14 3530 15 1389
1234 2.9288028849070136 -0.45956431230656958 3.2297795804214902 121 135 113 1.7798670781280173 26 2032 25 1292 24 1055 22 1743
3591 1.8567030027171261 -0.69028963950346134 3.9168871104016225 62 79 37 0.88494460596115154 4 1601 1 1745 2 1951 6 1795
2343 2.0978050727139985 0.3218159712809841 2.7473653372187314 107 121 36 0.13643672995653275 13 1436 11 1470 10 1416
1802 1.9982954814171399 0.23835836960733492 2.9132616709009258 116 128 63 1.4193297100505244 17 2903 16 3242 14 4346 15 2074 12 1949 13 5157 10 3791 11 3784 9 4940 8 4664 3 3012 7 3337
2085 1.9086821664761342 -1.0676658570005597 3.738204472554985 134 134 70 0.86771308695814631 16 2505 17 1956 14 3428
1233 2.1114787159432615 -0.47871788478760924 2.8375136378764876 105 134 70 2.0879477761670877 26 2006 25 1273 24 1194
3590 2.1036578396360306 -0.36159976829979135 3.1188783895853112 172 195 118 2.0075811012897842 5 1349 1 1702 6 196
2342 2.1420880634676029 0.30344235899624028 2.7659201098438064 120 135 42 0.92968393034526531 13 3045 11 1466 10 1407 9 3037 8 2033
1801 2.0112411983766791 0.22226051334973421 2.8418492613348487 178 187 144 1.6854980201798384 20 3426 19 2927 18 2142 21 3117 23 3533
2084 2.2196781844924818 0.70095584530608834 3.2283426750507562 123 134 92 0.078141784075574316 19 2019 14 3320
1232 1.9254420056112174 -0.83888261155383415 3.2915240117884248 123 153 117 1.3836270361562057 26 1965 25 1258 24 1035
3589 2.5745946777278097 -0.94615169629066387 4.2031663816747233 129 151 89 1.1225729162740343 4 151 1 1647 6 1360
2341 1.4483848262300103 -0.31066841921107335 3.7834176389150231 131 140 76 0.50579859371092317 13 2250 11 1399 10 1354 9 2315
1800 2.0721586374418441 0.20688061009945624 2.8341418903237097 164 168 109 1.0702294274921853 20 3424 19 2926 18 2141 17 2735 16 3068 14 4339 15 1761 12 1817 15 1929
2083 3.3623200093194026 0.45678356794502761 3.165021461497993 105 125 62 0.83236548339901706 17 1888 14 3248
1231 4.0387013347897787 -1.2753768026419317 4.5053777291547554 0 0 0 0.71333642780863871 28 1746 24 694
3588 2.6019496868008236 -0.87322884605695383 3.5334883213658421 120 140 56 1.1638945533526928 4 700 1 1518 2 1764
2340 1.8610079693565749 -0.446901190031676 3.4281015571996862 97 126 59 0.29614305773275368 12 755 11 1310
2082 1.3972639236786644 0.9982250430372831 5.3640397220113751 135 142 109 0.50966808119818252 14 2940 13 4202 11 2863 10 2876 9 4066
2339 2.0582911308969769 -0.52721215316952508 2.7441493190647814 169 182 105 0.63010998213782954 13 2727 11 1198 10 1715
1798 1.8287722111774904 -0.0050495998797011419 3.005261446987074 115 139 81 1.819472770464462 20 3555 19 2913 21 3229
1229 3.5360472317724243 1.7491959775817802 4.5128762630428643 205 190 190 1.3731905741973287 26 662 25 667 23 1700
3586 1.8663116301754346 -1.0730954415124792 3.7172467432155543 183 188 130 0.40195962539033436 5 2148 1 1503 6 1279
2338 2.1506650067916486 -0.50034452336451896 2.683280120389842 168 167 111 0.52770942886520189 13 1906 11 1197 10 1167 8 1669
1797 1.8287722111774904 -0.0050495998797011419 3.005261446987074 115 139 81 1.819472770464462 20 3554 19 2912 21 3230
2080 3.362801063157193 0.43312524363372534 3.0944284019079258 68 86 23 0.92438525444927544 17 1878 19 1956 14 2795
1228 3.2772386000812523 -0.22987363835529701 2.6925595952931647 41 52 20 2.2327744105956522 37 2385 40 3564 31 2173 35 4163 34 2423 36 2748 38 2192 37 2578
3585 1.9232727521015105 -1.1917761542165324 3.9459235464674176 168 176 115 0.29998058863092941 4 1386 1 1493 2 1736
2337 2.1655102677427656 -0.50057245133660599 2.6881903313731548 168 167 111 0.75447025338923412 13 1905 11 1196 10 1166 3 1125
1796 1.4411540964627052 -0.19947122286343649 3.7218422251622774 102 105 70 1.1226386946247393 20 3408 19 2910 18 2134 16 3056 14 4333 15 1925 17 2890
2079 1.3845852759685902 -0.26761637975195096 3.7530238543097894 94 80 26 1.1624632658012797 16 1873 17 1856 14 2749 15 1257 13 3579 11 2363 10 2348 9 3531 8 3253 3 1593 7 2072 5 3286 4 2214 1 2715 2 3543 6 2251
1227 2.2342448380805844 0.21549629790956296 2.7806833730593752 102 123 46 1.2008795207532221 38 2225 40 3788 37 2416
3584 2.0551865814210606 -1.0842423881707901 3.7048821424031546 226 234 176 1.638510997516903 5 1061 1 1484 2 2503
2336 1.9278300896409928 -0.95815271996631002 3.6767204188919713 124 140 52 1.1003200397621913 13 2704 11 1185 10 1696 9 2759 8 1661
2078 1.4917812878204255 -0.26098468000021818 3.6769713615724942 88 74 24 0.62351906293674741 16 1870 14 2737 13 2977 11 1886 10 1870 8 2005
1226 3.339876759949616 -0.37544721742339787 2.7128562389885573 90 111 39 1.3151063149045727 38 2171 40 3758
3583 2.4879021781543931 -0.99136291865459947 3.5653702175137285 190 210 166 0.36106720962990596 4 1376 1 1480 2 2499 6 1697
2335 1.9255553587241891 -1.127900913182414 3.884854818279678 189 197 139 1.3855931187355255 13 2673 11 1159 10 1671 9 2721 8 3017 5 2939
2334 1.3106496225757276 1.1070153999794632 5.4976664720885253 142 152 115 1.1304449656771878 13 1756 11 1083 9 1781 8 1492 5 2872 4 1308 1 2289 2 3209
1793 1.7612800116462506 -0.2575604223597095 3.5644349084859823 51 65 39 1.7648205092570282 19 2903 18 2128 17 2719 16 3048 15 1912 12 1801
1224 3.4733104945915754 -0.64804195079351079 3.2561886378287523 80 102 53 0.13501183971233754 37 2340 40 3527
2333 1.6209220879222939 0.76474502251357346 3.7797302922943525 59 68 39 0.72801578599507322 13 1676 11 1036 10 1012
1792 1.7605618347731347 -0.41637563388042076 3.5466117541275453 32 43 9 0.21402828754792699 20 3191 19 2888
1223 2.5726555713927257 2.6106125695158711 4.5293027367813723 153 138 135 1.0334466111191305 38 2117 40 3453
3580 2.4430180503315593 -1.0157313908906038 3.4046912824510653 125 148 77 1.3016728616417192 8 1551 1 1458 6 614
2332 2.1341737560575145 0.31495061237261679 2.7508271348701903 133 146 67 0.40583162263130768 13 1432 11 872 10 822
1190 3.3057343903100795 -0.09850115931422132 4.1748284099919113 129 150 117 0.28995021474146465 37 2189 38 2030 40 3621
3547 1.8740510090195581 -0.90579200742765065 3.8739859367510094 76 99 44 0.77302107993026048 5 5157 4 3966 2 5176
2299 1.8121004527133693 0.077686998364513801 3.1319198645736823 19 33 7 0.90518646954308168 12 1939 13 5044 11 3471
1189 2.3405327672695146 0.31507781402666363 2.8417669679461053 69 87 29 1.5508473493019332 34 2093 37 2178 38 2018
3546 2.053269197931634 -0.50238080783484751 2.8581778208066151 84 103 48 1.2177622681204525 5 5237 4 3956 1 5037 2 5248 6 3574
2298 1.3549222268484611 -0.30485586556895672 3.8781907338075756 171 187 98 1.4376907066663673 12 1930 13 5035 11 3646 10 3782 9 4939 8 4661 3 3011 7 3339
1188 3.400267077177205 -0.26153224527583929 2.7680454505150114 85 98 42 1.0650629290908193 37 2132 38 1971 40 3570
3545 2.7633810014848259 -0.64706712590652915 3.0158855618080995 0 0 0 1.3255261718265154 5 5149 4 3951 2 5163
2297 1.3549222268484611 -0.30485586556895672 3.8781907338075756 171 187 98 1.4376907066663673 12 1929 13 5034 11 3645 10 3781 9 4938 8 4660 3 3010 7 3338
1187 3.4477205742869299 -0.41494906188655634 3.0380244836200174 58 82 32 1.1910580228586747 37 2121 38 1962 40 3553
3544 2.7633810014848259 -0.64706712590652915 3.0158855618080995 0 0 0 1.3255261718265154 5 5148 4 3950 2 5162
2296 2.2804797861444133 0.13640526675180073 2.8400811670603097 71 90 28 1.8295002088083272 12 1811 13 5031 11 3639 10 3649 9 4923
1186 3.418167169578747 -0.43969104877245774 3.0407826228440165 183 198 139 0.48090639900230076 37 2115 38 1957 40 3256
3543 2.6288019377645324 -0.95882248679641058 3.6045068012670689 75 97 27 1.5312078752071963 5 5233 4 3949 1 4963 2 5161 6 3496
2295 2.2007997699732109 -0.21153588777179061 3.3211141872445169 86 96 59 1.7446173910264726 13 5025 11 3633 10 3768 9 5010 8 4647 7 3254 3 2999
1183 3.5297663171565152 -0.60355418031973684 3.2852147413519042 158 184 108 1.7965938839144282 37 2104 38 1944 40 3539
2292 2.1723736675420242 1.4644379430181751 3.9844964778605125 143 117 102 1.6045731543779009 15 1996 13 4961 11 3370 9 4338 8 4101
1182 3.2981158692350361 -0.43676741406345676 2.7899049423148061 89 112 34 0.44467981634550263 37 2350 38 1943 40 3534
3539 1.1953645922994223 1.0414563762670377 4.757670557959865 86 103 58 1.641126437266978 5 5133 4 3939 2 5026 6 3347
2291 1.4098148882212389 0.95536454270319149 5.3020118805205385 171 177 143 1.4917964492119031 14 4235 13 4960 11 3563 10 3584 9 4742 8 4482 3 2970 7 3217 4 3938 5 4892 6 3483
1181 3.2981158692350361 -0.43676741406345676 2.7899049423148061 89 112 34 0.44467981634550263 37 2349 38 1942 40 3533
3538 1.4678003243133029 0.79833462646940345 5.0683986661174645 103 116 89 0.59339622704778539 5 5132 4 3935 1 4944 2 5136 6 3479
2290 2.1647206606575868 1.3820266121599798 3.9432326269054352 132 105 88 0.69389777242971085 14 4237 13 4957 10 3401 9 4553 8 4100
1180 3.4842581149175347 -0.59557820428525532 3.2057553439460547 204 221 202 0.64915992148964319 37 2098 38 1941 40 3236
3537 1.721969312547625 0.73389953096782667 3.9634107665489604 0 3 2 1.4311851954496906 5 5042 4 3930 1 4934 2 5130 6 3469
2289 2.00174567811509 0.64165636017760064 3.1940624212110333 152 166 89 0.87791204417219149 12 1714 13 4937 11 3531
1179 3.4924538476633975 -0.61762955045255463 3.2393723993055823 192 209 193 0.63535291331056631 37 2095 38 1937 40 3235
3536 1.3235925118793721 0.46519164051291734 4.1084067353789191 105 120 77 1.0461793231377612 5 5125 4 3926 1 4933 2 5129 6 3468
2288 2.0987138001280132 0.60277282156505307 3.0795696127522847 67 81 28 1.8563320859562067 12 1709 13 4927 11 3523
1178 2.2272163630610535 -0.44448956173706361 2.7143380212638006 65 91 27 1.1163153207129628 37 2326 38 1913 40 3184
3535 1.4693143969721805 -0.013472265210217892 4.9546824721678808 197 201 184 0.52163647484674536 5 5119 4 3917 1 4926 2 5120 6 3456
2287 1.7100544984092627 0.22928850796121328 3.302058658790898 0 0 0 0.53142880544796545 12 1696 15 1606
1177 2.3707120335091965 -0.52312762803038215 2.7167834198399721 170 176 116 0.87489045607580929 37 2313 38 1902 40 3480
3534 1.8791460589992757 0.33327409051826634 4.1320583047507107 64 81 45 1.2196302586742676 5 5028 4 3906 1 4917 2 5107 6 3444
2286 2.0655695024961012 0.4190562858540397 2.8182073403177732 163 172 114 0.63340816413621881 12 1694 13 4906 11 3495 10 3536
1176 2.7425274659778505 -0.99915869391350554 3.4432816548978766 178 193 102 0.59023728641232054 37 2300 38 1891 40 3465
3533 0.96794215650230142 -0.58203775411882197 5.4576856195211683 0 0 0 1.6920515765842683 5 5204 4 3903 2 5220
2285 1.9896717009425822 0.37562821596654811 2.8392334689829202 189 194 141 0.74247585041085373 12 1828 13 4904 11 3493 10 3533 9 4684 8 4419 3 2767 7 3018
1175 3.7533776903520333 0.86009533196808141 4.1084577563459206 127 137 103 0.61053745224474154 37 2019 38 1863 40 3411
3532 1.0602568887804433 -0.63558346604341676 5.3452475914262978 0 0 0 0.34071231558508253 9 4839 4 3898
2284 2.0269523197647943 0.35160842809275006 2.8369360336623912 64 81 14 1.0347437345319721 12 1688 13 4902 11 3490 10 3340 9 4487 8 4228 3 2755 7 2820
1174 3.7875277634730882 0.83181833753282286 4.1687242642450464 200 207 192 0.38881055650804769 37 2272 38 1862 40 3409
3531 1.5148903281319284 0.25397451174406432 3.3823181835915115 152 167 144 0.9255295463116664 5 5194 4 3893 1 4899 2 5095 6 3425
2283 2.3316214640806674 -0.3572957233433296 3.0330850157251019 213 229 185 0.268098844142106 12 1763 13 4825 11 3217
1173 3.3355589354020734 0.79232790235808748 3.4070380424499409 100 106 93 0.52636600012655965 37 1997 38 1845 40 3385
3530 1.0968384353362832 -0.63051970551950409 5.1586119756065001 117 145 94 1.4068594146282241 3 3023 5 5103 4 3892
2282 3.0146509978165477 -0.383776608908592 2.7111939846420636 230 233 187 1.8157210990021415 15 1864 13 4803 11 3410 10 3439 9 4600 8 4335
1172 3.5033339719971255 0.50914388890436235 3.1872129889204968 48 67 33 1.9580001275506866 37 1979 38 1820 40 3836
3529 2.2651145189445332 -0.33591869950550585 3.078977018501952 160 183 113 1.037474452294656 5 5167 4 3855 1 4854 2 5057 6 3381
2281 2.4323946122356932 -1.1035736700120244 3.6814630614988721 124 155 45 1.9963119179077955 12 1599 13 4776 11 3383 10 3419 9 4574 8 4315 3 2844 7 2910 5 4906 4 3654 1 4640 2 4864 6 3186
1170 3.3798446670735558 -0.24458255407063914 2.700022429796793 106 117 56 1.5465267111602585 37 1584 38 1728 40 2606
3527 2.4595118165383076 -1.0540465936377272 3.3643749872173001 215 216 182 1.3159171794221507 5 5142 4 3834 1 4957 2 5154 6 3490
2279 1.3009088124554573 1.1768956688528585 5.2465188592040155 174 180 154 1.4328205228141744 13 4770 10 3588 8 4491 9 4745
1169 3.4358098541442068 -0.41511632284923428 2.9660570001477748 210 221 180 0.28754573029143243 37 1853 38 1712 40 2937
3526 1.8167338654879974 1.4426317986663308 4.7312421035297705 133 102 85 0.93743846419268229 5 5052 4 3827 1 4622 2 4843
2278 2.0262132436211129 0.34815383656563548 2.7761802316652817 205 218 163 1.0397872619680137 12 1686 13 4698 11 3485 10 3526 9 4480 8 4221
1168 2.6596495754236034 -0.96095367262433751 3.3699846076650539 83 106 34 0.89042650609872898 37 2042 38 1661 40 2843
3525 1.7880580284616054 1.375570215119599 4.6772902420000779 119 91 67 1.1115858617457595 5 5050 4 3826 1 4824 2 4842 6 3344
2277 2.1194207278414434 -0.40248950076265799 2.8238375295628413 82 96 41 0.7031662659956176 12 1375 10 3257 8 4158
1166 2.6940042879487498 -1.016371674731475 3.4124065084756379 153 171 89 1.4206786544369931 37 1751 38 1655 40 3151
3523 1.6693691342880963 0.68896345426792993 3.9107060625512031 41 56 25 1.2141551086461289 7 3076 4 3815
2275 1.5227095019460943 0.75710352893603061 5.1274412622684515 130 140 106 0.62701908199281109 14 3368 13 4526 11 2855
1165 3.6142511282057312 0.54052378609078311 3.9150027062771424 113 134 92 0.96527414104884779 37 1702 38 1616 40 3095
3522 1.7189392300409068 0.50563958489102034 4.0454676263482918 65 78 61 1.5735827630635761 4 3808 1 4794 6 3326
2274 1.5447886806214952 0.84695089191979855 4.255140854228662 68 60 41 1.5466735122454558 15 1322 13 4523
1164 3.4544061465392732 -0.43267641766332482 3.0582550275352607 138 162 104 1.0448887045827788 37 1855 38 1514 40 2939
3521 2.5686081417656816 0.44935424645691591 4.9308310473685708 96 115 51 0.6948721623389873 5 5034 4 3804 1 4793 2 5000 6 3323
2273 1.8781598226537806 0.97420345264513664 3.6623143398226516 104 100 98 0.74545882237759342 12 1457 13 4514
1163 3.4102331197258007 -0.41796498679689248 2.9633185342729442 112 125 48 0.47419971529350807 37 1850 38 1512 40 2933
3520 1.6495777788995807 0.40345863976754881 4.0438106502874689 57 73 47 1.2613971007251419 5 4864 4 3803 2 4788 6 3319
2272 1.6864792403918354 0.79097140023451018 3.7521919195078128 86 98 52 1.2304820625521402 14 3985 13 4498 10 3162 11 3351 9 4544 8 4082 7 2882 3 2822 5 4877 4 3619 1 4594 2 4813
1162 3.3725717470545034 -0.34776933164577745 2.7248156008845514 180 160 123 0.62145282852925432 36 1975 38 1509 40 2931
3519 1.6456761284586892 0.40270262207197627 4.0432562890886032 57 73 47 1.2659630584439383 5 4863 7 3064 4 3802 2 4787 6 3318
2271 2.0910562125054462 -0.10605717228138026 2.9844387081997241 147 168 126 1.3171316087995006 12 1525 13 4364 11 2989 10 3029
1161 3.4928999257349154 -0.59934488191466506 3.2758375102403963 140 160 112 0.98757053506500936 37 1553 38 1494 40 2562
3518 1.6929412352475677 0.31575527037731621 4.1649783118599855 61 82 47 0.88773970840055372 5 4862 4 3797 1 4786 2 4783 6 3130
2270 2.134284983827833 -0.124905297381195 2.9933802071240221 100 125 41 1.4326088836279613 12 1406 13 4361 11 2986 10 2692
1159 3.6619049913968285 -0.087098967804635219 4.9498062934043352 0 0 0 1.08569217200623 36 574 37 1954
3516 1.5325173393992932 0.0014135405975014012 3.7619749240682836 35 51 12 2.0066746497093124 5 5004 4 3764 1 4537 2 4962 6 3285
2268 1.9607656245675931 1.7419047574194142 4.4080384230212557 115 88 69 0.84697939518841592 14 3769 13 4219 10 2520 11 2553 9 3708 8 3433 5 4408 4 3120 1 3017 2 3794 6 2016
1158 3.3725931412724868 1.7561097858452572 4.4762649520974849 115 77 54 0.91061118857922807 37 2873 38 2554 40 3889
3515 1.5449385048484978 -0.045678194533278198 3.5729275171117862 142 169 93 1.2135861146846225 5 4802 4 3751 1 4516 2 4721 6 3263
2267 1.3804759650469516 1.0216224503713944 5.3809231348015283 121 131 96 1.2310763486077054 13 4210 11 3140 10 3197 9 4560
1157 3.3593814454434625 0.11281534589985026 4.3244358191848979 79 107 30 1.6268454601541948 36 2966 37 2758 38 2531 40 4035
3514 1.5363244188628236 0.074294688547518042 3.2687309232692985 91 115 63 1.3361646056075458 5 4991 4 3747 2 4718 1 4513 6 3078
2266 1.7631316391904728 0.99088165662496053 3.6836590295002041 137 145 89 0.26674204597170609 14 3370 13 4190 11 2849
1156 3.3899092662050556 -0.29239886811378657 3.605586914108907 142 161 105 1.2095335936896197 36 2937 37 2738 38 2388
3513 1.9817595938563852 -0.053073892536889981 3.1620655086713607 53 76 31 2.3677617431506572 7 2582 4 3725 1 4483 2 4923 6 3246 5 4970
2265 1.6137375507726019 0.23944681088563508 3.309870329378382 114 131 99 0.79173449197567669 14 3282 13 4103 10 2406
1155 3.4215018399880042 -0.49113925576588913 2.9877792068932822 187 196 143 1.387177078296741 36 2907 37 2718 38 2490
3512 2.4391449505820937 -0.072632522464232019 3.35836895664572 81 107 62 1.2438863981989308 5 4963 4 3724 1 4707
2264 2.1132629475707505 0.29375797531263009 2.8871535863383575 160 174 99 2.1629021952211849 12 1426 13 4074 11 2755
1154 3.4968979810550498 1.281174054935156 4.5070419028979183 156 127 113 0.3411068957929973 36 2668 37 2681 38 2306
3511 1.760911090656206 -0.53593753630659446 3.9580250807349326 100 133 61 1.4898835946884184 5 4960 4 3719 1 4870 6 3394
2263 2.2279393746249512 1.5525993925394634 4.009097795475669 149 125 110 0.41970526759578708 14 3397 13 3793 11 2542
1151 2.3777401652379511 0.24531967132696259 2.8537368319755632 60 80 29 1.6036915076695146 34 2293 37 2423 38 2010 40 3796
3508 2.1074820551503213 -0.71348776091040023 4.0427514853286022 97 124 69 0.5372777162941329 5 4948 4 3701 1 4688 2 4903 6 3229
2260 2.6710299913753466 1.112048938037026 3.3013427195447909 64 57 38 0.42508221339181462 14 2901 13 3208 11 2063 10 1578 8 2259
1150 3.1070304105951418 -0.23819003000326727 2.6535785276715558 207 223 164 0.52502933564151211 36 2745 37 2375 38 1964
3507 2.0589671667608331 -0.75003644784129442 4.0415910432850977 54 73 17 1.9495759941433348 5 4944 4 3697 1 4684 2 4900 6 3225
2259 1.3654807290842459 0.23448185711023681 3.5342323587265794 73 91 49 0.6655340498984561 14 2856 13 3135
1149 3.333251995476946 -0.34626512017574373 2.7196829930659265 199 214 180 0.5976878122987318 36 2519 37 2365 38 2179
3506 1.8451905523492111 -0.81960124734295114 4.0375763782023819 56 78 13 0.57925470219009989 5 4940 4 3695 1 4680 2 4896 6 3222
2258 2.5823936063031416 1.0846941962790839 3.3795942801580852 172 174 153 1.2806005752618557 14 1790 13 2542 10 994 11 363
2257 2.6356923822659266 1.105820019389226 3.3333394041624591 189 194 174 0.54030883973453792 14 1789 13 2541 10 380
2256 2.1793491905897602 0.30601684189178607 2.7968342460997655 107 125 44 0.85617895418803514 12 1012 13 2342 11 867
2253 2.1383976843143371 -1.2019630138733215 3.8637017434234582 223 229 183 0.025768471730842825 12 10 3 13
2250 2.4317358938963269 1.1495046712900547 3.2779690656651836 0 0 0 0.55445304098181492 15 1818 16 2946
2249 1.8119177832155873 0.73697062795173285 3.3426636902688123 152 162 137 1.3885925412521374 12 2072 11 3813 10 3705 13 5194
2248 1.5001470782231221 -0.25792943957161302 3.7005226933208464 154 148 99 1.0311420925643264 14 4567 15 2173 12 2047 13 5254 11 3860
2247 2.2194378369319963 -0.44279583718481424 2.7616139297211517 95 118 42 1.2360245551211078 15 2153 12 2017
2245 1.6333140423501957 0.80007242047426863 3.7851614966198994 109 114 60 0.57754751667078374 15 1979 12 1987 13 5094 11 3709 10 3715 9 4873 3 2962 7 3207
2244 1.7176167759666916 0.82694868505058217 3.6565229346161296 28 37 5 1.41779513594263 15 2119 12 1985 13 5202 10 3822 9 4969
2243 2.0370302336915715 0.9063648059497782 3.4250577462435339 67 75 52 2.1568143449998014 15 2115 12 1981 13 5088
2242 1.2781080650191445 0.37472579058631061 4.140826595058317 119 125 90 2.0798325620095048 15 1970 12 1976 13 5190 11 3810
2241 1.5682515481323205 -0.19895569461931331 3.7262444529531216 30 41 7 1.6716498703445895 15 2175 12 1934 13 5037 11 3649 10 3502 9 4663 8 4398
2240 1.5647412894547812 -0.25043780233307594 3.6692451134339685 29 44 5 0.44948587099889992 14 4566 12 1928
2239 1.4938719292025495 -0.41233355040004355 3.9980974260222379 98 121 51 2.1116303741990166 15 2047 12 1924 13 5141 11 3768
2237 2.1160678219173108 -0.36472767113781351 2.7710286976718352 130 150 81 1.8107992256496115 15 1874 13 5122 11 3742 10 3747
2236 1.9161045357288238 -0.96964821189111039 3.7038137346494127 188 201 132 1.2465519140090029 15 2020 13 4978 11 3579 10 3604 9 4887 7 3235
2235 1.2704913835462412 0.32664692795068273 4.1117587065753556 35 47 9 1.9886357124401681 15 1967 12 1851 13 4941 11 3535 10 3563 9 4534 8 4281 7 2878
2234 1.5829828401223651 0.30543656144501929 3.3898585524187457 80 97 61 1.7568155562981627 15 2092 12 1841 13 4921 11 3516
2233 2.4127233371349091 -0.32914972405099785 3.0384833745057427 71 85 26 0.83534205053802191 15 1884 12 1764
2228 2.1101046853914376 -0.40878588616548461 3.1699814489478628 111 126 45 2.1119296170491006 15 1714 12 1650 13 4832 11 3428 10 3267 9 4625 8 4354
2077 1.9685896829889871 -0.98676599149413446 3.7345481560783749 99 100 40 1.3415258527589229 16 1768 17 1472 14 2514
2076 2.6004028850666971 1.5983647165579198 3.9735363401718056 147 116 97 0.6705759478545249 20 2133 14 2428 23 2474
2075 2.5184938803127288 1.0746319481334095 3.4076168167228191 109 116 85 0.83681787550833941 19 1507 14 2397 13 3217 11 2069 10 2050 9 3198
2074 3.3557101548969541 0.11078734500738019 2.7850808170543901 165 182 68 0.50934869917517755 18 944 14 817
2073 3.5139973816326453 0.57592249199992651 3.135508751220994 83 109 21 1.4183369613592405 17 2741 16 2889
2072 1.5251547097846576 0.80311429132252965 4.1421586675439706 37 36 34 1.5584666755032397 14 4511 15 2123 12 2081 11 3821 10 3897
2071 2.0837284169526922 1.1394211576666551 3.8553164487832912 100 77 63 1.7122784073335631 17 3053 14 4607 15 2125
2070 1.6101050404198383 0.7286197038665625 3.9024548332164604 51 56 33 1.3357434483451822 17 3042 16 3365 14 4603 13 5200 11 3884 10 3889
2069 1.8458327373467471 0.82034936554634086 3.4345203132566704 111 113 73 2.5051571444662546 17 3041 14 4602 15 2200 12 2078 13 5277
2068 1.491174995369833 0.45786458622711756 3.1868774547879291 4 10 0 1.9128516770578978 17 3033 16 3355 14 4593
2067 2.4980118216843752 0.61566993905536038 3.0383952820547573 158 163 141 1.054791825177636 17 3028 16 3352 14 4592
2066 1.6236392363398839 0.33151906467815406 3.3634044303317419 27 43 4 2.1578713899816098 17 3027 16 3351 14 4591 15 2190
2065 3.1197487493934752 0.43900210336072537 3.0976826736429541 52 64 18 0.85498338767343229 17 3015 14 4579
2064 1.6150925415734301 0.074980910889420951 3.0892764369993642 124 144 89 1.0237745459638237 17 3010 16 3337 14 4575
2063 2.0466161063727215 0.17959919727998525 2.9399319041942178 23 35 11 1.9170004776661944 17 3008 16 3334 14 4574 15 2068
2062 2.4090632190363466 0.11326931490466084 2.7584486685794869 113 138 47 1.379621215819788 17 3002 16 3325 14 4565
2061 1.7755153473849441 -0.45017269310031788 3.5274975767287113 29 45 9 2.0311655976220271 17 2988 16 3316 14 4553 15 2164 12 2028 11 3763 13 5133
2060 3.0310814856919626 -0.36246656587002568 2.7051273052085474 210 207 156 1.2040987432406243 17 2975 16 3299 14 4543
2059 2.8168795189292877 1.5557286541268256 4.0232309459445297 201 180 163 1.0212705483698543 17 3057 16 3276 14 4411
2058 2.5975542551158206 1.0216449894855844 3.4277657556805399 175 180 158 1.8644713336144167 17 3040 16 3261 14 4504
2057 1.5896641165038818 0.69209236545362707 3.6050597352478455 123 125 86 1.6367232922174817 17 3039 16 3260 14 4600 15 2199
2056 2.0852103956575854 0.74401607767540734 3.2615362273464585 3 8 4 2.592052749655227 17 2929 14 4372 15 1968
2055 1.4330423137040569 0.1922805667968065 3.6374172576037864 43 53 18 2.1187227494355527 17 3025 16 3252 14 4494 15 1953
2054 1.6165670987540119 0.24722270037855035 3.3014110281294671 72 89 57 1.904300718242236 15 2088 12 1961 13 5064 11 3674 10 3542 9 4701 8 4434 3 2577 7 2846 5 4604 4 3313 1 4248 6 2832
2053 1.4079906323327243 -0.25896169731059704 3.7729010015346178 155 155 101 0.6652790082277279 18 2239 12 1932 13 5148 11 3776 10 3784 9 4937 8 4659
2052 1.3985435946417939 -0.32036057412810209 3.8324947911883744 157 161 100 0.67482047239218457 17 2880 16 3220 14 4324 15 1916 12 1807 13 5030 11 3640 10 3655 9 4816 8 4546 3 2908 7 3149 5 5090 4 3871 1 4883 2 5078 6 3404
2051 1.6207406466660594 -0.53311247653924509 3.4626968247092802 149 165 102 0.63089606148785149 17 2864 16 3204 14 4300
2050 2.4938092303391435 -0.29430626235748492 2.8278486329743755 90 108 48 0.40570915942815583 17 2984 16 3199 14 4453
2049 2.1557442984196298 -0.61881132887422319 3.3778817956705423 113 141 38 1.0822831647840976 18 2210 16 3192 14 4445
2048 1.8628614992581523 -0.89484980588732344 4.0558960795293046 200 206 173 2.2336667542777278 18 1564 16 3188 14 4283
2047 1.8628614992581523 -0.89484980588732344 4.0558960795293046 200 206 173 2.2336667542777278 18 1563 16 3187 14 4282
2046 1.9925157767101234 -0.89623227965504859 3.8338915064132784 47 63 14 0.55220176367262719 17 2841 16 3182 14 4442
2045 1.9462933697058007 -0.97632232285349507 3.7385092205685573 141 151 80 1.6372621332943467 17 2664 16 3176 14 4258
2044 1.9615425467460588 -1.0240443176828464 3.8013208423519087 65 83 21 0.14243898339013331 17 2834 16 3174 14 4438
2043 2.5812439761700117 1.66781307263867 3.9977941074398018 123 90 71 0.078403740990574206 18 2187 16 3154
2041 1.7850719774483716 0.86889017877054808 3.563116785142229 105 106 72 0.69032238928662359 16 3130 14 4390
2040 1.5654429849379132 0.30722570613499189 3.3718429515064394 69 84 51 0.74429969191122503 17 2760 16 3099 14 4358
2039 1.9612352533537123 0.39200588104380957 2.9184233275173366 98 107 62 0.80644891901989935 17 2921 14 4487
2037 2.1210693676776269 0.37201412405801831 2.7433424740250212 213 220 169 1.1922813770966505 18 2149 16 3078 14 4155
2036 2.0135795213929488 0.26705964401582577 2.8700905548031326 34 43 0 2.1502966341099374 17 2739 14 4347 15 1935 12 1823 11 3476 10 3515 13 4890 9 4673 8 4401 3 2746 7 3002
2035 1.6551058623141801 0.075672135459773943 3.0571048357237749 21 32 2 1.656487233688847 17 2734 16 3067 14 4137
2034 2.3932532940840274 0.22634568710948558 2.8341797417568677 65 85 12 1.1048243547589298 17 2899 16 3065 15 1753
2032 2.191465800063316 -0.0044081259101713104 3.0220610344941394 111 127 124 1.6544167025685472 17 2882 16 3053 15 1915 12 1803 13 4866 11 3456 10 3490
2031 2.2274985773070308 -0.29737861300364488 2.9894824007286247 146 159 105 0.80657429788706647 17 2699 16 3027 14 4100
2030 2.192006212239928 -0.28671018412915406 2.7309260148336758 168 181 112 1.3177471250725734 17 2861 16 3018 14 4293 15 1880
2029 2.9177173441000535 -0.38953960976794988 2.7565976918367974 193 197 146 0.92843539666424812 17 2679 16 3004 14 4281
2028 2.9978805091365346 -0.38923781546863967 2.7012124394417709 201 196 147 0.96872784494523845 17 2675 16 3001 14 4071
2027 2.0647588973090314 -0.56968270235758334 2.8114386799497022 85 101 38 0.52392110852069329 17 2842 16 2994 14 4268
2025 2.4461418329344431 -1.0655733170712478 3.4599783411269942 188 192 116 0.79347109502690094 17 2822 16 2975 14 4247
2024 1.3930482991259767 0.9603509257889955 5.2804355033419608 169 175 147 0.018982804055312871 18 1858 16 2960
2022 1.9537963532960065 0.63907217742799893 3.1594570609539199 149 162 90 1.0363619725312481 17 2611 16 2921 14 3973 15 1804
2021 2.1911402776612303 0.6054836685428735 3.0466428439770845 74 90 28 1.2131319523653363 17 2603 16 2914 14 3963
2020 1.9936642295773188 0.41702270162860389 2.896133286207331 17 27 2 1.1937292164257969 17 2588 16 2901 14 4164
2019 1.9622684149935461 0.2734995283657603 2.9051285622644847 59 71 24 1.5102850988308976 19 2519 16 2888 14 3937 15 1596 10 3332
2018 1.9635701054324959 0.27392769367646985 2.9071761385652874 59 71 24 1.22351384734642 17 2578 16 2887 14 3936
2017 1.499549419593061 -0.16302487603402305 3.72957945002211 80 92 46 0.84133348704841904 17 2563 16 2872 14 4130
2016 1.9382012144152887 0.055589659918015524 3.1198074510689868 59 77 36 1.490154257786124 17 2564 14 3584
2015 1.8702349958752553 -0.12083813845429493 3.4910215380273457 9 18 0 0.88246656287738012 17 2559 16 2864 14 4122
2014 1.4923706966287325 -0.36024331713810404 3.7926845440719532 52 70 10 1.9352669262608237 17 2330 16 2854 15 1570
2013 2.3629730171858347 -0.24745156801543514 2.969724164578881 178 183 138 0.83030776247105775 17 2701 16 2833 14 3866 15 1722
2012 1.9949480644908579 -0.38590453975240602 3.2461891041848383 118 136 74 1.3604222866874542 18 1954 16 2829 14 3863
2010 2.2954207398259796 -0.43692593188839574 2.7189888018912423 129 143 69 1.4525437155600727 17 2483 16 2796 14 3830
2009 1.9222002924993131 -0.96824640580183696 3.7703737631625329 57 73 11 0.52785990407673256 17 2461 16 2778 14 3813
2008 2.0092952782310487 -1.0264910928382287 3.7151228251857376 166 175 110 1.3333648415405186 17 2189 16 2765 14 3800
2007 2.4633790514976512 -1.0531933440458898 3.376453354779072 180 179 132 0.95018814446348132 17 2166 16 2749 14 4032
2006 1.5227066786245598 0.7912430479754744 5.0881156337683509 142 151 120 0.27018489748166519 17 2146 16 2722 15 1654
2005 2.5804214278431554 1.0924552794373656 3.3959928035234004 167 170 153 1.9722406896248312 18 1690 16 2708 14 3705
2004 2.0564397546801261 0.69865220265113037 3.2332272016822272 130 141 107 1.103485552717371 17 2389 16 2694 14 3689 15 1462
2003 2.2092779256475801 0.62279131515025854 3.1700392414895355 46 57 25 0.18751677614819684 17 2605 16 2688
2002 2.2768974177106305 0.5853200559996885 3.155227702654491 80 97 45 1.2171551884797638 17 2385 16 2687 15 1796
2001 2.2655360851780943 0.58589489788621796 3.0909439308560231 158 173 117 0.84722052998828645 17 2602 16 2686 14 3672 15 1625 12 1563
2000 2.1932069737151161 0.42319794771399338 2.7769738014702714 123 134 67 1.7947422692224275 17 2582 16 2669 14 3943
1999 2.0642625221094133 0.17331005864699295 2.852242831819646 55 62 20 1.5880505599397785 17 2355 16 2648 14 3914 15 1755 12 1675
1998 2.2212165945981761 0.13022287225801632 2.8588573097973926 56 72 25 1.4498741955923571 17 2344 16 2639 14 3902
1997 1.8507836162381375 -0.11535283973958739 3.3440783278554962 89 106 51 0.90517807083882562 17 2557 12 1531
1996 1.8770430182320137 -0.13245752219150211 3.4182897428690446 4 10 1 2.2107362339994694 17 2555 16 2630 14 3571
1995 1.4109995322400368 -0.31187351846706768 3.8162006289446615 155 165 102 1.0508694182105962 19 2228 16 2626 14 3569
1994 1.5275728702714528 -0.28051447310162991 3.6895628665939606 116 125 72 0.6420046604338473 18 1803 16 2622 14 3895
1993 2.1442430449161831 -0.11612752339602357 2.9910845363563801 69 86 35 1.5181206761080261 19 2478 16 2616 14 3889 15 1567
1992 2.0268486221436333 -0.34544013141402946 3.2669794065386069 111 131 74 0.44751252985318324 17 2307 16 2594 14 3869
1991 2.1536193312896761 -0.33329455707184596 3.2437604790974399 101 114 67 0.55687594929842432 17 2048 16 2592 14 3524 15 1557 12 1512
1990 2.2819331864746122 -0.23705894364962821 2.9414756078575186 82 96 45 0.95918017763946073 17 2527 16 2591 14 3521
1989 1.7548193600777877 -0.59110061982006945 3.8482509596535444 95 117 52 0.42024788846577926 17 2291 16 2586 14 3865
1988 3.0895804444228734 -0.17136783380816864 2.6964675111690606 159 162 95 1.5475382821591708 17 2277 16 2579 14 3504
1987 2.1383980375631899 -0.46789839026376062 2.7064249838391721 118 131 59 2.5871145980725054 19 2417 16 2547 14 3827
1986 2.0660971521758937 -0.54334051657749416 2.7855646476135592 168 180 107 0.44050750707420522 17 2473 16 2542 14 3819
1985 2.0584073776690555 -0.54136684704827231 2.7797395302986287 168 180 107 0.91055933868353522 17 2472 16 2541 14 3818 20 2559
1984 1.8766957844646559 -0.87954581162029888 3.4207321375051065 139 157 133 1.3040355022492927 17 2201 16 2514 14 3441
1983 2.5343056950205001 -0.95140220443763091 3.4618988582114305 53 66 20 1.1071034815328948 17 2179 16 2504 14 4044
1982 2.4104824895606192 1.3662744306748038 3.8771496603242359 153 115 98 1.6715083476607664 17 2417 19 2590 16 2470 14 3743
1981 2.1661481302310865 1.0401317905810696 3.4169027394973592 106 118 92 1.6235486810203466 20 2474 16 2462 21 2213
1980 2.2622363118698163 0.40484363307841464 2.7447759046254103 65 77 31 2.4038818705066309 17 2118 16 2419 14 3620 15 1600
1979 1.9392480652659672 0.29169885344258967 2.9232674736332034 69 82 29 2.0484223700874002 19 2284 16 2417 14 3615 15 1439
1978 2.134796819143352 0.27422066430362135 2.7557927566620983 150 155 71 0.94749498877666627 18 1659 16 2406 14 3926
1977 2.2251054887228232 0.22658380313456208 2.8031320023710737 200 206 136 0.44143969914356834 17 2089 16 2397 14 3590
1976 1.780601183269549 -0.39113815969064292 3.5365526056292342 103 120 84 0.051421739751094604 16 2352 14 3168
1975 2.2566707255623046 -0.29371778318461755 2.9829678900892782 80 95 40 1.1633125976050349 17 2041 16 2334 14 3517
1974 2.1197239700555328 -0.38828700470201577 3.1414258182515087 71 81 22 1.2534988543525452 17 2035 18 1771 16 2328
1973 2.1084139021125456 -0.40611023681595931 3.1176817403057275 169 176 109 0.99013999688796484 17 2028 16 2323 14 3106
1972 2.0637993439883231 -0.53458020964934194 2.7028389513484332 212 220 159 0.56398153625844261 17 2225 16 2269 14 3457
1971 2.2254927026026645 -0.59116219302896378 2.7437931354864182 172 181 118 0.87382394699934396 17 2206 16 2256 14 3451
1970 2.2712303298613059 0.23560641775695843 2.812093876326232 156 168 79 1.3084572686525384 17 2090 16 2132 14 3229
1969 2.3332646238406451 -0.42107760359656415 2.7040818952756651 181 177 133 0.77002723392885708 17 1780 16 2042 14 3048
1968 2.120629131298803 -0.60956482330740924 2.8365674311850038 133 142 59 0.84862556822034774 17 1491 16 2021 14 2525
1967 2.9034184821842985 0.94605038193128466 3.5648332871787121 177 175 137 1.0462904797389689 16 1929 14 2881
1966 2.5273153226952156 0.023872252155707138 2.7506345937368351 135 151 86 1.3578982251007394 18 1141 14 2150
1965 3.2735162298563245 2.3643075121969352 4.5890719451695405 0 0 0 1.7479746167658261 20 731 16 1001
1964 0.84835964101861772 1.9021716072453012 5.5509614872401638 108 116 129 0.36099857358923404 17 337 16 485
1963 2.3798015242635908 1.4423721183762566 3.8971922403273367 157 124 109 1.4309097671020723 18 2292 17 3058 16 3277 14 4517 15 2131 12 1866
1962 2.1296932789211414 0.70578257326700888 3.2416119169604998 5 10 4 2.1875450175813875 18 2279 16 3357 14 4501 15 2101
1961 2.0961755096957577 0.41145530049572071 2.786352662238615 62 73 33 1.9640996575429519 17 3022 16 3345 14 4585 15 2187 12 1958 13 5169 11 3669 10 3672 9 4834 8 4416
1960 1.9738995631980052 0.35428313930544958 2.8777240012174694 32 41 10 1.3291823256072537 17 3021 16 3248 14 4483 15 2082 12 1957 13 5168 11 3793 10 3671
1959 2.2088825723256726 0.17692324924755432 2.8216799394995227 194 205 146 1.4512398111817983 18 2249 17 3006 16 3235 14 4473 15 2062
1958 2.1598963891059251 0.13668989422466102 2.8582706895714485 185 194 141 1.0866482079457547 18 2246 17 3005 16 3231 14 4471 15 2061 12 2050 13 5146 11 3774 10 3780
1957 3.279746922606563 0.32562250124013314 2.8872038661530244 111 145 34 1.6191262053350406 18 2136 17 3003 15 2176 14 4573
1956 1.9533116460220015 -0.47089050213757966 3.2547622232397933 26 39 11 2.1488565888246933 20 3535 17 2985 21 3091 23 3491
1955 2.9453844910245661 -0.3383097265101972 2.797149737365384 54 61 20 1.5573998410827095 17 2981 14 4446 12 1891 13 4995 11 3740 10 3742
1954 2.1293003729734119 -0.60292898702235254 3.2740676531669588 114 143 37 2.045808136102838 17 2976 16 3189 14 4444 15 2029 13 4992 11 3599 10 3619 8 4514 9 4778 3 2870 7 3111 5 4928 1 4666
1953 2.2788667378741616 0.98859546927458308 3.4931654906820593 85 98 81 0.89308055549122622 18 2169 17 2933 16 3124
1952 2.1923482123355065 0.77020764662737728 3.3024667231905038 116 131 100 1.9642242696028949 19 2782 20 3475 16 3116 14 4195 15 1807 17 2930 13 4146
1951 1.4970820202384336 0.49192900819417401 3.1361240675783022 139 154 113 0.49523869997548431 17 2928 16 3255 14 4500
1950 1.6558151549245603 0.2734070513997266 3.2694158888447458 29 43 7 1.8436741923635231 18 2154 17 2922 15 1946 16 3096 13 5066 12 1835
1949 2.2301587074990361 0.42300936496297226 2.7429456829387542 203 207 170 1.6467628224133133 18 2152 17 2914 16 3086 14 4351 15 1779
1948 1.9994801467261494 0.30205428490331854 2.8243375973452403 146 155 90 0.87318696341084179 18 2265 17 2909 16 3246 14 4480 15 2078 12 1952
1947 2.3213456161237311 0.18832904097529068 2.8143246546834799 173 187 108 0.95090074846001182 18 2247 19 3064 17 2891 16 3234 14 4334
1946 1.8004431659215565 -0.12084727780436687 3.6072642369513752 40 51 19 1.1625585848834086 18 2133 17 2888 15 2060
1945 2.0726846545641457 -0.39776082693420911 3.2619484808507297 47 63 19 1.3107084544370426 18 2222 17 2867 16 3026 14 4099
1944 1.6810223021708042 -0.5140629424780786 3.4963277976080116 68 86 48 1.1274265796453053 18 2117 17 2866 16 3025 14 4305 15 1550
1943 3.317410774590078 -0.62662364721436847 3.085518042370528 0 0 0 1.5409665472430198 18 1901 17 2837
1942 2.6891234113972509 1.7185908165131227 4.0390296786516817 187 160 139 0.78415546132924385 19 3112 17 2809 16 3155 14 4241 15 1836
1941 2.9080823059276777 1.6253424260076088 4.0644991124528342 174 146 137 0.72122854586322971 17 2803 16 2964
1940 1.9778654802641402 0.81372297862186849 3.4176540766790033 7 14 4 1.8137451273473593 18 2167 17 2776 14 3979
1939 2.3340888974727778 0.37818442592562046 2.7908161752348462 198 205 153 0.29880248387342606 19 2935 17 2743 14 4152
1937 2.0902181816734862 -0.37185974259572857 3.1468481554145975 173 182 119 1.6923215967999683 18 2118 17 2698 16 3024 14 4096
1936 1.9160369213454449 -1.0476110581081008 3.8325990159860766 149 161 91 1.2988324097816721 17 2658 16 3171
1935 1.5175729472397259 0.817824154014269 4.2744038998274148 58 65 49 1.3836543728326223 18 2043 17 2628 14 4005
1934 1.7220454862727668 0.86936531243828497 3.6319382819255015 112 121 78 1.1592861054660384 19 2571 17 2625 16 2942 14 4219 18 1850 12 1581 15 1816 21 2806 20 3296
1933 1.5487462498519613 0.78429532566260174 4.267872683059605 58 67 48 2.1094387524766725 20 3080 17 2623 16 2716 14 3998 13 4519 11 2848
1932 2.2078321705504198 0.72514956272321573 3.2462889911785173 113 127 92 2.4395540757847858 19 2778 17 2613 15 1806 14 3975
1930 1.4802893120641731 -0.19648037370078805 3.68052720724164 45 55 18 1.1182586216757313 18 1978 14 4127 21 2935 23 3521
1929 2.3073833001917969 -0.034301496110361769 2.6289372249468004 97 114 70 1.2175477607519278 19 2475 17 2544
1928 1.9396001526274085 -0.45034299588284138 3.426849860494285 50 66 29 2.5724956813730935 19 2450 20 2624 17 2521 16 2335 14 3127 21 1743
1927 2.2494331163603571 -0.44979577726102543 2.714405198404108 204 204 162 1.3054403780973933 18 1931 17 2482 16 2549 14 4070
1926 1.8846068846290118 -0.9739713077922274 3.7888634905954652 139 149 88 1.9493379733214253 18 1733 16 2987
1925 2.0959825484550225 1.8199036668364887 4.2630457668869841 109 85 73 0.85675304941489416 19 2366 17 2429 11 2871 10 2886 8 3820
1923 2.5600984756277789 1.3568028117849891 3.8822039279122413 190 173 166 0.26759325095541925 20 3308 17 2412 14 3737
1922 2.6502899419391404 1.1171397487408339 3.2845004153887825 121 121 87 2.1044386036500393 18 1491 17 2397 15 1317 12 1324
1921 2.2514171377678065 0.20880901836231672 2.8268472144534487 79 89 26 1.4494731482775829 18 1649 17 2354 16 2393 14 3588
1920 1.4360866772038747 -0.16693063364861263 3.7585871196891412 52 64 23 1.6219045803215788 18 1980 17 2350 16 2643
1919 2.1319003624780644 -0.01710986802059182 3.0071965181877989 78 93 72 1.7173095590636385 19 2490 17 2338 16 2110
1918 2.4322430530098522 -0.018659633751608302 2.792663257333373 91 107 69 1.0574815330384821 18 1628 17 2327 16 2618 14 3890 12 1523 11 2983 13 4359
1917 2.1755063311009804 -0.084059790643901455 2.7684453354027894 69 86 34 0.86203236431601082 19 2476 15 1396
1916 2.1161472559164611 -0.47061390821999671 3.1799417179437177 18 27 4 1.5371850625747847 19 2428 17 2267 16 2573
1915 2.1766851659082271 -0.35188304739357956 2.6702087559049965 179 188 125 0.84281193527106379 18 1586 17 2258 16 2301
1914 2.9148626885115232 -0.31193700976564187 2.689790992441103 46 60 11 0.90542679520478098 20 2904 17 2250
1913 2.2045156523964633 -0.604775289710478 3.1905773623757447 82 105 33 0.36217664364659208 18 1756 17 2239 15 1526 12 1620
1912 3.1422533415603739 -0.54417247781369471 3.0287038519895244 170 180 109 1.1577316099249761 18 1746 17 2223 16 2271
1911 2.9925738645558231 -0.49934129829925816 2.761628417987394 62 71 14 1.8252938653845536 20 2878 17 2217 14 3458
1910 3.066426203825741 -0.49723780882615881 2.6887265162937837 185 171 126 0.61818349022262553 18 1546 17 2208
1909 2.5278735519090034 -0.85599347805621717 3.3683558414990054 83 99 34 1.5048861487715737 18 1535 17 2194 16 2767
1908 2.1929104639325279 -0.027619045747033093 3.0244449052834543 51 68 35 1.9324676750504992 18 1438 17 2072 11 2327 13 4013 10 1839
1907 2.9312098032585836 -0.38070321655919326 2.7194079332624996 171 172 120 1.4513163311347801 18 1395 17 1999 21 2311
1906 2.2370758299219031 -0.061916623421306598 2.678250481599608 99 115 70 1.3674227057670325 20 1646 17 1846
1905 1.6291822192714198 -0.51924342988502925 3.4633548014072062 84 108 50 0.50490670798363257 19 1886 17 1810 14 3124
1904 3.4121448491892545 0.12522908087302495 2.8095241919199507 157 171 92 1.0157219646885791 20 1303 17 1295
1902 1.873122324123569 -0.45569789069455052 3.4916570113534635 53 75 32 1.2785207607105971 18 1266 23 2591
1901 2.3121227115879632 1.6490260293840897 4.01172253610856 86 57 43 1.0179543009495442 16 3279 14 4420 15 1997
1900 2.8339911181852777 0.56035328328050327 3.0142905153585469 116 132 93 1.5407613658199277 19 3090 18 2270 17 3023 14 4587 16 3348 15 2085
1898 1.5036866053643367 -0.41900107136655529 3.6516913064905334 52 68 19 2.0667137764084966 19 2894 18 2232 14 4559
1897 2.9113771229653667 -0.28948362086877727 2.6804199274720055 44 57 14 1.3083433854021371 19 3022 18 2213 17 2852
1896 2.0608429768407839 -0.53800838626681402 2.7300522037014865 186 195 128 1.7593629110464517 18 2207 17 2969 16 3296
1895 3.0507113077830907 -0.43705945334206098 2.724610173294292 53 66 23 1.1672175499918995 19 3016 18 2206 17 2970 21 3194
1894 2.3473131415025668 1.5173217373575572 3.9593362336763507 88 62 47 1.7799732238812502 19 2819 18 2186 16 2965 14 4019 10 2872
1893 1.9702753459563078 0.94019937516052099 3.4861366759385244 129 137 113 1.3315096951303298 20 3603 18 2176 17 2783
1892 2.3767208234381627 1.0268172574457497 3.4623332438683159 62 72 55 1.9197483066184047 20 3602 17 2934 16 3125 15 1977
1891 2.0584747360877227 0.35335645463230508 2.7950439105969513 168 171 116 0.72400654799193542 19 2939 18 2151 17 2911 16 3082
1890 1.9497866223115983 0.30723004569951878 2.883877411598462 115 126 60 1.3263342002250911 19 2937 20 3433 18 2148 17 2746 16 3077 14 4349 15 1938 12 1827 13 5059 11 3664 10 3669 9 4830 8 4556 3 2915 7 3160 5 5092
1889 2.0157246638357922 0.22561961752618465 2.8482075497118977 162 171 118 1.3315217203727443 19 2928 18 2143 17 2738 16 2880 14 4142 14 4342 15 1930
1888 2.1943637940368874 0.09715559053464852 2.902258582314778 36 50 16 2.0160765227267294 19 2722 18 2137 17 2727 14 4330 15 1920 12 1810
1887 1.5805447594658155 -0.2593613563723266 3.5986514769699656 74 95 56 1.248886538973478 19 2707 18 2131 15 2052
1886 2.0897103198448255 -0.069468705608978151 2.9877831364374234 51 68 34 1.4903311530312482 19 3052 18 2129 21 3225
1885 1.6912640700355959 -0.73962059558800453 4.1710275291477839 119 143 47 0.5907527619285099 19 2878 20 3170
1884 2.0249672919375619 -0.58088569406942436 3.4930466128390756 63 83 24 1.370237239324686 19 2870 18 2098 14 4452 16 3198 15 2031 12 1899 13 5003 10 3626 9 4788
1883 3.0404128984420677 -0.35424534958459986 2.6495519782674193 55 68 14 1.4162719559648358 19 3020 18 2088 17 2677 16 3002
1882 2.5546087616065338 -0.93137405669272644 3.3384463672188565 57 70 14 0.93158943180977738 19 3005 18 2067 17 2654
1881 2.4963971766946873 -0.94371420076370771 3.3398487276354771 180 183 128 1.1793965671074367 19 2833 18 2065 17 2824 21 3049 23 3610
1880 2.4913861701304891 -1.0309040347200165 3.3300714060385888 217 213 185 0.6027686137398115 19 3000 18 2061 17 2647
1879 2.2579196821111291 1.5055896910888873 3.9801719884440669 92 66 49 1.662799206908433 19 2820 18 2056 14 4413 11 3561 13 5102 10 3582 9 4741 8 4298 3 2621
1878 1.6212830875317512 0.86588070223466207 3.740751642453001 98 106 59 1.905525290415071 17 2788 16 3138 14 4395 15 2122 12 1992 11 3714 10 3718
1877 1.5731459227709634 0.81801639872378284 4.2764174522255232 22 23 8 2.0350511198882733 19 2795 18 2039 17 2787 16 3139 14 4398 15 1824 12 1723
1875 2.4332197599063843 1.0227037540204651 3.4574752378439095 91 105 82 1.6485551829771889 20 3287 18 2033 17 2620 19 2965
1874 2.6591290797615921 1.0861534225116449 3.3535076154317616 118 131 102 1.2036418659813952 19 2791 18 2032 16 2932
1873 1.8594136350166879 -0.095905677821824631 2.9849331138689785 131 153 104 1.4638745318668811 20 2983 18 1973 17 2334 16 2855 15 1738 21 2412 23 2651
1872 2.1737449331743286 -0.11039780026165756 2.7726804993445731 205 216 182 0.83030821380825159 18 1966 17 2709 14 3874 16 2356 15 1732 21 2919
1871 3.1380485843738053 -0.50994319832307267 3.2758926842136655 49 69 10 1.9931067203048458 19 2858 20 3354 18 1928 21 3073
1870 2.1027370579945077 -0.58170308639445156 2.7905485317616141 134 143 78 0.55126820406956589 19 2646 18 1914 14 4061
1869 2.5675589105514103 -1.0219415776474281 3.365903499520289 68 85 17 1.7602024839916852 19 2829 18 1880 17 2649 16 2753
1868 2.4420767718869762 2.1355650647871656 4.2574561628999534 120 91 87 0.58080986264159917 20 3125 18 1877 23 3439 22 2272 21 2843
1867 2.2593557815890644 1.5477159854834865 3.9984678733494414 117 99 95 1.1101525622724473 19 2823 20 3315 18 1871 16 2968 14 4023 15 1835 21 3038
1866 2.5605144171422594 1.3574639883303654 3.8829617092561888 175 161 152 0.17721811552698594 20 3309 18 1861 17 2413
1865 2.3392821751066704 1.1123995767902686 3.3562145719446215 155 162 143 0.7100390695069001 19 2576 18 1854 17 2627 16 2718 14 3992
1864 1.538360099269614 -0.31403477890021858 3.7302901507068889 37 50 6 2.0614067768795161 19 2706 17 2721 15 1741 14 4322 12 1802
1863 2.2795591240008779 -0.27643238712126933 2.9589626992554936 101 110 67 1.8319417962509748 19 2682 18 1784 17 2522 14 4101
1862 2.9912827189482782 -0.49981769724968622 2.7608354358705687 56 70 14 1.4894557443669931 19 2409 18 1744 17 2218 20 2879 16 2529 14 3459
1860 2.538082261497951 1.1477063627652213 3.2726592074232235 128 136 115 1.6264556273596369 19 2575 18 1692 14 3714
1859 1.4922788179652995 0.75947091728471861 5.1057649117206463 135 140 119 2.0028004961632053 19 2325 18 1691 17 2403
1858 2.7107444750116927 1.0632317383244447 3.4022920493825701 194 198 180 1.5368402939333674 19 2562 18 1687 16 2702 14 3701 15 1465 12 1320 13 4159 11 2824
1857 2.1128503197497621 0.1851836904503526 2.8003089206467857 111 122 54 1.0507613265304707 20 2353 18 1650 21 2112
1856 2.0849508369782259 -0.12616934537378693 2.9741559889596356 78 97 52 1.4717976630011642 19 2220 18 1627 17 2324 16 2368 14 3888
1855 2.0650135647193202 -0.16457141941420372 2.972791853261139 41 48 25 2.0960543477436153 19 1917 18 1624 16 2359 14 3540
1854 3.1513636316688358 -0.27399673568400201 2.6406094613485815 64 85 21 1.5805205471673638 20 2905 18 1578 23 3247 21 2624
1853 2.9364659464199554 -0.30947654276633574 2.6251396104104785 140 119 71 1.1952903747059667 20 2229 18 1576 21 2322
1852 2.5981298067577732 1.0800875967825632 3.3836407111015996 101 109 85 1.3565624909976612 19 1724 18 1490 16 2184 14 2390 15 1172 12 1451 13 3213 11 2494 10 2472
1851 2.2905439853873624 -0.41149955036594893 2.7092255085577253 217 223 177 0.84505773447613775 19 1860 18 1402 21 1996
1850 2.9870621396163872 -0.38528856661670724 2.6581757574905276 113 124 55 0.61567893451627631 20 2569 18 1390
1849 1.5564507758498005 0.83599423690581909 4.2697377022343419 47 46 33 1.7706923705048223 19 1734 18 1341
1848 3.3811859130071267 0.4399798768339937 3.1480305406510225 102 120 70 1.0360151167289993 20 2368 18 1303 14 2800 17 1881
1846 3.0151541218112428 0.33820324124711471 3.1767387989080325 177 196 151 1.5179463099906227 20 1700 18 971 19 1454
1845 3.0402763718726296 2.5655712693335477 4.569602488336912 186 162 152 0.95595590592020108 20 3615 19 3113 18 2192
1842 2.7889203934090525 1.0127571512111484 3.4351025715307877 182 194 175 1.773905230679004 20 3599 19 3101 17 2931 14 4378
1841 1.4514202560619778 0.46295097459862222 3.1476498088435467 14 20 6 1.6040856048034884 20 3465 19 3097 18 2165
1840 2.7675289635146223 0.54069731591610881 3.0360395860541516 30 39 12 1.6563535270002729 20 3585 19 3089 23 3801 21 3263
1839 1.6702338110767689 0.24063152679422198 3.1977694536236703 53 68 35 1.8303377209552785 20 3437 19 3083 18 2267 17 2918 16 3346 21 2739
1838 2.0032252047271912 0.30394871934354006 2.8286005722079444 157 157 97 0.39190825289227427 20 3574 19 3079 23 3789 21 3252
1837 2.1754401800098355 0.33869226686183901 2.7573727148833571 54 65 22 1.2687350927057981 20 3578 19 3078 18 2262 17 2907 16 3245 14 4348 21 3254
1835 2.0504915257056044 0.25445261982847628 2.824731119969329 35 46 12 0.45852794493427529 20 3570 19 3073 23 3678 21 3245
1834 2.0548967828559874 0.25237508766658961 2.8346618406266386 35 46 12 2.0162313708675175 20 3569 19 3072 18 2259 17 2902 16 3239 14 4344 15 1933 12 1945 13 5049 11 3656 10 3663 9 4823 21 3244 22 2817
1833 2.5605543279570653 0.17643711739734938 2.8855097334495117 68 91 24 1.5095660033568266 20 3557 19 3063 18 2244
1831 1.3236945027815916 -0.24247533641096863 3.8056185839976395 168 170 132 0.85517363500165045 20 3406 19 3058 18 2241 21 3227 23 3662
1830 1.4895591052584365 -0.24330475607385207 3.6857996561074677 128 129 82 1.4964480004494167 20 3550 19 3056
1829 1.5427745644955591 -0.2365687318128642 3.6576433515550191 30 44 9 1.6747604095398418 20 3549 19 3055 18 2237 17 3001 21 3103
1828 2.2428131934344626 -0.020364051227272518 3.0053214813552751 25 36 4 2.1784893534501064 20 3548 19 3054 18 2236 17 3000 14 4467 15 2049 12 1923 13 5027 10 3647
1827 2.5287374389012278 0.058778731958472004 2.7919665139644723 81 104 32 2.6640593002985709 20 3547 19 3053 17 2997 14 4564 23 3771 22 2906 21 3226
1826 2.260063993353072 -0.18943103571327274 2.9498496031021126 34 44 9 0.12001701749388552 19 3045 21 3221
1825 2.3830384664667936 -0.20981508035141175 2.9442534059102643 18 35 1 1.9495241709600863 20 3539 19 3041 18 2122 21 3097
1824 2.1223769861795221 -0.43654226345960667 3.1245477036011606 213 208 178 1.0905591770408072 20 3534 19 3026 21 3088
1822 2.9119777726889935 -0.28911812399159453 2.6826880911956388 35 48 4 1.7701238098936749 20 3528 19 3023 18 2214 17 2853 16 3194 14 4447
1821 3.1923271436357719 -0.38042977981387632 2.7127570417056424 102 113 49 0.25854303186056027 20 3518 21 3198
1820 3.1219481461853986 -0.58275564995910878 3.2786556362738475 64 84 31 0.89291451625041685 20 3517 19 3018 18 2085
1814 1.8212865200870219 0.91868717317864157 3.630594059592771 22 22 12 1.6714778018368097 20 3480 19 2971 18 2285 17 3048 16 3265 14 4508
1788 3.0663995138881894 -0.27905577391841674 2.6731939619329648 43 51 11 1.304738783147626 20 3527 19 2866 23 3635
1780 2.3101391148878987 -1.0169677914416655 3.6534399117911014 0 0 0 1.2679472674149497 20 3131 18 1527
1148 3.333251995476946 -0.34626512017574373 2.7196829930659265 199 214 180 0.5976878122987318 36 2518 37 2364 38 2178
3505 2.012854707292866 -0.82339525121897528 4.0001560716204096 65 84 21 1.2160258814135221 5 4938 4 3688 6 3006
1147 3.3999298370039575 -0.45571321533695425 2.9398066068681414 67 97 27 0.68853487621275278 34 1756 37 2355 38 1951 40 3544
3504 2.0974033872894475 -0.85249223357239445 3.9351842862850388 79 101 39 0.9024200987330474 5 4934 4 3683 1 4440 2 4644
1146 3.8578208773742073 -1.0042940426727387 3.9150406000731079 94 119 41 0.51790842204511101 36 2471 37 2322
3503 1.8525035046591911 -0.7995208125541311 3.7047313731734102 84 117 28 0.69286305221483846 5 4933 4 3681 6 3210 1 4670
1145 3.3896005444386823 1.688520896399998 4.3388108723442516 136 98 86 0.41224322435682287 36 2440 37 2288 38 1881
3502 2.4434164747874894 -0.58044154641397239 3.0168111179427815 203 215 165 0.63190429920392333 5 4918 4 3669 1 4653 2 4879 6 3370 1 4847
1144 3.3404503102938294 0.6685880217893827 2.998748957487769 39 64 23 0.88896459920804993 35 3862 37 2253 40 3366
3501 2.0146906248146554 -0.91025600998102596 3.3614121345284658 146 174 113 1.0607821828704582 5 4910 4 3660 2 4872
1143 3.2578715095751853 0.02512376270489685 3.2400348471107967 10 18 4 0.70776639729373514 36 2315 37 2171 38 1770
3500 2.4301383206317082 -1.1378784219871096 3.5136850010543066 125 152 57 1.4444077933328416 5 4902 4 3650 1 4636 2 4860 6 3181
1142 3.2382582230968069 -0.41431723017553235 2.6651224264569588 165 132 115 1.0131569665778857 36 2496 37 2096 38 1938
3499 1.2915312061133963 1.0359828608012165 5.4196448142696223 234 233 229 0.69924210028881362 5 4896 4 3646 1 4370 2 4849
1140 3.4078874355248989 -0.44280963333303941 2.9575850502937815 181 193 123 1.7093818964948102 36 2251 37 1843 38 1953
3497 1.3647326801254036 1.0206591203613802 4.5461941713706651 98 109 73 1.3049035956387174 5 4889 4 3638 2 4840 6 3339
1139 2.2864134886527459 -0.38337366802234146 2.714347667618533 123 123 72 1.5446491111489662 34 1743 37 1807 38 1688
3496 1.5425012819964821 0.72404211059830736 5.0300378589135883 94 104 72 0.76804653358881891 5 5048 4 3635 1 4613
1138 3.8043466981387932 0.81838549617170797 4.1779971734252754 106 123 87 0.95403101215075747 34 1174 37 1444 40 2388
1137 3.7508192897564214 0.8334188034272173 4.1514380203276193 128 141 101 1.6134394986517357 36 1579 37 1163 40 1888
3494 1.6411758443140423 0.8212159788371366 3.9975547275270968 70 73 66 0.48566087083041198 5 4881 4 3627 2 4820 6 3158
1136 3.0610087916693005 1.110776602206373 4.1118914438056597 83 69 69 2.1210691496235339 31 2475 35 4234 29 3897 28 3787 27 3149 32 1551 25 2176 30 3239
3493 1.1059957441466217 -0.062339997803872158 5.1048945801438306 192 196 179 0.86639334000619295 5 4650 4 3617 2 4809
1135 2.8724392115653665 -0.95611989638902983 3.4941801741365874 0 0 0 2.9779401605898794 34 1952 35 3350
3492 1.2972717439264574 0.0091353132859752131 5.0105622561379253 159 164 142 0.95463041192742226 5 4872 4 3614 1 4591 2 4805
1133 3.1539227533131831 1.129482313845487 4.2188738635602183 195 181 182 1.9363632616831781 29 4011 28 4039 27 3253 32 1653 31 2478 33 3275 35 4330 25 2469 30 3320
3490 1.4055099850878168 0.26679871493316898 3.8476773614289881 80 96 67 1.0408587787452301 5 4857 4 3595 2 4489 1 3965 6 2871
1132 2.1936942421336356 0.26868329450941436 2.7721337595377844 211 213 174 1.2900427950297557 29 3975 26 3219 28 3896 27 3219 32 1621 31 2438 33 3239 25 2432 24 2150 22 2913 30 3297
3489 1.7368317323677274 0.19074694470042555 4.2990575903067318 77 97 48 2.0025875097626264 5 4855 4 3594 2 3668
1131 2.1752090382805918 -0.4908131766138103 2.72052876453782 194 194 156 1.2591544628503937 31 2410 32 1568
3488 1.1074347072680055 0.26905112056940328 3.3006327880808604 133 158 77 0.74046890104240137 5 4848 4 3587 6 3298 1 4275
1130 4.091709000122993 0.1830697187816053 4.1413154215650536 129 153 128 1.5880272602201029 27 2961 32 1409
3487 1.3991093153363141 0.23397656089915184 3.5299857769744238 166 181 163 0.49195750499178414 5 4622 4 3585 1 4561 2 4471 6 3114
541 0.81811991676133988 1.922479256386904 5.4619140668472586 95 111 171 1.0784011405824099 29 3021 27 2535 31 2095
540 0.78995882348092583 1.890989217637326 5.4888263173579883 146 157 220 1.1116399795544811 26 3171 28 4048 27 3261
539 2.5870851440049449 1.6771420271289852 3.9829714140862298 86 59 48 0.60081604405973665 26 3167 28 4047 22 2861
538 2.1462080449900478 1.4212430031326213 4.0295212481921512 72 53 47 1.9041569552337416 26 3251 29 4019 28 4044 27 3257 25 2479 24 2194 22 2964
534 2.173466716880823 0.82589620584888279 3.3440579873878691 74 93 71 1.0328196405653074 26 3239 28 4034 24 2177 22 2945 23 3819
533 1.8942260876930768 0.77015003070287502 3.3957934532433023 85 107 85 2.5339375717346773 29 3879 28 4033 27 3131 30 3225
532 2.2637588172002259 0.60061149779848733 3.091348861784494 160 178 140 1.7005191146450827 28 4027 25 2453 24 1908 26 2977 22 2479
531 1.8291979741999016 0.45378529420968416 3.1265357633274631 115 158 54 1.0184037268470625 26 3227 28 4023 22 2937
530 4.0942357183063178 0.47365144952398203 3.7742909101324784 0 0 0 1.6789927830525879 26 3223 28 4021 27 3228 29 3988 24 2153 22 2916
529 2.182477436936523 0.37004738860285075 2.7792144330329451 30 46 7 0.51096858950108304 29 3980 28 4018 27 3223
528 3.1013322559992997 0.31456900690245077 3.2307779520887703 62 85 57 1.8829920456822002 26 3220 29 3978 28 4017 27 3222 24 2046
527 2.2698220967590248 0.21713314772810952 2.83285986946861 43 61 23 1.4389033732631329 29 3972 28 4015 27 3218 33 3236 35 4294 34 2548 36 2947 30 3296
525 1.4991216322949863 -0.14818935411450712 3.9202294785734573 41 64 22 0.80042849430925467 29 3965 28 4011 25 2423
524 2.0803964872587728 -0.19866833493992617 3.0405111596419858 18 37 5 1.8432678893959566 26 3067 28 4001 25 2411
523 3.1806380367510734 -0.24706029191449166 2.6779037021194387 202 198 171 1.4136205285595209 29 3954 28 3993 27 3201 25 2404 24 1998 26 3055 30 3281
522 3.2227851391850009 -0.2821131599885302 2.6767031059831043 78 98 37 1.8818651792567038 28 3990 27 3198 25 2401
521 2.7597974016685525 -0.55294324028990083 3.2331477622567548 79 108 60 1.7331885424091076 26 3191 28 3983 25 2391 24 1982 30 3267
519 2.20906020760988 -0.44184140212927753 2.72884554168213 69 97 35 1.3791108109092647 29 3936 28 3981 31 2419 33 3205 35 4134 34 2393
518 2.208981719319564 -0.43863380353799403 2.7206215524924766 69 97 35 2.0008251343064813 29 3935 28 3980 31 2418 32 1572
517 2.184562717437474 -0.48071857883507957 2.6784047741249895 223 222 191 1.0952918771070801 29 3931 28 3974 27 3182 30 3260
516 1.842724885275649 -0.84305211139727199 3.5016055819222704 79 107 66 1.8648132114101486 29 3926 28 3967 25 2380
515 2.004989403921666 -0.85550624964602062 3.3372175551105947 169 190 173 1.7201050745886439 29 3921 28 3965 27 3047 30 2947
514 1.9213264288707816 -1.1356447765923929 3.8720365747795018 222 233 203 1.1618860850852639 29 3916 28 3964 27 3167 25 2373
513 2.4631016113932831 -1.0276030468704889 3.4882738734841165 70 105 39 0.72395114346924527 29 3781 28 3962 25 2370
512 2.4631016113932831 -1.0276030468704889 3.4882738734841165 70 105 39 0.72395114346924527 29 3780 28 3961 25 2369
511 1.9183551474288545 1.7758299694833124 4.5611934453864942 158 142 145 1.5062554081017314 29 3773 27 2813
509 2.4156549867694497 1.6866192120216073 4.0329831694987615 120 103 111 1.3083556423938871 26 3168 29 3912 28 3957 27 3162 25 2364 24 1946 22 2862 19 2994 18 2188 23 3726 30 3249
508 3.5145598162256761 1.70504808553422 4.4850165502236647 218 206 206 2.0510126453395983 29 3909 28 3956 27 3262 25 2362 26 3012
507 3.220151579714714 1.6231720158022063 4.2223154189510401 159 121 110 0.42872164434232946 26 3011 28 3955 25 2196
506 2.9710017425224562 1.2610349087563717 4.0564233577140483 152 123 119 1.7401537760146621 29 3901 28 3948 27 3156 25 2356
505 2.0649600758087825 1.1021406713328179 3.3823135704194747 134 154 129 1.4309643263673719 26 3158 29 3899 28 3947 27 3151 25 2183 24 2093 22 2850
503 2.7377385967975858 1.0306830561150826 3.4103099312579901 77 92 71 1.5473793046196762 29 3896 28 3944 27 3147 25 2352
502 2.1029776712262982 0.99638858494343951 3.4370862906839497 99 122 106 1.6805860780764563 29 3893 28 3943 27 3145 30 3120
501 2.0606589877060366 0.96716687065156881 3.5664467966338593 9 13 18 1.2855577454688378 29 3892 28 3942 25 2467
500 2.6631829831961125 0.87844645197277849 3.3645486004692531 77 94 75 0.97089119023670589 29 3755 28 3941 27 3139
499 2.1082093499066903 0.84864196262628211 3.5035550213682445 6 11 1 2.7289113293132048 26 3241 28 3940 25 2464
498 3.1318092474244756 0.82052701244659643 3.0057027446535125 170 175 169 2.730238968676479 29 3882 28 3937 27 3134
497 3.3544100065389824 0.82469886570408546 3.338484928080236 74 80 65 1.690348096850351 29 3881 27 3133
496 1.7888057059457976 0.59580459777661843 3.2618267216571586 80 107 65 1.1836840818575574 29 3733 28 3927 27 3124
495 2.1815538355709045 0.53164266765016643 3.2874485115689631 50 63 43 0.61706418024323739 29 3867 28 3924 25 2331
494 3.5165286787260439 0.54171980781120321 3.1413942653582718 187 199 185 1.7551228693643672 29 3994 28 3921 25 2322
493 3.5165286787260439 0.54171980781120321 3.1413942653582718 187 199 185 1.7551228693643672 29 3993 28 3920 25 2321
492 3.1525001159007959 0.53671104383364787 2.866910902616385 77 98 67 1.5586756326502897 26 2962 29 3866 28 3919 24 1897
491 2.4403040504813864 0.49276943691341829 3.2458845761953783 12 25 7 0.83771424391108518 26 2966 28 3918 25 2324
490 3.1652073320523204 0.46199148737820167 2.8251205765075791 38 51 21 1.6912818574231028 29 3863 28 3913 27 3115 30 3082
488 2.2902216234071853 0.36201885191999883 2.7843706079372312 49 65 26 1.3588718840462219 29 3856 28 3907 27 3103 31 2445 33 3245 35 4301 25 2128 22 2678 23 3369 30 3299
487 2.1365398053108025 0.29013061614079683 2.7774689762656739 51 73 27 1.2039288552785745 29 3848 28 3901 27 3098 25 2122 24 1877 22 2674 23 3540 30 3199
485 1.4603071158796808 0.12938338129864993 3.6434161907047757 73 99 74 0.43019094153479426 29 3690 25 2299
484 2.2198590875877211 0.18017009576326068 2.7986087129977686 185 200 157 1.9518526360440724 29 3838 28 3892 27 3093 25 2292 26 3094 24 2035 22 2809 20 3416 23 3672 21 3115 30 3193
483 2.4935803964432446 0.0065731673262547068 2.827624182595426 107 135 79 1.7643783688132446 27 3089 30 3189
482 1.561053964961266 -0.26752772279223619 3.6688194685062534 159 181 121 1.7031549325884729 29 3826 28 3877 25 2274
481 2.1915160493762578 -0.094619579991888442 2.751379604842191 158 176 152 0.62502732483298573 29 3828 28 3876 27 3081 25 2273
480 2.1915160493762578 -0.094619579991888442 2.751379604842191 158 176 152 0.62502732483298573 29 3827 28 3875 27 3080 25 2272
479 2.3617603295316432 -0.15595350321692095 2.9508945457297471 44 60 31 1.6599748366905394 29 3825 28 3874 25 2269
478 1.963163215968597 -0.17474622658543607 2.9543600074451457 149 185 97 0.94238994038032786 26 3068 28 3872 22 2794
477 2.8041950316480451 -0.38143563548242659 3.2290034270896881 126 150 117 0.67560827166656579 29 3817 28 3863 27 3074
476 3.1875662382527663 -0.32397605830049891 2.655987475065646 201 201 164 1.4075734779798796 29 3814 27 3069 25 2237 28 3858 30 3273
475 3.3887432853797659 -0.36292783821230357 2.7935343515363313 222 219 200 0.96473605915677463 29 3945 28 3856 24 1794 26 2850
474 3.1249857970460484 -0.41492967422809141 2.6952515802706389 185 187 147 1.6699668824920852 29 3803 28 3849 27 3060 25 2230 30 3162
473 2.9274817823470074 -0.7381528055890384 3.0874996732983799 99 128 84 0.83139953180225112 26 2821 28 3835
472 1.9467599119405425 -0.92840157596710049 3.4486165679057024 98 129 71 1.0766494965800042 29 3787 28 3831 25 2375
471 2.0960765573253513 -1.0656493142664425 3.7581307246554485 122 147 74 1.9076705008046331 29 3917 28 3829 27 3168
470 2.5598471358082651 -0.94002274208815517 3.378496912045347 69 95 42 1.3117105344925271 29 3786 28 3827 25 2212
469 2.5015620511364687 -0.95259882999166623 3.3604101573944725 210 216 177 0.45438306718759652 29 3784 28 3824 25 2211
468 2.6927072481367835 -0.95971942986257741 3.3476682658404875 209 219 169 0.44112505489950982 29 3782 28 3822 27 3041
467 3.4245143354690364 1.7183716039569967 4.3273270336419172 158 118 105 0.62265716790514736 28 3810 25 2201
466 2.6369898443242836 1.6042015839251069 3.9868214986435668 98 68 60 1.5599902862264658 26 3015 29 3772 28 3809 27 3029 25 2202 24 1942 18 1867 16 2737 14 3749 15 1480 23 3599
465 2.2665689598601388 1.5557692643393086 4.0411749674038253 107 95 97 0.86921681536836437 26 2793 28 3808 25 2199 22 2745
464 2.2666215913227061 1.5558319529279216 4.0423349979729206 107 95 97 0.7726625622975607 26 2792 28 3807 25 2198 24 1943 22 2744
463 2.9289678407720268 1.5894519151365083 4.0976451803065324 158 135 143 1.1121801325284124 29 3770 28 3805 25 1993
462 2.6698168172533618 1.5418565528106043 3.9505177837155094 109 79 68 1.794365123317895 29 3767 28 3803 33 3185 25 2197 22 2531
461 2.7362140001645612 1.5410986549362229 3.9758636317219787 160 126 114 1.0693931831653711 28 3802 23 3595 20 3114 21 3034
460 3.1566001953484961 1.5883631683298116 4.1809829282688007 192 178 178 0.73935172373526137 29 3769 28 3801 27 3028 31 2389 33 3083 35 4104 34 2500 36 2875 32 1558 37 2685 25 2195 24 1939 22 2740 30 3135
459 3.1567310843577574 1.5877466539274807 4.1772661606399817 192 178 178 1.0553707129278442 26 3010 29 3768 28 3800 27 3027 31 2388 36 2874 32 1557 25 2194 24 1938 22 2739 23 3592 21 3033 20 3310 30 3134
458 2.5139319309409753 1.3785290750906287 3.8843431799554082 81 61 52 1.872984017405263 29 3764 28 3797 31 2266 33 2882 35 3888 23 3590 30 3131
457 2.7090644779032358 1.1088981696351901 3.2860897851040045 161 166 134 0.1813518484948895 29 3761 28 3792 27 3017 30 2917
456 3.0324936967900418 1.16345360141153 4.0745375900211176 209 204 210 1.3915058073806978 29 3560 28 3789 27 2800 25 2178 26 2769 24 1927 30 2918
454 2.0079201699633447 0.94627818081016657 3.6797047020121911 106 132 115 0.35130923704864436 29 3890 25 2466
453 2.8959435944435259 0.93129584367459606 3.649064701065412 52 57 50 2.504152268744062 29 3757 28 3780 25 2170 24 1718 22 2238
452 3.6194774365755946 0.93042149782388051 3.5359755876041397 165 171 161 1.2132695723692775 29 3889 28 3778 27 3144
451 3.7910730392040941 0.92277042828200639 3.5237178859720681 178 182 167 1.0589162723836185 29 3887 28 3775 27 3008
450 1.9157088813586891 0.72880555679081493 3.316812066834387 19 40 18 2.3391275635035318 29 3530 28 3771 27 2489 30 2583
449 2.855727835125486 0.74923335177348738 2.9300154945326451 150 165 142 1.0273149254387963 29 3745 28 3770 27 3130
448 3.1831408962880876 0.71244865881102837 2.9429120236999902 21 39 13 1.6013262365177046 29 3742 28 3769 27 2761 29 3529 30 2585
447 2.8710151954047918 0.68292745279429767 2.8767360058568316 103 128 88 1.3370412727076793 28 3767 24 1912 22 2476 23 3389 21 2989
446 2.3829157865008037 0.62465622098993401 3.102369633287053 80 95 66 0.97486575880609072 26 2981 29 3873 28 3765 27 2991 24 1911 30 3099
445 2.3217978531190249 0.6190606259449023 3.1826654095595925 2 4 1 1.3584866942389462 29 3734 28 3764 27 2989 25 2153 24 1910 26 2980 22 2714 30 2876
444 3.0736370664506358 0.63625069858853911 2.8979151551123432 49 69 32 0.86244986287720204 29 3736 28 3763 27 3126
443 2.669935982230724 0.56094700241381923 3.1780076819624807 45 62 26 1.3634719658408221 29 3869 28 3757
442 4.0235892806506071 0.50034621860479878 3.8260953687582142 69 97 38 1.7337763196142142 26 2728 29 3726 28 3750 27 2982 32 1419 25 2139 22 2172 30 3092
441 2.7239354310675008 0.44984139013912683 3.2379952632423405 54 75 36 1.8318430045355028 26 2957 28 3748 27 2742 30 2562
440 2.1896727705307213 0.43677811569438862 2.7670280686071775 74 93 47 0.6923354497209967 29 3718 28 3747 22 2454
439 3.203187413202766 0.44495211778107141 2.8006196957130021 151 164 144 1.4946118525870271 29 3717 28 3746 27 2977 31 2362 33 3022 35 4209 30 3081
438 1.9251371263033925 0.39143700651584729 2.9429266692689171 8 19 5 0.46626135311435962 28 3744 27 2731
437 1.984615203681362 0.38266929094878005 2.7694794947814612 167 181 147 1.8148235902160468 29 3713 28 3740 27 2972 25 2313
436 2.7334945610924946 0.35098393615036766 3.1739888181950553 10 25 4 1.0130464534924914 29 3711 27 2728
435 3.9924237203595414 0.28963352687922328 4.0507198399922064 94 119 89 1.1851330171345631 29 3854 28 3730 25 2306 26 2940
434 2.1844155194604777 0.32005630848748157 2.750052885052082 45 61 20 2.2513824506259237 29 3490 28 3729 27 2720 30 2528
433 2.2723195410831116 0.27068980068361476 2.7960856123027944 201 211 161 1.8122669535831248 26 2944 28 3724 27 2957 31 2345 33 3003 35 4009 36 2795 32 1521 37 2421 38 2233 40 3600 25 2116 30 3061
432 4.0738430940644621 0.18874019996626681 4.1129052574063412 133 157 123 1.5016069822663891 26 2935 29 3696 28 3723 30 3070
431 2.3895561508938856 0.25209231721929604 2.8521724395122439 162 178 113 1.748279862976182 26 2939 28 3722 22 2665 23 3532 21 2954
429 2.6409372544071994 0.18707905100400735 2.9473940071950095 66 87 54 0.33054490335911713 28 3713 30 3194
428 2.0589137702289766 0.18417861465405372 2.8268788414256298 170 187 135 0.60071390083637677 29 3685 28 3711 27 2948 30 3052
427 2.0844979078898924 0.16047884877308632 2.835074659549083 24 44 6 1.3584419619886317 26 2933 25 2291 24 1864 27 2946 30 3049
426 2.2455663992479682 0.14397269841422952 2.8565027067563573 23 39 12 0.86934679986814523 29 3460 28 3708 27 2945
425 2.1999018295635948 0.1276077310856904 2.8524809218948017 185 196 155 0.79599009697375145 29 3681 28 3705 27 2943 30 3045
424 1.7826509145702045 0.09322282845707118 3.0243484142229544 131 165 89 0.59522162559491321 28 3704 24 1859
423 2.6349580543866766 0.12111565420457382 2.7727953169786725 138 167 86 1.1322120424597522 28 3702 27 2942
422 3.2380106854493298 -0.0021184801196000259 3.0844795446579298 148 171 125 2.0538849794173371 29 3833 28 3696 25 2281 24 1843
421 1.4354855558501858 -0.19554552730399147 3.6960941059750172 168 181 135 1.1650685577042375 26 2911 28 3695 25 2090 24 1844 22 2644
420 1.6192678989277201 -0.22897315233906376 3.5969888324501058 74 112 25 0.91828291306621235 29 3659 28 3690 27 2920
419 2.4815259528269973 -0.25036591071805142 2.8721044691134208 145 167 131 1.8835969750521138 29 3651 28 3678 25 2260
418 2.3484011756058853 -0.27505844665375845 2.9595276820433263 71 89 39 1.2084616499870033 26 2884 29 3650 28 3677 27 2897 24 1606
417 3.1559783396773424 -0.21506981654416288 2.7223878238648833 43 61 13 1.4968989582264693 29 3649 28 3675 25 2258
416 2.0850830281222228 -0.34732762326056893 3.186126403281051 75 103 45 2.0929575423778712 26 2879 29 3407 24 1601 26 2629 22 2087 20 3185 19 2683 23 3275 21 2906
415 2.9543763574797008 -0.22366054902234192 2.6640872874686936 60 74 38 1.7645050756877885 29 3644 28 3671 25 1868 22 2600
414 2.959361830777929 -0.23036206963121991 2.6938592312568321 60 74 38 1.5411082095222135 29 3643 28 3670 24 1595
413 2.9245299884877669 -0.24893590035835506 2.6975111724251337 193 205 169 2.2827507939354588 29 3818 28 3668 27 2889 25 2061 24 1814
412 2.099722401695741 -0.37060855220915645 3.1550038101227136 218 228 196 0.82454212048800746 26 2873 29 3637 28 3666 25 2059 24 1816
411 3.3212683728564478 -0.26718027752699181 2.7220818749400033 84 107 40 1.8588775837624134 29 3636 28 3663 27 3073 30 3179
410 2.4486554112704217 -0.31713227519175491 2.860358956974888 163 166 119 0.74724128106435095 26 2869 29 3635 28 3662 25 2053 24 1811
409 3.1170030603418128 -0.29798061250169516 2.6540980454752678 198 202 169 1.7746707447643526 31 2317 33 3119 35 4156 34 2413 32 1489 38 2371
408 2.2367360068467121 -0.35937362831596092 2.6997765020909235 55 75 22 1.3913295535853212 26 2859 29 3811 28 3650 27 3067 25 2238 22 2594 30 3169
407 3.0535734630868054 -0.36127112964787256 2.7261817506452384 162 176 115 1.5612250877413143 26 2602 29 3623 28 3648 27 2878 25 2042 26 2853 24 1577
406 1.9700638746301851 -0.50747994783754447 3.20147172099565 156 181 124 0.023347929912604599 29 3381 27 2619
405 2.8318373650032314 -0.51171394855182628 3.2509470175035511 26 52 7 2.1549644388299525 26 2848 28 3645 22 2777 23 3480
404 2.4784240654843215 -0.41122854867647801 2.8326293439260333 168 178 124 1.3078088666556809 26 2852 29 3810 28 3644 25 2041 23 3481 21 2882
403 3.0026789989858265 -0.37512012237107484 2.6773852152676403 208 211 172 1.4021823526517614 26 2599 28 3642 27 2876 30 3166
402 2.4619555065416923 -0.48487216665810662 2.815682703666281 143 156 100 2.0527397744571987 28 3634 25 2030 24 1370 22 2328
401 2.0954208804040886 -0.49351560844990383 2.7343220666618997 71 88 43 0.37668627394662085 29 3608 28 3629
400 3.2194309711120677 -0.49259625151702024 2.7740057938828522 84 104 44 0.66939567756803375 29 3606 28 3627 27 2862
399 3.6762072597955591 -1.0002261251945386 3.8505236815888773 148 179 101 0.65350587367519986 26 2819 28 3612 25 2012
398 2.1741638072285783 -1.2064910196496088 3.863074958835822 0 0 0 0.55359123372566676 29 3586 28 3602
396 2.6875462066103561 -1.2268786293926119 3.601912510456668 221 231 197 1.1442443268995299 29 3582 28 3599 27 2820 32 1323 30 2936
392 3.5132216176842532 1.6278492484743037 4.538357249349203 88 58 48 1.8253708330344383 29 3570 28 3586
391 2.8944230326714733 1.5155993540846324 4.0716786701690886 172 143 129 0.94085853623863924 26 2515 22 2261
390 2.7966732939813586 1.2871710264539544 3.8581315035318027 121 88 80 1.4756382983110188 29 3567 28 3576 27 3019
389 3.1631081239033247 1.211453512592283 4.1497752623340469 210 195 200 1.0081393207109701 26 2772 29 3562 28 3573 27 2803 25 1984 30 2921
388 3.0330097029371887 1.1969262972650117 4.0699200289412438 146 113 106 1.8947658304915425 29 3561 28 3572 25 1985 26 2773 30 2920 27 2802
387 3.5592702840278427 0.91653261589605572 3.4964332520027561 102 108 96 1.4230015591229304 29 3547 28 3564 27 2785
386 2.149068971376475 0.77503921635351714 3.2659120184313721 17 29 15 0.92574922886494571 29 3536 28 3558 27 2767
385 3.6082275122757475 0.81756930859231591 3.472216937872207 207 211 210 0.45160721744382853 29 3539 28 3555 27 2777
383 1.9274278779186151 0.62353968383633618 3.1566247095344782 131 153 111 1.7808651519160457 26 2753 29 3268 28 3548 27 2137 30 2247
382 2.9169335391155204 0.65298002944053146 2.8578928313602994 61 85 49 0.77908666040156049 29 3525 27 2758 30 2879
381 2.9270189894385581 0.58844393563403363 2.8097030659779025 30 45 16 1.5228716175368053 29 3731 28 3541 30 3095
380 3.0312230662730779 0.56308240329681603 2.7903734445124244 67 84 52 1.2236612923720109 26 2743 28 3538 27 2749 22 2194 23 3090 22 2457
379 3.110403645919587 0.56479262371834882 2.8417669424909748 95 115 89 1.8202561868128935 29 3519 28 3536 24 1489 22 2192 23 3092
377 2.1967169399648312 0.47315672302463913 2.7873177436704402 150 167 113 1.621185526721044 29 3512 28 3530 24 1900 22 2461 24 1692 23 3382 30 2865
376 2.4632649651885732 0.43696365846057672 3.0515749410515283 25 40 8 0.31292081933543409 29 3510 28 3529 27 2457
374 3.0841063241830691 0.43332003673990854 3.1860846168047945 66 80 57 1.5652624874241012 29 3509 28 3526 27 2740 25 2133
373 4.2038060439054838 0.3033105131556828 3.8920690965415377 131 155 120 1.052931797608567 28 3516 25 2125 28 3731 24 1663
372 3.3008351765294233 0.32868628570068126 2.8960763485747214 34 51 7 1.2047267103953649 29 3211 28 3511 27 2436 30 2540
371 2.2300426262550062 0.23218572919061817 2.8057161885521422 177 193 129 1.5324408768365863 26 2415 29 3474 28 3502 27 2703 25 1925 24 1458 30 2520
370 2.3710367562570283 0.22579093413932819 2.8825451716246051 25 38 6 0.83530106232270185 29 3476 28 3501 27 2705 30 2824
369 2.3710367562570283 0.22579093413932819 2.8825451716246051 25 38 6 0.83530106232270185 29 3475 28 3500 27 2704 30 2823
368 1.977528081034724 0.2005649730026067 2.8180608003623733 28 43 11 1.0706496168787074 29 3196 28 3495 30 2817
367 2.158784308576946 0.1938985692701424 2.7926023123488211 207 221 170 1.0860233319509027 29 3467 28 3491 27 2950 29 3686 30 3053
366 2.1195218405725136 0.19244728551040496 2.7752260424005031 183 203 137 0.77059539272436028 29 3194 28 3490
365 2.1693673747905149 0.11391779624589418 2.8625541879676963 32 48 19 1.8007182806719289 29 3457 28 3485 27 2695 22 2141 23 3023
364 2.1699924359620679 0.11210247566830912 2.8671930147868969 32 48 19 1.4144152236058494 29 3456 28 3484 30 2800
363 3.0531470940844279 0.075883909664262714 2.996375372182289 188 205 170 0.60124948315991511 29 3453 28 3479 30 2801
362 2.9063658393364751 0.041459285636236944 2.9104092558463992 93 123 64 0.58313826430068383 28 3473 22 2410
361 3.4679907449300331 0.0271370404501492 3.1141610779861311 105 146 42 2.374072909640939 29 3673 28 3472 27 3091
360 1.5510786241347074 -0.17556172878217671 3.8265915145034395 143 178 80 1.4511411693122511 29 3442 28 3468 27 2387
359 3.462842793182197 -0.082891795110268146 3.4303906991028397 81 114 35 0.76233508706730557 29 3443 28 3466 27 2933 25 1902
358 1.5770225517737082 -0.2023500922998728 3.6273489199857041 97 140 51 0.59168868678814523 26 2909 29 3436 28 3463 22 2640
357 2.8895649025064301 -0.066195429458236671 2.7824467018337797 163 181 149 1.1992597575057355 29 3660 27 3086 30 3188
356 3.3958154018937523 -0.17959790749827931 3.3386722778273956 49 75 14 1.1233607041513454 29 3658 28 3454 25 1680 26 2097
355 2.4947621743890029 -0.063498810283161108 2.5410056460765973 198 215 175 1.317885788632295 29 3157 28 3452 27 2673 30 2784
354 2.2842895711186082 -0.17890264854781779 3.0995392225697964 55 69 33 1.0883594485149788 29 3426 28 3451 27 2373
353 2.3591021507482655 -0.21617809561454138 2.9632548786630792 35 50 9 1.0605095794927881 26 2646 29 3419 28 3442 25 1881 27 2906
352 2.3688880851205227 -0.25342550660429047 2.9910263692091799 121 137 90 0.49054764589920025 26 2358 29 3415 28 3437 25 1879
351 2.1565225532478554 -0.31176925842082637 3.2093015032289625 50 57 16 0.83938336073403175 29 3136 28 3433 27 2017
350 2.9013021595288362 -0.18964954887595872 2.6912669136005052 115 127 81 0.58034517197485114 29 3137 28 3431 27 2360
349 3.2312864303112527 -0.21236547885996196 2.6353914885590246 182 185 138 0.86080824616921758 28 3422 22 2071
348 3.3138535636915103 -0.22897720084009202 2.7049627756199026 172 180 121 0.69323772211475621 29 3406 28 3421 27 2645
347 2.3362280858062081 -0.31729200602304752 2.9737653480662196 140 156 117 0.57852628428638053 29 3401 28 3420 27 2345 25 1866
346 3.1434459885724051 -0.23758475110475671 2.6356715907106603 201 213 174 0.46072014701527725 29 3397 28 3416 27 2341
345 1.9435115278674868 -0.42212025334464237 3.2214017134765416 41 68 17 1.6398259169733933 29 3115 28 3410 30 2412
344 2.9096711190097007 -0.43742547085043382 3.2736540975567339 77 94 75 0.36171114733418031 26 2609 28 3408 24 1383
343 1.9480393020257729 -0.45889457180175924 3.2182987358414454 45 72 19 1.6385176282208984 26 2321 28 3401 22 2346
342 3.0250682110400957 -0.32788091208464387 2.6977607009951803 97 111 49 0.73551632370187114 29 3625 28 3399 27 2881
341 2.4119410910696484 -0.36668980141848917 2.775763014247536 194 198 165 1.639071344670832 26 2605 29 3103 28 3398 24 1380 22 2059 23 2925
340 3.126390681816773 -0.34232592238981724 2.6681909590093214 166 173 119 1.8202879750145635 29 3386 28 3393 27 2622 25 1851 22 2043 20 2895 19 2418 18 1567 17 2240 23 2912 21 2312 16 2550 30 2721
339 3.17979188193546 -0.34533728917167655 2.6584435465562888 196 203 154 0.45010732276291571 29 3384 28 3391 30 2719
338 3.1554143376022137 -0.47523387645485443 2.76289461939104 83 108 40 0.7350893795351342 29 3610 28 3381 32 1478
337 2.3682667850679153 -0.50471967584336674 2.7656163473546669 81 101 30 1.5726040000463488 29 3365 28 3376 26 2000
336 3.0672296670548866 -0.48820778189830105 2.7208931676617834 207 218 178 0.64768702214471829 29 3364 28 3375 27 2601
335 2.3084691347346498 -0.50261967632894378 2.717063020158601 95 110 43 1.4354708768841415 26 2285 29 3363 28 3374 27 2599 24 1363 30 2694
334 2.4332706006122868 -0.54722249201635953 2.8373277622615749 198 207 159 1.6448702986540182 26 2585 29 3361 28 3373 27 2597 24 1358 30 2693
333 2.0933245454170111 -0.55348753458352518 2.8042392177993998 178 186 137 1.6526745672644418 29 3073 28 3372 24 1778 25 2026
332 2.3309216927147198 -0.55021086026345578 2.7380566662069215 120 140 68 0.84318336388464099 26 2577 29 3355 28 3368 24 1562 22 2018
331 2.3026330417519882 -0.55786336638163936 2.7432686040522438 212 216 179 1.7510699367844551 29 3354 28 3367 27 2582 31 2125 33 2910 32 1231 25 1832 30 2682
330 2.1855425057520099 -0.57645706057780555 2.7745704379061915 148 152 116 1.5955120020673592 26 2574 29 3067 28 3366 25 1830 24 1560 22 2312
329 3.7044724644675369 -0.96689265450619233 3.9108843976452512 213 232 204 0.55116823362218592 26 2559 29 3596 28 3358 25 1822
328 3.7437061766447952 -1.033500298016361 3.8484150902850756 129 155 81 0.080084306410195066 26 2251 28 3349
327 2.5769077033901095 -0.96849976722942288 3.3447314281676324 215 225 193 1.5970548884749125 26 2543 28 3341 24 1537
326 2.0620668814463095 -1.221516398003577 3.8889510583251279 0 0 0 1.3672652964614265 29 3330 28 3339 27 2217
325 2.564611587957196 -1.0593694091508818 3.3944591666384625 217 228 188 1.0218452707262404 26 2239 28 3337 25 1391 22 1648
324 2.6126931055393352 -1.1247393345094678 3.4496559369257032 228 230 208 0.39495480765625884 29 3326 28 3336 27 2550 25 1794
323 3.2816457858605932 2.0965253185669699 4.436952224975955 184 166 166 1.1033187665883262 29 3580 28 3328 27 2817 31 2273 33 3085 35 4106 34 2369 36 2681 33 2892 32 1439 37 2510 38 2116 40 3711 25 1787 30 2934
322 2.3923644021114687 1.9921630618464223 4.2281812505904961 97 82 77 1.5403960111648873 26 2526 29 3322 28 3327 25 1788 24 1528 22 2541
321 2.098513063584706 1.818397853186517 4.2414230781461022 156 143 148 0.53973646302056955 29 3579 28 3326 27 3033
320 2.6776715269870879 1.7845526457444434 4.059923255853163 147 118 111 1.26818210393786 26 2523 29 3319 28 3325 27 2543 33 2887 35 3642 25 1784 24 1526
319 2.6383730750565824 1.708031015515975 4.0216741851565558 122 94 85 1.5699703748991511 26 2522 28 3323 27 2539 25 1783 22 2268 19 2065
317 2.5977932381037201 1.6217815469100174 3.9832980601005592 132 114 126 1.0851495243034857 26 2795 28 3321 29 3574 27 2812 33 2884 35 3896 34 2180 25 1995 22 2535 20 3119 19 2600 18 1869 16 2738 14 4020 15 1664 23 3431 21 2837 30 2928
316 3.2648054669758935 1.664541356972574 4.2524361504448276 185 161 157 1.1539890796844559 26 2516 28 3320 27 2534 29 3317 31 1839 33 2606 35 3899 34 1932 36 2438 37 2287 38 2111 25 1780 22 2264 23 3180 21 2557 30 2641
315 2.0764804219546007 1.3578646963394503 4.0226310437339681 108 87 84 2.2364242039363091 26 2513 29 3019 25 1778
314 1.9612243466306418 1.1643406536170999 3.9495694180312229 112 98 97 1.5037290945253872 26 2780 28 3313 25 1774 24 1524 22 2259 23 3175
313 1.9611120859964459 1.162172002493211 3.9388782333078813 112 98 97 1.3039554240910285 26 2779 28 3312 25 1773 24 1523
312 2.6663288900485735 1.1160271413726637 3.2806709042283937 70 75 55 0.65408316582009896 29 3312 28 3310 30 2634
311 2.0197442688955363 1.0404568875605764 3.4659383307423672 92 100 83 1.2434587645009625 26 2502 28 3306 25 1770 22 2517
310 3.3498431531909318 1.1566765922804449 4.3956929044052266 144 116 114 1.1246084511309462 26 2496 29 3557 28 3304 27 2798 25 1768 22 1950
309 3.3098252718963534 1.1420936351559421 4.3662847752897838 131 100 98 2.4721105442450266 29 3556 28 3303 25 1767
308 2.8335323937921713 1.014169556475691 3.4431236889433192 152 162 137 1.3421997910581192 29 3305 28 3302 27 2792 31 2088 33 2870 34 1666 30 2626
306 2.1277073396966668 0.93591050214627269 3.6610087047969069 6 15 12 0.75409191668505982 29 3299 28 3299 27 2513
305 2.6142791939830565 0.94076679971768273 3.5144853589987628 18 34 21 1.0361124408775488 25 1978 24 1720 21 2518 23 3138
304 3.5530528358209117 0.88905959332185913 3.4817091953712365 171 179 182 1.2241044490020345 29 3293 28 3292 27 2509
303 3.4774332059732052 0.8465343632193042 3.4619729229448102 133 146 139 1.2857132513478873 29 3281 28 3290 25 1548 30 2898 27 2779
302 3.6790280531359754 0.75731381909140916 3.5059634803797688 115 133 95 1.7114042536797431 29 3273 28 3284 30 2594
301 3.2100610947808099 0.73074080613867909 2.9343403557079193 180 193 183 0.93771444682315463 26 2477 29 2974 28 3283 27 2145 31 1804 33 2854 36 2390 37 2255 25 1542 24 1498 22 1927 30 2586
300 2.4538026621036755 0.61498981733300095 3.0619615059661087 104 122 96 1.517202127124309 26 2471 29 3266 28 3277 27 2481 25 1965
298 3.6085111750086356 0.52942440816927161 3.3006807696702873 97 115 89 1.0330258902498504 25 1529 30 3216
297 3.9273144790200023 0.52404970638730586 3.8734365049877844 119 139 104 0.81130816984077136 29 3256 28 3268 27 2471 25 1734 30 2245
296 2.4690330959270526 0.49633389783027371 3.2014689216586367 79 98 76 1.1536271982551201 26 2740 29 2949 28 3266 27 2122 22 2465
295 3.9917539958019912 0.48801454463675542 3.8324328532388345 124 147 117 1.0426348103483203 26 2163 29 3248 28 3265 25 1951
294 1.9909085323943347 0.45178494861218832 2.8482386970143927 30 52 16 1.8848014105723179 29 2945 28 3264 22 1905
293 4.0921722028521952 0.43647004126188399 3.8337409986687372 122 144 110 1.803733147113501 29 3245 28 3259 25 1525 27 2119 24 1273 22 1872
292 2.0260057629144406 0.38579586843835439 2.8095906149325289 61 81 32 1.6622061902011231 26 2726 28 3253 24 1483 22 2450 23 3373
291 2.0795277608042859 0.37251715404655228 2.7638556422006744 70 85 42 1.1885644698961482 29 2917 28 3245 24 1480 22 2179 23 3082 21 2744
290 2.3051951080312101 0.27103225522426494 2.8089260752713088 186 199 154 1.8016909039576254 29 3206 28 3230 27 2711 30 2186
288 1.9499816316386149 0.24215705424221562 2.9130052959783246 19 35 9 1.8016785864496698 26 2423 29 2505 28 3227 24 1464 22 2157 23 3054 21 2718
287 1.3994806700084959 0.13591944962526717 3.7100234311142368 154 175 156 1.1576600443731457 29 3200 28 3225 27 2413
286 2.1379090044060334 0.2444357347524084 2.7711535452559133 52 69 14 1.685794423850572 26 2418 28 3224 24 1462 22 2151 23 3049 21 2448
285 2.1379995634199531 0.24408098099157685 2.7666220916456483 52 69 14 1.4608251251367188 29 2884 28 3223 24 1461 26 2417
284 2.1973039172637021 0.22397824817483572 2.7897461527141476 56 79 10 0.0025321738795169996 29 3198 28 3220
283 2.5051285361410773 0.014768737987646276 2.7243807581229382 130 159 104 1.2678823840549978 29 2462 28 3202 27 2045 24 932
282 1.3830036852752248 -0.17114194082966075 3.7590459785769581 207 217 182 1.4775611136469586 26 2393 28 3201 24 1439 22 2415 19 2724 18 1982 23 3325 21 2695
281 1.3837598238974151 -0.24672354015204001 3.7625181321055869 187 196 167 1.3795573894178264 26 2669 28 3197 25 1899 24 1635 22 2407 23 3322
280 2.4167913421233029 -0.047878688599514614 2.5636774519175058 96 128 61 1.6850603113522606 29 2837 28 3190 24 1243 26 2101
279 2.7990518237839312 -0.092109788148885582 2.7928599185565335 113 141 80 2.0756264606438344 28 3188 24 1423 22 2380
278 2.8343933875951342 -0.092326410779799889 2.7382868599374364 27 43 16 0.44830831635074442 29 3160 28 3184 30 2469
277 3.0528937860784082 -0.17199892946295131 3.0654719303643239 72 86 45 1.830819723599572 29 3152 28 3176 27 2372 25 1474 30 2786
276 2.3212838746493705 -0.21501769843737686 2.9689539067806341 152 163 131 0.30867085988677145 26 2648 28 3172 22 2096 23 3287
275 2.3210464064565874 -0.21530346876498252 2.9673258070992072 152 163 131 0.80579354243946799 29 3144 28 3171 27 2367 24 1413
274 3.1530191202023281 -0.17849214364287019 2.6891437603026977 153 161 120 0.24457653824205994 29 3138 28 3169 25 1665
273 3.3965343504830741 -0.21891018612239835 2.8524381948163819 181 189 152 1.0986870089436336 29 3134 28 3167 27 2904
272 3.0569030588025217 -0.20794394218307322 2.6806092664586854 68 87 42 1.9884367800750091 29 3128 28 3160 27 2654 30 2758
271 3.3508963478143423 -0.21983870300643529 2.7536286222862008 94 108 45 0.58180996512648564 29 3409 28 3158 27 2655
270 2.9356910386829234 -0.2590699034266864 2.6552188394649683 49 66 22 1.193275551636418 29 3118 28 3146 25 1654 22 2069
269 2.9655245785970443 -0.26811657770909553 2.6686870759405479 117 136 84 0.97216835447335581 29 3116 28 3143 27 1994 25 1452 30 2114
268 2.2079839800981684 -0.32494994562362262 2.7362499000222309 158 172 140 1.3747737347419269 26 2325 29 2778 28 3139 24 1214 22 1761 23 2575
267 2.9354788627510922 -0.31398241595263099 2.6390232374071121 111 81 60 0.81299134537560735 29 3107 28 3133 27 2629
266 2.195232116618147 -0.34827064890196063 2.6679415749931179 151 164 111 1.8961850858551994 26 2040 29 3101 28 3128
265 2.4463430850623307 -0.39846600961683704 2.8338623484712899 107 128 61 1.7946971572778827 29 3385 28 3126 25 1852 24 1376 22 2051 23 2559
264 2.1806017375808335 -0.36656975613137155 2.6898391915249702 104 119 60 1.2065680730402035 29 3099 28 3125 24 1203 26 2312 22 2058
263 3.2596700792340565 -0.3489433172247991 2.6699586037311049 135 149 72 1.1370106264988555 29 3383 25 1643
262 2.978959313135455 -0.35343713968294377 2.6583990734480643 182 173 142 1.9280106322771948 29 3096 28 3122 27 2311 25 1441 22 1425 30 2400
261 2.3848985549457598 -0.42780765509550328 2.7437390014073499 178 179 135 0.93387794669456126 29 3089 28 3116 27 2611
260 2.431895294244145 -0.46436368135482015 2.7936056928395896 223 234 192 0.57003987991551897 29 3086 28 3111 22 1718
259 2.330528742380912 -0.46550188350501953 2.7314440327428704 88 97 52 0.9736012116294207 26 2293 28 3109 25 1432 24 1190 22 1711
258 2.636893164873281 -0.58224274855574343 3.1246647135358923 141 169 118 0.97035785765420324 29 3082 28 3108
127 2.12509857695968 0.63959438316709072 3.2239499838866852 137 158 118 1.4579821039809484 29 4001 25 2457 28 4029
126 2.2324306596548915 0.42068087863666997 2.731204428090475 188 200 153 1.5700647139214379 29 3984 26 3123 28 4020 27 3225 25 2318
125 2.1240661569295778 0.37940037587103598 2.7473513136679113 217 224 191 1.1415419846115524 29 3981 26 3225 28 4019 25 2441 24 2155 22 2921 23 3794 21 3259 20 3581
124 2.0687479192819218 0.30415242551343569 2.8788475263145319 27 45 16 1.1620029557043556 29 3977 26 3110 28 4016 25 2434 24 2050 22 2821
122 2.3316369133998633 0.126390274117511 2.8889022528268145 26 48 15 1.5203125431245617 29 3969 28 4013 32 1518
121 2.7949498275629452 -0.44730619326872295 3.2789703794837779 21 46 6 2.5426392117799401 28 3989 25 2398 29 3948 24 2125
120 1.9275044003237531 -0.44780194654686156 3.2122684386555482 44 73 15 2.0467897211075665 29 3946 26 3197 28 3988 27 3195 25 2399 30 3274
119 2.3032037627149355 -0.44591131489258767 2.7233416570985538 69 87 29 1.7371406626755024 29 3937 26 3189 28 3978 27 3185 25 2389 24 1980 22 2774 23 3624
118 2.5901148133120939 1.4273183143372949 3.9091288606482215 115 88 81 1.5335158014292425 29 3908 26 3165 28 3953 27 3161 25 2361 24 1937 22 2857 20 3312 19 2813 18 2053 17 2802 16 2959 14 4230 15 1661 23 3724 21 3175
116 2.3207297287141038 1.0662593886276879 3.4122735935141018 102 122 111 1.7311531168219718 29 3898 26 3000 28 3788 27 3148 24 1929 25 2353 22 2729 23 3584 30 3238
115 2.9277943453777895 0.72177679232547509 2.9496793531699304 53 77 41 1.7263033287203664 29 3877 26 3139 28 3931 25 2340 24 2078 22 2716 23 3561 21 2778
114 2.0590292873666201 0.71093807008409382 3.2577734211197606 103 115 101 1.1883461069094392 29 3876 26 3142 28 3932 27 3129 25 2342
113 2.4188717309676 0.5995768798526393 3.1125926815933633 7 13 0 1.5785931503501753 29 3871 26 3136 28 3926 25 2336 24 2074
112 2.4641757273670901 0.53285752247964169 3.2087203387983068 52 75 46 1.683555926995532 29 3868 26 3230 28 3922 27 2983 25 2447 24 2165 22 2935 23 3806
111 2.1506751993821838 0.4538583817510074 2.7408910644240216 172 184 134 1.6186721450102941 29 3862 26 3125 28 3914 27 3113 25 2444 24 2161 22 2926 30 3210
110 2.3430002063650539 0.37836201876083697 2.8375062514629983 175 185 132 1.5991730420796382 29 3860 26 3116 28 3910 27 3105 25 2440 24 2055 22 2823 30 3206 32 1627
109 1.9310290321721924 0.30351409227826726 2.891203046293636 167 189 125 1.5072509859391645 29 3852 26 3112 28 3904 24 2152 22 2917 23 3792 30 3201
108 1.9309711574307318 0.30435795461484416 2.8942056944129004 167 189 125 1.3302026192022707 29 3851 26 3111 28 3903 23 3793
107 2.1363067577155057 0.29055093453419917 2.7778533722895205 48 68 17 1.5097010959381765 29 3847 28 3900 27 3097 25 2121 24 1876 22 2673 26 2945 23 3539 30 3198
105 2.248000884651145 0.036271668027841 3.0394644730483411 31 54 9 1.4189435941298358 29 3835 26 2922 24 1850 21 2936
104 2.5017963717222105 -0.95308599231635149 3.3628414646228761 210 222 174 0.86403783225153519 29 3783 26 3022 28 3823 25 2210 24 1955
103 2.7553855832943901 -1.0670670784224945 3.5028248160431867 114 150 54 1.5293910605523762 29 3779 28 3603 27 3040 32 1445 25 2005 24 1754
102 2.5569308861429279 1.3563398346943309 3.8812335859681748 130 114 114 1.3168069612041196 29 3763 26 2784 28 3582 27 2808 33 2881 25 1991 24 1738 25 2190 22 2736 23 3427 30 3130
101 2.3576009948859817 1.0355656870274901 3.4402671799334179 60 76 50 1.440728122952315 29 3759 28 3946 27 3146 25 2177 24 2089 22 2726
100 3.1657995967808765 0.68249732506212679 2.9989320711036398 79 98 70 1.6805816831808793 29 3741 26 2979 24 1701 22 2472 23 3385 30 3104 25 2155
99 3.0849739641986944 0.67569051555020432 2.9635265699548445 84 101 88 1.151659411822918 29 3740 26 2978 28 3766 27 2996 25 2154 24 1906 22 2473 23 3386 21 2767 30 3103
98 2.2608570305893894 0.65639218687525691 3.1821719548004959 39 55 29 1.7147280405525418 29 3739 26 2754 28 3549 27 2995 31 2237 32 1540 25 2157 24 1706 22 2485 23 3397 21 2503 30 3220
97 1.9692237325457609 0.65093239163012362 3.2030729473280104 143 164 109 1.3328527043043934 29 3738 26 3140 28 3768 27 2994 25 2159 24 2080 22 2835 23 3812
96 1.8879685138591014 0.58198864526879102 3.1504623843681756 137 159 110 1.1257554217559902 29 3732 26 3137 28 3925 25 2338 24 2077 22 2941 23 3809
2452 1.4339677755226037 -0.16670687724000549 3.7260393083735082 85 100 36 0.35063459666842856 13 4400 11 3028 10 3066
95 2.2373229668525094 0.47246565379704103 2.7813346297348045 23 39 12 1.7417248235072436 29 3721 26 3127 28 3749 24 1899 22 2696
2451 2.0835159742543099 0.22709274808019622 2.8148574700155593 96 117 23 0.70878643268707897 13 4399 11 3024 9 3908
94 2.0690262488455127 0.39581525632907522 2.7589734093071621 72 93 40 1.4013755043770324 29 3714 26 2955 28 3741 27 2973 25 2314 24 1889
2450 2.0835159742543099 0.22709274808019622 2.8148574700155593 96 117 23 0.70878643268707897 13 4398 11 3023 9 3907
93 1.9892077908381061 0.3777779709708815 2.8252353910314851 174 188 139 1.3877196643171099 26 2954 28 3739 24 1887 22 2686 20 3441 17 2755 23 3546 21 3129
92 2.0491552272030762 0.35583980366967899 2.7772599275633887 171 185 134 1.073968901404857 29 3709 26 2953 28 3736 27 2965 25 2131 24 1885 22 2679 20 3436 23 3683 21 3127 30 3069
2448 2.1094201966726867 0.19792161226364474 2.8031526179192325 204 215 154 0.35011440902387303 13 4386 11 3017 10 2734 13 4056 8 3653
91 2.1990541005557169 0.12868752258096752 2.8618344259897208 180 195 156 1.6105622900212315 29 3682 26 2929 28 3706 27 2944 25 2101 24 1856 22 2657 23 3526 21 2938 20 3213 30 3046
2447 2.1123662577511988 0.16526484110542666 2.9123080970127977 61 83 21 2.1460169248393961 13 4385 11 3015 10 3316 8 4390 3 2904 9 4660 7 3262
90 2.5640257057956983 0.070647761158129097 2.7999971681986358 80 111 36 1.0625437149459689 29 3678 26 2918 28 3700 25 2096 24 1849
2446 1.4109743320218222 -0.26070813711757518 3.7463348986521936 181 180 126 0.84611472735251492 13 4383 11 3012 10 2735 8 3672
89 2.0065224707772171 -0.14253252493036528 2.9491125754296803 75 112 35 0.88410403953212935 29 3657 26 2901
2445 1.386785281557372 -0.27674627216344844 3.7835161655618101 211 216 175 0.95257242741128978 13 4382 11 3011 10 3055 9 4463 8 4209 3 2544 7 3000 5 4981 4 3738 1 4720 2 4934 6 3257
88 2.5099987852281687 -0.35286124481363451 2.8410276879216019 156 171 113 1.3467061907412727 29 3627 26 2863 28 3859 27 2882 25 2246 24 1994 22 2596 23 3638
2444 1.5333717458293492 -0.30680343785414477 3.7382127344578966 47 69 5 0.44294062484789698 13 4668 11 3003 10 3044 9 4208
87 2.7006689588469133 -0.6071207686330502 3.0833479226822607 76 113 51 1.5380408586133181 29 3604 26 2833 28 3625 27 2854 25 1838
2443 2.1273357317835906 -0.45034672887349197 3.2253690588152049 52 62 24 1.36717842102391 13 3931 11 2954 10 2237 9 3815
2442 1.8297564507769954 -0.71223818333498934 3.8082812062799554 153 179 107 0.83201486857010454 13 4318 11 2953 10 2986 9 4624
85 3.0884505203043435 0.78604460599573289 2.9048387123065491 105 117 95 1.7240968558120571 29 3538 26 2756 28 3556 25 1969 22 2223 23 3119 30 3111
2441 1.9681881816903581 -0.50204401555737677 3.2386572606076509 42 65 11 1.2338156418039179 13 4632 11 2951 10 2982 9 4141 8 3903
84 1.850194662609711 0.53809422880434654 3.137720818971415 122 154 87 1.6612106747126421 29 3518 26 2973 28 3540 25 1962 22 2713 23 3697
2440 1.9361283006130068 -0.77593645706071279 3.6881591976859354 135 163 76 0.7972849492931724 13 4299 11 2932 8 3893
83 2.8896224883274342 0.5322984053941695 3.0293893978283584 14 29 4 2.1324632709393945 29 3516 28 3270 27 2468 24 1691 22 2456 26 2741 20 2745 19 2291 18 1668 17 2374 16 2426 23 3377 21 2753 30 2870
2439 2.5869938869313756 -0.53284734957612523 3.1919031001831333 176 196 132 1.3770265620747935 13 4614 11 2928 10 2615
82 2.6313606538165253 0.38949052575284415 3.19583278197151 107 128 99 2.0647841177853756 29 3506 28 3521 25 1946 26 2447 24 1476
2438 2.9063089202395269 -0.35610410501974488 2.6915789955815295 164 173 85 1.0532830437012362 12 1365 13 4295 11 2923 10 2944 9 4115 8 3513
81 2.7047244729255842 0.33544150243487275 3.2225156135637598 64 86 63 1.1629271738580071 29 3499 26 2436 22 1873
2437 2.0548195895245169 -0.56017814717397907 2.7987340104164269 127 153 43 1.6298834073460615 13 4592 11 2909 10 3241 9 4376 8 4148
80 2.0140640505196719 0.34865737442338102 2.8180174284395254 62 85 30 0.27870283644411276 29 3497 26 2949 28 3733 24 1881
2436 2.2598450917200088 -0.56744567859285333 2.7506795880950032 217 230 172 0.87508632544801535 13 3862 11 2901 10 2924 9 3746
79 2.1441773090336875 0.32377933066498898 2.7632683837918766 155 165 115 1.3071703565637018 29 3493 26 2719 28 3515 27 2721 25 1938 24 1676 22 2443 23 3365 21 2730 30 2193
2435 1.9660357752464954 -0.94062929810046214 3.6727489479761939 74 98 19 1.5276688538692689 13 4584 11 2900 10 2928
78 2.283785910411662 0.31098156399533333 2.7756850911724413 65 86 21 1.3697561536401319 29 3489 28 3512 27 2719 31 2208 33 3007 35 4012 34 2090 36 2328 25 1935 30 2835
2434 1.9559621682640975 -0.97543737168153055 3.6722303779070828 126 144 42 1.9900466908446746 13 3854 11 2890 10 2568 9 4104 8 4144 3 2228
77 1.9082277006732404 0.2731826216676807 2.9163144883343168 19 40 7 1.3360639507040721 29 3486 26 2714 28 3509 27 2713 24 1673
2433 1.8946441747613842 -1.046930614295625 3.8145570934825632 96 126 36 2.062341857274435 13 4257 10 2916 9 4101 8 4143 7 2921 3 2656 5 5067 4 3664 1 4649 6 3368
76 2.2931936876458612 0.24671809100568978 2.8143601099450164 55 71 22 1.4652750845998055 29 3478 26 2419 28 3505 24 1460 22 2150 23 3047
2432 1.9414074095726628 -1.1132350854311641 3.8292176892880234 156 184 65 1.1180647458265764 13 4245 11 2883 10 2905 9 4365 8 4133 3 2457 7 2735 5 4698
75 2.1805750351854436 0.16961897990330183 2.8211489301859731 63 83 30 1.5528674066975312 29 3464 26 2409 28 3489 27 2699 25 1917 24 1453 30 2812
2431 2.5104721087336803 -0.99279838968526901 3.3725508353801925 184 196 110 1.8496854143932937 13 4235 11 2879 10 2895 9 4081 8 3834 3 2003 7 2213 5 4053 4 2804 1 3651 2 3837
74 1.8079929256208749 -0.43975818763988678 3.4797317621837949 64 100 30 0.5566780126087939 26 2338 30 2741
2430 1.3266413856692325 1.1383009785025409 5.1066694275033244 89 101 61 0.56122847442068025 13 4216 11 2867 8 3816
73 3.1402712924424736 -0.26237308413568577 2.6524800441095828 68 85 33 1.5225483731013771 29 3392 26 2326 28 3411 27 2333 25 1652 30 2421
2429 1.3574961963357541 1.0393176213125321 5.429181853227405 220 219 186 0.42518990122199213 13 4212 11 2866 10 2880 9 4067 8 3814 7 2709 3 2627
72 2.8707397393686267 -0.53450570979630219 3.2396170120668231 192 204 192 1.0362220498514718 29 3378 26 2595 28 3386 27 2615 25 2036 24 1788 22 2331 23 3240 21 2611
2428 1.6510659373644301 0.92099134527085347 3.6800019453407167 103 94 63 0.78264677488250844 13 3756 11 2847 10 2083
71 2.565466966947179 -1.0625494522189372 3.4035120584238183 215 226 183 0.92620453530038915 29 3329 26 2240 28 3338
2427 2.6889765423418774 0.99128597379589822 3.4768593432217467 129 136 117 0.36210085378314233 12 1317 10 2465
70 2.7223233763270867 1.0388797342930853 3.4122470247304078 74 89 66 2.0882935687056992 29 3307 26 2766 24 1517 22 2504 23 3146
2426 1.6729502315107971 0.30051858925238784 3.2689958593376618 107 122 89 0.40956067441842769 13 4111 11 2789 10 2789
69 2.3975078885362291 0.93913360815942115 3.5234501632908048 17 31 15 0.22516937592209846 29 3302 26 2201
2425 1.6771519035069464 0.22824754863490559 3.1973054523099611 118 134 98 0.28306201640565887 13 4097 11 2777 10 2779
68 2.7352632111210577 0.8904632664860207 3.4421592569412938 86 101 80 1.8616121543696345 23 3400 26 2192 30 2611
2424 1.9765815630879504 0.27812342564253301 2.8068752823746776 172 185 114 0.51294345172210953 13 4072 11 2752 9 3917
67 3.5854519923737684 0.89676449153913584 3.4964672911153087 118 125 117 1.1276382674424219 29 3294 26 1887 25 1554
2423 1.3884534135844386 -0.14040555308019168 3.7233267544856017 24 29 0 1.5871827760314665 13 4068 11 2750 10 2759 9 3930 5 4265 4 3003 1 3891 2 4055 6 2563
66 3.1528346066835442 0.51061035619218487 2.8172193889870294 87 108 74 1.7224643610651276 29 3251 26 1853 28 2934 27 2121 33 2538 30 2566
2422 1.2073234569219378 -0.59722618874329425 5.1761864921137528 57 75 25 1.4528705092106784 13 4062 11 2747 10 3074 9 4251
65 3.582579087382888 0.45027649087574773 3.1907331360439262 177 195 170 0.89180001364021899 29 3244 26 2156 28 2924
2421 2.0660203849811984 0.18013062874405619 2.8624417785405165 64 87 6 0.98824298968758895 13 4058 11 2734 8 2693
64 3.582579087382888 0.45027649087574773 3.1907331360439262 177 195 170 0.89180001364021899 29 3243 26 2157 28 2923
2420 1.9891441661250131 -0.082636278815605785 3.6386619752906864 88 109 50 0.20273432877767328 13 4050 11 2731 10 2739
63 2.1141157826805377 0.42722098614749832 2.7570815313295576 76 101 48 1.6052506057324514 26 2735 27 2736 25 1947 22 2189 30 2856
2419 1.4421957562271552 -0.22377301638241193 3.6991159377908303 111 126 41 0.75514229676872424 13 4046 11 2729 10 2742 9 3538 8 3258
62 2.0138109336289367 0.415137379637945 2.8228213876382982 74 92 33 2.2403176826964328 29 3237 26 2456 28 3257 22 2191
2418 1.8695695207812359 -0.096983235349564476 3.4940671773978678 132 158 94 0.97707416219673826 13 4384 11 2721 10 3050 9 4213
61 2.1117312754567705 0.34008776376654248 2.7786436989501615 72 81 37 1.6181233213303334 29 3221 26 2442 25 1719
2417 1.3935419514840441 -0.32787790867792399 3.8783663511256061 65 88 10 1.0543909765179384 13 4377 11 2719 10 2730 13 4040 9 3900 8 3242
60 2.2095700357084453 0.32646749485282023 2.7299431991476277 178 198 129 1.8535958828239114 29 3212 26 2438 28 3238 22 2166 23 3364 21 2721 30 2531 27 2428 24 1474
2386 1.9770359689663231 0.28919045739920635 2.7949286118186385 75 92 10 1.8310562481699393 13 3625 11 2395 10 2369 9 3051
29 2.6124449279954867 -1.0667170790510359 3.4035644462261034 222 234 186 2.0225069033213035 29 2652 26 2238 25 1798 24 1531 22 1989
2385 1.6640633691858722 -0.081622180180741896 3.7099025957586416 77 91 44 0.46378363914680043 13 3614 11 2389 10 2756 9 3926
28 2.7256296961893871 1.0608960084483703 3.3974436601190385 117 133 106 1.2612985536540762 29 2633 26 1912 23 2814
2384 2.142037604308566 0.23583546385167817 2.7971174001707189 91 102 4 0.63493111037849126 13 3600 11 2375 10 2353 9 3527 8 3235
27 2.5833608768933627 0.87963274701456118 3.3424340559983898 66 84 62 0.47387564541951743 29 2610 26 1892
2383 2.0860491459049837 0.18635091697107528 2.8127378552005511 136 147 61 1.2010067732149055 13 4053 11 2370 10 2344 9 3006 8 1992
26 3.569916147303732 0.87582013131661141 3.4636532795314019 172 181 180 0.11450833964760999 29 2604 26 1562
2382 2.0291170176249649 -0.125090353975118 3.0831033704333715 137 165 90 0.62132146116127129 13 4009 11 2322 10 3033
25 3.6083917038724578 0.83329933027235115 3.4574000394307403 191 197 193 0.35875837181895281 29 2598 26 1287 28 2587
2381 1.785569069077356 -0.55296969210366553 4.1128368907247781 141 168 99 0.73465351147514035 13 3533 11 2314 10 2299 5 3788 4 2954 1 3301 2 3495 6 2223
24 3.5084149028398501 0.82656690565860413 3.4161293198701292 135 144 138 0.59997046611788507 29 2597 26 1555 28 2586 27 1858 31 1321 33 1917 35 2879 25 1361 22 1591 30 1958
2380 1.8605820080805224 -0.47571044894682063 3.49007425103945 38 64 3 2.2530768398955945 13 2866 11 2279 10 2276
23 2.892032569790465 0.55231789065105663 2.9939278451545905 118 140 119 1.0727056969706705 29 2569 26 1862
2379 1.7139283220230663 -0.64122273874718128 3.5900040832186493 72 99 18 1.1209693935320784 13 2816 11 2251 10 2240
22 2.1840725453150753 -0.32542574385344508 2.751140538110143 72 95 40 0.72744882438863523 29 2368 26 1739 28 2346 27 1710
2378 1.7468562506010805 -0.63841867471705505 3.5771636183848674 67 94 17 0.62131506928398605 13 3454 11 2247 10 1770 9 2121
21 2.5143708505582536 -0.37239387462502022 2.8274234451242246 155 176 107 1.0171607180086668 29 2352 26 2041 28 2332 22 1443
2377 1.7812218634774544 -0.63543513546583719 3.5780788672035566 163 188 122 0.52194253701966664 13 3923 11 2246 10 2234
20 2.9104190860914683 -0.59654708291961578 3.2152187759340833 53 83 33 1.4042697941246209 29 2307 26 1399
1129 0.68701011977846493 2.273219223600385 5.4110461878068712 48 54 130 2.3634099571687379 34 1931 32 1320
3486 1.7071235828762099 -0.052977221742466926 4.1180588926248403 41 58 16 0.17682931851420705 4 3569 2 4752
2376 1.8505917664727654 -0.95085918636676647 3.7684780021770394 155 175 86 0.79080230373776905 13 3388 11 2194 10 2166
19 2.4634363839019873 -1.0106393829047378 3.3778180769150343 163 188 130 1.7184289265289061 29 2238 26 1621
1128 2.5038915082277504 0.56618258993213899 2.910462258115416 23 39 4 0.36078838282937209 34 2321 36 2074
3485 2.029244974328225 0.27075368720840004 3.5390917445771901 13 25 13 1.5747797030602819 5 4601 4 3565
2375 2.1014150762686201 -0.60375206058607278 2.8242850507598152 153 172 81 1.3087722727886164 13 3382 11 2184 10 2574 9 3752
18 2.2330376336510942 1.1388282519636237 3.2421555824039445 139 158 135 1.1876803013074533 26 1924 27 1895 24 1157
1127 0.71310175799836606 2.0274288532453619 5.2637217484890204 73 87 160 1.6839169664352891 34 2596 36 3099 37 2785
3484 1.6876620192554319 -0.016990417871029249 3.9165678178764445 24 39 0 0.72448760565408166 5 4597 4 3563 1 4744 2 4743 6 3284
2374 1.9745816341331157 -0.95742671835886783 3.662312713547613 113 133 46 2.1141756766833253 13 2698 11 2179 10 2157
17 2.2721707874111208 0.9155420016295297 3.5479668466613803 39 49 40 1.7036151186834716 29 2200 26 1590 28 1679 22 1334
1126 2.2928724909462135 1.0670241222311931 3.3594297528639934 103 130 125 1.1149823288314789 34 2580 36 3079
3483 1.7217816893897147 0.15789631448128308 3.4181951306451337 75 99 41 1.6206426224587489 5 4817 4 3557 6 3276
1125 2.3212643017450723 0.30468893751720305 2.7976054763913183 198 215 158 1.6044543899776109 34 2554 37 2607 38 2406 40 3799
3482 1.7548778684528379 0.0022885085856547034 3.7194192336115237 68 93 35 2.0456351500529566 5 4588 4 3552 1 4525 2 4955 6 3088
2372 2.4859593651497152 -1.0741193000817109 3.4248517335283757 190 205 112 0.88867762430450181 13 3332 11 2151 9 3721 10 2122
15 2.5270761812212501 0.49022100304263971 3.1122275039106744 96 120 84 1.6692948714317353 29 2139 26 1254 28 2084 27 1533 31 1084 35 2361 22 1022 30 1620
1124 3.1985491152830967 -0.28336273844654658 2.6630581300274487 68 90 28 0.81816898600189214 34 2525 37 2728 38 2375
3481 1.3610233178606996 -0.25363379860855328 3.9130416786245519 91 115 53 1.8293982827615491 5 4575 4 3542 1 4518 2 4719 6 3079
2371 2.4518720118634603 -1.1113978711691597 3.4767990848736363 133 156 50 0.41737232524084228 13 3823 11 2150 10 2535 8 2971 9 2670
14 2.0761823094352581 -0.36601793324721821 3.14415415261097 146 163 108 1.0430363397983382 29 1971 26 1436 28 1895 27 1148 23 2242
1123 3.2978610776164348 -0.35719521933289639 2.7044625984001316 99 114 48 2.1588061280681399 34 2518 36 3025 37 2807
3480 3.4912868799948229 -0.3513039469261765 5.3063120816382394 197 212 189 0.49168100845664714 5 4788 4 3532 1 4514 6 3069
1111 3.338333323652638 0.27974054646921881 2.9381596457170387 152 175 132 0.54370852905717393 34 1843 36 2348 38 1572 37 1950
3468 3.1955569529079177 -0.36840436448150143 3.0840582848810407 151 174 106 0.990892654177429 5 4725 4 3452 1 4434 6 2990
2360 1.9169574087469297 -0.10252476360689339 3.572399251709045 153 171 127 0.38606950654053013 13 4043 11 1893 10 2343 9 3521
3 2.6979870412265714 -0.086560130885382724 2.6399911404145291 139 162 106 1.002874715397853 29 1121 26 1171 24 749
1112 3.3289886971163498 -0.48045248902259308 2.8370964560960155 187 201 144 0.74709111178595644 34 1997 36 2494 37 2344 38 1936
3469 2.1833916680498446 -0.33536751446282254 2.732514591736781 106 131 47 1.5405771534256247 5 4932 4 3453 6 2725
2361 2.0356461061534339 0.16326725641957665 2.8162417279757777 139 153 65 1.4047400741368135 13 3590 11 1896 10 2342
4 3.2650444068817208 0.71870883481844128 2.9468561246210569 136 151 129 0.11716825495406138 29 1276 26 619
1113 2.2461957552518861 -0.35691219412310138 2.7024752549903548 71 94 39 0.91624960484798135 34 2002 36 2503 37 1810 38 1689
3470 2.134679352967364 -0.42105292956914331 2.9665906925625936 137 156 97 0.6488722871941236 5 4731 4 3457 1 4436 2 4323 6 2994
2362 2.0423081097346056 0.18818946084282243 2.8261450271209942 139 154 63 0.77602984020956267 13 3022 11 1911 9 3522 8 2694 10 1372
5 2.2378897784027907 1.1548082368858381 3.2561406833630162 97 114 90 0.99240801305928283 29 1319 26 1329 30 1017 28 1233
1114 2.1310324701552621 0.39666300443573516 2.7717431392806962 175 188 142 0.52225632615596385 34 2096 36 2589 37 2183 38 1773
3471 1.7353526285115608 -0.63731986115293715 3.5725160359391848 164 188 135 0.82480638328926015 5 4744 4 3473 6 3220 1 4448 2 4652
2363 2.2303375019168654 0.30727790865638188 2.7392807586837566 181 187 119 0.82771444674469841 13 3040 11 1924 10 1899
6 3.5224438453145916 0.80522113076270729 3.4151913530866005 128 141 116 1.3261594178870646 29 1718 26 941 28 1649 27 1283 33 1216 35 2417 36 962
1115 2.1886844618623242 0.42441096331904943 2.7462699949511689 84 111 58 0.61885621418065273 35 4019 36 2592
3472 1.9992161475158978 -0.34431563432607715 3.2575861065872815 113 145 71 1.0574370675745235 5 4751 4 3483 2 3958 6 2758
2364 2.0384764266054836 0.27078765470784505 2.80535396680868 113 134 43 1.2160101202724425 13 1426 11 1933 10 1914
7 2.923409730129936 -0.59238062173088812 3.2278627019880024 110 135 96 0.32079756621721323 29 1898 26 1400
1116 3.1015947517774416 -0.26418794679243146 2.6487079069228652 62 91 27 1.1024788039827549 34 2247 36 2742 37 2371
3473 1.5899358925843907 -0.7387373647591492 4.3245119152152869 164 184 132 0.72376443486521713 5 4765 4 3500 1 4476 2 4918 6 3242
2365 1.9706577690451672 0.2940317905723881 2.7827942664735801 162 178 105 0.30075384369244945 13 2356 11 1945 10 1927
8 3.1166606310145561 -0.39271181103893105 2.6845904523717761 119 126 75 0.0047157159171158144 29 1917 26 1409
1117 2.3480754437126805 0.37987076355779037 2.7966827171108952 160 170 118 0.89986135883070739 34 2305 35 4192 36 2806
3474 1.9080378522221892 -0.12071138212450901 3.2443020751605398 183 205 143 0.88578651721144475 5 4535 4 3504 1 4481 2 4688 6 3039
2366 1.3783944988211341 0.039562260474655157 3.3633643775616258 97 115 66 0.34018784933070939 13 3631 11 1957 10 2387
9 3.1134018030952761 -0.32164056954585929 2.6700248616027245 123 137 78 0.99547432596255236 29 1934 26 1116 30 1507
1118 2.4821851227768703 1.3690384399461231 3.855013519922025 102 87 82 0.78490329183315755 34 2360 36 2866
3475 1.8571045511333486 -0.004612639107752948 2.9993276322488036 164 188 128 1.3175064034751784 5 4538 4 3505 2 3996 6 3248
2367 1.3503109159560851 0.22186594500830972 3.5697955120599763 145 161 122 0.47082750887148483 13 3685 11 2012 10 1996
10 2.5258654023941189 -0.35896688574658714 2.8258878932878613 40 65 10 1.5911622941145593 29 1944 26 1423 28 2337 24 895 22 1448 23 2220
1119 2.4043898398481263 0.31981490122773371 2.9003900560965241 117 138 81 1.5558495593604176 34 2454 36 2961 37 2612 38 2243
3476 2.0078277587216085 -0.0034447747480354767 3.0832152944478386 118 150 77 2.8911210239506389 7 2798 4 3506 1 4191 6 2786
2368 1.4106605128814815 0.95503853868561162 5.3591394469775206 90 100 68 1.0041860916746113 13 3787 11 2117 9 3255
11 2.4291189852881687 -0.34243522936227661 2.7768896601171824 109 95 58 1.4087468043079183 29 1946 26 1424 28 1865 24 897
1120 3.1320860202538672 1.1276667506705591 4.2902210414070918 143 112 107 1.3332150300954888 34 2586 36 3001
3477 1.5955581443343869 -0.60106402865425679 4.2902151027325974 68 91 47 1.6487484065191955 5 4974 4 3508 1 4713 6 3250
2369 1.4206424350432985 1.0152886145696205 5.4556799439813508 96 103 61 0.72845006828328773 11 2123 10 2509
12 2.5276718701251055 -0.34748301996209102 2.834571335665085 161 180 137 0.94487216349932746 29 1951 26 1733 28 2340 27 1711 24 898
1121 3.5454595463890528 1.6022309981437444 4.4727516256781943 159 123 107 1.2585764478195856 35 4246 36 3008 38 2467 40 3996
3478 1.7588296718722256 0.0082957616244386401 3.0733118896821865 163 190 130 0.44792058914346417 5 4547 1 3847 2 4401
13 2.5279971301953723 -0.34765758204191077 2.8367399897314001 161 180 137 1.0255751912228137 29 1952 26 1734 28 2341 27 1712 24 899 30 1510
1122 3.1915745702896436 -0.33220225207113196 2.6396852291595114 196 206 154 0.17463929822319604 34 2516 36 3024
3479 1.5816600250966433 -0.33811776223078893 3.768710897099973 14 34 7 0.4564965656121443 5 4546 4 3513 6 3052
2387 1.516487170039553 0.10773535335071541 3.6800521669696997 95 111 98 0.84831736095286125 13 3656 11 2422 10 1966
30 2.1346706100644899 -1.0803311461511147 3.7637878009183385 111 145 51 1.0133802003711065 29 2662 26 1955 28 2670 27 1914
2389 1.8438577222507744 0.52429135472782873 3.0934524369555438 143 160 91 0.23059700031842451 13 3694 11 2461 9 3609 8 2819
32 2.95443284141066 -0.61114923305990665 3.2396750263122849 106 132 87 0.57909517928065923 29 2736 26 1996 28 2730
2390 1.0164073782521059 -0.042601256296827442 5.1805545507411903 119 133 72 3.0419151178723958 13 4145 11 2473 10 2039
33 2.9060542772730416 -0.57559444288516493 3.2372665916210153 128 148 120 1.1337921470833705 29 2742 26 2292 28 2735 27 1959 22 2033 20 2211 23 2901 21 1988
2391 2.654386689351325 1.1375735486867626 3.2668009227526547 204 206 184 1.0167111286708461 13 4163 15 1003 11 2500
34 2.8604181797985548 -0.47016226884637008 3.2500180567950752 156 167 159 0.96208640962379588 29 2772 26 1724 27 1704 22 1434
2392 1.9370094411192893 0.96586436630241146 3.651849400366685 78 75 68 1.1168026896646184 12 1332 11 2515 10 2491
35 3.1552978514422416 -0.21882522277525093 2.6287437570709811 129 127 68 0.87420766033385156 29 2800 26 1749
2393 1.6250858702387418 0.86163061779759975 3.8089884462103605 35 37 16 1.0888162922088558 13 4179 16 2463 11 2519 10 2859
36 2.2552695137436496 -0.27376788150756126 2.9792607520411236 101 130 66 0.53540256128179797 29 2808 26 2072 28 2795
2394 1.786536123197459 0.97900942426623483 3.6557796968963694 171 178 129 0.50761806912666863 13 3758 11 2524 10 2496
37 2.1408090230057248 -0.30626413276113568 3.2648809466379789 111 134 90 0.94151811548853226 29 2818 26 2362 28 2803 22 1795
2395 1.5203065958522237 0.70086675291276079 5.0352785811618235 119 123 87 0.70916496481322844 13 3768 11 2531 10 2498 9 4056
38 2.0991609692700961 0.22554493948160434 2.7774014427238498 73 97 23 1.2685585873671379 29 2880 26 2414 28 2875 27 2411 25 1506 24 1459
2396 1.3688852448896134 1.0166663237665097 5.3389849159734339 158 163 131 0.66248593881197015 13 4209 11 2544 10 2878 9 3700 8 3426 5 4026 4 3119 1 4054
39 1.9410180466100613 0.36909196686445578 2.8785530616764148 138 156 102 0.43937168991061432 29 2918 26 2448 28 3246
2397 1.3219149910946251 1.0852856461615725 5.4608881488250764 212 214 177 1.3862996765293061 13 3801 11 2549 9 4069 10 2881 7 2713
40 1.9412995555365655 0.36997271336245835 2.8779920508574501 138 156 102 0.87234626423716088 29 2919 26 2449 28 3247 25 1945 24 1481 22 2182
2398 2.4454018523971008 -1.0301562762883574 3.5000909838817811 131 154 72 1.0335688578862929 13 4239 11 2565 10 2543 9 4083
41 2.4553834100864314 0.52601388225295198 3.2405001017550665 80 99 78 1.2857790604715935 29 2952 26 1864 28 2553 27 2128 24 1128 22 1570 23 2023
2399 2.42828303196191 -1.0899462536334306 3.7267322036611588 116 139 38 1.2309021523724242 13 4241 11 2569 10 2901
42 2.2047941876961548 0.71947837049730567 3.2449722472233922 66 82 55 1.5076614876149967 29 2973 26 2183 28 2967 27 2488 24 1506 22 2233 20 3071 23 3129 21 2507 30 2259
2400 2.0261022322836126 -1.1380960930409172 3.8105503700418248 131 151 37 0.64309093913829773 13 3833 11 2571 10 2548
43 2.8787189987583655 0.74012321647576162 2.9470669199762227 103 124 93 2.2732832527024969 29 2977 26 1549 28 3286 27 2490 24 1138 30 2260
2401 2.5056916201105395 -0.92787470222739599 3.4292814562583045 122 147 71 1.0127240375355566 13 3840 11 2574 10 2552
44 3.5898425183013476 0.84723208863049704 3.4530278179261225 186 195 192 1.3322733440869206 29 2986 26 1879
2402 1.9025845606513501 -1.0739900190415288 3.7927655262459044 153 179 81 1.9170566629899262 13 3361 11 2582 10 2557 8 3479 9 3736
45 2.7591324675514279 1.0560397405987416 3.3701484978779437 87 100 74 0.38627072516845506 29 3006 26 2211 27 2186 30 2628
2403 2.190275858499092 -0.65280781037745883 2.8247755380031205 216 227 168 1.4709547387585529 13 3368 11 2586 10 2151
46 2.2522891394540459 1.162511234438091 3.2329860833375461 170 184 169 1.243146613435929 29 3014 26 2511 24 1735 22 2260
2404 1.8989560066984936 -1.0343800148192948 3.7620743584293468 118 145 42 0.7009715745070767 13 3850 11 2587 10 2561 8 2427
47 2.5924856113578398 -1.0860007647503145 3.4289606612970851 107 123 51 1.9164402608975095 29 3027 26 2237 28 3035 27 2211 25 1591 22 1988 30 2309
2405 2.0461733342375754 -0.95335036380457294 3.6653099214942819 87 104 14 1.1659422337698875 13 3857 11 2594 10 2571 9 3750 8 3491 3 2027
48 2.5133252997002753 -1.0248774123568922 3.3491357186375219 226 225 195 0.95659570364014956 29 3029 26 1938 28 3039 25 1594
2406 2.0638089199179195 -0.5750108900655666 2.8325505778437639 139 164 43 0.88670345790247707 13 4271 11 2602 8 3867
49 2.513507066853617 -1.0261796794170572 3.3564072130252995 226 225 195 0.69318767624588684 29 3030 26 1939 28 3040 27 2216 30 2319
2407 2.0460525752441767 -0.52779215177092109 2.8354351043104407 85 108 20 0.77399215602069527 13 4286 11 2615 10 2184
50 2.6043857959873478 -0.96921954881070593 3.3162680870430377 129 123 74 0.8847057924680467 29 3032 26 2243 28 3047 27 2226 25 1599 30 2326
2408 2.2417720515866266 -0.4314817741645347 2.7011178878396542 180 189 125 0.46314374261793168 13 3886 11 2619 10 2600
51 2.492961360521313 -0.99084512518289602 3.3773100391774999 98 134 44 2.1362398064377777 29 3034 26 2242 28 3046 24 1536
2409 1.8584161905454148 -0.78807973997648362 3.8007584364730307 163 188 107 0.69928424177600901 13 3904 11 2630 10 2968
52 2.8077764644752641 -0.70402988539509248 2.9670722762275652 148 194 63 2.7263680490427369 29 3056 26 1966
2410 1.7321094605103919 -0.64244910050640913 3.5840355731139479 189 207 149 0.99517773007616994 13 3924 11 2640 10 2235 8 3121 9 3816
53 2.8747736539722015 -0.57108176305594727 3.2551693361724037 37 69 22 2.0023575527329056 29 3087 26 2593 25 1847 27 2612 24 1572 22 2329
2411 1.7350077409816971 -0.64190509305385779 3.5859528898114346 189 207 149 0.65081021330710276 13 3925 11 2641 10 2236 9 3817
54 3.1405509641281073 -0.31772983043059583 2.6763649904145943 79 101 38 1.5731201505941979 29 3109 26 2037 28 2770 27 2322 24 1202 30 2407
2412 1.8045689303629193 -0.66131675689317793 3.8429516713875107 171 200 110 0.22225332932258368 13 3473 11 2651 10 2260
55 3.2191163941974437 -0.23518814172026115 2.6377430153695931 63 84 35 1.3894166147729106 29 3120 26 2055 28 3150 27 2342
2413 2.2442371487048312 -0.29512419444369686 3.0015854636718178 156 172 127 0.79462157878831963 13 3947 11 2656 10 2652 9 3821 8 3566 3 2274 7 2535
56 2.911038114983608 -0.20333898859626021 2.662801539513004 69 93 36 1.8058108543230311 29 3127 26 2346 28 3159 27 2357 22 2082 23 2953
2414 1.9438043192251986 -0.45265087766414686 3.431313296062795 144 169 103 0.65078957931363945 13 3953 11 2662 10 2664 8 3147
57 2.8082158260239654 -0.10170647279832498 2.7282207292669773 164 183 151 2.1506678854127648 29 3156 26 2372 28 3450 27 2375 24 1416 22 2101 23 2977
2415 1.7677365022981744 -0.44347034135370705 3.3953415414038299 94 127 47 1.0241741167558045 13 3965 10 2669
58 1.4727713798952504 -0.24510652069083577 3.6892506826372946 205 217 179 0.63078489692302542 29 3164 26 2666 28 3195 27 2036 25 1687 22 2403 23 3318 30 2152
2416 1.9035191495461146 -0.017313036715372321 3.0626933616495275 133 160 87 0.74465649670575251 11 2713 10 2325
59 2.9031048164340496 0.015583716373725598 2.8773871762397945 172 194 147 1.0227046306677066 29 3177 26 2679 28 3203 27 2390 22 2118 20 2307 23 3000 30 3043
128 3.234051784192133 0.69798795248788781 2.9659158073045364 24 39 8 2.5241692260943438 29 4003 28 4030 27 3245 32 1642 25 2456 26 3234 30 3222
129 2.1283998824144916 1.0565649379516013 3.4283250197997321 70 90 65 1.0072794303414299 26 3246 25 2470 24 2186 22 2954
130 1.7018780430261677 0.93613180448400146 3.7018010456636019 0 0 0 0.42099757111450337 29 317 28 264 31 175
131 1.9763989388796641 0.34547510488338357 2.8665866983209702 75 93 52 1.1749740191342948 29 1227 28 666 30 936
132 3.4895996345161309 0.54172960638717782 3.0895026867353215 171 182 170 0.25277864445327752 29 269 28 686 27 635
133 2.1402652384683942 -0.5029771657288834 2.6815046262528703 154 160 128 1.7394022245475498 29 963 28 891 27 1103 22 886
134 2.268270992897623 -0.00036013989920471111 3.0428236778090625 43 62 28 0.84042943971972461 26 865 28 1047 24 609
135 3.5577653771125752 0.82545536672874731 3.4163597460007007 151 154 149 1.0595727159121406 26 944 28 1178 27 1561
136 2.704884335065985 -1.1109138063698438 3.4679016749748932 193 215 150 1.3643650427793717 29 1803 28 1257 27 1616
137 2.417946129581483 -0.4733198713417997 2.7562180984083198 187 194 152 0.94778553415743549 29 1431 28 1346 27 1399 30 1762
138 3.0230811708534131 -0.31077887330457366 2.7212422014380371 105 130 73 0.7358108413967881 29 2364 28 1392 27 1982
139 1.9825270996628217 -0.17609896474649989 2.9522156148775722 123 159 68 1.8568037662265855 26 1468 28 1455 24 925
140 3.0697178513819887 0.069134559719767688 3.0020342818771142 80 106 60 1.4933759045130459 29 1572 28 1489 24 760 26 1194
141 2.1546717042989774 0.17628404726362457 2.764883867792062 165 182 117 1.1303645682350394 29 2068 28 1513 27 1490
142 3.2612346193707467 0.39408170581696317 2.8209481851852889 135 152 133 0.167717588467933 26 1229 27 1517
143 2.5412320332637002 0.51549056688990325 3.09890321267169 64 87 43 0.98923163315307072 29 2143 28 1605 27 1244
3111 2.0397033083350506 0.24000756112221913 2.8272868418678438 121 149 62 0.93159678850157668 3 2322 7 2602 5 4234
754 3.117429235331739 -0.41133654469445996 2.695156757527128 162 170 133 0.50565460551580999 31 2147 33 2681 35 3409 34 1747
3140 1.6533114767651396 -0.07459360242768992 3.6684976997179066 36 53 9 1.6788594989066923 3 2753 7 3011 4 3541
783 2.4195877182848045 -0.52186043162816287 2.843268301167321 58 71 17 1.5705028804264634 31 2138 33 2916 35 3931
3158 1.9830730718841376 -0.034278507536370018 3.1090101129965761 36 62 14 0.71041657325269414 7 3334 5 5256
801 2.3760975256888606 0.28595354684502094 2.8383593684190664 159 172 116 1.2240488181985465 31 2349 33 3005 35 4010 34 2297 36 2797 37 2431 38 2236
3171 1.3554123597957626 -0.15938826043705404 3.7916795069998752 167 177 118 0.85577347708608753 7 911 5 1728 1 1957
814 3.3100601153374862 1.0350363639974187 4.2627622204748974 78 64 64 0.85943006168382197 33 3063 35 4081
3172 2.5964215422635588 1.9698643042024166 4.1685264628900534 174 160 143 1.9836120375193003 8 1481 5 2019 6 1177
815 3.3433077457879024 1.1624325726543181 4.3934948572471288 120 97 93 1.8476133529287384 31 2262 33 3071 35 4239 36 2865 34 2358 32 1553
3184 2.1671113499319792 -0.40692116522833272 2.7147986449271175 139 160 86 0.69251244812789892 7 1946 5 3018 4 2021
827 3.1484560419845304 -0.38004038603006463 2.6825573725756868 47 57 28 1.4782349480389461 31 2307 33 3113 35 3946 32 1485
3185 2.1450305251857307 -0.88608256468828306 3.8825117500516702 125 146 89 1.6699476359691685 7 1962 5 3050 4 1505
828 3.1943465001415756 -0.37671118974373058 2.6741989496823737 89 90 59 1.0801784131856433 31 2308 33 3114 35 4148
3186 2.1026603668659805 -0.34927332456393673 2.7599471640889686 171 189 136 1.2789752185542622 3 1827 7 1629 5 3065 4 2050 1 2468
829 3.2769072024780472 -0.37041908732248913 2.7335573759324991 87 108 49 1.7892498729634287 31 2312 33 3116 35 4271 34 2519 32 1487 30 2980 27 2621
3187 2.1571334441057695 -0.34194996669957889 2.7608633397787097 171 189 136 0.64831404328578446 7 1630 5 3066 4 2051
830 3.1640687290995206 -0.28893424599110018 2.6657694704798662 45 62 26 0.7767179064025781 31 2319 33 3120 35 4157 34 2242 36 2740 30 3176
3188 2.46681289458648 -0.8999751774604462 4.4228016525343152 99 124 59 0.40209397507761108 7 1992 5 3112 6 806
831 3.0195377277651008 -0.2252943526567967 2.6459292896090063 220 219 188 0.65677313367646939 31 2322 33 3123 35 4162 34 2422 36 2923
3189 2.3425517764301218 -0.7299936648286609 4.3644029591035469 160 183 113 1.636817503609225 8 2586 5 3166 4 2545
3190 1.6647412538842008 0.056627429489045297 3.1048490237877582 177 200 154 0.7195340115828206 7 2069 5 3279 4 2613 1 3342 2 2861
833 3.2023443536041492 -0.19915237518945864 2.6575592929508329 47 56 27 0.89479939729234004 31 2329 33 3125 35 3963 34 2254
3191 1.632350729297394 -0.0088821599021061196 3.7268848355298108 125 146 105 1.1054984948193134 7 2096 5 3341 2 3583
834 3.3496563134971589 -0.22369989030518397 2.7283113941555288 71 80 36 1.2064509369500738 31 2328 33 3126 35 4165 34 2425 36 2928
3192 1.5404342688809856 0.053066243160037184 3.6907372197996895 97 122 82 1.0781792042220035 3 1918 5 3356 1 2797 2 3599
835 3.1063813745799536 -0.21442671412429359 3.0917576442139563 149 156 122 1.9744051473321949 33 3131 35 4169 37 2734 38 2507
3193 1.7403346924780354 -0.05948189713717026 4.9632614578316128 88 100 71 1.4941934454237746 7 2142 5 3420 4 2293 1 3491 4 2696 2 3051 6 2619
836 2.5525897446258119 0.12456518031749327 2.8791891711449167 31 45 20 0.93348729220382121 31 2340 33 3138 34 2283
3194 1.5712783481035393 -0.071329551536485181 4.9838474626673648 224 232 212 0.47421338948897768 7 2146 5 3441 4 2299 1 2905 2 3059 6 2313
837 2.6499079807285253 0.37621081896101116 3.1546540545532604 49 60 43 1.1562882139293675 33 3150 36 2965
3195 1.4865661387941236 -0.025188115406647595 4.9896066157246386 193 201 184 1.2902397734315498 7 1819 5 3458 2 3083
838 4.1652092748420131 0.17607578344299915 4.0202308369982376 170 188 172 1.6191299005209163 31 2216 33 3151 35 4205
3196 2.5782211575583318 -1.1967951349055097 3.5885128897574643 159 178 100 0.79523838842045524 8 2969 5 3584 1 3638 4 2792 2 3236 6 2045
839 2.9880775160195077 0.56277850497661097 2.8093536758273081 78 95 59 0.57226678678503218 31 2458 33 3155 35 4211 32 1634
3197 1.8920560034787182 -1.0497901165269397 3.7425747780500269 186 195 140 0.96796882098949555 10 2558 5 3622 4 2833 7 2236 1 3102 2 3863 6 2408
840 3.8173501236638816 0.4533340225174996 3.9800617023421894 92 111 83 1.4078478578919402 33 3156 35 4051 34 2331
3198 1.9069778229938559 -0.98644061250711002 3.6747287681368608 211 226 170 1.4393691360445846 3 1789 5 3629 4 2448 1 3115 2 3301 6 2082
841 3.4900904498899794 0.53331196904085176 3.1797897588747204 166 177 164 2.0869531590044641 31 2366 33 3159 35 4214
3199 2.0093645220726328 -0.95371044140769745 3.6580108894534833 118 136 49 0.642919244201823 7 1936 5 3635 1 2408 2 3302 6 1307
842 3.3365712533212895 0.55580061422576166 3.1243931050001499 99 122 96 1.0450135512864058 31 2460 33 3160 35 4213
3200 2.0938439655082255 -0.50361083794445027 2.7336658442550394 145 162 91 1.340090552923259 7 1577 5 3642 4 2000
843 3.5277345274968503 0.82341340102137961 3.4421202940309987 142 145 134 1.3125354377074523 31 2376 33 3166 35 4227 34 2483 36 2989
3201 2.1983110459473418 -0.86763898821595498 3.8853993776119724 64 89 25 1.9221860370138906 7 2273 5 3678 4 2491 1 3725
844 3.1136454004717589 1.1414472390372479 4.0361791526469153 152 129 135 2.1968415925452609 31 2261 33 3179 35 4236 34 2589 36 3002
3202 2.1585198328571296 -0.33059753676459064 2.7626806347431749 101 123 59 0.61855058979930944 7 1976 5 3684 4 2053 1 3172 2 3374
845 3.4796323469669268 1.1462286801117816 4.3817789280062271 138 106 91 1.552882037200467 31 2380 33 3182 35 4240 34 2495
3203 2.1822901160385872 -0.44393741180435942 3.2126412141287126 179 202 110 0.40817224303060179 7 2282 5 3709 4 1563
846 3.1776985596160703 1.1915962612581241 4.2885461871659452 144 105 98 0.10094971575815735 31 2381 33 3183
3204 2.202537298184668 -0.31693773073295406 3.0870528452831825 93 113 50 0.45318762773851684 7 2289 5 3725 2 2708 1 3214
847 2.5112764772828169 -1.0908025627733988 3.3892099158656861 197 199 155 0.38824391119743917 31 2393 33 3187 35 4247 34 2501
3206 1.8528007679014247 -0.66008589752671543 3.8257970648988713 81 108 50 1.6479124454651093 3 2279 5 3738 2 2738
849 3.6452997375637985 -1.0978769231027157 4.028393654853299 223 235 218 1.2077731863874082 31 2399 33 3194 35 4253 34 2503
3207 1.8131210412592518 -0.62887164260410888 4.0202702552820107 91 120 46 1.0616720651622713 8 3606 5 3769 1 3807 2 3977 6 2209
850 3.6236508731493733 -1.0439081037270912 4.1377825861259581 211 229 203 1.8825983313155323 31 2283 33 3195 32 1461
3208 1.8005401884164667 -0.45590869055213235 4.2332257501367367 122 145 99 0.37606712095469125 7 2348 5 3823 4 2198
851 3.0996770282936792 -0.56972205326634384 2.7683256560428013 58 79 46 0.86751876400393224 31 2405 33 3196 35 4257
3209 1.8913926045761928 -0.098609710628418681 3.6044696979544839 106 133 78 1.4854266808840688 7 2604 5 3839 2 2872
852 3.0409360288743654 -0.55751243848429388 2.7840225350766499 214 223 182 1.1841635407713873 31 2406 33 3198 35 4258 34 2506 36 2894
3210 1.343139776407702 -0.29767876082885997 3.8949584420442767 102 130 43 1.3004031818326227 8 3268 5 3851 4 2626 1 3373 2 3552 6 2555
853 2.3606649504405222 -0.52838505362452504 2.8109518146238668 58 81 27 0.78532723349564471 31 2409 33 3201 35 4259
3211 1.4195539163290578 0.22696648853344586 3.5227821885294146 1 5 0 1.165711990580679 9 3981 5 3920 1 2837
854 2.9963654126778834 -0.50456394311967356 2.7416190448864617 184 198 136 1.0068315768401555 31 2412 33 3202 35 4260
3212 1.6550439264574586 -0.049365616870541557 4.9259377334139982 122 130 107 1.1968526194255245 7 1466 5 3946 1 2898 4 1842
855 3.1112682414161221 -0.4761376549437859 2.7193625103942161 207 214 180 0.48126065568855059 31 2414 33 3203 35 4262
3213 1.5989593950847758 -0.078469050895718401 4.9876740593435303 102 113 81 0.74488539788137087 7 2145 5 3948 4 2700 1 3500 2 3676 6 2312
856 3.2280737980720149 -0.49148201662818508 2.759134388822523 57 75 27 1.1039995211140794 31 2415 33 3204 35 4263 34 2391 32 1474
3214 1.6370838291874075 -0.054886478664065465 4.9861396625684193 117 125 103 1.6051531450239096 7 1811 5 3950 4 2701 1 3503
857 2.3750741663313955 -0.4537574029809468 2.7399129361867307 184 186 146 1.3575049207081533 31 2413 33 3206 35 4264 32 1570
3215 1.5104429009193197 -0.04181990787086793 4.9667598932470725 170 179 156 0.57381905212719941 7 2153 5 3955 4 2705 1 3510 2 3690 6 2319
858 2.3322476802828351 -0.41551007334254009 2.7352224772968095 36 52 5 1.7782869027192287 31 2420 33 3211 35 4268 32 1481
3218 0.83014045866685682 -0.062761593023193132 5.0102445448751816 114 130 74 1.570116996086057 3 1400 5 3996 4 1886 1 2975
861 3.1907588280265209 -0.32784849996982024 2.6501246390838076 158 155 112 1.9387845880214734 31 2426 33 3219 35 4273 32 1584
3219 1.4638268452052541 0.84365152207343108 4.3136410451180129 103 111 87 1.2683730990189082 7 1860 8 2924 5 4007 4 2362 1 2990 2 4212
862 2.3371482620868815 -0.15218945817857563 2.9818094656773626 134 161 88 1.5533317251309995 31 2332 33 3225 35 4167
3220 1.4565519369073188 0.84482452130754138 4.3345658502265634 126 143 111 0.87512193684788553 8 2307 10 2865 5 4008 1 3576 2 3777
863 2.6279824606700268 0.1815537046865022 2.9975673788288164 32 43 15 1.5951229696076243 31 2343 33 3238 35 4296
3221 2.2272419924893159 1.8744354808802868 4.1987760867211259 158 131 112 0.96504573803541227 7 2705 5 4023 4 2375
3222 2.4671692441721924 -1.1181109529804087 3.5243735193880523 98 122 30 0.8752404917052562 7 1901 5 4049 4 2801 1 4069 2 4254
865 2.3155298902810473 0.3113237255716082 2.8059186077389948 139 146 94 1.5903835625842611 31 2439 33 3240 35 4297 32 1523
3223 2.4547250446119655 -1.0131007491051542 3.3645413324420748 144 161 81 1.0627458781940535 7 2211 5 4052 4 2803 1 3649 2 3241
866 2.2577673469005104 0.33051058533886629 2.7505695716955327 200 206 171 1.0688364475901326 31 2441 33 3242 35 4298 34 2453 36 2957
3224 2.1635289216490032 -0.63283458448965679 2.8018326278598362 208 220 159 0.95031528710947133 7 2230 5 4066 4 2815 1 3659
867 2.1945365811657904 0.36655336127148874 2.7617565550218224 47 60 32 0.7593075424774226 31 2442 35 4299 32 1624
3226 1.8747776061315733 -1.0670073586171804 3.726733173231989 168 174 111 0.74885944945285599 7 2232 5 4072 6 2403 1 3671 2 3857
869 3.767794998862521 0.39852748010600714 4.0957755363357391 124 137 127 1.0405959637402145 31 2453 33 3255 35 4311
3227 1.9264275751260658 -1.0751654465509326 3.8443308610900102 149 175 100 0.79213694181809002 9 3318 5 4084 1 2397
870 2.9346535512240695 0.72332843713698214 2.9960766628609177 37 51 20 1.011177110345415 31 2465 33 3263 35 4318
3228 1.622687841270819 -0.52358466637656087 3.5218539826637665 73 106 38 1.6379589739881277 8 3162 5 4157 1 2567 2 3445
871 3.2266421313734077 0.70608529628202865 2.9654388764470609 19 38 10 1.9422658635999899 31 2466 33 3265 34 2340
3229 2.2477922344326471 0.16533297827857549 2.9574454606215546 188 211 158 0.90750770873317765 7 2343 5 4219 4 2966 1 3844 2 4006 6 2531
872 3.2988220841865217 0.79477401987469642 3.0780255056342689 151 158 140 1.2442476166817336 33 3268 35 4322
3230 2.1641340314502666 0.3515085384725381 3.0287227853453733 96 124 76 1.2708052731874671 7 2090 5 4258 4 2996 1 3881 2 4048
3231 2.5595575289211872 1.0901363459102471 3.3853939426094652 210 214 200 0.67499800673390975 7 2417 5 4364 4 3086
874 2.8907058871444495 1.4962632405850154 4.0518872298274573 156 118 105 1.8745693272356938 31 2387 33 3280 35 4244
3232 2.356452105150681 1.1209244691300935 3.3319157599872815 198 204 190 1.4812265152139574 7 2427 5 4376 1 3993 2 4170
875 3.4924818499519428 1.6829329962856354 4.3956850820709628 205 189 190 1.0446723671551648 31 2481 33 3282 35 4337 34 2598 36 3104 37 2871 38 2626
3233 2.0544115296429095 1.4005541695253463 4.0468790199504765 126 102 76 0.4383356546967157 7 2439 5 4398 4 3112
876 3.2177679812599251 1.7659678021946379 4.2608939480799704 161 131 124 1.2438280538804656 29 3577 28 3592 33 2889 27 2542 31 1842 34 2184 36 2442 38 2115 25 1782 23 3183 30 2933
3234 2.1856736896894056 1.9063513805747376 4.2544328474995003 168 146 123 0.66103473986272243 7 2712 5 4405 4 3401 1 4049 2 4232 2 4567 6 2925
877 3.4774519051472237 -0.1016954611471743 3.0705309034943875 124 145 112 1.4793787837307031 33 835 35 1229 37 1031
3236 2.1852873511732915 -0.45475610913901476 2.917000621446737 69 92 22 1.255693041593954 7 2510 5 4461 4 3447 2 4630
879 2.181521748788315 0.22995282634891673 2.7908411661399022 127 143 78 1.5954964556816045 27 927 35 1788 36 1190
3237 2.4402454368419013 -0.91826400797652907 4.4115794271926658 195 211 162 1.7008523753376905 7 2770 5 4485 1 4451 2 4654 6 2458
880 2.7801448396088242 1.0588868761641701 3.392300874668551 111 119 96 1.7434000000577441 33 1562 35 1946 34 988
3238 2.2775898498127813 -0.25770734515506927 3.0396293591140031 132 150 92 1.1608667645946755 7 2294 5 4491 1 3767 2 3946
881 2.201337536379711 1.1606197646147587 3.3296336846900831 148 169 160 0.7341455890765447 35 1949 32 785
3239 2.5805685056554424 -0.072411441239394664 2.777379115858122 105 133 79 1.2085912133988861 7 2540 5 4492 4 3208
882 2.6883312856438946 -0.088275772463476204 2.6477437762706546 97 130 61 1.0554542156771374 33 1446 35 2221 34 902
3240 1.7905944975981307 -0.46774780506625502 3.4448064942890357 174 194 145 0.99409447137802953 7 2779 5 4497 4 3216
883 2.3244300084338207 0.31570239654759152 2.7835365792771811 94 102 42 0.87668118944232631 33 1831 35 2311 36 1503
3241 1.5308737586006513 -0.24638211932672124 3.6668584245300861 107 132 66 1.2191394874161794 7 2598 5 4556 4 3267 2 4024 1 3861 6 2542
884 3.4767198685555845 0.20272083144081504 3.0898549668873301 161 178 144 0.98866787093042308 33 1489 35 2320 34 1351 36 1516
3242 1.7351123503468466 -0.12749268258744273 3.6229567141957797 52 79 26 1.5725513308091628 3 2325 5 4560 2 4416
885 3.3356597049198067 0.30790715496961274 2.8971838642762404 131 151 124 1.596658393237852 33 1498 35 2339 34 1357 36 1524
3243 1.7034794827357522 0.065042780181177998 4.0303540447967547 32 47 11 0.85949794980284244 7 2851 5 4618
886 3.2787323861049775 0.71703012709245406 2.965206976090855 128 140 120 1.6691576510779464 33 1203 35 2398 30 974
3244 1.5807268273155892 -0.044808186640094901 4.9879255774599036 92 107 68 0.41247602418888923 7 2666 5 4639 1 4308 2 4506 6 2879
887 3.5713689006282716 0.91708911202170995 3.5215609772390257 97 99 86 0.94171489009282405 33 1556 35 2431 34 1179 36 1584
3245 2.1995467584707042 1.0501441003886682 3.4229557297713922 169 180 166 1.2290942566411276 7 2683 5 4651 4 3374
888 3.8849772395538515 -1.0598082978415915 3.9495659633045892 140 162 92 0.70182393106777452 33 1631 35 2500 36 1622
3246 2.2285076296375927 1.1520468678216156 3.2895659488471756 197 204 186 1.6063933888790527 3 2611 5 4653 4 3377 2 4804
889 3.0759268381246723 -0.49482940717352092 2.6956083864734759 116 119 64 1.0668743888193983 33 1667 35 2537 34 1042
3247 2.1091885229458462 1.8509575482984768 4.2587466776414198 127 95 67 2.1411120667373007 7 2711 5 4679 1 4048 2 4231
890 3.3035583457386415 -0.49290722021949873 2.7575811067064984 131 118 73 0.62512340121607501 33 2055 35 2551 34 1468 36 1942 37 1532 38 1477
3248 1.9844352219725667 -1.0750928157198827 3.9097550396729872 74 97 42 1.1980404658609858 7 2741 5 4706 4 3665
891 3.4229717532448602 -0.45637869265929659 3.0125688508148269 48 66 14 1.263448587580946 33 1395 35 2598 34 1272
3249 2.3289808572190211 -0.21160476438479989 2.9546582800439953 164 170 130 0.37722582992593834 7 2957 5 4748 4 3476 1 4453 2 4657 6 3013
892 3.1889738892087571 -0.32904850162573218 2.6599996859492068 140 141 81 0.57995862434636891 33 1713 35 2609 34 1275
3250 2.1348015177572117 -0.33720863151783448 3.184834762003661 84 116 33 1.167259529046129 7 2775 5 4749 4 3477 1 4454 2 4659 6 3015
893 3.283189822003941 -0.32704946055538398 2.665238585122359 206 220 171 0.79259509543276807 33 2103 35 2614 34 1492 37 1565
3251 1.5428166278083619 -0.27594982727458267 3.6197353229976521 84 119 53 1.0038500945619355 7 2587 1 4199
894 3.1608348286830745 -0.26249049045669209 2.6273429265387724 184 195 153 0.30246831598871599 33 1736 35 2630 34 1075
3252 1.4968762106296902 -0.27175983584145719 3.7505523885934076 102 132 38 0.92838954116810779 7 2809 5 4781 4 3524 1 4497 2 4702 6 3061
895 3.1680511207659943 -0.22248039435906039 2.633107957317915 163 162 115 1.6733582192344778 33 1750 35 2645 34 1298
3253 1.7894085513882863 -0.11881263552787903 3.6075478692908991 107 137 86 1.0759104679517926 7 2998 5 4785 4 3736 1 4213 2 4413 6 3063
896 3.3909248651870678 -0.26803834127060111 2.7786859974076941 114 131 63 1.1974795711855817 33 2141 35 2648 34 1508
3254 1.9898032316988343 0.25351420795876395 2.9455943626354539 77 106 38 1.4027619598360681 7 2816 5 4789 4 3529 1 4498
897 3.3084520323031792 -0.22059797665145212 2.6943800436565781 113 115 59 0.51731821811967038 33 1435 35 2653 34 1083
3255 2.2680418169554555 0.30400501854927808 3.0112386940163893 66 90 32 0.38373320145979428 7 2817 5 4790 4 3530
3256 1.3946913036149085 -0.24539071677101185 3.7521230686261582 195 203 155 0.56668316778127181 7 2815 5 4791 4 3533
899 2.2233858738412167 0.19329518293657366 2.8518945442899342 94 113 58 1.5361011565421137 33 1802 35 2722 34 1336 36 1479
3257 3.0737109150894337 -0.092144632992000139 5.2777884083150903 189 193 169 0.73151668159454664 7 2842 5 4826 4 3321
900 2.5999731119722922 0.17907875998106337 2.9576649906933943 75 95 58 1.8635330825894334 33 1471 35 2733 36 1774
3258 1.6700100240075277 0.38177907043873865 3.3611631549738905 82 103 65 1.3248841766352257 7 2854 5 4841 4 3583 2 4765 1 4267 6 3112
901 3.4684323363302467 0.30580678297410424 3.4454450182508274 88 110 71 1.6352334047228747 33 1865 35 2789 34 1361 36 1532
3259 1.2840148087744427 0.3371788805637721 4.1068444758721236 65 86 32 1.1842766042118995 3 2607 5 4871 4 3611 1 4588 2 4522 6 3146
902 3.7401566285182848 0.29411388848881176 4.2724711097000201 69 89 64 0.82433320576499103 33 1873 35 2807 34 1372
3260 2.3804781440040852 1.9961261885235217 4.2534484360234535 144 112 87 1.6911126785415682 7 3089 5 4894 4 3641 1 4623 2 4566 6 3173
903 4.0313806309520368 0.33973846336205449 3.9925354127221104 142 159 140 1.0363663903002456 31 1785 35 2819
3261 0.58956340479852298 1.8635784180540189 5.6927086708990799 64 71 115 1.8882541882335424 3 2973 5 4899 1 3632
3262 1.8857611139577453 -0.96271172006176631 3.851402077872494 106 135 56 1.212655642404552 5 4924 4 3846 2 5049
3263 2.1320847187921577 -0.36998402298164651 3.1708608952248958 183 202 135 1.3156686599199652 7 2951 5 4941 4 3694 1 4679 2 4895 6 3221
906 3.6208191702301797 0.85098597639063212 3.4721523065909974 58 64 52 1.8849340747617636 31 1325 35 2887 34 1399
3264 2.3197063514810226 -0.28415871034266837 3.0538102222974208 70 86 34 0.81764681081983426 7 2952 5 4942 4 3857 1 4855 6 3383
907 3.779779626256949 0.92040183503929862 3.5426386033479629 184 188 161 0.41527017018311402 33 1943 35 2906 34 1409 36 1589
3266 1.3604804892689943 -0.20800578043431328 3.7527387859940364 82 104 21 0.49848184568897907 7 3005 5 4987 4 3743 1 4511 2 4716 6 3072
909 3.1517435012468118 -0.59141235844446283 2.7645715423201422 198 214 165 0.2817250125882928 33 2021 35 2971 34 1442
3267 1.3602742346341521 -0.20809776165917193 3.7526576646571295 82 104 21 0.46391415750662079 3 2749 7 3006 5 4988 4 3744 1 4512 2 4717
910 3.1517435012468118 -0.59141235844446283 2.7645715423201422 198 214 165 0.2817250125882928 33 2022 35 2972 34 1443
3268 1.3290831879690126 -0.25129818471489657 3.8679477245445444 74 98 21 1.584545226159715 7 3008 5 4989 4 3749 2 4950
911 3.1663568210015165 -0.59135238114259925 2.7696130156440733 61 85 35 1.0624270313715707 33 2024 35 2973 34 1214
3270 2.113569674317997 -0.17871582143180775 4.776933951182663 177 188 156 0.76565979029439946 7 2845 2 4970 1 4753 6 3292
913 2.3606647134037844 -0.42747405842958014 2.7340129649376737 65 58 27 0.96917669822774055 33 2374 35 3012 30 2387 27 2610
3271 1.3266697103889578 0.42496245839891944 4.0937731613638473 48 69 13 1.1266618528076353 3 2959 7 3205 5 5041 8 4589 4 3812 1 4800 2 5004 6 3333
914 2.2290163410730162 -0.40428800839632373 2.7343246904055385 99 109 58 0.81502848139171036 33 2072 35 3022 34 1248 36 1654
3272 2.3387906908006704 2.6157474617729015 4.6792109125333576 0 0 0 0.10940441884719257 8 4606 5 5057
915 3.1311671431814161 -0.26878574497839486 2.6281624450047349 151 160 113 0.75693055774006412 33 2128 35 3074 34 1287
3273 2.1850649873770651 -0.3315447087412019 3.3552497392424026 48 65 21 1.016713224374423 7 3127 5 5075 4 3976 2 5186
916 3.4114000643329017 -0.37140172836485025 2.9994916737024191 71 87 48 0.27372649457139347 31 1248 33 1733 35 3076
3274 1.6485896002192535 -0.41366552310553367 4.0355664221185314 46 63 19 1.796471893620265 5 5085 4 3988 6 3525
917 2.1919235593388064 0.13615033125993259 2.8955887735215042 108 121 75 1.3681104553030228 33 1787 35 3136 34 1324
3275 1.2273804694482253 0.27555520649148668 3.4517842078747392 18 36 12 1.4811253134436724 7 3191 5 5115
918 3.5015782933565873 -0.010106464012684767 3.1771116514175977 7 21 0 1.5664799686539703 33 2472 35 3142 34 1819 36 2311
3276 1.4121215073811602 -0.036214266551878621 4.9918973684737056 198 204 190 1.134824146396282 3 2947 5 5120 4 3919 1 4927 2 5121 6 3457
919 2.3003031681451458 0.14683537321867116 2.92144317714336 43 65 29 1.1001168007292794 33 2190 35 3146 34 1549
3277 2.299984884095891 1.5674916636217324 4.0038383905883865 168 153 135 0.97865720455961769 5 5131 2 4837 6 3169
920 2.5896438467480949 0.32094119085719458 3.2382555334069627 40 50 34 2.0820683758945941 33 2213 35 3182
3278 2.5925653960627879 -1.1199936061878895 3.6145251626139316 89 111 29 1.2811192826356048 7 3226 5 5143 4 3944 1 4958 2 5156 6 3492
3279 1.9859505077023705 -0.9188519985698671 3.730013212206083 76 102 28 1.4726142260419177 7 3238 5 5153 4 3954
3280 1.9564939522234546 -0.92122037196579476 3.7239153287544151 76 102 28 1.4588737135153564 7 3239 5 5154 4 3955 1 4969 2 5171 6 3501
923 3.1668446225341103 0.49304057707854643 2.8095367435810568 152 171 139 0.7911925330750168 33 2534 35 3214 34 1606
3281 2.2417049763959032 -0.3497805823295585 2.9965472828933626 98 120 58 1.4870189480118743 7 3321 5 5163 4 3973 1 4852 2 5055 6 3379
924 3.776129824249177 0.43037711763417258 4.0746507871573323 89 110 79 0.26106208545914061 33 2248 35 3238 34 1625
3282 1.5485526464518125 0.26586271168626746 3.934897826736703 30 43 13 0.88901119264812756 3 2943 4 3905 2 5219
3283 1.6350941780089761 0.41300497227675587 4.0003485430796708 20 31 15 1.8836497335299724 7 3197 5 5211 1 5017 2 5226
926 2.8934796423435998 0.95185440178788261 3.5322277333584009 81 90 71 0.60700262721342924 33 1926 35 3289 34 1906 36 2138
3284 1.5474478298915257 -0.51840229084256084 3.8704430732780408 48 65 30 1.9945373450697184 7 3256 5 5255
927 2.7301845405520231 1.0607791659281509 3.4396135002450268 58 72 49 1.2963539995854498 33 2589 35 3299 34 1671
3285 2.4869410701894425 1.0847112984472116 3.3885727361623208 158 161 149 0.57981699097587036 3 1699 7 1834 5 3482 11 2072 13 3225 10 2051 9 3200 8 2888 4 2321 1 2159 2 3084
928 2.7261327144084841 1.0810721999350248 3.3164881304071567 83 96 70 1.7195609874739768 31 1828 35 3305 32 1206 30 2291
3286 1.866496421942593 -0.1289563893409342 3.5950306640131884 4 9 0 1.8417500525678046 3 2907 5 4978 9 4935 7 2994 4 3734 1 4495 2 4697 6 3058 8 4656
929 3.870079616938241 0.92219431476069269 3.5957522292097188 114 129 90 0.1854921879341585 31 1582 35 3308
3287 1.6867332652108227 0.80707834432138603 4.0220136619081357 6 6 3 0.23800735493720304 5 5044 4 3625 2 4819
930 2.6822052316659026 1.1116979613726865 3.2612530643680371 68 78 51 1.9016201842557308 33 2308 35 3309 34 1404
3288 2.4445690694736171 -1.0759615028240141 3.3831055823909719 174 181 128 0.78392824574078324 5 999 4 11 1 627 2 801
931 3.2502959744267983 1.1813992899925951 4.2707314450863683 180 168 170 1.0576329071372357 33 2311 35 3318 34 1690 36 2165 37 2027 38 1870
3289 1.9286222321269972 -1.1297759899769242 3.8298042300039215 182 202 123 0.64267477259292172 5 1072 4 57 1 53
932 2.5597698052198874 -0.90791422835789015 3.3737156680298046 56 82 27 0.64597659305222865 33 2329 35 3351 36 1899
3290 1.3975970191968257 -0.325599281722801 3.6994624259994704 121 145 69 1.2082470658009423 5 1609 4 358 1 329
933 3.1818427508520974 -0.56245726755822822 2.7838016464891644 212 216 179 1.7582691891010125 33 2653 35 3372 34 1978 36 2480
3291 0.78433610135821519 -0.12071495308253764 5.0972732254556856 132 143 105 0.81029381856377825 5 1969 4 498 6 1148
934 3.3877105185144401 -0.24334126844482576 2.7461815660722944 183 195 147 0.54957324552644593 33 2422 35 3444 34 1786 36 2271
3292 2.4103872236341668 -1.0632616362652341 3.4742883356023264 145 172 93 0.39759661753354242 5 1020 4 629 2 812
935 3.2445456615608261 -0.19374100027100788 2.6669746610944807 62 59 25 1.2592671423241557 33 2735 35 3447 34 1790 36 2275 37 1873 38 1733
3293 2.4267254943504857 -1.0772843489956809 3.6318107621437083 219 228 180 0.53133955019232593 8 25 4 654 1 652
936 3.180907577010911 -0.17856502485949163 2.6864780279166216 145 157 120 0.56041199077747939 33 2433 35 3448 34 1793
3294 1.8835962717810717 -1.0775436606188871 3.725692619713779 212 219 161 0.47328819082410417 5 1086 4 687 1 1499
937 2.1765020296739177 0.1748483260617599 2.8373621014061428 56 74 31 0.87814378325292697 33 2480 35 3480 34 1546 36 1754
3295 2.7096405813958526 -0.88637042949152722 3.5531043652883043 169 189 118 1.6391368300063049 5 1098 4 696 2 1759 6 1290
938 2.333401359558533 0.25882611635340519 2.8174106074612739 29 41 17 0.8382873755535738 33 2487 35 3496 36 2042
3296 1.9220656006657761 -1.097635497613161 3.8417451611331357 148 178 92 0.51393648408611536 5 1101 4 698 2 1760
939 2.333401359558533 0.25882611635340519 2.8174106074612739 29 41 17 0.8382873755535738 33 2488 35 3497 36 2041
3297 2.650174643447472 -0.87106436253794017 3.6003887060139719 171 186 136 0.68820907701725664 5 110 4 708 2 869 6 83 1 75
940 4.0258081203107317 0.1402278107399291 4.2498976175963481 128 150 127 0.51293561287132461 31 1767 35 3524
3298 1.3431498720737189 -0.019995741683860268 4.9562290880081665 106 114 90 0.37800445030587032 5 838 4 1233 2 2334
941 4.014085628568556 0.14724641902798949 4.2374740598315457 126 148 127 1.3184580047527368 33 2804 35 3526 34 1859
3299 1.3152767077042304 0.92248863340166942 5.2915799689623677 102 111 84 1.1868409472416255 5 2022 4 1302 1 2271 2 2435 6 1180
942 4.1976650396613131 0.18391408854624833 4.0574575802087569 0 0 0 1.4885298454711891 31 1770 33 2809 35 3535
3300 2.4487898080271568 -1.0675248266149746 3.4671914811442708 166 190 107 0.69374839495142848 5 1011 4 1351 1 1454 2 1706
943 3.6485844502983698 0.334517669519801 4.2385528878733369 82 103 72 1.6087072404075542 33 2527 35 3554 34 1868
3301 1.9403179625815297 -1.1331967648113006 3.819576239176842 208 229 154 0.4461732078993203 3 586 5 2135 4 1383 1 2361 2 2517 6 1701
944 3.4784079693813461 0.67598130251254518 3.2843023696372402 159 170 156 0.80597433875935898 33 2267 35 3586 34 1892 36 2122 37 2261
3302 2.0695675592385898 -0.8314110832652114 3.9026049516869392 110 131 76 0.5599246608344195 5 1270 4 1537 1 3192 2 2662
945 3.3771995587502728 0.7661872739910276 3.3690363783004815 29 30 22 1.3952246129407055 33 2566 35 3591 34 1897 36 2396
3303 1.5042663742896389 -0.33281051222837926 3.7295602115113042 39 56 7 1.0858389382096643 5 2526 4 1702 2 2060 6 1499
946 3.3326470602248124 0.78503520569895924 3.3746392236555911 54 54 42 1.6058901815879789 35 3593 34 1898 36 2397
3304 1.4769075935816105 -0.27542580901280406 3.6798440069656571 148 157 100 0.92709022115111317 5 2545 7 1371 4 1712 6 1504
947 3.5586578022615587 0.80124436450729064 3.4511508952039085 21 36 5 1.465580351058116 33 2575 35 3602 34 2150
3305 1.4550085849156613 -0.28030143216034747 3.6763085866923304 148 157 100 0.92137360665493395 5 2546 4 1713 1 1880 2 2072 6 1505
948 3.6860024621635938 0.92153603870418777 3.5565285946090528 112 111 91 0.95397589480777567 33 2586 35 3618 36 2416
3306 2.102857938138655 0.22552789145196206 2.9432514487646158 87 114 54 0.89001628727631754 5 2556 4 1720 2 2857 1 3335 6 1850
949 3.8679302397586399 0.90359692745257392 3.5950046804717979 133 147 112 1.9069219668052237 33 2587 35 3622 34 1681
3307 1.4321684844874991 -0.31323514324894919 3.8020001677416837 158 178 105 0.52610021093723658 5 3277 4 1725 2 2871 6 1857
950 2.2998639769222908 1.4695632237609673 3.9345453717703212 64 45 39 2.6872651189929595 31 2267 35 3638 36 2167
3308 1.38740545821721 -0.29155100874621548 3.8669664817533707 180 200 110 0.56069789477772825 5 2578 4 1737 1 1916 2 2886
951 2.7723500123722906 -1.1342767386306869 3.6420053942360879 218 224 225 1.958737101663856 33 2614 35 3648 34 1940 36 2181
3310 1.3888090203161396 0.24379979109064712 3.5182665877197503 102 123 94 1.1108537227876487 7 1449 4 1817 2 1402
953 3.7170392022550565 -1.1177998892111685 3.9522688763396743 0 0 0 0.9290301163179685 33 2625 35 3665 34 1432
3311 1.5996683111056111 -0.045985485182905475 4.9766439857422462 180 193 165 0.82739453445231803 5 2777 4 1852 1 2144 2 3065 7 2150 6 1945
954 3.8450268547504187 -1.0153940535682668 3.9089953420976613 90 117 47 0.67905940250977714 33 2639 35 3677 34 2206
3312 1.6529910065423026 0.8368269328361031 4.0065565184407959 117 123 113 0.37935409402322984 5 1984 7 1500 4 1893 6 1642
955 2.6918394125290686 -0.63754975595126839 3.0462319960366249 148 182 86 1.3365793781839521 31 1885 33 2651 35 3686
3313 1.6864347664662542 0.87258521123904309 4.0294766034548921 123 124 119 1.5167627599658893 5 2845 4 1895 6 1645
956 3.8109833425413169 -0.92985480244461016 4.0428549023734863 108 139 67 1.5557234447913442 33 2362 35 3694 34 2219 36 2714
3314 1.4367562096548327 0.86685607052715796 5.3832913361607684 109 123 88 0.51599627676238891 8 1469 4 1904 1 3006 2 2427 6 1655
957 3.2601183359150334 -0.43734394852194219 2.7679548848103446 51 68 15 1.6609558143050251 35 3705 34 2228 36 2502 37 2102
3315 2.5281090850363186 -1.1548969095644923 3.4855114992625276 215 222 180 1.3803453287038188 5 2885 4 1926 1 2311 6 1231
958 2.9423018854478653 -0.31233981361896601 2.6302172674828168 103 92 63 0.89651073251516344 31 1928 35 3721 32 1248
3316 2.4331087805612319 -1.0141857491407658 3.4025529700687915 115 140 74 0.8839282411276056 7 1532 4 1937 2 2483
959 3.3686500286939967 -0.36404541888045505 2.8963242140889589 155 173 112 0.95290852511848523 33 2406 35 3727 34 2021 36 2524
3317 2.5534919957417648 -1.0251461137301121 3.6549951785898682 155 180 114 2.2266715845701377 5 2911 4 1956 6 2057
960 2.2983678325122803 -0.25400494931062617 3.0014757509614816 56 72 33 1.0107814282769079 33 2726 35 3735 34 1782
3318 1.8918094210869727 -1.1499966274260787 3.891987069195658 157 166 108 0.87502274731647733 3 1771 5 2930 4 1969 6 1705
961 3.1772976701428077 -0.20553117608817639 2.6462136082504744 146 147 105 0.51639719470736123 33 2727 35 3737 34 1783
3319 2.011520077026876 -1.1027484450237108 3.9892355635712429 174 191 144 0.66824657817298772 5 1133 4 1997
962 3.509379912739242 -0.027315939684580532 3.1380307378208672 167 181 151 0.5709558806306152 33 2769 35 3775 34 2060 36 2562
3320 2.6745040521709638 -0.7834853596889807 3.6864827715968858 128 148 95 1.9596665430553848 5 3016 4 2025 2 2606
3321 2.0617109765352066 -0.35155716879017962 3.2347246746094287 93 126 47 1.2052435422255223 5 3740 4 2113 1 2546 6 1419
964 3.5828319957787422 -0.13578464234950277 4.3970220949590866 126 157 78 2.6065764860819307 33 2483 35 3798 34 2089 36 2585
3322 2.2973341455463454 -0.22048196534250608 3.0778992123671234 114 126 86 0.85676420126084263 5 3152 4 2116 1 3235 7 2010 2 3436 6 2178
965 2.3379399299027628 0.31474690482578177 2.7997971999450946 185 197 150 0.55490317844567927 33 2792 35 3802 36 2586 34 2092
3323 2.2868051017235413 -0.18442400790955038 3.0845715454923548 178 199 167 0.99564305853732138 3 1863 7 1673 4 2120 2 3448
966 3.517427494520684 0.15805142606525055 3.2395894691467197 163 180 148 1.2164872893014236 33 2791 35 3803 34 1839 36 2593 38 2043 37 1948
3324 2.1779101238202276 0.12662875405098931 2.9062499852047812 148 169 97 0.35105947474854743 5 3238 4 2179 1 2639 2 2822 6 1833
967 3.4890767210323057 0.22663389868215833 3.3730490843928043 19 30 14 1.7900483671398237 33 2800 35 3807 34 1845 36 2067
3325 1.4350049703492773 -0.34602190422172913 3.7066138356155651 103 119 71 1.6219737271447263 5 3253 4 2190 1 2673 2 2844
968 3.6637936235390334 0.21962308544825526 4.4082410095075764 122 143 110 1.6445932665913923 33 2810 35 3823 34 2115 36 2614
3326 2.0408912508060055 0.20016678580483566 2.8899878273209301 160 185 100 0.39039123863291153 5 3266 4 2197 1 2678
969 3.6996114873763646 0.25583653379998733 4.3382178344147526 82 106 70 1.0823647979914013 31 2034 35 3830 34 2120
3327 1.4665815129913573 -0.32187371640211676 3.7360129940543603 178 196 131 0.50631305067444154 5 3262 4 2199 1 2691 2 2853
970 2.1906161340606181 1.0262045252331038 3.4594784822224094 106 132 129 1.8911955788900159 33 2867 35 3872 36 2646 37 2262 38 1614
3328 1.4306623634951274 -0.32976446665226716 3.7448052949087476 165 177 111 0.74351277770471524 7 1725 4 2201 2 2070
971 3.1560574515178152 1.2139574746593813 4.1852557473101646 156 133 127 0.98951268326934716 33 2878 35 3886 32 1433
3329 1.4212078423672585 -0.32247827572547705 3.8074295746858415 47 71 1 0.42873301647873691 5 3274 4 2208 6 1854
972 2.5592295037651218 1.3558087227666615 3.8738767824692855 101 85 77 0.9315599637398746 33 2880 35 3887 34 2172 36 2666 32 1315
3330 1.4406023691910945 -0.31807246711297188 3.8112172467427672 47 71 1 0.91656129847684453 5 3275 4 2209 1 2711 2 2869 6 1855
973 3.5224671309652069 1.2890209018470411 4.5527963550748458 151 117 93 1.6578067379590391 33 2879 35 3892 34 2177 36 2671 37 2500
3331 1.3966778292052962 -0.2663263419834625 3.7543738025188729 159 154 114 0.52024311387183031 5 3285 4 2213 1 2714 2 3542 6 2250
974 3.5321288909080635 1.8905944409514273 4.5598155568884637 167 142 137 0.65739237108207016 33 2891 35 3903 34 2185 36 2680
3332 1.4443589522151228 -0.17391662886108178 3.7256226827101218 137 152 85 0.64275146006405204 7 2082 4 2223 1 2733 2 2897 6 1527
975 2.6998865016493618 -1.0119822974379311 3.4388175522646205 71 98 28 2.15226644265005 31 1855 35 3909 34 1943 36 2453
3333 1.4280691977448854 -0.14947455814876254 3.7272937248005973 174 188 134 0.97308208029121024 7 1756 4 2229 1 2746
976 1.9336756303731339 -1.1144338966305403 3.8203704233259939 0 0 0 1.2501071834671229 33 2898 35 3911 34 1947
3334 1.352699523552076 -0.13361073493638756 3.71851768206619 129 149 100 0.53532934765779261 5 3333 4 2236 1 2761 2 3572 6 2267
977 3.9226427107938941 -1.0946367645295376 4.1538722763938809 0 0 0 0.7268837945626293 33 2640 35 3918 36 2469
3335 1.1407842908403756 -0.5879467905840704 5.149170117514033 80 103 57 0.58913447798350105 5 3903 4 2264 2 3004
978 2.3074046978676295 -0.50847349217048476 2.7488406454917542 87 95 47 0.69039426620865429 31 2136 35 3930
3336 2.1042042670598451 0.097331783925223764 4.4176633090103765 77 100 58 1.7490577415534572 5 3919 4 2272 6 2606
979 2.4131581784324925 -0.52429939975156303 2.8520619306222121 75 86 28 1.7386567886232305 33 2917 35 3932 34 2214 36 2484
3337 1.5124444486138806 -0.049458761523500754 5.0055471014103743 146 162 125 0.42404293682886551 5 3455 4 2307 1 2918 2 3075
980 3.0285117647127029 -0.46121462318875744 2.721803505512908 63 79 34 1.0625470803992052 33 2925 35 3938 34 1990
3338 1.3305807207810842 -0.037209726793219988 5.0032964104667403 187 191 177 0.53310339510918792 5 3473 4 2325 2 3100 1 2944 6 1962
981 3.2900347441449331 -0.40894150591523065 2.7574164514707982 199 207 161 0.94557179114876677 33 2690 35 3943 34 2234
3339 1.543200606779195 0.556642111775833 5.3371664475545515 223 222 200 0.4124717551860021 5 3525 4 2364 1 2994 2 3780 6 2002
982 2.4215451816055262 -0.36322742092408522 2.8115785948739473 181 189 140 1.3434660944216903 33 2941 35 3948 34 2406 36 2507
3340 2.4375322876078713 -1.07613941126645 3.4508424301714098 206 221 152 0.39173745096664514 5 4050 4 2411 1 3647 2 3834
983 3.390743763358119 -0.31885511285296902 2.8551684314583747 60 77 41 0.96005470095521417 35 3960 34 2025 36 2744
3341 2.5104736034459938 -0.97463788196865597 3.3636782643518583 141 155 78 0.80829076369364139 5 3593 4 2416 1 3060 2 3244
984 3.2596065294624919 -0.20862618546362785 2.6770079764760806 184 190 146 0.88766360620355855 33 2730 35 3964 34 2255 36 2751
3342 2.4539320569139651 -0.9573021597779594 3.5903715807462642 102 129 60 0.37475777293869439 5 2929 4 2433 2 2523
985 3.3949293701320622 -0.2347129929621149 2.7789348067830439 67 84 28 1.6360872379310214 33 2962 35 3968 34 2260
3343 1.9230161230508365 -1.1023399803762608 3.8154194606522251 145 173 75 0.61396444298691799 3 1777 4 2436 6 2404
986 3.3949293701320622 -0.2347129929621149 2.7789348067830439 67 84 28 1.6360872379310214 33 2963 35 3969 34 2261
3344 2.0502704537501883 -0.569927297212934 2.8428857385364705 124 151 43 0.75500255412107797 5 3636 4 2451 1 3107
987 3.4019624074557222 0.69853303907155329 3.1217343947362415 139 151 131 1.5802541629546536 33 2853 35 4063 36 2842
3345 2.07250727056788 -0.56697690599303074 2.8429499289363664 124 151 43 0.92629625513343994 5 3637 4 2452 1 3108 2 2552
988 2.8233860720963899 1.2293113029182561 3.9149618719201937 93 66 63 1.0424930444965952 33 3073 35 4090 34 2356 36 2863
3346 1.89925478331491 -0.97488743996280491 3.6966091925247406 170 186 122 0.62206222066915184 9 3334 4 2456 6 2087
989 3.2958775251169392 1.2350845325554973 4.3025465652674404 170 148 150 2.1291036572427249 33 3074 35 4093 36 2870 34 2361
3347 2.1107926329839333 -0.49255520835170524 2.7231584577608725 206 216 163 0.62760062872307953 5 3643 7 2247 4 2458
990 2.630515696009089 -1.026276864834313 3.4039931186079539 86 112 48 1.3115180997876199 33 3086 35 4110 34 2371 36 2684
3348 2.0316827560283599 -0.98555356096391322 3.9170988095454211 141 167 102 1.1324880462029125 5 3011 4 2476 1 3142 2 3891
991 2.7242578118951437 -0.96380901365919147 3.4251398666793405 79 108 42 1.2457513179763773 33 2899 35 4113 34 2376
3349 2.0327669924528617 -0.93652068476771155 3.8894671209382157 92 119 49 1.8458027526671328 5 3661 4 2480 1 3712
992 2.199004814426091 -0.53092046896108602 2.740820028995103 56 77 20 1.8015004824248999 33 3197 35 4125 34 2208 36 2698
3350 2.0311482460630432 -0.93304264477945342 3.953502060830798 120 150 84 1.1335309577980592 5 3672 4 2485 1 3169 2 3369
993 2.1188512460724458 -0.41843403376048138 2.7889520579574545 200 208 165 1.8644387499812431 33 3104 35 4138 34 2226
3351 2.1996435144451225 -0.37181156687358946 2.9602781084428602 148 165 112 0.14598032465722932 5 4127 4 2501 6 2140
994 2.4470829828788516 -0.46043874172018362 2.9615763320146073 51 74 24 0.51253080091245229 33 2931 35 4142
3352 2.2493013122510992 -0.45034069083802536 3.334748836088461 48 76 18 0.61388277306311723 5 3715 4 2515 2 3936
995 2.9885918998679197 -0.17302080772158884 3.0930218294477547 13 29 3 2.4311266281025667 33 3226 35 4171 34 2433 36 2544
3353 2.2979396627281301 -0.2724123034599133 3.0281036780264037 92 109 55 1.0009648513660154 7 1999 4 2521 1 3763
996 2.2976363588258693 0.16898692658119893 2.8594067640659442 166 187 146 0.98797894952426202 33 3233 35 4181 34 2545 36 2944
3354 1.8281988320068554 -0.70633833587861605 3.8196764576596824 87 117 52 0.90156976422799229 5 3122 4 2522 1 3220 2 3421 6 2168
997 2.6075640585770117 0.29768119828436229 3.1270745547878422 72 87 56 2.2737891904702319 33 3246 34 2456 36 2964
3355 1.9455277080621451 -0.39091646497304339 3.218910411621311 104 139 55 0.63389242384569999 5 3733 4 2526 6 2171
998 2.340309691094745 0.37948686514489327 2.8076247785035777 143 152 97 0.59344788237972068 33 3144 35 4191 34 2304
3356 1.6561537295041311 -0.53320058071502308 3.54743306935617 99 126 73 1.8165376970653144 5 3751 4 2537 1 3245 2 3961
999 2.487797016475926 0.37164652629556055 2.9602897596651156 104 126 80 0.70137565190471629 31 2447 35 4194
3358 1.9418329821998901 -0.16045402774862672 2.9561239098953744 106 139 70 1.3578742267233126 4 2548 6 2196
1001 3.7024236063405085 0.41401883110602433 4.1194728678452677 84 108 76 1.5554446291387658 33 3035 35 4212 34 2475
3359 1.773264040124255 -0.46864370991306803 4.0325367076305731 96 116 77 1.2393889482320861 5 3806 4 2584 1 3311 2 3506 6 2530
1002 3.1716333860340549 0.70979318683968795 2.9400194240171618 39 51 31 2.9565669339087015 33 3051 35 4219 34 2339
3360 2.1832516516586633 0.14416603259518693 2.9380912588568036 101 120 60 1.4398462806117589 5 3817 4 2586 1 3310 2 3505
1003 3.6829362655412212 0.80805887627911532 3.655103595549237 61 77 41 1.9475969719740616 33 3165 34 2484
3362 1.4879711088946996 -0.289549938000076 3.6696207840766686 172 192 136 0.593538392186441 5 3824 4 2596 1 3331 2 3527
3363 2.1269385386244197 0.21205639994445222 2.9471137415867887 116 140 85 1.0365373819531047 5 3831 4 2600 1 3330 2 4017 6 2244
1006 2.9982454330782464 -0.38094997993998969 2.6916187902384197 171 164 118 1.6846701608115824 31 2304 35 4269 34 2514
3364 2.0703250482927062 0.23063254035227487 2.9218513474158403 110 139 55 0.19386174198509049 5 3837 4 2607 1 3339 2 3534
1007 2.9960413075452479 0.11981751981961 3.0556888949185432 43 61 21 0.43866027738762436 33 3234 34 2550
3365 2.1044512544061194 0.31581896879332932 3.0272091647514823 164 183 151 1.6052102325095075 5 4255 4 2628
1008 3.2638038798037932 0.44324018345825872 2.8752749563805855 113 136 110 0.59270204722757525 33 3253 35 4307 34 2563
3366 1.3360479625808381 -0.28535838247639633 3.9145211345371003 97 123 53 0.53646291486921194 5 3853 4 2630 2 3558 6 2256
1009 3.7619783235552924 0.39807899940186725 4.1265473409229489 126 144 128 0.97037457998843579 33 3256 35 4312 34 2474 36 2833
3367 1.3258430937409467 -0.22420053365271267 3.7672069985183616 180 197 133 0.53352890514549112 5 4251 4 2631 1 3382 2 3557 6 2557
1010 3.0129159324243102 0.58923418830158181 2.8692811774154148 44 57 29 0.50175171906383031 33 3258 34 2568
3368 1.6280255742246248 -0.019950549440442538 3.7338308823499871 55 76 34 1.3072894185254427 5 3875 4 2645 2 2921
1011 2.0250045377315553 0.93042248210215317 3.6829600199123576 11 17 7 1.8332253292807268 35 4320 34 2574 36 3069
3369 1.6956355667194782 0.04554008854047957 3.6562533139512055 61 90 26 0.93884823156816377 5 4276 4 2647 2 2925
1012 2.0250045377315553 0.93042248210215317 3.6829600199123576 11 17 7 1.8332253292807268 35 4321 34 2575 36 3070
3370 1.3663802547411945 -0.1362341940468271 3.8661553934962325 107 129 57 0.83235060340453804 5 3879 4 2648 1 2776 2 3587
1013 3.6023188523985068 0.83052324551021417 3.4373826564287193 141 149 136 2.2072123365370286 33 3270 35 4323 34 2581 36 3083
3371 1.32666853753058 -0.06802756982146535 5.0157032186848802 159 163 147 0.49429093671006435 5 3966 4 2720 2 3090 1 2932 6 2325
1014 3.1599368071872851 1.2775079383000143 4.1203943487320753 128 94 84 1.1891993849621345 33 3278 35 4334 34 2593
3372 1.3770124181107679 -0.022305000267889709 4.9742740012486921 195 200 180 0.70233037937299092 5 3471 4 2721 1 2936 2 3096 6 2329
1015 0.80619003947523515 1.9539635745362587 5.3992885077640738 77 91 156 1.0223336658408175 33 3279 35 4335 36 3005
3373 1.5991315790790777 0.82666900860951109 3.9868784626178853 49 45 42 0.97311768883677496 7 2187 4 2747 2 3766
1016 2.6399765706221556 1.567369567695194 3.979037706397178 82 55 44 2.7271911772448862 33 3281 35 4336 34 2597 26 3253
3374 2.1230965810921902 1.8469455164578263 4.2529095633062362 127 95 70 1.6837299858891326 8 4109 4 2761 6 2667
1017 2.9773061991443117 0.34337684388098672 2.9645248436226659 62 76 41 1.6846113253674095 33 2806 35 3185
3375 1.3290122142280292 1.0324876327597636 5.3368905076153927 108 119 85 0.57028192096300379 5 4030 4 2766 6 2366
1018 2.9773061991443117 0.34337684388098672 2.9645248436226659 62 76 41 1.6846113253674095 33 2807 35 3186
3376 2.4486669095252229 -1.1148656768491667 3.4740546706183029 140 159 77 0.53021705859168844 3 1999 5 4043 4 2796 1 3641
1019 3.9161600873561904 -1.0619120912898914 4.1742390057322192 198 206 165 0.19081189476519028 31 53 34 56
3377 2.5332188050945317 -1.1636539102755341 3.5955123489848186 193 213 153 0.39234383850310939 5 4046 4 2799 1 3644 2 4253 6 2383
3378 2.4906987644148102 -1.0649641010210087 3.4073249799699368 168 186 104 0.65871912326253335 5 4048 4 2800 1 3646 2 3832 6 2384
1021 3.502896940371377 -0.030956535867087423 3.1384351067556846 127 150 109 1.2357834085311075 35 1756 34 915 36 1184 38 774
3379 2.029455229191885 -1.1438755361309219 3.8326597204036563 140 166 75 0.50509243034220952 5 4059 4 2810 1 3662 2 3850 6 2392
1022 4.0510708996809193 0.46178005442255354 3.8417900883411975 75 102 60 1.3557957286517159 33 1517 34 1147 32 755 35 1874
3380 2.5343302822232321 -1.0180354742357822 3.6824494355277886 217 228 217 0.2507886577004943 5 4062 4 2812 2 2514 1 2356 6 2059
1023 3.7279304221818093 -1.0623283462678856 3.9470786721928195 174 187 143 2.1176633144926247 35 2498 34 1210 36 1347
3381 2.682481184897699 -0.69447492211452932 3.0627589744223007 124 148 86 0.70589166902955092 5 4067 4 2820 1 3667 2 3852 6 2066
1024 2.5159221202062971 0.50090218949381471 3.1195586895041068 114 137 94 0.34070876012924051 31 1533 34 1366 36 1815
3382 2.5622500597148794 -0.67955455016031097 3.0803531684874765 166 182 147 1.041811065496669 5 4432 4 2829 1 4095 6 2073
1025 3.6197492926179922 0.91228765071588369 3.9133287882744807 99 106 88 0.33887802257061805 35 2895 34 1402 36 1585
3383 2.2307737123513887 -0.63663731210517993 2.9230724972333451 144 168 88 0.82791451703432339 5 4075 4 2832 1 3673 2 4276 6 2406
1026 3.8021511273231252 0.92876101268195299 3.5516060803890492 173 182 151 0.79422443147881217 33 1560 35 2436 34 1410 36 1874 37 1168 38 1162
3384 2.1059437240328855 -0.93660263523522047 3.6569704558157619 218 227 182 1.0289478906384253 5 4708 4 2839 2 3878 6 2414
1027 3.4485367438308749 -0.41196734950902097 3.0725471743719632 184 200 173 1.1563102399568725 35 2626 34 1502 36 1982 38 1715
3385 1.9601314178688602 -1.00345757701341 3.8605413760943623 122 150 76 0.68183275973959478 5 4095 4 2846 2 3318 1 3700
1028 3.4998964152234668 -0.26490724751998057 4.5697979298059215 142 162 150 2.1722054681097598 35 3476 34 1555 36 2038
3386 3.2056357487850429 -0.34554300314999692 3.0446362827109215 166 183 139 0.95674764893822761 5 3675 4 2860 2 3909 1 3163 6 2438
1029 3.4998964152234668 -0.26490724751998057 4.5697979298059215 142 162 150 2.1722054681097598 35 3477 34 1556 36 2039
3387 2.2333619667748228 -0.84456210308762247 3.8424075878492943 184 205 148 0.43902732629212132 5 4466 4 2862 1 3173 2 3373 6 2439
1030 2.3188091906494073 0.28546287646102325 2.7865476258558282 147 166 103 2.3029937006925354 33 2204 34 1570 37 1628
3388 1.8032797668760265 -0.86949792026853101 4.0336444072454309 115 138 58 1.14191272419863 5 4132 4 2881 1 3753 6 2454
1031 3.4873705899295064 0.28956496903339157 3.4497820342083356 103 129 84 0.56477017001903629 35 2787 34 1595 36 1814
3389 1.7549580251984578 -0.65547262536246709 3.5757450350814306 75 101 38 1.4363549236440656 5 3712 7 2526 4 2883 2 3407 1 3203
1032 3.6773125825414259 0.28301508314007312 4.2966292289563954 78 97 69 0.65096731849370837 33 2520 34 1609 36 2087
3390 1.9788784208502244 -0.38723372934577277 3.2346965096572675 151 180 100 0.61624889234062619 5 3735 4 2899 1 3223 2 3424
1033 3.4286490604111948 0.58553222982297992 3.0549394369102094 201 214 194 0.34342361948978767 35 3244 34 1626 36 2100
3391 1.7659437653244778 -0.66365626621077189 3.8295073486238018 145 173 112 0.79419899886449863 5 3742 4 2907 1 3241 2 3438 6 2473
1034 3.3819331508801098 0.78543936563653438 3.4079996539282673 115 121 109 0.32577643661407601 33 1904 34 1649 36 2130
3392 2.4188600817492647 -0.7452821209218945 4.3244889141908986 123 149 88 0.99034698616799544 5 3155 4 2913 1 4167 6 2481 2 3454 1 3256
1035 3.6373507517608874 0.84322666415213909 3.5012807470978986 112 124 104 0.94526091640595877 35 2886 34 1663 36 2139 37 1723 38 1408 40 2809
3394 2.6585162827467235 0.15434055183282833 2.8638816511145047 112 136 77 0.97818429525034756 3 2085 4 2939 1 3816
1037 3.4769787097679798 1.6642195117464873 4.3949018738514019 175 149 148 1.1571531107076727 35 3322 34 1693 36 2439 37 1744
3395 2.1016349220098967 -0.084156640795607904 3.1352236533402151 168 195 126 0.52391145796599692 5 4193 4 2941 1 4184 2 4383 6 2777
1038 3.2249306779325582 -0.57677604140691874 2.8272923362271944 210 221 179 0.95452997725625932 35 3373 34 1718 36 2210 37 2069 38 1916
3396 2.1016349220098967 -0.084156640795607904 3.1352236533402151 168 195 126 0.52391145796599692 5 4194 4 2942 1 4185 2 4384 6 2778
1039 3.190945199914526 -0.45190393773993026 2.7159169935722582 207 211 186 1.1673825981932513 35 3396 34 1735 36 2228
3397 2.1474702340689538 -0.2363441279105627 3.4992233487935978 135 163 115 0.36778717606401479 5 4192 4 2943 1 3818 2 3989 6 2513
1040 2.9188253447486039 -0.324141414282204 2.6647678413338252 112 117 61 1.7562627556244212 33 2400 34 1761 36 1972
3399 1.7806212815382636 -0.52925852828544828 4.137901165131165 118 147 89 0.6711303978695492 10 2697 4 2961 1 3837 6 2526
1042 3.6162914738933631 0.85495256680928677 3.9873311111823684 133 137 122 1.173719670923042 35 3604 34 1913 36 2406
3400 1.8802793069516708 -0.02757391193262437 3.1185589510932998 30 56 4 1.232026150930895 5 4213 4 2964 6 2231
1043 3.2021273957834624 1.2341899963357577 4.1862730720432673 209 199 198 0.69005686586562087 35 3319 34 1926 36 2427 37 2031 38 1873
3401 1.768655730768105 -0.43963526981102063 4.059042201203078 114 138 94 0.42707336875859303 5 4217 4 2967 1 3319 2 3513
1044 3.506398066072058 1.2276634139989051 4.506185525183275 161 131 120 1.149129233444784 35 3634 34 1927 36 2431
3402 1.768655730768105 -0.43963526981102063 4.059042201203078 114 138 94 0.42707336875859303 5 4218 4 2968 1 3320 2 3514
1045 3.2066783968195574 1.3018489460666163 4.1852662580035478 155 128 133 1.4465846074167632 35 3635 34 1928 38 2103 40 3425
3403 1.7403187355897118 0.051619880764730251 3.0607107900578852 136 166 96 2.3056870763035464 5 3829 7 2596 4 2979 2 4016
3404 1.465958014638485 -0.41422505206569277 3.9809204396502533 144 171 116 0.4637945695784253 5 4230 4 2981 1 3860 2 4022
1047 2.6877066415932975 -1.0181131091424949 3.4583456996441972 65 94 28 1.2005764649209949 35 3910 34 1944 36 2454
3405 1.7807942352660768 -0.13666133632953345 3.6126845304493149 108 132 70 2.0560667903573453 3 2541 4 2984 6 2545
3406 1.5550046848469861 -0.071151491856006166 3.6407309004739727 134 156 94 0.60852192591700771 5 4262 4 3000 1 4231 2 4429
1049 3.2587852804614963 -0.50423314637367544 2.7678807709532411 198 207 161 0.6029458658684117 35 3695 34 1986
3407 1.5067519613506373 0.10416078805356696 3.349888405912274 91 112 55 0.45427734229757144 5 4589 1 4239 2 4437
1050 3.1038630313065987 -0.36128109644699086 2.7177900487271778 175 189 128 0.50864831485191908 35 3717 34 2009 36 2511
3408 1.6464146095445256 -0.51252635187896567 5.0039904543656579 231 234 223 1.2668875360020164 5 4280 4 3014 1 3915 6 2574
1051 3.3175353825868172 -0.37871121074067665 2.7472274071379945 88 108 47 0.83872265382048183 35 3715 34 2012 36 2250 37 2112
3409 1.6464146095445256 -0.51252635187896567 5.0039904543656579 231 234 223 1.2668875360020164 5 4281 4 3015 1 3916 6 2575
1052 2.0921806063403876 0.24616366364061068 2.8077394681976928 207 223 178 1.4728333927991237 35 3796 34 2077 36 2571
3410 2.3737825614009247 0.62688901052438484 3.0610971615099016 213 225 213 0.81043194468147983 5 3893 4 3031 1 3425 2 3605 6 2588
1053 2.2688012376497571 0.35315047379234316 3.0539120370996966 136 163 128 1.5609501231649316 35 3513 34 2101 36 2344
3411 1.6899514774664639 0.0061263146806906825 4.1577792569196532 45 67 20 1.5290545588577957 5 4306 4 3044 1 3929 2 3625 6 2290
1054 3.5221547000702396 0.19151390453645964 3.5159750944884385 159 177 134 0.80803902125479155 35 3518 34 2106 36 2603
3412 1.4161787138726647 0.12120558730711367 3.8130503185396378 139 157 119 0.80073686118057652 5 4621 4 3050 2 4118 6 2856
1055 2.260249481587457 0.66410872337136695 3.1869887559498458 74 91 58 1.6899365911049589 35 3853 34 2129 36 2366
3413 1.6517871273036402 -0.071387911626322922 4.9860326803019888 206 210 194 0.38437086248100832 5 4338 4 3065 6 2622
1056 3.5112418334100575 0.65709591496024533 3.5516654924835618 117 133 107 1.4082271500494157 35 3585 34 2142 36 2641
3414 1.6439707392014224 -0.072870360582065599 4.9829372880306222 206 210 194 0.4928247740720596 5 4339 4 3066 1 3974 2 4149 6 2623
1057 2.2243764960397332 0.9366993319980349 3.6023287785850893 57 72 62 0.78012415448946759 35 4066 34 2146 36 2643
3415 1.4303773592313052 -0.049549665801805497 5.0194560272081201 224 231 214 0.39003402072941001 5 3962 4 3084 2 3701
1058 0.72622425253101741 1.9570803594195454 5.5775576703006315 75 92 158 1.9049568534435763 35 3894 34 2176 36 2429
3416 1.3720281689585581 -0.073405589166249868 5.0286359960527314 185 189 172 0.66017873347648948 5 4355 4 3085 1 3988 2 4162 6 2633
1059 2.6476157190605178 -1.2042945008199943 3.5616203836749998 204 218 165 1.8413799272098403 35 4107 34 2186 36 2682
3417 1.2397981329398753 -0.11148226244268208 5.0631564469565591 131 139 100 0.83823479591527283 5 4641 4 3089 1 3995 2 4167 6 2636
1060 3.2019480912767508 -0.5755343493145636 2.80321132024492 72 100 60 0.86432667050539402 35 3926 34 2209 36 2704
3418 2.5216609340266984 1.1750110053852494 3.1938317554171944 198 205 189 0.92774825004337202 7 2681 1 4311
1061 3.2872017993565295 -0.41236866930338928 2.7627377689147479 192 206 147 1.1775241551382623 35 3944 34 2235 36 2730 37 2353 38 2168 40 3537
3419 1.5174282624760311 0.53044406625853635 3.9770016478751633 89 104 72 0.52379374994784922 5 4377 4 3096 1 3538 2 3728 6 2340
1062 3.0733405457367811 -0.27345116515898299 2.6899640361286643 47 65 11 1.0626587407862962 35 4158 34 2248 36 2743
3420 1.6817591723812857 0.85441190683518775 3.6609570713027471 134 141 89 0.40692331367266726 5 4656 4 3105 6 2649
1063 3.2586193770548415 -0.20912730974616492 2.6786354598543012 187 192 150 1.0650315616447197 35 3965 34 2256 36 2752
3421 1.3656097023889935 0.5688064416248515 4.0557550246670635 74 85 52 0.50140249119085101 5 4384 4 3106 1 3558 2 4193 6 2651
1064 3.3151693449764985 -0.21989378111613125 2.7120119422915479 181 184 144 0.30902620695311767 35 3967 34 2259 36 2754
3422 1.3412090582569016 0.95789431999527752 4.5111820392395305 121 132 100 0.62652737991629259 5 3531 4 3113 1 3000 9 3693 2 3180 6 2661
1065 2.2262914091504067 0.17833568718600443 2.8226768273363048 193 210 179 1.0839310341157045 35 4180 34 2284 36 2781
3424 2.4891693935591155 -1.1039387844072099 3.4139339972212759 0 0 0 1.1006563322116962 5 4041 4 3130 1 3057 6 2380
1067 2.1497990025651186 0.79445906964589053 3.3250497282267801 110 139 93 1.0054730126713685 35 4058 34 2333 36 2631
3425 2.4745822459381794 -1.092878356354793 3.6100865246276066 113 136 54 1.7203084484531761 5 4690 4 3133 1 4073
1068 2.1497990025651186 0.79445906964589053 3.3250497282267801 110 139 93 1.0054730126713685 35 4059 34 2334 36 2632
3426 2.7687018690399094 -0.73073186741920393 3.060783886247453 150 172 126 0.86394946396514705 5 4426 4 3137
1069 3.2796705212248347 1.1014995960825105 4.3886560698671273 161 149 151 1.3829180233583853 35 4235 34 2355 36 2663
3427 2.2287273784391974 -0.65605661725451414 2.901363596685147 131 160 73 1.1703486028217249 5 4071 4 3145 1 4088 2 4268 7 2470 6 2701
1070 2.70019355865174 -1.0773051892153851 3.4657757797196509 193 200 151 0.94017459007080306 34 2370 36 2880 38 2319 37 2515 40 3894
3429 2.6425695567683123 -0.67433562604351815 3.0537961516278576 231 240 217 0.39557814610782949 5 4703 4 3148 1 4090 2 4275
1072 2.5397719897336359 -0.93363065206067186 3.3823169502161274 71 98 43 0.62684109446901293 35 4248 34 2377 36 2885
3430 2.2941939275014649 -0.63053667256750545 2.9506136287970151 131 151 78 1.0594060944118515 5 4436 7 2478 4 3152 1 4096 2 4612 6 2707
1073 3.2850168104253767 -0.57425680488101349 2.8403170595056895 202 220 165 1.3866047581781782 35 4127 34 2386 36 2705
3431 2.1082411331580952 -0.58805501909669089 2.8887578296024476 94 116 44 1.4135446778425238 5 4091 7 2243 4 3155 1 3679 2 3865
1074 3.892183836471566 -1.0093306953243126 4.1958193495958049 0 0 0 2.0458320255826372 33 3100 34 2388 32 1346
3432 2.4461480227022938 -0.58069061356334284 2.9584834876338513 98 124 54 1.1283255838185957 5 4450 4 3156 2 3870 1 3683 6 2413
1075 2.3518889895871111 -0.41286773648198127 2.8167884729042663 70 93 39 1.3520118345053087 35 4140 34 2399 36 2723
3433 2.2273285787116208 -0.5655499333572529 2.9310679383635874 92 112 49 1.9436555894538989 5 4451 4 3157 6 2969
1076 3.3650260723576686 -0.67884891497722166 3.8678259286549252 62 91 47 0.60961416609236863 35 3950 36 3028
3434 2.0759620900985896 -0.53656581700912909 2.8906091842036643 117 137 68 1.0417696288707163 5 4455 4 3160 1 4419 2 4297
1077 3.4129063446264531 -0.20011577903920866 3.0789209232299655 42 63 20 0.45687068347732113 34 2435 36 2769
3435 2.5188730214639969 -0.12264112808156656 3.0048465227524659 206 217 224 2.0375415211651102 5 4499 4 3218 6 2479 1 3244 2 3444
1078 2.1663724797031145 0.11970511920454453 2.9041088118357412 192 210 170 0.92887611115600577 35 4175 34 2439 37 2404 38 1991
3436 1.6164164418663514 -0.52472340300901454 3.5354583867307867 145 170 116 1.208678492685217 5 4158 7 2550 4 3221 1 3246 2 3962 6 2761
1079 3.5421590280022079 0.37195105942647966 4.2451584542261855 79 104 64 0.90964540307442598 35 4041 34 2473 36 2830
3437 2.1649704514497219 -0.32519445888874088 3.3888048738165097 116 143 94 0.52423157130716447 5 4506 4 3224 1 4169 2 4360 6 2762
1080 2.2134602063949433 0.70945038514361491 3.2620482294911706 92 105 88 1.9379945046104634 35 4052 34 2476 36 2829
3438 1.5028337129784719 -0.49558257334081224 3.5940877427551357 161 180 135 0.72785395892637228 5 4513 4 3228 1 4175
1081 3.2293101192240803 0.83243116687089835 3.4552387829925402 8 8 6 0.73117436374684919 34 2482 36 3077 38 2617
3439 2.2498056930320804 -0.09352247003228191 3.1420761841007363 128 156 99 0.73188572056403378 5 4518 4 3233 1 4178 2 4371 6 2770
1082 3.0435127574208187 -0.32446670101707165 2.6817544443590124 65 85 24 1.6218295959952815 34 2521 36 2911 32 1585
3440 1.7547711615300956 -0.60687043446594402 4.061850924014256 120 148 86 1.2949522589595746 5 4517 7 2564 4 3236 1 4183 2 4378 6 3033
1083 3.2674084869594817 -0.30737860647834458 2.732005196352755 212 214 175 2.0128505845873597 35 4277 34 2526 36 2914
3441 1.8627547532800344 -0.042399741871810531 3.131041123381463 145 173 114 0.69473171836213754 5 4208 4 3251 2 4002 1 3830
1084 3.3181645190240685 -0.30623040822732983 2.7343257714893592 49 69 16 0.86888226999828544 34 2527 36 2915
3442 1.8041318185780626 -0.46040263300656981 4.063120985241234 24 46 5 1.2780304705280781 4 3255 1 4198 2 4399 6 3046
1085 3.3105389676240784 -0.30995593430492974 2.7464528165592732 49 69 16 1.1498857080156182 34 2528 36 2916 37 2574
3443 1.5253586729858846 -0.29211014837530686 3.6913688395144804 72 94 34 1.852555519451218 5 4552 4 3263 1 4203 2 4407 6 2796
1086 2.1563309304150091 0.84157172255091828 3.305655387815015 37 61 40 1.913693239240428 35 4319 34 2572 36 3065
3444 1.6140110027682766 -0.29042768343009845 4.2573798014397415 89 112 60 0.5989972090819573 5 4580 4 3288 6 2822 7 2619
1087 3.4516309898261257 0.63982852118025579 3.1405112092782641 132 147 116 0.8887849667115173 35 4315 34 2573 36 3067
3445 1.3858581626560349 -0.17799330939551669 3.9048065816491988 37 58 0 0.74844568358602426 5 4587 4 3291 1 4527 2 4735
1088 2.4108204859009295 1.3467943436515066 3.8309773874702975 83 61 50 1.2405495933437729 35 4332 34 2591 36 3093
3446 1.3218547103972047 -0.16276229204952999 3.8468872448259752 151 172 106 0.42543035355648656 7 2835 4 3292 1 4243 2 4439
1089 2.9120423322603566 1.2861348539904616 4.0116352822264405 103 69 59 1.1310115935647407 35 4333 34 2592 36 3096
3447 1.4547322661592037 0.08971504604317998 3.3697296644422146 82 107 53 1.0731230168230537 5 4592 4 3293 6 2826 1 3894
1090 3.4923402017396898 1.6842065103526875 4.3957222179899489 197 179 179 0.67773019272815171 35 4338 34 2599 36 3105 37 2872 38 2627
3448 2.5784334722852118 0.60224548903335862 3.0358920740619806 153 166 135 0.80404813188767743 4 3299 1 3899 2 4072
1091 3.2731607452440135 0.70926854932912797 2.9729063969220357 208 220 203 1.2583483497696251 29 2585 28 2111 27 2144 31 2067 34 1888 33 2563 35 3263 36 2639
3449 1.5749428757033304 0.028190428460795867 3.7459217341955449 126 153 109 1.4448105799510589 5 3883 4 3312 6 2833
1092 3.5306940337827513 -0.17257920802343943 4.4122092035403648 97 123 84 2.3783899541682723 33 1791 34 1341
3450 1.5116484480788417 0.065844609910761465 3.6801804776974025 63 92 48 0.37717213143452843 3 2366 4 3317 1 4256
1093 0.85436791729106176 2.212521936187962 5.5801762937867156 72 84 128 1.5753861191696081 31 475 35 1489 36 661
3451 3.111280955986246 -0.070976761507633782 5.233486497530861 182 186 159 0.63476123454489586 5 4607 4 3320 1 3925 5 4294 2 4099 6 2592
1094 3.4818097711943392 0.54159245202140693 3.1306879693283665 131 145 120 1.1909809675348135 34 961 36 1255 37 1398
3452 1.6013736082652206 0.16238460097477156 3.6914368964661564 92 115 95 1.0785287214764185 5 4617 4 3326 1 3926 2 4101
1095 2.9804105596339303 -0.86411263140232675 3.285736018475093 0 0 0 2.7829118405846178 34 806 36 1343
3453 1.5856114530456307 0.19679438294746501 3.6916272013423086 77 100 72 1.0781098591294198 5 4308 4 3330 1 3932 2 4106 6 2847 7 2853
1096 3.3137012774779371 -0.45504311394217756 5.9086532604230486 0 0 0 0.13130641772444746 35 734 36 1494
3454 1.5298421553245083 0.1558743093973865 3.8725431290487906 64 81 49 1.0086817604279374 5 4317 4 3335 1 4278 2 4479 6 3115
1097 3.4639873624628308 0.58897591873811395 3.0626957689765129 136 152 125 1.5057272553957557 34 1146 36 1547 37 1118 38 1114
3455 2.5968649170779634 0.49049384318407813 4.9145798281452437 65 86 18 1.1012876347776306 5 4642 4 3365 1 4584 2 4796 6 2886
1098 3.2178290412683173 0.73217706093341106 2.9475867717687447 151 167 141 0.50645545506700784 35 2853 36 1556 37 1409
3456 1.2276789315153349 -0.10623361112909527 5.1071712020261444 124 134 91 0.46515996460801684 5 4644 4 3370 1 4329 2 4523
1099 3.4941385449539655 0.21251584294368839 3.1349816646095485 122 148 101 0.76046502642934211 34 1124 36 1798 37 1648 38 1573
3458 1.4266685314522747 0.9303842564478797 4.3985293656015783 126 139 108 0.30115703741458749 5 4671 4 3396 2 4836
1101 0.79450488060744384 2.1983474672582286 5.6397280424434495 48 55 123 0.59285519723888891 34 1412 36 1882 32 1210
3459 1.9630261451867723 1.3378758554936252 4.2435355730775672 126 101 79 0.70899118000486594 5 4673 4 3397 1 4361 7 2700 2 4558 6 2918 8 4299
1102 3.3218790380880727 -0.49042383871800449 2.8115897146000379 110 134 73 1.0703420061597444 34 1733 36 1950 37 2088
3460 1.863210913557777 1.4637501141176168 4.5845498277855112 146 115 94 1.0874610745816933 5 4678 4 3399 1 4364 2 4563 6 3172
1103 3.5107114467123344 -0.56803241419597594 3.168149231153909 89 110 79 1.496292865401146 35 3026 36 1959 37 1831 38 1702 40 3240
3461 1.3276688670160186 1.0154525734972979 5.3997973125751901 233 235 222 0.38585432220504529 5 4407 4 3403 1 4057 2 4234 6 2672
1104 2.0656463950554946 0.69367921899579688 3.208635879867078 129 158 112 1.1802373894895177 31 2059 34 2131 36 2089
3462 2.5854497422009883 -1.1622029358031492 3.7647348008317811 214 222 180 1.2224728240552909 4 3413 1 4392 2 4257 6 2687
1105 2.0969487384929977 0.90845348303067108 3.6998397826380449 86 104 90 1.6612712796194358 33 2277 31 1563 35 3269 36 2117 32 1084
3463 2.3741165326432898 -1.1205787752812202 3.7158101088855697 214 223 175 0.48461100818685737 5 4692 4 3415 1 4641 2 4863 6 3185
1106 3.2160382919719899 1.2503072147674912 4.197602939315229 193 183 182 0.70632741311962632 34 1691 36 2168 38 1874 40 3127
3464 2.2877089624741558 -1.0383370184174747 3.6786697269556554 80 109 23 0.97554738740274582 5 4909 4 3420 2 3851 1 4085 6 2696
1107 3.5390682164392162 1.3168095948501326 4.5744823676410977 173 149 137 0.85641196645151429 34 1929 36 2173 37 2282 38 2107 40 3436
3465 2.367372682516399 -0.60913033742811284 2.9714248473145664 203 219 176 0.66460165857630682 5 4443 4 3430 2 4616 6 2964
1108 2.5864997107716561 0.15891673371852935 2.8174530066497887 111 139 81 0.58220773005976578 35 3483 36 2306 38 1544 37 2159
3466 2.0477555016137092 -0.5684640228433786 2.8011329992918954 136 166 80 0.93932307676721927 7 2743 4 3431 1 4406 6 2962
1109 2.5809479291377659 0.14984871459521024 2.8687014381533449 139 160 129 1.3307147480015613 34 2066 35 3153 36 2307 38 1757
3467 1.6965026355803241 -0.76091940981964967 3.460044798608668 187 205 167 0.35417568308551023 5 4721 4 3451 6 2987 2 4314
1110 2.348509051534275 0.22231425819236186 2.8572634165730988 135 155 92 1.3904479047696061 34 1823 36 2317 37 1911 38 1761
3491 1.8552524123485656 0.35255918836235461 4.1569877677073057 8 19 3 1.1632986170265116 5 5032 4 3599 1 4297 2 4495 6 3126
3498 1.2915312061133963 1.0359828608012165 5.4196448142696223 234 233 229 0.69924210028881362 5 4895 4 3645 1 4369 2 4848
3517 1.7344822043792247 -0.3957655180104519 4.9594240950422916 83 111 36 1.2187054469332794 5 4825 4 3769 1 4751 2 4968 6 3289
3582 1.9698993554602353 -1.1247310726627509 3.7038559382229144 187 188 146 0.50721415201257136 4 1372 1 1472 2 1722
3587 2.5978652330076319 -0.88522739189251998 3.5172313589070225 161 169 119 1.3134614149967985 4 1401 1 1512 2 1754 6 666
3603 1.3761151286529554 -0.055968542530349608 5.015580692391711 166 170 156 0.72868056491212541 5 2794 1 2176 2 2325 6 1621 4 2313
3620 2.270379303775206 -0.22732602242495303 3.1901486315423311 153 171 121 1.2036201327441369 7 2020 1 2573 2 3453 6 2191
3628 1.4756894487307102 -0.27089686891851306 3.6682095722395038 181 190 141 1.6089934055478792 5 3269 1 2701 2 2859 6 1846
3642 1.3600377816554163 -0.079043385981953027 5.0827169577357889 136 143 110 0.76440200972543726 4 2317 1 2935 2 3092
3651 1.9462953496587436 -1.1203302572079807 3.8373838145284771 158 183 77 0.45544730963611402 5 3614 1 3086 2 3281
3653 2.7346884732767522 -0.8839520115092061 3.543311994985594 118 135 43 0.73134807328136886 4 2438 1 3097 2 2534 6 1708
