图像,提示词编号,提示词文本,总分,面积得分,连通域得分,边界得分,时序得分,前背景对比得分,下方泄漏得分,侧边泄漏得分,语义门控启用,语义门控总修正,目标框得分,垂直覆盖得分,花盆重叠惩罚,侧边干扰惩罚,中心先验得分,面积比例,连通域数量,边界密度,时序IoU,前背景对比,下方区域占比,侧边区域占比,SAM3原始分数
0000.jpg,P1,green plant,0.9529921720789281,0.1238819664205344,1.0,0.7390213747988464,1.0,0.21194088459014893,1.0,1.0,1,0.3380233269170221,0.5609039283910335,0.262314898760955,0.0,0.0,0.944902702031885,0.05893337673611111,1,7.062816695178514,1.0,0.05298522114753723,0.0,0.0,0.371094;0.427734;0.949219
0000.jpg,P2,entire plant excluding pot,1.0548439388625837,0.29799394924988265,1.0,0.7489725675258389,1.0,0.20834659039974213,1.0,1.0,1,0.4037813174274908,0.6319777613700615,0.4886672710788758,0.0,0.0,0.9462899215377163,0.1277076099537037,1,6.703247711819588,1.0,0.05208664759993553,0.0,0.0,0.953125
0000.jpg,P3,leaves and stems,0.952324491673548,0.12350715199640572,1.0,0.7361307155987369,1.0,0.2118295282125473,1.0,1.0,1,0.33803101251201007,0.5607509262980944,0.26261710486551826,0.0,0.0,0.9449710943188376,0.05878532503858025,1,7.169087739713273,1.0,0.052957382053136826,0.0,0.0,0.357422;0.335938;0.789062;0.462891
0000.jpg,P4,crop seedling,0.9540899699574144,0.12513612966869825,1.0,0.7408035892695163,1.0,0.2129848450422287,1.0,1.0,1,0.3383050571613256,0.5614158873485958,0.26261710486551826,0.0,0.0,0.9453841771352376,0.059428771219135805,1,6.9977093654761955,1.0,0.053246211260557175,0.0,0.0,0.652344
0000.jpg,P5,plant body without background,0.9520317509581134,0.12337315889201439,1.0,0.7354615319035471,1.0,0.21136003732681274,1.0,1.0,1,0.3379928053336386,0.5606962292958141,0.26261710486551826,0.0,0.0,0.9447804620431043,0.05873239776234568,1,7.193808421543549,1.0,0.052840009331703186,0.0,0.0,0.753906
0001.jpg,P1,green plant,0.8876367861603136,0.12049429110017196,1.0,0.7395597790102986,0.7111084359105546,0.21328231692314148,1.0,1.0,1,0.3307478215714803,0.559036684164034,0.2544201378483668,0.0,0.0,0.8928935730136245,0.0575952449845679,1,7.043114792917224,0.7111084359105546,0.05332057923078537,0.0,0.0,0.937500;0.437500
0001.jpg,P2,entire plant excluding pot,1.0104894847508443,0.2925780639553055,1.0,0.7505968341196614,0.7689609236982284,0.2591403126716614,1.0,1.0,1,0.3962342578618729,0.628710940492968,0.4800719208870243,0.0,0.0,0.8977248292966973,0.12556833526234568,1,6.645462771578344,0.7689609236982284,0.06478507816791534,0.0,0.0,0.957031
0001.jpg,P3,leaves and stems,0.8877650636257578,0.11971017199953127,1.0,0.7406282689490069,0.7114338181048934,0.21373794972896576,1.0,1.0,1,0.33066302186927843,0.5587192055644891,0.2544201378483668,0.0,0.0,0.8931567510900126,0.05728551793981482,1,7.004100219373376,0.7114338181048934,0.05343448743224144,0.0,0.0,0.742188
0001.jpg,P4,crop seedling,0.8882342765099764,0.12190320264885124,1.0,0.7387126579992753,0.7118924621333796,0.21314652264118195,1.0,1.0,1,0.33110330742543875,0.5596071322821731,0.25501947857356905,0.0,0.0,0.8933730498343576,0.058151765046296294,1,7.074126567924085,0.7118924621333796,0.053286630660295486,0.0,0.0,0.699219
0001.jpg,P5,plant body without background,0.8878341348366918,0.11969155336771364,1.0,0.741651912646047,0.7113755202219614,0.21353185176849365,1.0,1.0,1,0.3305839672358487,0.5587116671469833,0.25412046748576567,0.0,0.0,0.8929319958696675,0.05727816358024691,1,6.966828587611275,0.7113755202219614,0.05338296294212341,0.0,0.0,0.546875
0002.jpg,P1,green plant,0.8260709010155992,0.11795116912798864,1.0,0.7497722364213714,0.44076037020585246,0.2515736222267151,1.0,1.0,1,0.3140594214192136,0.5549964615622555,0.2469063052445492,0.0,0.0,0.7536752492840534,0.056590711805555555,1,6.674767387305626,0.44076037020585246,0.06289340555667877,0.0,0.0,0.322266;0.960938
0002.jpg,P2,entire plant excluding pot,0.9793863626191037,0.29259332512892633,1.0,0.754151134217864,0.49906374992263886,0.4579971432685852,1.0,1.0,1,0.37862529211150087,0.6220367341391285,0.4702416028285209,0.0,0.0,0.7626894665367214,0.12557436342592593,1,6.519883207153374,0.49906374992263886,0.1144992858171463,0.0,0.0,0.914062
0002.jpg,P3,leaves and stems,0.3904761904761905,0.0,1.0,0.9523809523809523,0.0,0.0,1.0,1.0,1,0.0,0.0,0.0,1.0,1.0,0.0,0.0,0,1.0,0.0,0.0,0.0,0.0,
0002.jpg,P4,crop seedling,0.3904761904761905,0.0,1.0,0.9523809523809523,0.0,0.0,1.0,1.0,1,0.0,0.0,0.0,1.0,1.0,0.0,0.0,0,1.0,0.0,0.0,0.0,0.0,
0002.jpg,P5,plant body without background,0.3904761904761905,0.0,1.0,0.9523809523809523,0.0,0.0,1.0,1.0,1,0.0,0.0,0.0,1.0,1.0,0.0,0.0,0,1.0,0.0,0.0,0.0,0.0,
0003.jpg,P1,green plant,0.8668113700384452,0.11653004864041261,1.0,0.7506499624744628,0.7106315182258522,0.26090869307518005,1.0,1.0,1,0.2990673255552636,0.5440743922403729,0.21566579634464753,0.0,0.0,0.6982144492909652,0.05602936921296296,1,6.6435768997729125,0.7106315182258522,0.06522717326879501,0.0,0.0,0.960938
0003.jpg,P2,entire plant excluding pot,1.018033372652463,0.290436005625879,1.0,0.7529615309286616,0.7537415873943751,0.5189935564994812,1.0,1.0,1,0.3548068365627838,0.5981102628947922,0.414621409921671,0.0,0.0,0.7083639076370571,0.12472222222222222,1,6.561781948319584,0.7537415873943751,0.1297483891248703,0.0,0.0,0.957031
0003.jpg,P3,leaves and stems,0.7241479227481229,0.11594066211517429,1.0,0.7482795119379132,0.0,0.2614719271659851,1.0,1.0,1,0.2990095025043084,0.5438912586974207,0.21566579634464753,0.0,0.0,0.6982771861817458,0.055796561535493824,1,6.727980227874335,0.0,0.06536798179149628,0.0,0.0,0.769531
0003.jpg,P4,crop seedling,0.7251572016322373,0.11743473101265822,1.0,0.7506260604903172,0.0,0.26115626096725464,1.0,1.0,1,0.2993137911381913,0.5443554941675144,0.21618798955613577,0.0,0.0,0.6987553005945684,0.05638671875,1,6.64442530403991,0.0,0.06528906524181366,0.0,0.0,0.773438
0003.jpg,P5,plant body without background,0.7240275939875278,0.11561041031801844,1.0,0.7479766605692304,0.0,0.26195213198661804,1.0,1.0,1,0.2989197534127545,0.5437886432165951,0.21566579634464753,0.0,0.0,0.6977388494490964,0.05566611207561729,1,6.738802230512728,0.0,0.06548803299665451,0.0,0.0,0.621094
0004.jpg,P1,green plant,0.9641959020925279,0.34322043727535545,1.0,0.6601249990185113,0.00016807406264317696,1.0,1.0,0.07858845352772716,1,0.363493200021226,0.6023136453726669,0.5031331592689295,0.0,0.0,0.6211945547238531,0.14557207272376543,1,10.297292224558154,0.00016807406264317696,0.31883466243743896,0.0,0.05089806225272955,0.304688;0.933594
0004.jpg,P2,entire plant excluding pot,1.0447635972612865,0.28528169684716365,1.0,0.7529419460229656,0.9198539413931888,0.5187488794326782,1.0,1.0,1,0.34939830452208737,0.5862286241588843,0.41174934725848567,0.0,0.0,0.7010340355995044,0.12268627025462962,1,6.562472851512477,0.9198539413931888,0.12968721985816956,0.0,0.0,0.929688
0004.jpg,P3,leaves and stems,0.8952275592785199,0.11011791393186432,1.0,0.7480137025607422,0.8645367766988694,0.27600282430648804,1.0,1.0,1,0.2954933157789271,0.5375994488738096,0.21409921671018275,0.0,0.0,0.6879564966526086,0.05349657600308642,1,6.737478112409185,0.8645367766988694,0.06900070607662201,0.0,0.0,0.675781
0004.jpg,P4,crop seedling,0.8968228413884176,0.11269430526254098,1.0,0.7467878330693408,0.8703389296338242,0.2745931148529053,1.0,1.0,1,0.29594000482469524,0.5383147096630961,0.21462140992167103,0.0,0.0,0.688980026567108,0.0545142505787037,1,6.781368300818255,0.8703389296338242,0.06864827871322632,0.0,0.0,0.476562
0004.jpg,P5,plant body without background,0.8952796710663422,0.11005595356696352,1.0,0.7476766667104654,0.8648587403021726,0.2767946720123291,1.0,1.0,1,0.2954024645479561,0.537582247364483,0.21383812010443864,0.0,0.0,0.6875781635158813,0.05347210165895062,1,6.7495307670807865,0.8648587403021726,0.06919866800308228,0.0,0.0,0.345703
0005.jpg,P1,green plant,0.7205136796146161,0.10913478912720731,1.0,0.7490977716114497,0.0,0.2592293918132782,1.0,1.0,1,0.2970212891042291,0.5396561508936073,0.2133159268929504,0.0,0.0,0.697447694507355,0.05310824170524692,1,6.698784535129845,0.0,0.06480734795331955,0.0,0.0,0.929688
0005.jpg,P2,entire plant excluding pot,1.0245970702427014,0.27737396712376927,1.0,0.7535454523905212,0.8434374942659498,0.4958276152610779,1.0,1.0,1,0.3505601644344376,0.5892779914173661,0.40678851174934727,0.0,0.0,0.7109093532347697,0.11956271701388889,1,6.541199255536213,0.8434374942659498,0.12395690381526947,0.0,0.0,0.953125
0005.jpg,P3,leaves and stems,0.8661643968303537,0.10854998095405533,1.0,0.7488995634440034,0.7283768509431264,0.2604062557220459,1.0,1.0,1,0.2969178666177076,0.5394836627832235,0.21305483028720626,0.0,0.0,0.6974871519188226,0.052877242476851855,1,6.705850792628267,0.7283768509431264,0.06510156393051147,0.0,0.0,0.742188
0005.jpg,P4,crop seedling,0.8678886943756581,0.11037613298952953,1.0,0.7484451324303291,0.7346873240853405,0.25913840532302856,1.0,1.0,1,0.29735929541001244,0.5400222830151786,0.21383812010443864,0.0,0.0,0.6986063473590098,0.0535985725308642,1,6.722065697797497,0.7346873240853405,0.06478460133075714,0.0,0.0,0.765625
0005.jpg,P5,plant body without background,0.8655427192204999,0.10872884190889198,1.0,0.7482216833131129,0.7262730112041805,0.2596491277217865,1.0,1.0,1,0.29696818639090555,0.5395364174975684,0.2133159268929504,0.0,0.0,0.6973357342602552,0.052947892554012346,1,6.730045982415719,0.7262730112041805,0.06491228193044662,0.0,0.0,0.539062
0006.jpg,P1,green plant,0.8735391270471149,0.10173830872011247,1.0,0.7503164203238956,0.7798739002627944,0.24085769057273865,1.0,1.0,1,0.29898186307120667,0.5361707592672212,0.21096605744125327,0.0,0.0,0.7334820698825368,0.05018663194444444,1,6.655420910775788,0.7798739002627944,0.06021442264318466,0.0,0.0,0.945312
0006.jpg,P2,entire plant excluding pot,1.0153818426660024,0.26659042184325665,1.0,0.7547934195892217,0.8247635997470903,0.4752739369869232,1.0,1.0,1,0.3510975670327041,0.5831019084127332,0.402088772845953,0.0,0.0,0.7463591997597598,0.11530321662808642,1,6.497316326478468,0.8247635997470903,0.1188184842467308,0.0,0.0,0.960938
0006.jpg,P3,leaves and stems,0.8730970189191459,0.10192022190967343,1.0,0.7521113808346902,0.7764969254699016,0.2401878982782364,1.0,1.0,1,0.2989537336206456,0.5362225474722316,0.21044386422976502,0.0,0.0,0.7339594644400684,0.05025848765432099,1,6.591806093672032,0.7764969254699016,0.0600469745695591,0.0,0.0,0.648438
0006.jpg,P4,crop seedling,0.8743410604708473,0.10279224537037035,1.0,0.7499157263191071,0.7817636447971963,0.24076546728610992,1.0,1.0,1,0.2992936437162905,0.5364708006630281,0.21148825065274152,0.0,0.0,0.7346097836673721,0.0506029369212963,1,6.669663400937295,0.7817636447971963,0.06019136682152748,0.0,0.0,0.660156
0006.jpg,P5,plant body without background,0.8732072024000263,0.10171541695968112,1.0,0.7496456516895869,0.7779893366037187,0.24151799082756042,1.0,1.0,1,0.29903352318391685,0.5361642422951142,0.21122715404699738,0.0,0.0,0.7335515065216736,0.05017758969907407,1,6.679271673120562,0.7779893366037187,0.060379497706890106,0.0,0.0,0.376953
0007.jpg,P1,green plant,0.8840861667351271,0.09879473355211743,1.0,0.7487291924437122,0.8465315208171582,0.23262298107147217,1.0,1.0,1,0.298750481158235,0.5354217826750143,0.21070496083550913,0.0,0.0,0.7342596427158838,0.04902391975308642,1,6.711927625960112,0.8465315208171582,0.05815574526786804,0.0,0.0,0.941406
0007.jpg,P2,entire plant excluding pot,1.0329548251814409,0.263380997030786,1.0,0.7567012739889573,0.9142253645852202,0.47630128264427185,1.0,1.0,1,0.3508330415315937,0.5823952980489552,0.40156657963446474,0.0,0.0,0.7471270288025575,0.1140354938271605,1,6.430509221386439,0.9142253645852202,0.11907532066106796,0.0,0.0,0.945312
0007.jpg,P3,leaves and stems,0.88419951168717,0.09898885568057503,1.0,0.7503289921236392,0.8459202118009125,0.2319639027118683,1.0,1.0,1,0.29875911922377096,0.5354771858331685,0.21044386422976502,0.0,0.0,0.7346220862080428,0.04910059799382716,1,6.654974297866925,0.8459202118009125,0.05799097567796707,0.0,0.0,0.609375
0007.jpg,P4,crop seedling,0.8848185924670856,0.09955870790357868,1.0,0.7489550611568546,0.8484526127283392,0.2322397530078888,1.0,1.0,1,0.29897736550775333,0.5356398237203918,0.21122715404699738,0.0,0.0,0.7348253947715668,0.04932568962191358,1,6.703871883991949,0.8484526127283392,0.0580599382519722,0.0,0.0,0.519531
0007.jpg,P5,plant body without background,0.8841608296098337,0.09867355983356774,1.0,0.7484175245821637,0.8472879848339189,0.23280230164527893,1.0,1.0,1,0.29872455543084775,0.5353871992571099,0.21070496083550913,0.0,0.0,0.7341214274046766,0.04897605613425926,1,6.72305142930193,0.8472879848339189,0.05820057541131973,0.0,0.0,0.363281
0008.jpg,P1,green plant,0.893629960717005,0.10535154418659165,1.0,0.7545837077868358,0.7982390945145661,0.2627638876438141,1.0,1.0,1,0.30944231389064336,0.5514613694134063,0.24954792043399637,0.0,0.0,0.7151220891783181,0.051613859953703704,1,6.504680386831051,0.7982390945145661,0.06569097191095352,0.0,0.0,0.941406
0008.jpg,P2,entire plant excluding pot,1.0607173195907067,0.27976630870057817,1.0,0.7627347857083696,0.8720193303284463,0.5090557336807251,1.0,1.0,1,0.3760020879070828,0.620151658052227,0.47799879445449067,0.0,0.0,0.7290922458699499,0.12050769193672839,1,6.221434205895743,0.8720193303284463,0.12726393342018127,0.0,0.0,0.921875
0008.jpg,P3,leaves and stems,0.8936103580597775,0.10509759825754028,1.0,0.756236389487164,0.7972980248833258,0.26311734318733215,1.0,1.0,1,0.30926048689670504,0.5513613571282434,0.24864376130198915,0.0,0.0,0.7152813486746183,0.0515135513117284,1,6.446756963867942,0.7972980248833258,0.06577933579683304,0.0,0.0,0.792969
0008.jpg,P4,crop seedling,0.8942870500238836,0.10643142483200496,1.0,0.7572603461623486,0.7980098885400717,0.2612989842891693,1.0,1.0,1,0.30968692125916475,0.5518866620394958,0.24984930681133213,0.0,0.0,0.7155371431930149,0.052040412808641974,1,6.410996035057423,0.7980098885400717,0.06532474607229233,0.0,0.0,0.550781
0008.jpg,P5,plant body without background,0.8932007520102132,0.10504082669167047,1.0,0.7538411000723706,0.7971381742112187,0.2634096145629883,1.0,1.0,1,0.3093148089025636,0.55133899861257,0.24924653405666064,0.0,0.0,0.7148178325796514,0.05149112654320988,1,6.530790106933612,0.7971381742112187,0.06585240364074707,0.0,0.0,0.531250
0009.jpg,P1,green plant,0.8537355055320668,0.11664114998437247,1.0,0.7636264708150045,0.5901925072949102,0.3152179419994354,1.0,0.18784087237479807,1,0.2965998915133223,0.5367168014177242,0.23028720626631854,0.0,0.0,0.6729731388918152,0.05607325424382716,1,6.190815489481878,0.5901925072949102,0.07880448549985886,0.0,0.02129462001229859,0.941406
0009.jpg,P2,entire plant excluding pot,1.0246367907795166,0.3093745116424441,1.0,0.7622028391186316,0.7029639824380669,0.5841463804244995,1.0,0.42162606940305686,1,0.35289924805478834,0.586566561369953,0.4402088772845953,0.0,0.0,0.6836335366407762,0.13220293209876544,1,6.239734324693507,0.7029639824380669,0.14603659510612488,0.0,0.009487079405842355,0.933594
0009.jpg,P3,leaves and stems,0.8532692886415862,0.11647236140412554,1.0,0.7634335593597987,0.5889459824467005,0.31479576230049133,1.0,0.18729603870577563,1,0.29653975553936296,0.5366731448855306,0.2300261096605744,0.0,0.0,0.6729945509052385,0.05600658275462963,1,6.197433627061968,0.5889459824467005,0.07869894057512283,0.0,0.021356564867256067,0.781250
0009.jpg,P4,crop seedling,0.8543063124937865,0.11727967748867008,1.0,0.763135580291989,0.5915199677032095,0.31565576791763306,1.0,0.18770028123744475,1,0.29678811381348624,0.536881954157957,0.2308093994778068,0.0,0.0,0.673337379521961,0.056325472608024695,1,6.207662853758763,0.5915199677032095,0.07891394197940826,0.0,0.021310570094138094,0.695312
0009.jpg,P5,plant body without background,0.8535021871377062,0.11646381514689796,1.0,0.7627872994155849,0.5895389343896968,0.31563451886177063,1.0,0.18756834241873613,1,0.2966172735749162,0.5366709344282045,0.23054830287206265,0.0,0.0,0.6728375200807333,0.05600320698302469,1,6.219629004472344,0.5895389343896968,0.07890862971544266,0.0,0.021325560318010476,0.675781
0010.jpg,P1,green plant,0.9200088477021893,0.11941471567823103,1.0,0.7630360679866924,0.8239978716545555,0.3658120036125183,1.0,0.16681829375549692,1,0.30555671591578976,0.5534093228345606,0.25603593486805165,0.0,0.0,0.6577698464744427,0.057168812692901236,1,6.21108075896198,0.8239978716545555,0.09145300090312958,0.0,0.023978185545182114,0.949219
0010.jpg,P2,entire plant excluding pot,1.0974374313506627,0.3303397015158619,1.0,0.7657589736268946,0.8699905416399342,0.6424363851547241,1.0,0.30521432781088337,1,0.3757323109631799,0.6312457733759063,0.49213924761370015,0.0,0.0,0.6621122571114668,0.14048418209876543,1,6.1178787174679865,0.8699905416399342,0.16060909628868103,0.0,0.013105544646902934,0.839844
0010.jpg,P3,leaves and stems,0.3904761904761905,0.0,1.0,0.9523809523809523,0.0,0.0,1.0,1.0,1,0.0,0.0,0.0,1.0,1.0,0.0,0.0,0,1.0,0.0,0.0,0.0,0.0,
0010.jpg,P4,crop seedling,0.3904761904761905,0.0,1.0,0.9523809523809523,0.0,0.0,1.0,1.0,1,0.0,0.0,0.0,1.0,1.0,0.0,0.0,0,1.0,0.0,0.0,0.0,0.0,
0010.jpg,P5,plant body without background,0.3904761904761905,0.0,1.0,0.9523809523809523,0.0,0.0,1.0,1.0,1,0.0,0.0,0.0,1.0,1.0,0.0,0.0,0,1.0,0.0,0.0,0.0,0.0,
0011.jpg,P1,green plant,0.9010971648961066,0.11394022747694954,1.0,0.7643887792670914,0.7401906600158229,0.36617952585220337,1.0,0.15190444481438323,1,0.3041573263736932,0.5526458811718957,0.25760591413136197,0.0,0.0,0.6436220341988457,0.05500638985339506,1,6.164695953774114,0.7401906600158229,0.09154488146305084,0.0,0.0263323433681465,0.937500
0011.jpg,P2,entire plant excluding pot,1.0994362666036106,0.3266113968002812,1.0,0.7698572161655097,0.8382476197725988,0.6826269030570984,1.0,0.23261552428506582,1,0.3759676394445131,0.6330460519483516,0.4998578333807222,0.0,0.0,0.6442711125406009,0.1390115017361111,1,5.978843323201702,0.8382476197725988,0.1706567257642746,0.0,0.01719575687088742,0.906250
0011.jpg,P3,leaves and stems,0.7528278147887479,0.11339204612048748,1.0,0.7647701663565711,0.0,0.36574435234069824,1.0,0.15096719541566317,1,0.30404650182519655,0.5524386416348384,0.25760591413136197,0.0,0.0,0.6432391270935798,0.054789858217592594,1,6.15164774965225,0.0,0.09143608808517456,0.0,0.026495822413516147,0.816406
0011.jpg,P4,crop seedling,0.7535564367736335,0.11473655551648687,1.0,0.7627056966118251,0.0,0.36622554063796997,1.0,0.15205169414298733,1,0.3048228782203771,0.5529469323702156,0.2604492465169178,0.0,0.0,0.6441058751775647,0.055320939429012346,1,6.222434274250466,0.0,0.09155638515949249,0.0,0.02630684269942073,0.796875
0011.jpg,P5,plant body without background,0.7526811535966587,0.11331940293405218,1.0,0.7629915335273317,0.0,0.3667084276676178,1.0,0.1510888981288981,1,0.3040772807708584,0.5524111789344934,0.25789024736991756,0.0,0.0,0.6431312361720052,0.05476116415895062,1,6.212610653147651,0.0,0.09167710691690445,0.0,0.02647447992232685,0.777344
0012.jpg,P1,green plant,0.6081518440938347,0.1196848384513205,1.0,0.731222241993466,0.39399241717795086,0.4231944978237152,1.0,0.5767113808801214,1,0.07453304500454415,0.0,0.0,0.0,0.0,0.7453304500454414,0.05727551118827161,1,7.351465602955106,0.39399241717795086,0.1057986244559288,0.0,0.006935878383214122,0.941406
0012.jpg,P2,entire plant excluding pot,0.7337395710305377,0.33143453811142365,1.0,0.7427977402464512,0.514396259790135,0.7000421285629272,1.0,1.0,1,0.07600543768835033,0.0,0.0,0.0,0.0,0.7600543768835032,0.14091664255401234,1,6.925230000517026,0.514396259790135,0.1750105321407318,0.0,0.002674494511126188,0.875000
0012.jpg,P3,leaves and stems,0.6083863901358427,0.11980387560556338,1.0,0.7316132461587874,0.3954156662665066,0.4223414659500122,1.0,0.5798243902439024,1,0.07455153933966889,0.0,0.0,0.0,0.0,0.7455153933966889,0.05732253086419753,1,7.336847856441425,0.3954156662665066,0.10558536648750305,0.0,0.006898640463050209,0.375000
0012.jpg,P4,crop seedling,0.6084222945760067,0.12038563154399129,1.0,0.7317732616749506,0.39408929345212124,0.4229150712490082,1.0,0.5744428399518652,1,0.07458964299199243,0.0,0.0,0.0,0.0,0.7458964299199243,0.05755232445987654,1,7.33087015808987,0.39408929345212124,0.10572876781225204,0.0,0.006963268965690608,0.408203
0012.jpg,P5,plant body without background,0.3904761904761905,0.0,1.0,0.9523809523809523,0.0,0.0,1.0,1.0,1,0.0,0.0,0.0,1.0,1.0,0.0,0.0,0,1.0,0.0,0.0,0.0,0.0,
0013.jpg,P1,green plant,0.6743122645899726,0.11859244364353805,1.0,0.7534011196835947,0.6191464249059185,0.46807992458343506,1.0,1.0,1,0.08246828202667533,0.0,0.0,0.0,0.0,0.8246828202667533,0.05684401523919753,1,6.546283881817677,0.6191464249059185,0.11701998114585876,0.0,0.0,0.941406
0013.jpg,P2,entire plant excluding pot,0.7894953539092118,0.32457525101578366,1.0,0.7547539746653372,0.6919775286318468,0.7592180967330933,1.0,1.0,1,0.08339038369999957,0.0,0.0,0.0,0.0,0.8339038369999957,0.13820722415123457,1,6.498701128229407,0.6919775286318468,0.18980452418327332,0.0,0.0,0.886719
0013.jpg,P3,leaves and stems,0.6749150931290314,0.11876764191670564,1.0,0.7544242490613402,0.6206263116575246,0.4682447910308838,1.0,1.0,1,0.08250249439574052,0.0,0.0,0.0,0.0,0.8250249439574051,0.056913218557098764,1,6.51028254312363,0.6206263116575246,0.11706119775772095,0.0,0.0,0.687500
0013.jpg,P4,crop seedling,0.3904761904761905,0.0,1.0,0.9523809523809523,0.0,0.0,1.0,1.0,1,0.0,0.0,0.0,1.0,1.0,0.0,0.0,0,1.0,0.0,0.0,0.0,0.0,
0013.jpg,P5,plant body without background,0.5904761904761905,0.0,1.0,0.9523809523809523,1.0,0.0,1.0,1.0,1,0.0,0.0,0.0,1.0,1.0,0.0,0.0,0,1.0,1.0,0.0,0.0,0.0,
0014.jpg,P1,green plant,0.6362340084856559,0.09966339955461789,1.0,0.7530888692612654,0.31260038679647295,0.5786246061325073,1.0,1.0,1,0.08743855613668311,0.0,0.0,0.0,0.0,0.8743855613668311,0.04936704282407407,1,6.557290668256442,0.31260038679647295,0.14465615153312683,0.0,0.0,0.949219
0014.jpg,P2,entire plant excluding pot,0.7798011026805589,0.27825575773558364,1.0,0.760222526586722,0.5637782772214022,0.843654453754425,1.0,1.0,1,0.09061889962093231,0.0,0.012665862484921592,0.0,0.0,0.8833904437364641,0.11991102430555556,1,6.308086514874551,0.5637782772214022,0.21091361343860626,0.0,0.0,0.730469
0014.jpg,P3,leaves and stems,0.3904761904761905,0.0,1.0,0.9523809523809523,0.0,0.0,1.0,1.0,1,0.0,0.0,0.0,1.0,1.0,0.0,0.0,0,1.0,0.0,0.0,0.0,0.0,
0014.jpg,P4,crop seedling,0.5904761904761905,0.0,1.0,0.9523809523809523,1.0,0.0,1.0,1.0,1,0.0,0.0,0.0,1.0,1.0,0.0,0.0,0,1.0,1.0,0.0,0.0,0.0,
0014.jpg,P5,plant body without background,0.5904761904761905,0.0,1.0,0.9523809523809523,1.0,0.0,1.0,1.0,1,0.0,0.0,0.0,1.0,1.0,0.0,0.0,0,1.0,1.0,0.0,0.0,0.0,
0015.jpg,P1,green plant,0.6811631378502888,0.08703416793639629,1.0,0.7485061759295363,0.5454484021060122,0.5753530263900757,1.0,1.0,1,0.08989478337788467,0.0,0.0,0.0,0.0,0.8989478337788467,0.04437849633487655,1,6.71988641264435,0.5454484021060122,0.14383825659751892,0.0,0.0,0.941406
0015.jpg,P2,entire plant excluding pot,0.8030291603188966,0.24612701935849346,1.0,0.7585954337053079,0.7330753231030774,0.8265985250473022,1.0,1.0,1,0.09014990007606044,0.0,0.01631116687578419,0.011239960104663414,0.0,0.905858780698183,0.10722017264660494,1,6.364514089297051,0.7330753231030774,0.20664963126182556,0.0,0.0,0.863281
0015.jpg,P3,leaves and stems,0.5722193632385479,0.08722737439443651,1.0,0.750147665653006,0.0,0.5740972757339478,1.0,1.0,1,0.08992490008226993,0.0,0.0,0.0,0.0,0.8992490008226992,0.04445481288580247,1,6.661417365859474,0.0,0.14352431893348694,0.0,0.0,0.570312
0015.jpg,P4,crop seedling,0.5720478724561247,0.08771390060947026,1.0,0.7497194845637061,0.0,0.5731264352798462,1.0,1.0,1,0.08993590836552012,0.0,0.0,0.0,0.0,0.8993590836552012,0.044646990740740744,1,6.676644280679008,0.0,0.14328160881996155,0.0,0.0,0.351562
0015.jpg,P5,plant body without background,0.5904761904761905,0.0,1.0,0.9523809523809523,1.0,0.0,1.0,1.0,1,0.0,0.0,0.0,1.0,1.0,0.0,0.0,0,1.0,1.0,0.0,0.0,0.0,
0016.jpg,P1,green plant,0.9460360878374456,0.07363882540240663,1.0,0.7506891653626534,0.6372870613220822,0.6129354238510132,1.0,1.0,1,0.33112599264981457,0.5459823488914941,0.26617745163442297,0.0,0.0,0.9212022924359555,0.03908733603395062,1,6.642185504752985,0.6372870613220822,0.1532338559627533,0.0,0.0,0.941406
0016.jpg,P2,entire plant excluding pot,1.1065987149771161,0.21556987664088134,1.0,0.7607419109371171,0.7845379873740435,0.847099781036377,1.0,1.0,1,0.38500880377943236,0.6119345956450615,0.48732488325550366,0.03160110135033255,0.0,0.9259354672276997,0.09515010127314814,1,6.290125090338553,0.7845379873740435,0.21177494525909424,0.0,0.0,0.554688
0016.jpg,P3,leaves and stems,0.3904761904761905,0.0,1.0,0.9523809523809523,0.0,0.0,1.0,1.0,1,0.0,0.0,0.0,1.0,1.0,0.0,0.0,0,1.0,0.0,0.0,0.0,0.0,
0016.jpg,P4,crop seedling,0.3904761904761905,0.0,1.0,0.9523809523809523,0.0,0.0,1.0,1.0,1,0.0,0.0,0.0,1.0,1.0,0.0,0.0,0,1.0,0.0,0.0,0.0,0.0,
0016.jpg,P5,plant body without background,0.5904761904761905,0.0,1.0,0.9523809523809523,1.0,0.0,1.0,1.0,1,0.0,0.0,0.0,1.0,1.0,0.0,0.0,0,1.0,1.0,0.0,0.0,0.0,
0017.jpg,P1,green plant,0.9698556172052771,0.06754931190420377,1.0,0.7544772499975947,0.7649531844146508,0.6121024489402771,1.0,1.0,1,0.3300391781539318,0.5443727265276145,0.26387470207694924,0.0,0.0,0.920112774954159,0.036681978202160494,1,6.5084202340942205,0.7649531844146508,0.15302561223506927,0.0,0.0,0.933594
0017.jpg,P2,entire plant excluding pot,1.1236696748090917,0.20096066035708693,1.0,0.7622876185971463,0.8892748342245461,0.869048535823822,1.0,1.0,1,0.37935534500857154,0.6081187702372038,0.48178413346952675,0.042279682039093595,0.0,0.9247653601276346,0.08937946084104938,1,6.236816015464627,0.8892748342245461,0.2172621339559555,0.0,0.0,0.859375
0017.jpg,P3,leaves and stems,0.8166805435040647,0.06768757813720894,1.0,0.7540480720268414,0.0,0.6112316250801086,1.0,1.0,1,0.33008708845523294,0.5444387923116345,0.26387470207694924,0.0,0.0,0.9203606477231001,0.03673659336419753,1,6.523507906122028,0.0,0.15280790627002716,0.0,0.0,0.589844
0017.jpg,P4,crop seedling,0.8167477969554336,0.06818844985544614,1.0,0.7536724558867194,0.0,0.6109730005264282,1.0,1.0,1,0.3301810157017149,0.5446781167080513,0.26387470207694924,0.0,0.0,0.9204622848004604,0.03693443769290124,1,6.536726722312503,0.0,0.15274325013160706,0.0,0.0,0.468750
0017.jpg,P5,plant body without background,0.5904761904761905,0.0,1.0,0.9523809523809523,1.0,0.0,1.0,1.0,1,0.0,0.0,0.0,1.0,1.0,0.0,0.0,0,1.0,1.0,0.0,0.0,0.0,
0018.jpg,P1,green plant,0.6554137447434067,0.08163629082669166,1.0,0.7542213974671407,0.312665420830593,0.6513972282409668,1.0,1.0,1,0.09542967727032825,0.0,0.0,0.0,0.0,0.9542967727032824,0.04224633487654321,1,6.5174126154003025,0.312665420830593,0.1628493070602417,0.0,0.0,0.921875
0018.jpg,P2,entire plant excluding pot,0.3904761904761905,0.0,1.0,0.9523809523809523,0.0,0.0,1.0,1.0,1,0.0,0.0,0.0,1.0,1.0,0.0,0.0,0,1.0,0.0,0.0,0.0,0.0,
0018.jpg,P3,leaves and stems,0.3904761904761905,0.0,1.0,0.9523809523809523,0.0,0.0,1.0,1.0,1,0.0,0.0,0.0,1.0,1.0,0.0,0.0,0,1.0,0.0,0.0,0.0,0.0,
0018.jpg,P4,crop seedling,0.3904761904761905,0.0,1.0,0.9523809523809523,0.0,0.0,1.0,1.0,1,0.0,0.0,0.0,1.0,1.0,0.0,0.0,0,1.0,0.0,0.0,0.0,0.0,
0018.jpg,P5,plant body without background,0.5904761904761905,0.0,1.0,0.9523809523809523,1.0,0.0,1.0,1.0,1,0.0,0.0,0.0,1.0,1.0,0.0,0.0,0,1.0,1.0,0.0,0.0,0.0,
0019.jpg,P1,green plant,0.7793246382725042,0.07288828088373178,1.0,0.6946826531963007,0.81507515162644,0.8284146785736084,1.0,1.0,1,0.09711248541648795,0.0,0.0,0.0,0.0,0.9711248541648795,0.038790870949074074,1,8.790124394179276,0.81507515162644,0.2071036696434021,0.0,0.0,0.925781
0019.jpg,P2,entire plant excluding pot,0.6821949467560683,0.23374349263556804,1.0,0.7634830808639772,0.0,0.9330191016197205,1.0,1.0,1,0.09614581173221519,0.0,0.0,0.0,0.0,0.9614581173221518,0.10232867959104938,1,6.195734393180635,0.0,0.23325477540493011,0.0,0.0,0.390625
0019.jpg,P3,leaves and stems,0.5904761904761905,0.0,1.0,0.9523809523809523,1.0,0.0,1.0,1.0,1,0.0,0.0,0.0,1.0,1.0,0.0,0.0,0,1.0,1.0,0.0,0.0,0.0,
0019.jpg,P4,crop seedling,0.5904761904761905,0.0,1.0,0.9523809523809523,1.0,0.0,1.0,1.0,1,0.0,0.0,0.0,1.0,1.0,0.0,0.0,0,1.0,1.0,0.0,0.0,0.0,
0019.jpg,P5,plant body without background,0.5904761904761905,0.0,1.0,0.9523809523809523,1.0,0.0,1.0,1.0,1,0.0,0.0,0.0,1.0,1.0,0.0,0.0,0,1.0,1.0,0.0,0.0,0.0,
0020.jpg,P1,green plant,0.928383118960845,0.08807772698859206,1.0,0.7504826102903757,0.39517927292632665,0.7371430993080139,1.0,1.0,1,0.33420657705818335,0.5498559257255246,0.2788335517693316,0.0,0.0,0.9156696373577011,0.04479070216049383,1,6.649518224361827,0.39517927292632665,0.18428577482700348,0.0,0.0,0.917969
0020.jpg,P2,entire plant excluding pot,1.1112801840628923,0.2432573082708236,1.0,0.7613719991862452,0.6530354450012957,0.972042977809906,1.0,1.0,1,0.3853386380092383,0.6180836028016112,0.504259501965924,0.0433161917208853,0.0,0.9123752419107365,0.10608663676697531,1,6.268368184509031,0.6530354450012957,0.2430107444524765,0.0,0.0,0.863281
0020.jpg,P3,leaves and stems,0.8491470917056145,0.08804171061884658,1.0,0.7506377357452363,0.0,0.7362751364707947,1.0,1.0,1,0.33415617513863904,0.5498400904382779,0.27850589777195284,0.0,0.0,0.9158108188629026,0.04477647569444444,1,6.6440108824850315,0.0,0.18406878411769867,0.0,0.0,0.808594
0020.jpg,P4,crop seedling,0.849218365858182,0.08867627021800273,1.0,0.7504679872182672,0.0,0.7351280450820923,1.0,1.0,1,0.3343639053545095,0.5501190867279895,0.27916120576671033,0.0,0.0,0.9157320796170535,0.04502712673611111,1,6.650037497446469,0.0,0.18378201127052307,0.0,0.0,0.451172
0020.jpg,P5,plant body without background,0.849179214793333,0.08800264201437724,1.0,0.7496819533475656,0.0,0.737251341342926,1.0,1.0,1,0.3341920274523594,0.5498229131775356,0.2788335517693316,0.0,0.0,0.9156396852174222,0.04476104359567901,1,6.677979789554373,0.0,0.1843128353357315,0.0,0.0,0.457031
0021.jpg,P1,green plant,0.7262931195818274,0.09216985808329414,1.0,0.752096694395937,0.553677097347314,0.7924113273620605,1.0,1.0,1,0.08822212414410621,0.0,0.012855831037649219,0.0,0.0,0.8590807455732935,0.04640709394290123,1,6.592325360588698,0.553677097347314,0.19810283184051514,0.0,0.0,0.349609;0.925781
0021.jpg,P2,entire plant excluding pot,0.8613002957328569,0.25426336146272854,1.0,0.7619257127142985,0.6804628805678681,1.0,1.0,1.0,1,0.12196990478387788,0.0,0.3337924701561065,0.07910400181662562,0.0,0.856184607007664,0.11043402777777778,1,6.249278198988224,0.6804628805678681,0.2519797086715698,0.00016812520742720397,0.0,0.894531
0021.jpg,P3,leaves and stems,0.7261895726098897,0.09231819669088914,1.0,0.7523054601961204,0.5534247025232921,0.7916855216026306,1.0,1.0,1,0.08824279640730329,0.0,0.012855831037649219,0.0,0.0,0.8592874682052642,0.046465687692901235,1,6.584945953716928,0.5534247025232921,0.19792138040065765,0.0,0.0,0.808594
0021.jpg,P4,crop seedling,0.7264699484479958,0.0929204026019691,1.0,0.752507861724046,0.5555857692252647,0.789708137512207,1.0,1.0,1,0.08832551423529858,0.0,0.013314967860422406,0.0,0.0,0.8592882002042254,0.04670355902777778,1,6.577795418879286,0.5555857692252647,0.19742703437805176,0.0,0.0,0.562500
0021.jpg,P5,plant body without background,0.7265136179018431,0.09232826906547897,1.0,0.7522222851352023,0.5540814188953286,0.792372465133667,1.0,1.0,1,0.08831273025590765,0.0,0.013314967860422406,0.0,0.0,0.8591603604103161,0.0464696662808642,1,6.587885516320828,0.5540814188953286,0.19809311628341675,0.0,0.0,0.439453
0022.jpg,P1,green plant,0.7673957929720941,0.0872356154281918,1.0,0.6896650900534712,0.598652644439825,0.8917766809463501,1.0,1.0,1,0.1139297867985266,0.0,0.18792710706150342,0.0,0.0,0.8010290752745598,0.0444580680941358,1,8.99958296924868,0.598652644439825,0.22294417023658752,0.0,0.0,0.898438;0.925781
0022.jpg,P2,entire plant excluding pot,0.8796166491380175,0.2691140095132051,1.0,0.7623335782361216,0.695593098697711,1.0,1.0,1.0,1,0.1342085118486101,0.0,0.45899772209567197,0.09186130770163761,0.0,0.7914731418188042,0.11630003375771605,1,6.235234247815454,0.695593098697711,0.2505008280277252,0.006075848063368783,0.0,0.855469;0.511719
0022.jpg,P3,leaves and stems,0.767858998968539,0.08693710687216749,1.0,0.6914243760585929,0.5987349026766573,0.8923066258430481,1.0,1.0,1,0.11397839667844592,0.0,0.18792710706150342,0.0,0.0,0.8015151740737531,0.044340157214506175,1,8.925795347292114,0.5987349026766573,0.22307665646076202,0.0,0.0,0.390625;0.613281
0022.jpg,P4,crop seedling,0.7670155356476991,0.08795441670573523,1.0,0.689369421286966,0.598970400055654,0.888726532459259,1.0,1.0,1,0.11401138154617627,0.0,0.18830675778283978,0.0,0.0,0.8011616514526511,0.04474199459876543,1,9.012020815577397,0.598970400055654,0.22218163311481476,0.0,0.0,0.429688
0022.jpg,P5,plant body without background,0.3904761904761905,0.0,1.0,0.9523809523809523,0.0,0.0,1.0,1.0,1,0.0,0.0,0.0,1.0,1.0,0.0,0.0,0,1.0,0.0,0.0,0.0,0.0,
0023.jpg,P1,green plant,0.8217057253995513,0.09647930829035789,1.0,0.6870766733232085,0.8010368163638709,0.8864342570304871,1.0,1.0,1,0.1275003143979665,0.0,0.2609826589595376,0.0,0.0,0.8052343578524972,0.04810932677469136,1,9.108832793384293,0.8010368163638709,0.22160856425762177,0.0,0.0,0.902344;0.906250
0023.jpg,P2,entire plant excluding pot,0.9275782093098072,0.2906273807430848,1.0,0.75789809904449,0.9173725035235912,0.9867482781410217,1.0,1.0,1,0.13704895701936973,0.0,0.47572254335260117,0.0930401507840131,0.0,0.7933094445110543,0.12479781539351852,1,6.38877182198337,0.9173725035235912,0.24668706953525543,0.0091718568711158,0.0,0.957031;0.644531
0023.jpg,P3,leaves and stems,0.8220178075495724,0.09630044733552112,1.0,0.6854640899874318,0.8024714301172906,0.8880350589752197,1.0,1.0,1,0.12756360226647975,0.0,0.261271676300578,0.0,0.0,0.805347005323757,0.04803867669753086,1,9.177312556762391,0.8024714301172906,0.22200876474380493,0.0,0.0,0.667969;0.859375
0023.jpg,P4,crop seedling,0.8213240552063101,0.09698933671276755,1.0,0.6850703194051354,0.8005384233155025,0.8855645656585693,1.0,1.0,1,0.12769152618791513,0.0,0.26213872832369944,0.0,0.0,0.8050655508964922,0.04831078800154321,1,9.194083342227595,0.8005384233155025,0.22139114141464233,0.0,0.0,0.664062
0023.jpg,P5,plant body without background,0.6616000390029826,0.09616370721987799,1.0,0.684784872556227,0.0,0.8892590403556824,1.0,1.0,1,0.12755851497662518,0.0,0.261271676300578,0.0,0.0,0.8052961324252113,0.04798466435185185,1,9.206252651788564,0.0,0.2223147600889206,0.0,0.0,0.542969;0.753906
0024.jpg,P1,green plant,0.7580916956502232,0.11553166266213466,1.0,0.7426500391641108,0.7249787007988453,0.7942637801170349,1.0,1.0,1,0.082606859101798,0.0,0.0,0.0,0.0,0.82606859101798,0.05563500675154321,1,6.930584993317965,0.7249787007988453,0.19856594502925873,0.0,0.0,0.871094;0.890625
0024.jpg,P2,entire plant excluding pot,0.8248960729863914,0.3046093627910612,1.0,0.756031724135668,0.8533549143721485,0.9602764248847961,0.9346580198875919,1.0,1,0.050041587749656564,0.0,0.0,0.10650716233768637,0.0,0.8199373645096247,0.13032069830246915,1,6.45391636556649,0.8533549143721485,0.24006910622119904,0.02139820081189196,0.0,0.894531;0.605469
0024.jpg,P3,leaves and stems,0.7575622795003543,0.11587961742069064,1.0,0.7429263253194296,0.7236774411812397,0.7923651933670044,1.0,1.0,1,0.0825925640426814,0.0,0.0,0.0,0.0,0.8259256404268138,0.05577244888117284,1,6.920569804012226,0.7236774411812397,0.1980912983417511,0.0,0.0,0.570312;0.835938
0024.jpg,P4,crop seedling,0.7574429916948876,0.11643665025785266,1.0,0.7423305374214468,0.7248877998400985,0.7906057834625244,1.0,1.0,1,0.08259083749850313,0.0,0.0,0.0,0.0,0.8259083749850312,0.05599247685185185,1,6.942176014301977,0.7248877998400985,0.1976514458656311,0.0,0.0,0.500000
0024.jpg,P5,plant body without background,0.7572851918202239,0.11554875517659013,1.0,0.7418506467142886,0.7223759646194324,0.7936338782310486,1.0,1.0,1,0.08260334287195187,0.0,0.0,0.0,0.0,0.8260334287195187,0.05564175829475309,1,6.959604454860938,0.7223759646194324,0.19840846955776215,0.0,0.0,0.433594;0.660156
0025.jpg,P1,green plant,0.7636562655121832,0.11660940674324105,1.0,0.7383870692633009,0.7021176133398984,0.8229587078094482,1.0,1.0,1,0.08764170608100555,0.0,0.0,0.0,0.0,0.8764170608100554,0.05606071566358025,1,7.086064792486522,0.7021176133398984,0.20573967695236206,0.0,0.0,0.804688;0.871094
0025.jpg,P2,entire plant excluding pot,0.803088567533936,0.3045745673152056,1.0,0.7527648719055049,0.764814893429427,0.928051233291626,0.7405652814416389,1.0,1,0.05304745434558332,0.0,0.0,0.11320222276090887,0.0,0.8700812117385597,0.13030695408950618,1,6.56872118563818,0.764814893429427,0.2320128083229065,0.027006397006711584,0.0,0.664062;0.957031
0025.jpg,P3,leaves and stems,0.7633546368999444,0.1168859392092515,1.0,0.7381357454012376,0.7027014140658382,0.820822536945343,1.0,1.0,1,0.08764550977561042,0.0,0.0,0.0,0.0,0.8764550977561041,0.05616994598765432,1,7.095287180718163,0.7027014140658382,0.20520563423633575,0.0,0.0,0.570312;0.812500
0025.jpg,P4,crop seedling,0.7630779348851918,0.11746403246601023,1.0,0.7369361718218467,0.7030876907084278,0.8196897506713867,1.0,1.0,1,0.08764240575165749,0.0,0.0,0.0,0.0,0.8764240575165749,0.056398292824074076,1,7.139392480296076,0.7030876907084278,0.20492243766784668,0.0,0.0,0.480469
0025.jpg,P5,plant body without background,0.7632794226179904,0.11670219467885601,1.0,0.7370936603541377,0.7014098727810107,0.8230041265487671,1.0,1.0,1,0.0876374517454361,0.0,0.0,0.0,0.0,0.876374517454361,0.05609736689814815,1,7.133593837167142,0.7014098727810107,0.20575103163719177,0.0,0.0,0.451172;0.679688
0026.jpg,P1,green plant,0.7811098325703152,0.10516810487966877,1.0,0.7240027367986882,0.8037526349083163,0.8242289423942566,1.0,1.0,1,0.08967934877412923,0.0,0.0,0.0,0.0,0.8967934877412922,0.05154140142746914,1,7.624204969768062,0.8037526349083163,0.20605723559856415,0.0,0.0,0.828125;0.851562
0026.jpg,P2,entire plant excluding pot,0.8098762409382958,0.28121093139553055,1.0,0.7472287855926496,0.869257994879261,0.8874351978302002,0.6696485963859439,1.0,1,0.05284965899876746,0.0,0.0,0.12053407841700256,0.0,0.8900988252386822,0.12107831790123456,1,6.76556415601334,0.869257994879261,0.22185879945755005,0.029866410693517295,0.0,0.738281;0.937500
0026.jpg,P3,leaves and stems,0.7806728396973401,0.10550568204016242,1.0,0.7243810142253322,0.8030707394850253,0.8219509720802307,1.0,1.0,1,0.08969115813119002,0.0,0.0,0.0,0.0,0.8969115813119002,0.0516747444058642,1,7.609779394050526,0.8030707394850253,0.20548774302005768,0.0,0.0,0.617188;0.843750
0026.jpg,P4,crop seedling,0.7805858246929356,0.10584081741287699,1.0,0.7237962314347383,0.8040833638201985,0.8207778930664062,1.0,1.0,1,0.08968616354609149,0.0,0.0,0.0,0.0,0.8968616354609148,0.05180712287808642,1,7.632086395856452,0.8040833638201985,0.20519447326660156,0.0,0.0,0.310547
0026.jpg,P5,plant body without background,0.7809580070307435,0.10516993622050308,1.0,0.7237637108044325,0.8027177918446053,0.8246634602546692,1.0,1.0,1,0.08969502720590146,0.0,0.0,0.0,0.0,0.8969502720590146,0.051542124807098764,1,7.633327979059427,0.8027177918446053,0.2061658650636673,0.0,0.0,0.429688;0.648438
0027.jpg,P1,green plant,0.7828067230764606,0.08967068829113922,1.0,0.7335473922455418,0.8010108678369802,0.8342047929763794,1.0,1.0,1,0.09111997480645245,0.0,0.0,0.0,0.0,0.9111997480645244,0.045419921875,1,7.264768727179062,0.8010108678369802,0.20855119824409485,0.0,0.0,0.742188;0.867188
0027.jpg,P2,entire plant excluding pot,0.8483975870995488,0.2458758204406939,1.0,0.7492855555109063,0.8607048905072175,0.8575678467750549,1.0,1.0,1,0.10571076445277443,0.0,0.26781970649895176,0.11026624528420806,0.0,0.9058309086822551,0.10712094907407407,1,6.692093358669966,0.8607048905072175,0.21439196169376373,0.016803525926726272,0.0,0.902344;0.589844
0027.jpg,P3,leaves and stems,0.7826092619447897,0.08992036109157675,1.0,0.7334965295816187,0.8022440863027571,0.8317816853523254,1.0,1.0,1,0.09112072947913423,0.0,0.0,0.0,0.0,0.9112072947913422,0.04551854263117284,1,7.266659341125798,0.8022440863027571,0.20794542133808136,0.0,0.0,0.462891;0.710938
0027.jpg,P4,crop seedling,0.3904761904761905,0.0,1.0,0.9523809523809523,0.0,0.0,1.0,1.0,1,0.0,0.0,0.0,1.0,1.0,0.0,0.0,0,1.0,0.0,0.0,0.0,0.0,
0027.jpg,P5,plant body without background,0.3904761904761905,0.0,1.0,0.9523809523809523,0.0,0.0,1.0,1.0,1,0.0,0.0,0.0,1.0,1.0,0.0,0.0,0,1.0,0.0,0.0,0.0,0.0,
0028.jpg,P1,green plant,0.8547053277576812,0.10093435009376461,1.0,0.6853301314884989,0.0,1.0,1.0,0.03586370139159839,1,0.29745243144122846,0.5448208926209593,0.28825065274151435,4.1099135951106534e-05,0.0,0.548923312712055,0.049869068287037036,1,9.18301571909747,0.0,0.3468952178955078,0.0,0.11153338458637346,0.511719;0.683594;0.894531;0.515625;0.371094
0028.jpg,P2,entire plant excluding pot,1.0812629610833766,0.23305857116346296,1.0,0.7463416092451314,0.9229294329790075,0.8421185612678528,1.0,1.0,1,0.33237332615228565,0.591726934037001,0.3817232375979112,0.11231513825573441,0.0,0.9025325794843162,0.1020581356095679,1,6.797380384872953,0.9229294329790075,0.2105296403169632,0.016894050992840023,0.0,0.486328;0.933594;0.441406;0.332031;0.511719;0.343750
0028.jpg,P3,leaves and stems,0.8547338929900605,0.09862228229020154,1.0,0.6880930890935031,0.0,1.0,1.0,0.03931632455460883,1,0.2973908187133196,0.544000074550869,0.28720626631853785,0.0,0.0,0.5529366468317867,0.04895580150462963,1,9.065834720630736,0.0,0.34444060921669006,0.0,0.10173890986285244,0.474609;0.498047;0.734375;0.419922
0028.jpg,P4,crop seedling,0.5904761904761905,0.0,1.0,0.9523809523809523,1.0,0.0,1.0,1.0,1,0.0,0.0,0.0,1.0,1.0,0.0,0.0,0,1.0,1.0,0.0,0.0,0.0,
0028.jpg,P5,plant body without background,0.5904761904761905,0.0,1.0,0.9523809523809523,1.0,0.0,1.0,1.0,1,0.0,0.0,0.0,1.0,1.0,0.0,0.0,0,1.0,1.0,0.0,0.0,0.0,
0029.jpg,P1,green plant,1.022959707418672,0.11152560458665406,1.0,0.6884566971457362,0.6573088688543187,1.0,1.0,0.07324821304578687,1,0.33150147330133023,0.5691518946614097,0.4275222265172014,0.0,0.0,0.5534430939674054,0.05405261381172839,1,9.050483614899445,0.6573088688543187,0.35761144757270813,0.0,0.05460884073034836,0.691406;0.507812;0.308594;0.902344;0.322266;0.562500;0.396484
0029.jpg,P2,entire plant excluding pot,1.1360602350740394,0.23849734821847157,1.0,0.7487905658876184,0.9688714475599721,0.8252245783805847,1.0,1.0,1,0.3797834470647101,0.6333159142797473,0.5689988403556243,0.11488436129718974,0.0,0.9016839419194311,0.10420645254629629,1,6.709738224722349,0.9688714475599721,0.20630614459514618,0.01995418416577002,0.0,0.957031;0.519531;0.425781;0.562500;0.373047;0.570312
0029.jpg,P3,leaves and stems,1.0161016646953722,0.10399970942725423,1.0,0.6932596213987334,0.6293262065268403,1.0,1.0,0.1299921761141367,1,0.3307845572248066,0.5653487517664555,0.42520293776575185,0.0,0.0,0.5637596530871187,0.051079885223765435,1,8.849220959454742,0.6293262065268403,0.35894015431404114,0.0,0.030771082687991086,0.472656;0.367188;0.447266;0.671875;0.351562
0029.jpg,P4,crop seedling,0.5904761904761905,0.0,1.0,0.9523809523809523,1.0,0.0,1.0,1.0,1,0.0,0.0,0.0,1.0,1.0,0.0,0.0,0,1.0,1.0,0.0,0.0,0.0,
0029.jpg,P5,plant body without background,0.5904761904761905,0.0,1.0,0.9523809523809523,1.0,0.0,1.0,1.0,1,0.0,0.0,0.0,1.0,1.0,0.0,0.0,0,1.0,1.0,0.0,0.0,0.0,
0030.jpg,P1,green plant,0.6325542083578826,0.09465315625488357,1.0,0.7351206101807759,0.0,0.8007799983024597,1.0,1.0,1,0.10644345541025885,0.0,0.08834586466165413,0.0,0.0,0.9054119977116111,0.04738799672067901,1,7.206419903098262,0.0,0.20019499957561493,0.0,0.0,0.382812;0.371094;0.714844;0.332031;0.589844;0.511719;0.902344;0.535156
0030.jpg,P2,entire plant excluding pot,0.8774012341108272,0.25253915406704164,1.0,0.7483753370802808,0.9351910312317008,0.7995352745056152,0.9066178667463402,1.0,1,0.13027307473389937,0.0,0.4144736842105263,0.11515650831836631,0.0,0.902147640715145,0.10975296585648148,1,6.724557864277307,0.9351910312317008,0.1998838186264038,0.0220600108751174,0.0,0.941406;0.640625;0.308594;0.554688;0.691406;0.667969;0.511719
0030.jpg,P3,leaves and stems,0.632335939203444,0.09502827590248475,1.0,0.7358984841813647,0.0,0.7984616160392761,1.0,1.0,1,0.10645826397881891,0.0,0.08834586466165413,0.0,0.0,0.9055600833972117,0.04753616898148148,1,7.177661633925763,0.0,0.19961540400981903,0.0,0.0,0.384766;0.468750;0.330078;0.460938;0.679688;0.507812
0030.jpg,P4,crop seedling,0.5904761904761905,0.0,1.0,0.9523809523809523,1.0,0.0,1.0,1.0,1,0.0,0.0,0.0,1.0,1.0,0.0,0.0,0,1.0,1.0,0.0,0.0,0.0,
0030.jpg,P5,plant body without background,0.5904761904761905,0.0,1.0,0.9523809523809523,1.0,0.0,1.0,1.0,1,0.0,0.0,0.0,1.0,1.0,0.0,0.0,0,1.0,1.0,0.0,0.0,0.0,
0031.jpg,P1,green plant,0.7926659443014984,0.09836101099781203,1.0,0.7337769270090334,0.8862963978184637,0.7863562107086182,1.0,1.0,1,0.09170783499471295,0.0,0.0,0.0,0.0,0.9170783499471294,0.0488525993441358,1,7.256239960450248,0.8862963978184637,0.19658905267715454,0.0,0.0,0.373047;0.458984;0.378906;0.898438;0.589844;0.589844
0031.jpg,P2,entire plant excluding pot,0.8118616934210293,0.25858471538521643,1.0,0.7422820649410944,0.9221089678652366,0.778168261051178,0.693851031293126,1.0,1,0.07163289157248434,0.0,0.0981554677206851,0.12408212939529663,0.0,0.9118954620135001,0.1121409625771605,1,6.943935391443345,0.9221089678652366,0.1945420652627945,0.02882463107783543,0.0,0.964844;0.451172;0.308594;0.574219;0.816406;0.734375
0031.jpg,P3,leaves and stems,0.7924816989474309,0.0985749726519769,1.0,0.7338611821643917,0.8869243285306672,0.7844637632369995,1.0,1.0,1,0.09171684963062383,0.0,0.0,0.0,0.0,0.9171684963062383,0.048937114197530864,1,7.253110651000229,0.8869243285306672,0.19611594080924988,0.0,0.0,0.445312;0.406250;0.466797;0.851562;0.683594;0.664062
0031.jpg,P4,crop seedling,0.5904761904761905,0.0,1.0,0.9523809523809523,1.0,0.0,1.0,1.0,1,0.0,0.0,0.0,1.0,1.0,0.0,0.0,0,1.0,1.0,0.0,0.0,0.0,
0031.jpg,P5,plant body without background,0.6156327149438737,0.0982083992616033,1.0,0.7337832458102544,0.0,0.787671685218811,1.0,1.0,1,0.09170004888574004,0.0,0.0,0.0,0.0,0.9170004888574004,0.04879231770833333,1,7.256005249773318,0.0,0.19691792130470276,0.0,0.0,0.472656
0032.jpg,P1,green plant,0.6234551765451158,0.14436765021878406,1.0,0.6849821705995398,0.5560158720136767,0.25173819065093994,1.0,1.0,1,0.09603439984852769,0.0,0.0,0.0,0.0,0.9603439984852767,0.06702522183641975,1,9.197840262754186,0.5560158720136767,0.06293454766273499,0.0,0.0,0.302734;0.466797;0.605469;0.906250;0.466797;0.365234
0032.jpg,P2,entire plant excluding pot,0.6432763113345594,0.37152106286138453,1.0,0.6570138773841124,0.5929502379823213,0.18479399383068085,0.4990898447246694,1.0,1,0.08202047692285969,0.0,0.12050599201065246,0.11179752552389947,0.0,0.9386865601811207,0.1567508198302469,1,10.440757324076012,0.5929502379823213,0.04619849845767021,0.040072945204952644,0.0,0.789062;0.347656;0.949219;0.683594
0032.jpg,P3,leaves and stems,0.6254200442190089,0.14109840160571951,1.0,0.6709349181335478,0.5677159565911098,0.26518526673316956,1.0,1.0,1,0.09643313560629956,0.0,0.0,0.0,0.0,0.9643313560629955,0.06573386863425926,1,9.809150574004041,0.5677159565911098,0.06629631668329239,0.0,0.0,0.687500;0.476562;0.792969;0.609375
0032.jpg,P4,crop seedling,0.5904761904761905,0.0,1.0,0.9523809523809523,1.0,0.0,1.0,1.0,1,0.0,0.0,0.0,1.0,1.0,0.0,0.0,0,1.0,1.0,0.0,0.0,0.0,
0032.jpg,P5,plant body without background,0.7632214673569655,0.09993901635021096,1.0,0.7353931331635585,0.7271999084563451,0.776679515838623,1.0,1.0,1,0.095379152595218,0.0,0.0,0.0,0.0,0.9537915259521799,0.049475911458333334,1,7.196337711181494,0.7271999084563451,0.19416987895965576,0.0,0.0,0.421875
0033.jpg,P1,green plant,0.6874492026397556,0.12541937705110173,1.0,0.6919547254832653,0.6976888979450582,0.42579638957977295,1.0,1.0,1,0.09927732462791597,0.0,0.0,0.0,0.0,0.9927732462791596,0.059540653935185185,1,8.903625141127376,0.6976888979450582,0.10644909739494324,0.0,0.0,0.605469;0.355469;0.625000;0.882812;0.566406
0033.jpg,P2,entire plant excluding pot,0.6792631032488704,0.3476260328762306,1.0,0.6805565080213652,0.7394507878156694,0.2504619061946869,0.3652816143497758,1.0,1,0.07564405626727996,0.0,0.09951287404314545,0.13274930904918456,0.0,0.9755653165426913,0.1473122829861111,1,9.387713972712644,0.7394507878156694,0.06261547654867172,0.054752276638946794,0.0,0.351562;0.828125;0.546875;0.945312;0.578125
0033.jpg,P3,leaves and stems,0.6898731736162029,0.12554329778090323,1.0,0.693373234067544,0.7078192951413019,0.42623141407966614,1.0,1.0,1,0.0992797254023199,0.0,0.0,0.0,0.0,0.992797254023199,0.05958960262345679,1,8.84449387045668,0.7078192951413019,0.10655785351991653,0.0,0.0,0.304688;0.671875;0.785156;0.609375
0033.jpg,P4,crop seedling,0.5904761904761905,0.0,1.0,0.9523809523809523,1.0,0.0,1.0,1.0,1,0.0,0.0,0.0,1.0,1.0,0.0,0.0,0,1.0,1.0,0.0,0.0,0.0,
0033.jpg,P5,plant body without background,0.3904761904761905,0.0,1.0,0.9523809523809523,0.0,0.0,1.0,1.0,1,0.0,0.0,0.0,1.0,1.0,0.0,0.0,0,1.0,0.0,0.0,0.0,0.0,
0034.jpg,P1,green plant,0.6569168368494632,0.12992508595092989,1.0,0.68212087217061,0.6710757715933622,0.3150474429130554,1.0,1.0,1,0.09728300232387167,0.0,0.0,0.0,0.0,0.9728300232387167,0.061320408950617286,1,9.320316700406813,0.6710757715933622,0.07876186072826385,0.0,0.0,0.703125;0.890625;0.320312;0.492188
0034.jpg,P2,entire plant excluding pot,0.7106995295547259,0.31272708626347856,1.0,0.7389136717445963,0.7780528241743646,0.3448418080806732,0.3831746471076668,1.0,1,0.07579245150210345,0.0,0.09821428571428571,0.13754415238260342,0.0,0.9937712578831303,0.13352719907407407,1,7.066761334621714,0.7780528241743646,0.0862104520201683,0.05219552011326124,0.0,0.419922;0.302734;0.957031;0.835938
0034.jpg,P3,leaves and stems,0.6430368575320513,0.14111213666197842,1.0,0.6825411917413086,0.6721083117388654,0.23557239770889282,1.0,1.0,1,0.09677004996184224,0.0,0.0,0.0,0.0,0.9677004996184223,0.06573929398148148,1,9.302260789529376,0.6721083117388654,0.058893099427223206,0.0,0.0,0.363281;0.789062;0.578125
0034.jpg,P4,crop seedling,0.5904761904761905,0.0,1.0,0.9523809523809523,1.0,0.0,1.0,1.0,1,0.0,0.0,0.0,1.0,1.0,0.0,0.0,0,1.0,1.0,0.0,0.0,0.0,
0034.jpg,P5,plant body without background,0.5864153965624654,0.1074026459212376,1.0,0.7266556351991055,0.0,0.6073079705238342,1.0,1.0,1,0.09814214623362988,0.0,0.0,0.0,0.0,0.9814214623362988,0.05242404513888889,1,7.523353609608974,0.0,0.15182699263095856,0.0,0.0,0.488281
0035.jpg,P1,green plant,0.7337607278803246,0.10884024847632434,1.0,0.7265678849322048,0.796085993722284,0.5476635098457336,1.0,1.0,1,0.09792920048501524,0.0,0.0,0.0,0.0,0.9792920048501523,0.05299189814814815,1,7.526677705918943,0.796085993722284,0.1369158774614334,0.0,0.0,0.812500;0.906250
0035.jpg,P2,entire plant excluding pot,0.7631619183310587,0.27489036372870757,1.0,0.7380461123567037,0.8546385653835545,0.5339228510856628,0.30963765150322686,1.0,1,0.08286233982013297,0.0,0.1906832298136646,0.16135808142632305,0.0,0.9694678288157026,0.11858169367283951,1,7.098577805845599,0.8546385653835545,0.1334807127714157,0.06459162799777136,0.0,0.472656;0.960938
0035.jpg,P3,leaves and stems,0.7250001440906033,0.10880056942491012,1.0,0.7258225238765937,0.7515653683596363,0.54911869764328,1.0,1.0,1,0.09793871222971931,0.0,0.0,0.0,0.0,0.979387122297193,0.05297622492283951,1,7.554945378631502,0.7515653683596363,0.13727967441082,0.0,0.0,0.417969;0.863281
0035.jpg,P4,crop seedling,0.5738779997090024,0.10973455325050785,1.0,0.7253637543059671,0.0,0.5445498824119568,1.0,1.0,1,0.09794836171531608,0.0,0.0,0.0,0.0,0.9794836171531608,0.053345148533950615,1,7.572373007714086,0.0,0.1361374706029892,0.0,0.0,0.605469
0035.jpg,P5,plant body without background,0.7591261929504837,0.10868366883497416,1.0,0.725140061490133,0.9218735566962695,0.5501579642295837,1.0,1.0,1,0.09795514270029146,0.0,0.0,0.0,0.0,0.9795514270029145,0.052930049189814816,1,7.580878594544651,0.9218735566962695,0.13753949105739594,0.0,0.0,0.353516;0.812500
0036.jpg,P1,green plant,0.7551261698886229,0.11267934931239254,1.0,0.7233590486484669,0.896296516845808,0.55790114402771,1.0,1.0,1,0.09707895812174733,0.0,0.0,0.0,0.0,0.9707895812174733,0.05450834297839506,1,7.648786639730645,0.896296516845808,0.1394752860069275,0.0,0.0,0.750000;0.914062;0.554688
0036.jpg,P2,entire plant excluding pot,0.777176805460959,0.28142306170886067,1.0,0.7363434856909188,0.9317153870364829,0.5384442210197449,0.260040883391769,1.0,1,0.07959157436975747,0.0,0.19648462021343377,0.17315593447347027,0.0,0.9617112307338048,0.121162109375,1,7.161237097431221,0.9317153870364829,0.13461105525493622,0.07691098314671029,0.0,0.523438;0.964844
0036.jpg,P3,leaves and stems,0.7549924484437115,0.1127339843139552,1.0,0.7232041755618358,0.8956871315502474,0.5579991936683655,1.0,1.0,1,0.09706755142483085,0.0,0.0,0.0,0.0,0.9706755142483084,0.054529923804012344,1,7.654707585810875,0.8956871315502474,0.13949979841709137,0.0,0.0,0.451172;0.392578;0.828125
0036.jpg,P4,crop seedling,0.7545444125626058,0.11362737341772144,1.0,0.7226089552308451,0.8956439841875866,0.5554842948913574,1.0,1.0,1,0.09707149101710366,0.0,0.0,0.0,0.0,0.9707149101710365,0.0548828125,1,7.677487049147884,0.8956439841875866,0.13887107372283936,0.0,0.0,0.384766
0036.jpg,P5,plant body without background,0.7550278112780925,0.11277061113064535,1.0,0.7222987447797179,0.895692227210187,0.5589460730552673,1.0,1.0,1,0.09708628004292892,0.0,0.0,0.0,0.0,0.9708628004292892,0.05454439139660494,1,7.689373883793019,0.895692227210187,0.13973651826381683,0.0,0.0,0.380859;0.750000
0037.jpg,P1,green plant,0.7225306098041443,0.11856405786060331,1.0,0.718420800216024,0.6671956153225413,0.6135318279266357,1.0,1.0,1,0.09898814953898338,0.0,0.0,0.0,0.0,0.9898814953898337,0.056832802854938275,1,7.838837619938267,0.6671956153225413,0.15338295698165894,0.0,0.0,0.710938;0.902344;0.439453
0037.jpg,P2,entire plant excluding pot,0.7581356683218298,0.29047263244256905,1.0,0.7327134955104985,0.7663559900371011,0.5763098001480103,0.28944760732420377,1.0,1,0.08496528469419395,0.0,0.18856065367693275,0.1629889736868558,0.0,0.999210591384028,0.12473668981481481,1,7.295798593235322,0.7663559900371011,0.14407745003700256,0.06909713362252275,0.0,0.625000;0.960938
0037.jpg,P3,leaves and stems,0.7224931893383583,0.11872124794889827,1.0,0.7189824469922557,0.667316729959138,0.6124222874641418,1.0,1.0,1,0.09900464686547153,0.0,0.0,0.0,0.0,0.9900464686547152,0.05689489293981481,1,7.817090783880328,0.667316729959138,0.15310557186603546,0.0,0.0,0.494141;0.796875
0037.jpg,P4,crop seedling,0.722259936821773,0.1195664117440225,1.0,0.7186349099385511,0.668178956035972,0.6100316047668457,1.0,1.0,1,0.09897756032469479,0.0,0.0,0.0,0.0,0.9897756032469478,0.05722873263888889,1,7.8305433307020325,0.668178956035972,0.15250790119171143,0.0,0.0,0.419922
0037.jpg,P5,plant body without background,0.7226051073036276,0.11862540777855901,1.0,0.7186894880482121,0.667120129038311,0.6136620044708252,1.0,1.0,1,0.09898570143644611,0.0,0.0,0.0,0.0,0.989857014364461,0.05685703607253086,1,7.828429847102943,0.667120129038311,0.1534155011177063,0.0,0.0,0.341797;0.679688
0038.jpg,P1,green plant,0.6180779781441373,0.11668815439912483,1.0,0.6878406295531919,0.008551738989986003,1.0,1.0,0.0647076495132128,1,0.05546187355567675,0.0,0.0,0.0,0.0,0.5546187355567674,0.05609182098765432,1,9.076502812855958,0.008551738989986003,0.508093535900116,0.0,0.061816493569021254,0.404297;0.898438;0.722656;0.574219;0.445312
0038.jpg,P2,entire plant excluding pot,0.7171049035044834,0.45830647366776056,1.0,0.7285298814389276,0.5134824026373652,0.50410395860672,0.3601395565556351,0.21112431712191873,1,0.07622036023432871,0.0,0.1310344827586207,0.11491724771661256,0.0,0.8710932765276073,0.19103105709876544,1,7.452545886652957,0.5134824026373652,0.12602598965168,0.055534027395600344,0.01894618324657555,0.359375;0.353516;0.490234;0.933594;0.652344;0.417969;0.566406
0038.jpg,P3,leaves and stems,0.687884023104098,0.25870558388029374,1.0,0.6502294448476013,0.32956049373352797,0.8040981888771057,1.0,0.12494216374072707,1,0.07936528083639216,0.0,0.0,0.0,0.0,0.7936528083639216,0.11218870563271605,1,10.75837330726777,0.32956049373352797,0.20102454721927643,0.0,0.03201481293617241,0.675781;0.476562;0.369141;0.480469
0038.jpg,P4,crop seedling,0.3904761904761905,0.0,1.0,0.9523809523809523,0.0,0.0,1.0,1.0,1,0.0,0.0,0.0,1.0,1.0,0.0,0.0,0,1.0,0.0,0.0,0.0,0.0,
0038.jpg,P5,plant body without background,0.3904761904761905,0.0,1.0,0.9523809523809523,0.0,0.0,1.0,1.0,1,0.0,0.0,0.0,1.0,1.0,0.0,0.0,0,1.0,0.0,0.0,0.0,0.0,
0039.jpg,P1,green plant,0.5550265439161127,0.07857856208001257,1.0,0.7433364026908899,0.0,0.4590708017349243,1.0,1.0,1,0.09882939061494743,0.0,0.0,0.0,0.0,0.9882939061494742,0.041038532021604936,1,6.905718497842532,0.0,0.11476770043373108,0.0,0.0,0.929688;0.753906;0.597656;0.628906;0.412109
0039.jpg,P2,entire plant excluding pot,0.6387472432925767,0.20340855260587598,1.0,0.754644497949905,0.44731009557544954,0.36285585165023804,0.1663416204217536,1.0,1,0.08510344373628295,0.0,0.3184540010887316,0.23628412704555432,0.0,0.9866696165397753,0.09034637827932099,1,6.502545310186103,0.44731009557544954,0.09071396291255951,0.1202344906181067,0.0,0.882812;0.625000;0.972656;0.531250;0.761719
0039.jpg,P3,leaves and stems,0.6025851957858637,0.07844151674089705,1.0,0.7443490594402723,0.23598753193385388,0.4599528908729553,1.0,1.0,1,0.09883899598826797,0.0,0.0,0.0,0.0,0.9883899598826796,0.04098439911265432,1,6.869114357502362,0.23598753193385388,0.11498822271823883,0.0,0.0,0.515625;0.851562;0.769531;0.738281
0039.jpg,P4,crop seedling,0.5544446904999532,0.07942464154555406,1.0,0.7440148328660455,0.0,0.4546760618686676,1.0,1.0,1,0.09882158324389974,0.0,0.0,0.0,0.0,0.9882158324389974,0.04137273341049383,1,6.881184509396543,0.0,0.1136690154671669,0.0,0.0,0.455078
0039.jpg,P5,plant body without background,0.5555496793200593,0.07827944307704326,1.0,0.7440102121864488,0.0,0.46132540702819824,1.0,1.0,1,0.0988266668617213,0.0,0.0,0.0,0.0,0.9882666686172129,0.0409203800154321,1,6.881351455143744,0.0,0.11533135175704956,0.0,0.0,0.441406
0040.jpg,P1,green plant,0.676038520970871,0.06931167223394274,1.0,0.7491431170325265,0.6465845254942267,0.4336831271648407,1.0,1.0,1,0.09629403258576369,0.0,0.0,0.0,0.0,0.9629403258576368,0.03737811053240741,1,6.69716846525019,0.6465845254942267,0.10842078179121017,0.0,0.0,0.574219;0.593750;0.388672;0.933594
0040.jpg,P2,entire plant excluding pot,0.6736490290871652,0.18515374716752608,1.0,0.7580442189336016,0.7250089311617224,0.31154146790504456,0.1689437965503724,1.0,1,0.07769935605358629,0.0,0.2931323283082077,0.2391637578111291,0.0,0.9668466430144764,0.08313573013117284,1,6.383685147200934,0.7250089311617224,0.07788536697626114,0.11838256513926977,0.0,0.882812;0.412109;0.423828;0.964844
0040.jpg,P3,leaves and stems,0.3904761904761905,0.0,1.0,0.9523809523809523,0.0,0.0,1.0,1.0,1,0.0,0.0,0.0,1.0,1.0,0.0,0.0,0,1.0,0.0,0.0,0.0,0.0,
0040.jpg,P4,crop seedling,0.3904761904761905,0.0,1.0,0.9523809523809523,0.0,0.0,1.0,1.0,1,0.0,0.0,0.0,1.0,1.0,0.0,0.0,0,1.0,0.0,0.0,0.0,0.0,
0040.jpg,P5,plant body without background,0.3904761904761905,0.0,1.0,0.9523809523809523,0.0,0.0,1.0,1.0,1,0.0,0.0,0.0,1.0,1.0,0.0,0.0,0,1.0,0.0,0.0,0.0,0.0,
0041.jpg,P1,green plant,0.6045365104965151,0.06999323624785125,1.0,0.7562606502839218,0.4813454419938822,0.28771165013313293,1.0,1.0,1,0.08547431476475754,0.0,0.0,0.0,0.0,0.8547431476475754,0.037647328317901234,1,6.445908553474828,0.4813454419938822,0.07192791253328323,0.0,0.0,0.406250;0.326172;0.945312
0041.jpg,P2,entire plant excluding pot,0.5990672410212396,0.17982973413814662,1.0,0.7602417773471499,0.5216687768687581,0.19953149557113647,0.25137653108929403,1.0,1,0.06681288423620144,0.0,0.2250728862973761,0.20003927881711248,0.0,0.8631154834780749,0.0810327449845679,1,6.30742034434051,0.5216687768687581,0.04988287389278412,0.07956192216247743,0.0,0.953125
0041.jpg,P3,leaves and stems,0.5085104447044482,0.06975180448116891,1.0,0.7555662227904689,0.0,0.2899666130542755,1.0,1.0,1,0.08545351663926555,0.0,0.0,0.0,0.0,0.8545351663926555,0.03755196277006173,1,6.470214518239961,0.0,0.07249165326356888,0.0,0.0,0.378906
0041.jpg,P4,crop seedling,0.5904761904761905,0.0,1.0,0.9523809523809523,1.0,0.0,1.0,1.0,1,0.0,0.0,0.0,1.0,1.0,0.0,0.0,0,1.0,1.0,0.0,0.0,0.0,
0041.jpg,P5,plant body without background,0.5904761904761905,0.0,1.0,0.9523809523809523,1.0,0.0,1.0,1.0,1,0.0,0.0,0.0,1.0,1.0,0.0,0.0,0,1.0,1.0,0.0,0.0,0.0,
0042.jpg,P1,green plant,0.6433292130496964,0.07028594555789969,1.0,0.7567477500889245,0.6432705519489902,0.23379209637641907,1.0,1.0,1,0.10250994425524963,0.0,0.06791009086561454,0.0,0.0,0.9028612789943901,0.03776294849537037,1,6.428885976403397,0.6432705519489902,0.05844802409410477,0.0,0.0,0.960938
0042.jpg,P2,entire plant excluding pot,0.6579216077849322,0.17933252510157838,1.0,0.7587177409027843,0.7122381154001153,0.13090932369232178,0.363359436390733,1.0,1,0.10168206676557232,0.0,0.3486370157819225,0.17332275398999836,0.0,0.9092423012182578,0.08083634741512345,1,6.360264063685089,0.7122381154001153,0.032727330923080444,0.055041917167917745,0.0,0.949219
0042.jpg,P3,leaves and stems,0.6439621688061863,0.07039735212533205,1.0,0.757879244088202,0.6456533701223991,0.23385033011436462,1.0,1.0,1,0.10240610951612673,0.0,0.06743185078909612,0.0,0.0,0.9026837637408943,0.03780695408950617,1,6.389428337045742,0.6456533701223991,0.058462582528591156,0.0,0.0,0.361328
0042.jpg,P4,crop seedling,0.5904761904761905,0.0,1.0,0.9523809523809523,1.0,0.0,1.0,1.0,1,0.0,0.0,0.0,1.0,1.0,0.0,0.0,0,1.0,1.0,0.0,0.0,0.0,
0042.jpg,P5,plant body without background,0.5904761904761905,0.0,1.0,0.9523809523809523,1.0,0.0,1.0,1.0,1,0.0,0.0,0.0,1.0,1.0,0.0,0.0,0,1.0,1.0,0.0,0.0,0.0,
0043.jpg,P1,green plant,0.6592935651237091,0.07155475953273949,1.0,0.7578062638043871,0.735972625215414,0.20450179278850555,1.0,1.0,1,0.10532647685549985,0.0,0.061686746987951804,0.0,0.0,0.9422286239766853,0.0382641300154321,1,6.391969762290865,0.735972625215414,0.05112544819712639,0.0,0.0,0.949219
0043.jpg,P2,entire plant excluding pot,0.6667308440137332,0.18438488924050633,1.0,0.7609080739115887,0.778565467401572,0.09024342894554138,0.3252423783374361,1.0,1,0.10391047211389151,0.0,0.3498795180722892,0.17917390785425055,0.0,0.9468433121715462,0.08283203125,1,6.284383995541407,0.778565467401572,0.022560857236385345,0.061492601616786165,0.0,0.910156
0043.jpg,P3,leaves and stems,0.3904761904761905,0.0,1.0,0.9523809523809523,0.0,0.0,1.0,1.0,1,0.0,0.0,0.0,1.0,1.0,0.0,0.0,0,1.0,0.0,0.0,0.0,0.0,
0043.jpg,P4,crop seedling,0.5904761904761905,0.0,1.0,0.9523809523809523,1.0,0.0,1.0,1.0,1,0.0,0.0,0.0,1.0,1.0,0.0,0.0,0,1.0,1.0,0.0,0.0,0.0,
0043.jpg,P5,plant body without background,0.5904761904761905,0.0,1.0,0.9523809523809523,1.0,0.0,1.0,1.0,1,0.0,0.0,0.0,1.0,1.0,0.0,0.0,0,1.0,1.0,0.0,0.0,0.0,
0044.jpg,P1,green plant,0.5798614620648183,0.06407800535239871,1.0,0.7548068373391993,0.4314230023151026,0.0969260111451149,1.0,1.0,1,0.11041469083445524,0.0,0.059034907597535935,0.0,0.0,0.9978840746689875,0.03531081211419753,1,6.496845299524347,0.4314230023151026,0.024231502786278725,0.0,0.0,0.941406
0044.jpg,P2,entire plant excluding pot,0.6135511075560127,0.1808998476324426,1.0,0.7616319668692246,0.5842411333995242,0.13065962493419647,0.12978792070078377,1.0,1,0.08206459298893509,0.0,0.37063655030800824,0.2817306667613939,0.0,0.9986921396191178,0.08145543981481482,1,6.259402007786375,0.5842411333995242,0.03266490623354912,0.15409754538027068,0.0,0.933594
0044.jpg,P3,leaves and stems,0.493834067499509,0.0640896038443507,1.0,0.755714712610023,0.0,0.09691893309354782,1.0,1.0,1,0.11048941758992467,0.0,0.059548254620123205,0.0,0.0,0.9977073175830249,0.03531539351851852,1,6.465013405555793,0.0,0.024229733273386955,0.0,0.0,0.394531
0044.jpg,P4,crop seedling,0.5904761904761905,0.0,1.0,0.9523809523809523,1.0,0.0,1.0,1.0,1,0.0,0.0,0.0,1.0,1.0,0.0,0.0,0,1.0,1.0,0.0,0.0,0.0,
0044.jpg,P5,plant body without background,0.5904761904761905,0.0,1.0,0.9523809523809523,1.0,0.0,1.0,1.0,1,0.0,0.0,0.0,1.0,1.0,0.0,0.0,0,1.0,1.0,0.0,0.0,0.0,
0045.jpg,P1,green plant,0.5938890895592762,0.06558519885919667,1.0,0.7489805751220834,0.5887585025322686,0.10257746279239655,1.0,1.0,1,0.09270874169808717,0.0,0.0,0.0,0.0,0.9270874169808716,0.035906153549382716,1,6.702962218666364,0.5887585025322686,0.025644365698099136,0.0,0.0,0.929688
0045.jpg,P2,entire plant excluding pot,0.6072885436436939,0.18833661753789654,1.0,0.757698638476946,0.6480269029822584,0.13482345640659332,0.12267810511926251,1.0,1,0.06151142056295497,0.0,0.3076043453401944,0.2897316957837909,0.0,0.9306214713685725,0.08439296392746913,1,6.395718540820011,0.6480269029822584,0.03370586410164833,0.16302827615862536,0.0,0.929688
0045.jpg,P3,leaves and stems,0.3904761904761905,0.0,1.0,0.9523809523809523,0.0,0.0,1.0,1.0,1,0.0,0.0,0.0,1.0,1.0,0.0,0.0,0,1.0,0.0,0.0,0.0,0.0,
0045.jpg,P4,crop seedling,0.5904761904761905,0.0,1.0,0.9523809523809523,1.0,0.0,1.0,1.0,1,0.0,0.0,0.0,1.0,1.0,0.0,0.0,0,1.0,1.0,0.0,0.0,0.0,
0045.jpg,P5,plant body without background,0.5904761904761905,0.0,1.0,0.9523809523809523,1.0,0.0,1.0,1.0,1,0.0,0.0,0.0,1.0,1.0,0.0,0.0,0,1.0,1.0,0.0,0.0,0.0,
0046.jpg,P1,green plant,0.6285724680383837,0.0652531157212064,1.0,0.7469937947837619,0.7643696750816822,0.10477247834205627,1.0,1.0,1,0.0922946552526423,0.0,0.0,0.0,0.0,0.9229465525264229,0.035774980709876544,1,6.773984120965229,0.7643696750816822,0.02619311958551407,0.0,0.0,0.941406
0046.jpg,P2,entire plant excluding pot,0.6582212857721168,0.19204813496249418,1.0,0.7553344016457877,0.8735255057162151,0.13091272115707397,0.1387312255274385,1.0,1,0.06785713307580268,0.0,0.31075027995520715,0.2686881537431071,0.0,0.9252852880679753,0.08585901331018518,1,6.478338543064206,0.8735255057162151,0.032728180289268494,0.14416365114603827,0.0,0.960938
0046.jpg,P3,leaves and stems,0.47609801941550745,0.06513774124863259,1.0,0.7479507882510339,0.0,0.1060827299952507,1.0,1.0,1,0.09226376751652397,0.0,0.0,0.0,0.0,0.9226376751652396,0.03572940779320988,1,6.739727150721876,0.0,0.026520682498812675,0.0,0.0,0.343750
0046.jpg,P4,crop seedling,0.4737867594719288,0.06695748359118603,1.0,0.748191106499617,0.0,0.09213177114725113,1.0,1.0,1,0.09233068722431793,0.0,0.0,0.0,0.0,0.9233068722431793,0.03644820601851852,1,6.731138376623083,0.0,0.023032942786812782,0.0,0.0,0.476562
0046.jpg,P5,plant body without background,0.5904761904761905,0.0,1.0,0.9523809523809523,1.0,0.0,1.0,1.0,1,0.0,0.0,0.0,1.0,1.0,0.0,0.0,0,1.0,1.0,0.0,0.0,0.0,
0047.jpg,P1,green plant,0.5941297940597033,0.04940072423425523,1.0,0.7502530913574447,0.5904530582755239,0.10599277913570404,1.0,1.0,1,0.09490986345911787,0.0,0.0,0.0,0.0,0.9490986345911786,0.029513286072530863,1,6.6576708985146436,0.5904530582755239,0.02649819478392601,0.0,0.0,0.960938
0047.jpg,P2,entire plant excluding pot,0.6521058415204761,0.1624161245897796,1.0,0.75550580033348,0.7080262944536102,0.18601462244987488,0.36858992029723736,1.0,1,0.0897132731551272,0.0,0.2771276595744681,0.1831461989445035,0.0,0.94774154115074,0.07415436921296296,1,6.472331504499376,0.7080262944536102,0.04650365561246872,0.05426084355174892,0.0,0.957031
0047.jpg,P3,leaves and stems,0.5947130083969084,0.04937569590951707,1.0,0.7513041338215882,0.592371103073396,0.10604189336299896,1.0,1.0,1,0.09489444316340838,0.0,0.0,0.0,0.0,0.9489444316340837,0.02950339988425926,1,6.6203779530240014,0.592371103073396,0.02651047334074974,0.0,0.0,0.492188
0047.jpg,P4,crop seedling,0.5944010498637804,0.0502046828606032,1.0,0.7494998871663193,0.5867396713059441,0.1110970750451088,1.0,1.0,1,0.09489278658818535,0.0,0.0,0.0,0.0,0.9489278658818535,0.029830849729938273,1,6.684460321422115,0.5867396713059441,0.0277742687612772,0.0,0.0,0.486328
0047.jpg,P5,plant body without background,0.5904761904761905,0.0,1.0,0.9523809523809523,1.0,0.0,1.0,1.0,1,0.0,0.0,0.0,1.0,1.0,0.0,0.0,0,1.0,1.0,0.0,0.0,0.0,
0048.jpg,P1,green plant,0.5686520757445555,0.04258111619002969,1.0,0.7619540635196252,0.5237193012206138,0.08092037588357925,1.0,1.0,1,0.08681710438178578,0.0,0.0,0.0,0.0,0.8681710438178577,0.02681954089506173,1,6.2483015152065935,0.5237193012206138,0.020230093970894814,0.0,0.0,0.957031
0048.jpg,P2,entire plant excluding pot,0.6066791695537452,0.1489386769417096,1.0,0.7633060454862529,0.5989667176297063,0.10384134948253632,0.44833516569813103,1.0,1,0.08366861164570416,0.0,0.27798213347346296,0.17753236061726016,0.0,0.8689153580565887,0.06883077739197531,1,6.201810031858576,0.5989667176297063,0.02596033737063408,0.04460948310591862,0.0,0.941406
0048.jpg,P3,leaves and stems,0.3904761904761905,0.0,1.0,0.9523809523809523,0.0,0.0,1.0,1.0,1,0.0,0.0,0.0,1.0,1.0,0.0,0.0,0,1.0,0.0,0.0,0.0,0.0,
0048.jpg,P4,crop seedling,0.3904761904761905,0.0,1.0,0.9523809523809523,0.0,0.0,1.0,1.0,1,0.0,0.0,0.0,1.0,1.0,0.0,0.0,0,1.0,0.0,0.0,0.0,0.0,
0048.jpg,P5,plant body without background,0.5904761904761905,0.0,1.0,0.9523809523809523,1.0,0.0,1.0,1.0,1,0.0,0.0,0.0,1.0,1.0,0.0,0.0,0,1.0,1.0,0.0,0.0,0.0,
0049.jpg,P1,green plant,0.6055388722092445,0.04394943301687759,1.0,0.7615610332657466,0.7261343688902717,0.07826640456914902,1.0,1.0,1,0.08355662426083549,0.0,0.0,0.0,0.0,0.8355662426083549,0.027360026041666666,1,6.261847870860014,0.7261343688902717,0.019566601142287254,0.0,0.0,0.953125
0049.jpg,P2,entire plant excluding pot,0.6414619874834391,0.15231841645178934,1.0,0.7650369584923795,0.7904094718811294,0.10031558573246002,0.44847268243815985,1.0,1,0.07984590097188753,0.0,0.27368978295394386,0.17669416460618265,0.0,0.8358998942203241,0.07016577449845679,1,6.142527858278912,0.7904094718811294,0.025078896433115005,0.04459580434480045,0.0,0.941406
0049.jpg,P3,leaves and stems,0.46041468133386354,0.044053514220972034,1.0,0.762001702341614,0.0,0.07830913364887238,1.0,1.0,1,0.08354181129157189,0.0,0.0,0.0,0.0,0.8354181129157188,0.027401138117283952,1,6.246660523907563,0.0,0.019577283412218094,0.0,0.0,0.437500
0049.jpg,P4,crop seedling,0.4598484353296232,0.044718901390842225,1.0,0.7618349567185818,0.0,0.07502582669258118,1.0,1.0,1,0.08353249836922218,0.0,0.0,0.0,0.0,0.8353249836922217,0.027663966049382715,1,6.252405227170359,0.0,0.018756456673145294,0.0,0.0,0.464844
0049.jpg,P5,plant body without background,0.5904761904761905,0.0,1.0,0.9523809523809523,1.0,0.0,1.0,1.0,1,0.0,0.0,0.0,1.0,1.0,0.0,0.0,0,1.0,1.0,0.0,0.0,0.0,
0050.jpg,P1,green plant,0.5988704319083248,0.056212091244725815,1.0,0.7481282689081556,0.6689051785292032,0.07624627649784088,1.0,1.0,1,0.08897206887233966,0.0,0.0,0.0,0.0,0.8897206887233966,0.03220377604166667,1,6.733383607050026,0.6689051785292032,0.01906156912446022,0.0,0.0,0.945312
0050.jpg,P2,entire plant excluding pot,0.6552649674228768,0.1763605641506486,1.0,0.7581532419739012,0.7326506284463468,0.19586335122585297,0.3269592755702905,1.0,1,0.08265941026352684,0.0,0.2749326145552561,0.18414019178148533,0.0,0.8841359717802635,0.07966242283950617,1,6.379891152253995,0.7326506284463468,0.04896583780646324,0.061169697556723246,0.0,0.882812
0050.jpg,P3,leaves and stems,0.3904761904761905,0.0,1.0,0.9523809523809523,0.0,0.0,1.0,1.0,1,0.0,0.0,0.0,1.0,1.0,0.0,0.0,0,1.0,0.0,0.0,0.0,0.0,
0050.jpg,P4,crop seedling,0.3904761904761905,0.0,1.0,0.9523809523809523,0.0,0.0,1.0,1.0,1,0.0,0.0,0.0,1.0,1.0,0.0,0.0,0,1.0,0.0,0.0,0.0,0.0,
0050.jpg,P5,plant body without background,0.5904761904761905,0.0,1.0,0.9523809523809523,1.0,0.0,1.0,1.0,1,0.0,0.0,0.0,1.0,1.0,0.0,0.0,0,1.0,1.0,0.0,0.0,0.0,
0051.jpg,P1,green plant,0.8711004448471801,0.06260804910923579,1.0,0.7452677011533085,0.8099564770893443,0.09260041266679764,1.0,1.0,1,0.32901391684344283,0.5500068049223197,0.2587920489296636,0.0,0.0,0.8992896631329151,0.034730179398148146,1,6.835994595029168,0.8099564770893443,0.02315010316669941,0.0,0.0,0.945312
0051.jpg,P2,entire plant excluding pot,0.9426050105210355,0.18975529623769338,1.0,0.7570404584184265,0.8773394747696961,0.22512215375900269,0.20922457947948989,1.0,1,0.3327535338840717,0.6223214298113926,0.5045871559633027,0.21702380090741757,0.0,0.8922248564891503,0.08495334201388889,1,6.418667295250064,0.8773394747696961,0.05628053843975067,0.09559106319991711,0.0,0.957031
0051.jpg,P3,leaves and stems,0.7092743406576764,0.06275913472808259,1.0,0.745482360895189,0.0,0.0928812175989151,1.0,1.0,1,0.32904979801323897,0.550092734426102,0.2587920489296636,0.0,0.0,0.8993477215676384,0.03478985821759259,1,6.828267238923843,0.0,0.023220304399728775,0.0,0.0,0.839844
0051.jpg,P4,crop seedling,0.7094283426758901,0.06302559481950298,1.0,0.7452522959354931,0.0,0.0926983654499054,1.0,1.0,1,0.32923309143490964,0.5502442828236817,0.2595565749235474,0.0,0.0,0.8992740896038258,0.03489510995370371,1,6.8365493257482575,0.0,0.02317459136247635,0.0,0.0,0.613281
0051.jpg,P5,plant body without background,0.7089997699064119,0.062463373183309745,1.0,0.7449043545111771,0.0,0.09256760776042938,1.0,1.0,1,0.3290127028154286,0.5499245209126373,0.2587920489296636,0.0,0.0,0.8995655168866614,0.034673032407407406,1,6.849084555458729,0.0,0.023141901940107346,0.0,0.0,0.621094
0052.jpg,P1,green plant,0.631169301529415,0.06837036304500699,1.0,0.7435333678912206,0.7869700755619091,0.12026471644639969,1.0,1.0,1,0.08734159694050765,0.0,0.0,0.0,0.0,0.8734159694050765,0.03700629340277778,1,6.898591056811873,0.7869700755619091,0.030066179111599922,0.0,0.0,0.953125
0052.jpg,P2,entire plant excluding pot,0.6889982998919395,0.1993316826847945,1.0,0.7556617543314492,0.831381587143391,0.2918330132961273,0.189838150139926,1.0,1,0.0733566924007871,0.0,0.30131004366812225,0.2245900882050836,0.0,0.8649791100205015,0.08873601466049383,1,6.466868126327823,0.831381587143391,0.07295825332403183,0.10535290185486106,0.0,0.949219
0052.jpg,P3,leaves and stems,0.631415465564196,0.06851412330051576,1.0,0.7439289903804612,0.787637827396307,0.12030692398548126,1.0,1.0,1,0.08733789255164293,0.0,0.0,0.0,0.0,0.8733789255164291,0.037063078703703706,1,6.884286348044555,0.787637827396307,0.030076730996370316,0.0,0.0,0.597656
0052.jpg,P4,crop seedling,0.6309591980821005,0.06907420837240197,1.0,0.7439974210545207,0.7854192574831728,0.11967644095420837,1.0,1.0,1,0.0873257325092398,0.0,0.0,0.0,0.0,0.873257325092398,0.03728431230709876,1,6.881813611198506,0.7854192574831728,0.029919110238552094,0.0,0.0,0.304688
0052.jpg,P5,plant body without background,0.3904761904761905,0.0,1.0,0.9523809523809523,0.0,0.0,1.0,1.0,1,0.0,0.0,0.0,1.0,1.0,0.0,0.0,0,1.0,0.0,0.0,0.0,0.0,
0053.jpg,P1,green plant,0.8897288429860946,0.07051394749179563,1.0,0.7453372152264309,0.8540195460748101,0.12927614152431488,1.0,1.0,1,0.32989947292262417,0.5536549586677996,0.26689708141321045,0.0,0.0,0.8807876273451646,0.03785300925925926,1,6.833491728873443,0.8540195460748101,0.03231903538107872,0.0,0.0,0.957031
0053.jpg,P2,entire plant excluding pot,0.9697165978840347,0.20073387931708075,1.0,0.7550414532828643,0.918096735014646,0.33150944113731384,0.17184231286834656,1.0,1,0.3286402961336539,0.6265644407045443,0.5142089093701997,0.23491033018906138,0.0,0.8725823725714588,0.08928988233024691,1,6.4886118676550515,0.918096735014646,0.08287736028432846,0.11638577057166699,0.0,0.933594
0053.jpg,P3,leaves and stems,0.88998832927041,0.07061802869589007,1.0,0.7459857628189874,0.8541133596960534,0.12927240133285522,1.0,1.0,1,0.3299904187616528,0.5537132332082169,0.2672811059907834,0.0,0.0,0.8808018806043588,0.037894121334876546,1,6.810163138264849,0.8541133596960534,0.032318100333213806,0.0,0.0,0.722656
0053.jpg,P4,crop seedling,0.8900635808533919,0.07093424021331451,1.0,0.745257460441915,0.855316469232323,0.12898646295070648,1.0,1.0,1,0.3299646542857402,0.5538902784395138,0.26689708141321045,0.0,0.0,0.8806158217753246,0.03801902488425926,1,6.836363353062724,0.855316469232323,0.03224661573767662,0.0,0.0,0.589844
0053.jpg,P5,plant body without background,0.7188935275979733,0.07041658120409444,1.0,0.7452903155621949,0.0,0.1293802410364151,1.0,1.0,1,0.3298761000374324,0.5536004437751512,0.26689708141321045,0.0,0.0,0.8807447006175162,0.037814549575617286,1,6.835180308110401,0.0,0.032345060259103775,0.0,0.0,0.466797
0054.jpg,P1,green plant,0.896623898282785,0.07141893508751362,1.0,0.7429292436106553,0.8833821417803291,0.14200405776500702,1.0,1.0,1,0.32867702263408405,0.5543516585733601,0.26630851880276285,0.0,0.0,0.8671840874891072,0.0382104793595679,1,6.920464057653037,0.8833821417803291,0.035501014441251755,0.0,0.0,0.957031
0054.jpg,P2,entire plant excluding pot,0.9779823285668507,0.2010232311689325,1.0,0.7532770927838041,0.9116998361945544,0.38354143500328064,0.17731406094951163,1.0,1,0.32807400953673643,0.6271710103451186,0.511128165771297,0.23111061365726568,0.0,0.8589427017429117,0.0894041763117284,1,6.550654721343219,0.9116998361945544,0.09588535875082016,0.11279421323329117,0.0,0.957031
0054.jpg,P3,leaves and stems,0.8967711465997341,0.07145586712767615,1.0,0.7437507827751195,0.8830524297094727,0.14180220663547516,1.0,1.0,1,0.3287588893501854,0.5543724091758135,0.2666922486569455,0.0,0.0,0.8672394138040048,0.0382250675154321,1,6.890728000816368,0.8830524297094727,0.03545055165886879,0.0,0.0,0.777344
0054.jpg,P4,crop seedling,0.8964670237538894,0.07180809501484597,1.0,0.7424319756210949,0.8825265047066654,0.14155444502830505,1.0,1.0,1,0.3288028196797072,0.5545703116157413,0.2666922486569455,0.0,0.0,0.8669860585594754,0.038364197530864196,1,6.938494914996944,0.8825265047066654,0.03538861125707626,0.0,0.0,0.687500
0054.jpg,P5,plant body without background,0.8965154466822283,0.07131058075480534,1.0,0.7429202881379967,0.8831690387046073,0.14223332703113556,1.0,1.0,1,0.32858879975651933,0.5542907787066578,0.2659247889485802,0.0,0.0,0.8672056519844473,0.03816767939814815,1,6.920788568214492,0.8831690387046073,0.03555833175778389,0.0,0.0,0.574219
0055.jpg,P1,green plant,0.8648510754729231,0.0747174851539304,1.0,0.7658818425701803,0.6887750825168963,0.16777807474136353,1.0,1.0,1,0.3254205784764489,0.5559927288382884,0.2632978723404255,0.0,0.0,0.8342950636177137,0.03951340663580247,1,6.113688676680348,0.6887750825168963,0.04194451868534088,0.0,0.0,0.964844
0055.jpg,P2,entire plant excluding pot,0.9752431302530502,0.20387829152992643,1.0,0.7668243693423696,0.7899842285481269,0.4567975103855133,0.21867497597483912,1.0,1,0.33174625029186283,0.6282888509992722,0.5045592705167173,0.20585744192364444,0.0,0.8278171632620175,0.09053192515432099,1,6.081591560727323,0.7899842285481269,0.11419937759637833,0.09145993916698184,0.0,0.882812
0055.jpg,P3,leaves and stems,0.8526894799359097,0.0669339813838099,1.0,0.7149406507996046,0.6221668076768936,0.2420480102300644,1.0,1.0,1,0.3234715899178352,0.5516360113851084,0.26367781155015196,0.0,0.0,0.829369798540199,0.036438922646604935,1,7.974350007418912,0.6221668076768936,0.0605120025575161,0.0,0.0,0.386719
0055.jpg,P4,crop seedling,0.3904761904761905,0.0,1.0,0.9523809523809523,0.0,0.0,1.0,1.0,1,0.0,0.0,0.0,1.0,1.0,0.0,0.0,0,1.0,0.0,0.0,0.0,0.0,
0055.jpg,P5,plant body without background,0.3904761904761905,0.0,1.0,0.9523809523809523,0.0,0.0,1.0,1.0,1,0.0,0.0,0.0,1.0,1.0,0.0,0.0,0,1.0,0.0,0.0,0.0,0.0,
0056.jpg,P1,green plant,0.8606964749913307,0.07608213929910923,1.0,0.7619732166701946,0.6524718808529392,0.21802282333374023,1.0,1.0,1,0.3189864629601341,0.5495355561665699,0.2605607476635514,0.0,0.0,0.7974808372239538,0.04005244502314815,1,6.247641731292786,0.6524718808529392,0.05450570583343506,0.0,0.0,0.957031
0056.jpg,P2,entire plant excluding pot,0.9849878032599275,0.20753853141115808,1.0,0.763770535814704,0.7590923140924187,0.5476000905036926,0.2862234561416673,1.0,1,0.32938750889553287,0.6137550406201968,0.5016822429906542,0.1828548957923712,0.0,0.7912690967785765,0.09197771990740741,1,6.185875288664105,0.7590923140924187,0.13690002262592316,0.0698754751605715,0.0,0.941406
0056.jpg,P3,leaves and stems,0.850047528636118,0.07608671765119557,1.0,0.7616752350967531,0.5996233303246822,0.2178831547498703,1.0,1.0,1,0.3189938410716177,0.5495377927973332,0.2605607476635514,0.0,0.0,0.7975467901311185,0.040054253472222225,1,6.257910298815832,0.5996233303246822,0.054470788687467575,0.0,0.0,0.734375
0056.jpg,P4,crop seedling,0.7302739137382743,0.07643070450461009,1.0,0.761630662849944,0.0,0.21776343882083893,1.0,1.0,1,0.31910895250319576,0.549705838322014,0.26093457943925236,0.0,0.0,0.7974368479142546,0.04019012827932099,1,6.25944696759194,0.0,0.05444085970520973,0.0,0.0,0.660156
0056.jpg,P5,plant body without background,0.7288042531327394,0.07360494559696817,1.0,0.7345310027319766,0.0,0.24146561324596405,1.0,1.0,1,0.3188839408177577,0.5483253898149203,0.2605607476635514,0.0,0.0,0.800691198030964,0.03907395351080247,1,7.22825847460902,0.0,0.06036640331149101,0.0,0.0,0.455078
0057.jpg,P1,green plant,0.9205724833626934,0.07597439541334583,1.0,0.7568221107185082,0.9004893824051285,0.2437773197889328,1.0,1.0,1,0.32515984169751033,0.559923128343453,0.2732261858094865,0.0,0.0,0.8000603333159418,0.04000988618827161,1,6.426289238580111,0.9004893824051285,0.0609443299472332,0.0,0.0,0.964844
0057.jpg,P2,entire plant excluding pot,1.0466922350185677,0.2045070518831067,1.0,0.7456150250160939,0.9283546242561322,0.6250361204147339,0.355081464714343,1.0,1,0.3459896707045543,0.6359623637294057,0.5260682085456684,0.16954106947439998,0.0,0.7957288670336198,0.09078028549382716,1,6.82349379905308,0.9283546242561322,0.15625903010368347,0.05632510279321299,0.0,0.898438
0057.jpg,P3,leaves and stems,0.3904761904761905,0.0,1.0,0.9523809523809523,0.0,0.0,1.0,1.0,1,0.0,0.0,0.0,1.0,1.0,0.0,0.0,0,1.0,0.0,0.0,0.0,0.0,
0057.jpg,P4,crop seedling,0.3904761904761905,0.0,1.0,0.9523809523809523,0.0,0.0,1.0,1.0,1,0.0,0.0,0.0,1.0,1.0,0.0,0.0,0,1.0,0.0,0.0,0.0,0.0,
0057.jpg,P5,plant body without background,0.3904761904761905,0.0,1.0,0.9523809523809523,0.0,0.0,1.0,1.0,1,0.0,0.0,0.0,1.0,1.0,0.0,0.0,0,1.0,0.0,0.0,0.0,0.0,
0058.jpg,P1,green plant,0.8984613740366911,0.07729479215502422,1.0,0.7543139028526754,0.7815641042736182,0.27465441823005676,1.0,1.0,1,0.32089593053441623,0.548782200759483,0.2599250936329588,0.0,0.0,0.8203564341466462,0.04053144290123457,1,6.514160648986727,0.7815641042736182,0.06866360455751419,0.0,0.0,0.957031
0058.jpg,P2,entire plant excluding pot,1.024919324432728,0.20748847476168142,1.0,0.7599629479027663,0.8450354471798068,0.6555257439613342,0.2943733235560873,1.0,1,0.3313168016716101,0.6106773096830457,0.501498127340824,0.18074274716284533,0.0,0.8153290451004939,0.0919579475308642,1,6.317072503591197,0.8450354471798068,0.16388143599033356,0.06794093893562124,0.0,0.890625
0058.jpg,P3,leaves and stems,0.5904761904761905,0.0,1.0,0.9523809523809523,1.0,0.0,1.0,1.0,1,0.0,0.0,0.0,1.0,1.0,0.0,0.0,0,1.0,1.0,0.0,0.0,0.0,
0058.jpg,P4,crop seedling,0.5904761904761905,0.0,1.0,0.9523809523809523,1.0,0.0,1.0,1.0,1,0.0,0.0,0.0,1.0,1.0,0.0,0.0,0,1.0,1.0,0.0,0.0,0.0,
0058.jpg,P5,plant body without background,0.5904761904761905,0.0,1.0,0.9523809523809523,1.0,0.0,1.0,1.0,1,0.0,0.0,0.0,1.0,1.0,0.0,0.0,0,1.0,1.0,0.0,0.0,0.0,
0059.jpg,P1,green plant,0.9142731663463802,0.06482763420065629,1.0,0.6996009615695067,0.7720466917335429,0.4402634799480438,1.0,1.0,1,0.3189254128560304,0.543057170173924,0.2567006417516044,0.0,0.0,0.8264928777986817,0.03560691550925926,1,8.58772514424705,0.7720466917335429,0.11006586998701096,0.0,0.0,0.945312
0059.jpg,P2,entire plant excluding pot,1.0436244063217592,0.1999406035122674,1.0,0.7592855027277589,0.8985451693296393,0.7063739895820618,0.3036191220636031,1.0,1,0.33079535329141396,0.6075936485943125,0.4952812382030955,0.17987498763561863,0.0,0.8294944969753306,0.08897653838734568,1,6.340552964792986,0.8985451693296393,0.17659349739551544,0.06587200392408202,0.0,0.878906
0059.jpg,P3,leaves and stems,0.7597677671663641,0.065021756329114,1.0,0.7013154978221205,0.0,0.43753331899642944,1.0,1.0,1,0.3189936525368313,0.5431498922761614,0.2567006417516044,0.0,0.0,0.8268507472488608,0.03568359375,1,8.517835499298686,0.0,0.10938332974910736,0.0,0.0,0.320312
0059.jpg,P4,crop seedling,0.5904761904761905,0.0,1.0,0.9523809523809523,1.0,0.0,1.0,1.0,1,0.0,0.0,0.0,1.0,1.0,0.0,0.0,0,1.0,1.0,0.0,0.0,0.0,
0059.jpg,P5,plant body without background,0.5904761904761905,0.0,1.0,0.9523809523809523,1.0,0.0,1.0,1.0,1,0.0,0.0,0.0,1.0,1.0,0.0,0.0,0,1.0,1.0,0.0,0.0,0.0,
0060.jpg,P1,green plant,0.93219711366974,0.059859206516643226,1.0,0.6981476384375678,0.8407419395155217,0.4682864248752594,1.0,1.0,1,0.3187900718007416,0.5407226111035878,0.2516930022573363,0.0,0.0,0.8423241750816535,0.03364438657407407,1,8.647235769155309,0.8407419395155217,0.11707160621881485,0.0,0.0,0.949219;0.326172
0060.jpg,P2,entire plant excluding pot,1.0519220587716573,0.18637219926941706,1.0,0.758745980903298,0.8960657787384638,0.7459356784820557,0.49414199707883577,1.0,1,0.3344981312930105,0.601208661573592,0.4796839729119639,0.15575882448781853,0.0,0.8445963196444535,0.08361701871141976,1,6.3592829528924995,0.8960657787384638,0.18648391962051392,0.040474195915813214,0.0,0.824219
0060.jpg,P3,leaves and stems,0.3904761904761905,0.0,1.0,0.9523809523809523,0.0,0.0,1.0,1.0,1,0.0,0.0,0.0,1.0,1.0,0.0,0.0,0,1.0,0.0,0.0,0.0,0.0,
0060.jpg,P4,crop seedling,0.5904761904761905,0.0,1.0,0.9523809523809523,1.0,0.0,1.0,1.0,1,0.0,0.0,0.0,1.0,1.0,0.0,0.0,0,1.0,1.0,0.0,0.0,0.0,
0060.jpg,P5,plant body without background,0.5904761904761905,0.0,1.0,0.9523809523809523,1.0,0.0,1.0,1.0,1,0.0,0.0,0.0,1.0,1.0,0.0,0.0,0,1.0,1.0,0.0,0.0,0.0,
0061.jpg,P1,green plant,0.9189968671356955,0.0564065185966558,1.0,0.7022911637076386,0.7566773967629805,0.4889141321182251,1.0,1.0,1,0.31813902489859547,0.5376557115737997,0.24042073628850488,0.0,0.0,0.8668379331583472,0.03228057484567901,1,8.478216776091935,0.7566773967629805,0.12222853302955627,0.0,0.0,0.960938
0061.jpg,P2,entire plant excluding pot,1.0505283734458428,0.17535210579778082,1.0,0.7566327994384152,0.8419257994851883,0.7737608551979065,1.0,1.0,1,0.34099406146198463,0.5924625852023973,0.4658151765589782,0.1236280283763887,0.0,0.8687383337344614,0.07926408179012345,1,6.432901157396712,0.8419257994851883,0.19344021379947662,0.012111984521969798,0.0,0.789062
0061.jpg,P3,leaves and stems,0.5904761904761905,0.0,1.0,0.9523809523809523,1.0,0.0,1.0,1.0,1,0.0,0.0,0.0,1.0,1.0,0.0,0.0,0,1.0,1.0,0.0,0.0,0.0,
0061.jpg,P4,crop seedling,0.5904761904761905,0.0,1.0,0.9523809523809523,1.0,0.0,1.0,1.0,1,0.0,0.0,0.0,1.0,1.0,0.0,0.0,0,1.0,1.0,0.0,0.0,0.0,
0061.jpg,P5,plant body without background,0.5904761904761905,0.0,1.0,0.9523809523809523,1.0,0.0,1.0,1.0,1,0.0,0.0,0.0,1.0,1.0,0.0,0.0,0,1.0,1.0,0.0,0.0,0.0,
0062.jpg,P1,green plant,0.8990175154644706,0.060156494178777886,1.0,0.7502595897445424,0.6349700484418325,0.4492347240447998,1.0,1.0,1,0.3200933441824801,0.5379670876163143,0.2290748898678414,0.0,0.0,0.9057138334055862,0.03376181520061729,1,6.657440002612758,0.6349700484418325,0.11230868101119995,0.0,0.0,0.968750
0062.jpg,P2,entire plant excluding pot,1.0568235679844535,0.16879224292858264,1.0,0.7565623094740187,0.7630171026033523,0.8107280135154724,1.0,1.0,1,0.3570036342801683,0.5862230913821921,0.44713656387665196,0.062271603695853175,0.0,0.900224519073597,0.07667293595679012,1,6.43536394762317,0.7630171026033523,0.2026820033788681,0.0,0.0,0.738281
0062.jpg,P3,leaves and stems,0.5904761904761905,0.0,1.0,0.9523809523809523,1.0,0.0,1.0,1.0,1,0.0,0.0,0.0,1.0,1.0,0.0,0.0,0,1.0,1.0,0.0,0.0,0.0,
0062.jpg,P4,crop seedling,0.5904761904761905,0.0,1.0,0.9523809523809523,1.0,0.0,1.0,1.0,1,0.0,0.0,0.0,1.0,1.0,0.0,0.0,0,1.0,1.0,0.0,0.0,0.0,
0062.jpg,P5,plant body without background,0.5904761904761905,0.0,1.0,0.9523809523809523,1.0,0.0,1.0,1.0,1,0.0,0.0,0.0,1.0,1.0,0.0,0.0,0,1.0,1.0,0.0,0.0,0.0,
0063.jpg,P1,green plant,0.924217049783655,0.06076175232458203,1.0,0.7490136596763459,0.6977828122640085,0.5002285242080688,1.0,1.0,1,0.3226597000890539,0.5365490876497969,0.22214234363767074,0.0,0.0,0.948818975568443,0.034000892168209874,1,6.701782726689044,0.6977828122640085,0.1250571310520172,0.0,0.0,0.972656
0063.jpg,P2,entire plant excluding pot,1.0726477676644786,0.1692265759298327,1.0,0.7543369437209722,0.7486902007100039,0.8357861042022705,1.0,1.0,1,0.37103980275186255,0.5826036052335138,0.43817397555715315,0.01930405614242076,0.0,0.9404844216257134,0.07684449749228395,1,6.513350786380106,0.7486902007100039,0.20894652605056763,0.0,0.0,0.687500
0063.jpg,P3,leaves and stems,0.5904761904761905,0.0,1.0,0.9523809523809523,1.0,0.0,1.0,1.0,1,0.0,0.0,0.0,1.0,1.0,0.0,0.0,0,1.0,1.0,0.0,0.0,0.0,
0063.jpg,P4,crop seedling,0.5904761904761905,0.0,1.0,0.9523809523809523,1.0,0.0,1.0,1.0,1,0.0,0.0,0.0,1.0,1.0,0.0,0.0,0,1.0,1.0,0.0,0.0,0.0,
0063.jpg,P5,plant body without background,0.5904761904761905,0.0,1.0,0.9523809523809523,1.0,0.0,1.0,1.0,1,0.0,0.0,0.0,1.0,1.0,0.0,0.0,0,1.0,1.0,0.0,0.0,0.0,
0064.jpg,P1,green plant,0.94452219493088,0.06317210208626345,1.0,0.7471679991307508,0.7312723056851308,0.5517365336418152,1.0,1.0,1,0.32585240682208794,0.5364505813580688,0.21983819908547308,0.0,0.0,0.9852382751137875,0.034952980324074075,1,6.76774169031307,0.7312723056851308,0.1379341334104538,0.0,0.0,0.968750
0064.jpg,P2,entire plant excluding pot,1.0954723309812389,0.17397707405453966,1.0,0.7536722709143212,0.7843198805218871,0.8694843649864197,1.0,1.0,1,0.3791816128858055,0.5820938345291413,0.4344002813928948,0.0006432414468031666,0.0,0.9744969258392586,0.0787209442515432,1,6.536733235172499,0.7843198805218871,0.21737109124660492,0.0,0.0,0.792969
0064.jpg,P3,leaves and stems,0.5904761904761905,0.0,1.0,0.9523809523809523,1.0,0.0,1.0,1.0,1,0.0,0.0,0.0,1.0,1.0,0.0,0.0,0,1.0,1.0,0.0,0.0,0.0,
0064.jpg,P4,crop seedling,0.5904761904761905,0.0,1.0,0.9523809523809523,1.0,0.0,1.0,1.0,1,0.0,0.0,0.0,1.0,1.0,0.0,0.0,0,1.0,1.0,0.0,0.0,0.0,
0064.jpg,P5,plant body without background,0.5904761904761905,0.0,1.0,0.9523809523809523,1.0,0.0,1.0,1.0,1,0.0,0.0,0.0,1.0,1.0,0.0,0.0,0,1.0,1.0,0.0,0.0,0.0,
0065.jpg,P1,green plant,0.9459721578268652,0.06935531919049853,1.0,0.7381154218651574,0.6939858007875905,0.604927122592926,1.0,1.0,1,0.32469542493963066,0.5381938843386751,0.2189655172413793,0.0,0.0,0.9691377231764614,0.037395351080246914,1,7.096033232121925,0.6939858007875905,0.1512317806482315,0.0,0.0,0.968750
0065.jpg,P2,entire plant excluding pot,1.1010306639782177,0.18676593754883575,1.0,0.7461448279747958,0.7599781665376072,0.9010860323905945,1.0,1.0,1,0.3822356710878511,0.5855614084299616,0.4386206896551724,0.0,0.0,0.9833745399943353,0.08377254533179013,1,6.80444767577426,0.7599781665376072,0.22527150809764862,0.0,0.0,0.757812
0065.jpg,P3,leaves and stems,0.5904761904761905,0.0,1.0,0.9523809523809523,1.0,0.0,1.0,1.0,1,0.0,0.0,0.0,1.0,1.0,0.0,0.0,0,1.0,1.0,0.0,0.0,0.0,
0065.jpg,P4,crop seedling,0.5904761904761905,0.0,1.0,0.9523809523809523,1.0,0.0,1.0,1.0,1,0.0,0.0,0.0,1.0,1.0,0.0,0.0,0,1.0,1.0,0.0,0.0,0.0,
0065.jpg,P5,plant body without background,0.5904761904761905,0.0,1.0,0.9523809523809523,1.0,0.0,1.0,1.0,1,0.0,0.0,0.0,1.0,1.0,0.0,0.0,0,1.0,1.0,0.0,0.0,0.0,
0066.jpg,P1,green plant,0.9532822771579677,0.07561942051492421,1.0,0.7405225929697954,0.6963083739852463,0.650180995464325,1.0,1.0,1,0.3207560005711095,0.5406973166685537,0.22051806407634628,0.0,0.0,0.9181868820337333,0.03986967110339506,1,7.007953828649442,0.6963083739852463,0.16254524886608124,0.0,0.0,0.972656
0066.jpg,P2,entire plant excluding pot,1.1045787954093211,0.19785043317315198,1.0,0.7463511484513699,0.7531352924326378,0.925738513469696,1.0,1.0,1,0.37996371790395006,0.5899808263144681,0.4434219495569189,0.0,0.0,0.9365447777364082,0.08815092110339506,1,6.7970378842435,0.7531352924326378,0.231434628367424,0.0,0.0,0.843750
0066.jpg,P3,leaves and stems,0.5904761904761905,0.0,1.0,0.9523809523809523,1.0,0.0,1.0,1.0,1,0.0,0.0,0.0,1.0,1.0,0.0,0.0,0,1.0,1.0,0.0,0.0,0.0,
0066.jpg,P4,crop seedling,0.5904761904761905,0.0,1.0,0.9523809523809523,1.0,0.0,1.0,1.0,1,0.0,0.0,0.0,1.0,1.0,0.0,0.0,0,1.0,1.0,0.0,0.0,0.0,
0066.jpg,P5,plant body without background,0.5904761904761905,0.0,1.0,0.9523809523809523,1.0,0.0,1.0,1.0,1,0.0,0.0,0.0,1.0,1.0,0.0,0.0,0,1.0,1.0,0.0,0.0,0.0,
0067.jpg,P1,green plant,0.7316007855707318,0.0813951642834817,1.0,0.7405549740439583,0.7343950765842018,0.6574651002883911,1.0,1.0,1,0.08883872253072528,0.0,0.0,0.0,0.0,0.8883872253072527,0.04215108989197531,1,7.0067728946383765,0.7343950765842018,0.16436627507209778,0.0,0.0,0.972656
0067.jpg,P2,entire plant excluding pot,0.8285082891858953,0.20752754336615098,1.0,0.7472666599999966,0.8076087785035795,0.9280184507369995,1.0,1.0,1,0.09042400266454993,0.0,0.0,0.001448488852534659,0.0,0.9085854932031032,0.09197337962962963,1,6.7642075721672,0.8076087785035795,0.23200461268424988,0.0,0.0,0.878906
0067.jpg,P3,leaves and stems,0.58458233762457,0.08157921403734958,1.0,0.7412771791744507,0.0,0.6559157371520996,1.0,1.0,1,0.08882791155178998,0.0,0.0,0.0,0.0,0.8882791155178997,0.04222378954475309,1,6.9804609690989015,0.0,0.1639789342880249,0.0,0.0,0.351562
0067.jpg,P4,crop seedling,0.5904761904761905,0.0,1.0,0.9523809523809523,1.0,0.0,1.0,1.0,1,0.0,0.0,0.0,1.0,1.0,0.0,0.0,0,1.0,1.0,0.0,0.0,0.0,
0067.jpg,P5,plant body without background,0.5904761904761905,0.0,1.0,0.9523809523809523,1.0,0.0,1.0,1.0,1,0.0,0.0,0.0,1.0,1.0,0.0,0.0,0,1.0,1.0,0.0,0.0,0.0,
0068.jpg,P1,green plant,0.9353720627103013,0.09022253232927013,1.0,0.7409096284379048,0.5548743770099038,0.7044380903244019,1.0,1.0,1,0.31728313709000505,0.5470936800199054,0.23654046543938867,0.0,0.0,0.832230653039482,0.045637900270061725,1,6.993845446666633,0.5548743770099038,0.17610952258110046,0.0,0.0,0.972656
0068.jpg,P2,entire plant excluding pot,1.0887085812714032,0.2201668473589623,1.0,0.7477099733923048,0.6756174753544469,0.9460027813911438,1.0,1.0,1,0.37080916577203166,0.6000589698930082,0.4696075026050712,0.031491755297324044,0.0,0.8570670242976319,0.09696590470679012,1,6.748339211340837,0.6756174753544469,0.23650069534778595,0.0,0.0,0.753906
0068.jpg,P3,leaves and stems,0.3904761904761905,0.0,1.0,0.9523809523809523,0.0,0.0,1.0,1.0,1,0.0,0.0,0.0,1.0,1.0,0.0,0.0,0,1.0,0.0,0.0,0.0,0.0,
0068.jpg,P4,crop seedling,0.5904761904761905,0.0,1.0,0.9523809523809523,1.0,0.0,1.0,1.0,1,0.0,0.0,0.0,1.0,1.0,0.0,0.0,0,1.0,1.0,0.0,0.0,0.0,
0068.jpg,P5,plant body without background,0.5904761904761905,0.0,1.0,0.9523809523809523,1.0,0.0,1.0,1.0,1,0.0,0.0,0.0,1.0,1.0,0.0,0.0,0,1.0,1.0,0.0,0.0,0.0,
0069.jpg,P1,green plant,0.9471135166943683,0.09522941817080788,1.0,0.7369670596726702,0.6138281269560427,0.7069591283798218,1.0,1.0,1,0.31651677005849965,0.5530637092882149,0.24542897327707455,0.0,0.0,0.7876725661775101,0.047615620177469134,1,7.138255010859182,0.6138281269560427,0.17673978209495544,0.0,0.0,0.964844
0069.jpg,P2,entire plant excluding pot,1.0912060726348989,0.22625727652758243,1.0,0.7457634152600656,0.7210224456560221,0.9486907720565796,1.0,1.0,1,0.36285929073484885,0.610741537333759,0.4810126582278481,0.06340963908044861,0.0,0.815403659111551,0.09937162422839506,1,6.818156523574596,0.7210224456560221,0.2371726930141449,0.0,0.0,0.914062
0069.jpg,P3,leaves and stems,0.8243288814193317,0.09537653588451322,1.0,0.7377338132144314,0.0,0.7058476805686951,1.0,1.0,1,0.31653727548580385,0.5531284697925837,0.24542897327707455,0.0,0.0,0.7876509586852615,0.04767373167438271,1,7.110049236941716,0.0,0.17646192014217377,0.0,0.0,0.343750
0069.jpg,P4,crop seedling,0.5904761904761905,0.0,1.0,0.9523809523809523,1.0,0.0,1.0,1.0,1,0.0,0.0,0.0,1.0,1.0,0.0,0.0,0,1.0,1.0,0.0,0.0,0.0,
0069.jpg,P5,plant body without background,0.5904761904761905,0.0,1.0,0.9523809523809523,1.0,0.0,1.0,1.0,1,0.0,0.0,0.0,1.0,1.0,0.0,0.0,0,1.0,1.0,0.0,0.0,0.0,
0070.jpg,P1,green plant,1.0033363424348307,0.1026051433817784,1.0,0.7368497464670015,0.860653976612999,0.7340154051780701,1.0,1.0,1,0.31651148810686097,0.5574768855720275,0.24877536738978306,0.0,0.0,0.7661501202649039,0.05052903163580247,1,7.142575668777355,0.860653976612999,0.18350385129451752,0.0,0.0,0.957031
0070.jpg,P2,entire plant excluding pot,1.1338462472487882,0.23742845561806525,1.0,0.7463015385077632,0.8924091645712348,0.9758933782577515,1.0,1.0,1,0.3634397398578252,0.6180548031848526,0.48705388383484954,0.067360727113895,0.0,0.7965907778702235,0.1037842399691358,1,6.798819201137094,0.8924091645712348,0.24397334456443787,0.0,0.0,0.902344
0070.jpg,P3,leaves and stems,1.0033644530369445,0.1027611125761837,1.0,0.7373453547582736,0.8607758217221864,0.7329739332199097,1.0,1.0,1,0.3165932085816339,0.5575469646173505,0.2491252624212736,0.0,0.0,0.76609223729732,0.05059063946759259,1,7.124331727236104,0.8607758217221864,0.18324348330497742,0.0,0.0,0.332031
0070.jpg,P4,crop seedling,0.8310622268092664,0.10333188046960462,1.0,0.736603793128275,0.0,0.7316503524780273,1.0,1.0,1,0.3167450215940852,0.5578034182665763,0.24947515745276416,0.0,0.0,0.7660829685928595,0.05081609278549383,1,7.151638623882468,0.0,0.18291258811950684,0.0,0.0,0.472656
0070.jpg,P5,plant body without background,0.5904761904761905,0.0,1.0,0.9523809523809523,1.0,0.0,1.0,1.0,1,0.0,0.0,0.0,1.0,1.0,0.0,0.0,0,1.0,1.0,0.0,0.0,0.0,
0071.jpg,P1,green plant,0.9741484654888455,0.1058405121894046,1.0,0.7383482071487434,0.7164025785995648,0.7198684215545654,1.0,1.0,1,0.31805652159038994,0.5596293750175194,0.24491203863401173,0.0,0.0,0.7810207338013604,0.05180700231481482,1,7.087490436569739,0.7164025785995648,0.17996710538864136,0.0,0.0,0.972656
0071.jpg,P2,entire plant excluding pot,1.1242868148076828,0.24364890998593525,1.0,0.7485401207686762,0.8146246138012787,0.9518117308616638,1.0,1.0,1,0.372561739724172,0.6222827648087497,0.48223525353570196,0.044542264709353525,0.0,0.8132310581748936,0.10624131944444444,1,6.7186747177452455,0.8146246138012787,0.23795293271541595,0.0,0.0,0.800781
0071.jpg,P3,leaves and stems,0.3904761904761905,0.0,1.0,0.9523809523809523,0.0,0.0,1.0,1.0,1,0.0,0.0,0.0,1.0,1.0,0.0,0.0,0,1.0,0.0,0.0,0.0,0.0,
0071.jpg,P4,crop seedling,0.3904761904761905,0.0,1.0,0.9523809523809523,0.0,0.0,1.0,1.0,1,0.0,0.0,0.0,1.0,1.0,0.0,0.0,0,1.0,0.0,0.0,0.0,0.0,
0071.jpg,P5,plant body without background,0.5904761904761905,0.0,1.0,0.9523809523809523,1.0,0.0,1.0,1.0,1,0.0,0.0,0.0,1.0,1.0,0.0,0.0,0,1.0,1.0,0.0,0.0,0.0,
0072.jpg,P1,green plant,0.9816953647990296,0.104930030571183,1.0,0.7357223374407436,0.7889201513129174,0.6986236572265625,1.0,1.0,1,0.3160561294887483,0.5565032832747369,0.2408734220402593,0.0,0.0,0.7792276437534372,0.05144736207561729,1,7.184168513316122,0.7889201513129174,0.17465591430664062,0.0,0.0,0.968750
0072.jpg,P2,entire plant excluding pot,1.1391963971675119,0.24433902025707144,1.0,0.7470256472052786,0.8865701863075148,0.9426720142364502,1.0,1.0,1,0.3750750235662487,0.6169814263786947,0.4783350392357557,0.02772366659158386,0.0,0.8134831724874468,0.10651391300154321,1,6.772842505237452,0.8865701863075148,0.23566800355911255,0.0,0.0,0.945312
0072.jpg,P3,leaves and stems,0.8237484872261408,0.1050078625566494,1.0,0.7357804106981042,0.0,0.6975438594818115,1.0,1.0,1,0.3160820606788278,0.5565370481988333,0.2408734220402593,0.0,0.0,0.7793687784198949,0.05147810570987654,1,7.182022936740211,0.0,0.17438596487045288,0.0,0.0,0.675781
0072.jpg,P4,crop seedling,0.8238471525991704,0.10551331262697294,1.0,0.7355362203276316,0.0,0.6970862150192261,1.0,1.0,1,0.3162200030044043,0.5567563215882596,0.2412146025247356,0.0,0.0,0.7793666199406102,0.051677758487654324,1,7.191047085473718,0.0,0.17427155375480652,0.0,0.0,0.322266
0072.jpg,P5,plant body without background,0.5904761904761905,0.0,1.0,0.9523809523809523,1.0,0.0,1.0,1.0,1,0.0,0.0,0.0,1.0,1.0,0.0,0.0,0,1.0,1.0,0.0,0.0,0.0,
0073.jpg,P1,green plant,0.9587355524812113,0.10060654008438819,1.0,0.7341435781124471,0.7475565420541288,0.6597424745559692,1.0,1.0,1,0.31032572551982457,0.5516646625780086,0.23183507941872253,0.0,0.0,0.755127793221515,0.04973958333333333,1,7.242627459088993,0.7475565420541288,0.1649356186389923,0.0,0.0,0.976562
0073.jpg,P2,entire plant excluding pot,1.1179068640251826,0.23593377627363643,1.0,0.747538692255905,0.8261072231705857,0.9114843606948853,1.0,1.0,1,0.3736940535461802,0.6071877697911999,0.4633322068266306,0.004181411819410677,0.0,0.7903296043628992,0.10319384162808642,1,6.754467972279085,0.8261072231705857,0.2278710901737213,0.0,0.0,0.800781
0073.jpg,P3,leaves and stems,0.3904761904761905,0.0,1.0,0.9523809523809523,0.0,0.0,1.0,1.0,1,0.0,0.0,0.0,1.0,1.0,0.0,0.0,0,1.0,0.0,0.0,0.0,0.0,
0073.jpg,P4,crop seedling,0.3904761904761905,0.0,1.0,0.9523809523809523,0.0,0.0,1.0,1.0,1,0.0,0.0,0.0,1.0,1.0,0.0,0.0,0,1.0,0.0,0.0,0.0,0.0,
0073.jpg,P5,plant body without background,0.5904761904761905,0.0,1.0,0.9523809523809523,1.0,0.0,1.0,1.0,1,0.0,0.0,0.0,1.0,1.0,0.0,0.0,0,1.0,1.0,0.0,0.0,0.0,
0074.jpg,P1,green plant,0.9694498014387306,0.09248790094155335,1.0,0.7319611615861402,0.8930866814126773,0.5987194776535034,1.0,1.0,1,0.3061987571199557,0.5472117887761101,0.22426095820591233,0.0,0.0,0.7430765857125295,0.04653272087191358,1,7.3238541190635535,0.8930866814126773,0.14967986941337585,0.0,0.0,0.976562
0074.jpg,P2,entire plant excluding pot,1.113151151422991,0.21843073624785125,1.0,0.7469463024812599,0.9047540653331415,0.8566885590553284,1.0,1.0,1,0.3677872187994748,0.597685189828917,0.4492014950730547,0.0,0.0,0.7774113324620395,0.09628014081790123,1,6.775686463086519,0.9047540653331415,0.2141721397638321,0.0,0.0,0.933594
0074.jpg,P3,leaves and stems,0.7908452978870713,0.09261365301218938,1.0,0.7332748504349105,0.0,0.5972397923469543,1.0,1.0,1,0.30621963872826047,0.54726218572548,0.22426095820591233,0.0,0.0,0.7431090124727824,0.046582392939814816,1,7.274902430020419,0.0,0.1493099480867386,0.0,0.0,0.550781
0074.jpg,P4,crop seedling,0.790750999215528,0.09306782553914672,1.0,0.7317111461166561,0.0,0.5972378253936768,1.0,1.0,1,0.30634763980563207,0.5474442018921364,0.22460074753652734,0.0,0.0,0.743140345868094,0.04676179108796296,1,7.333190298035199,0.0,0.1493094563484192,0.0,0.0,0.302734
0074.jpg,P5,plant body without background,0.5904761904761905,0.0,1.0,0.9523809523809523,1.0,0.0,1.0,1.0,1,0.0,0.0,0.0,1.0,1.0,0.0,0.0,0,1.0,1.0,0.0,0.0,0.0,
0075.jpg,P1,green plant,0.9526248397146452,0.0881921857907485,1.0,0.73311706513782,0.8285366842318606,0.5830937623977661,1.0,1.0,1,0.3060369002030061,0.5455251464531133,0.21879240162822253,0.0,0.0,0.757204666513364,0.04483591338734568,1,7.280772677471589,0.8285366842318606,0.14577344059944153,0.0,0.0,0.972656
0075.jpg,P2,entire plant excluding pot,1.0999823380098093,0.20931157456243155,1.0,0.7467126544484622,0.877418203336312,0.8371770977973938,1.0,1.0,1,0.3658584319808893,0.59410275111748,0.43826322930800543,0.0,0.0,0.7903508781433033,0.09267807195216049,1,6.784064634303568,0.877418203336312,0.20929427444934845,0.0,0.0,0.890625
0075.jpg,P3,leaves and stems,0.953133407308403,0.08837623554461627,1.0,0.734687850058786,0.8301025428306837,0.5821859240531921,1.0,1.0,1,0.30606289681094745,0.5455989636699325,0.21879240162822253,0.0,0.0,0.7572062723339101,0.04490861304012346,1,7.222445557524464,0.8301025428306837,0.14554648101329803,0.0,0.0,0.660156
0075.jpg,P4,crop seedling,0.3904761904761905,0.0,1.0,0.9523809523809523,0.0,0.0,1.0,1.0,1,0.0,0.0,0.0,1.0,1.0,0.0,0.0,0,1.0,0.0,0.0,0.0,0.0,
0075.jpg,P5,plant body without background,0.5904761904761905,0.0,1.0,0.9523809523809523,1.0,0.0,1.0,1.0,1,0.0,0.0,0.0,1.0,1.0,0.0,0.0,0,1.0,1.0,0.0,0.0,0.0,
0076.jpg,P1,green plant,0.9408825166417141,0.08774137072198784,1.0,0.7290411722550811,0.8113419797220629,0.5441040992736816,1.0,1.0,1,0.30643679224715137,0.5441042623284993,0.216644204851752,0.0,0.0,0.7700434355886124,0.04465784143518518,1,7.433292879928441,0.8113419797220629,0.1360260248184204,0.0,0.0,0.972656
0076.jpg,P2,entire plant excluding pot,1.0906773891095027,0.2091839911509611,1.0,0.744757959082935,0.8730790885404607,0.7968376874923706,1.0,1.0,1,0.36590564385615726,0.5914794627807701,0.4359838274932615,0.0,0.0,0.8041074293410067,0.09262767650462964,1,6.854362220750479,0.8730790885404607,0.19920942187309265,0.0,0.0,0.925781
0076.jpg,P3,leaves and stems,0.9409426818433855,0.08785033550164079,1.0,0.7290926575176441,0.8118188222618209,0.543724000453949,1.0,1.0,1,0.30644551869637454,0.5441467698786498,0.216644204851752,0.0,0.0,0.7699819236553174,0.04470088252314815,1,7.431355663482319,0.8118188222618209,0.13593100011348724,0.0,0.0,0.535156
0076.jpg,P4,crop seedling,0.5904761904761905,0.0,1.0,0.9523809523809523,1.0,0.0,1.0,1.0,1,0.0,0.0,0.0,1.0,1.0,0.0,0.0,0,1.0,1.0,0.0,0.0,0.0,
0076.jpg,P5,plant body without background,0.5904761904761905,0.0,1.0,0.9523809523809523,1.0,0.0,1.0,1.0,1,0.0,0.0,0.0,1.0,1.0,0.0,0.0,0,1.0,1.0,0.0,0.0,0.0,
0077.jpg,P1,green plant,0.9023563936293272,0.08725789674167828,1.0,0.7244889746723182,0.6555792453506288,0.5249711871147156,1.0,1.0,1,0.303896932853459,0.5449796032854259,0.2211965811965812,0.0,0.0,0.7333868708817526,0.044466869212962966,1,7.605665095242996,0.6555792453506288,0.1312427967786789,0.0,0.0,0.976562
0077.jpg,P2,entire plant excluding pot,1.055659418420365,0.20600936181434593,1.0,0.7423824994256665,0.7417504913071166,0.7714378237724304,1.0,1.0,1,0.3633433831564529,0.5924273004993994,0.44,0.0,0.0,0.7679382798166317,0.09137369791666666,1,6.9402902351183,0.7417504913071166,0.1928594559431076,0.0,0.0,0.785156
0077.jpg,P3,leaves and stems,0.3904761904761905,0.0,1.0,0.9523809523809523,0.0,0.0,1.0,1.0,1,0.0,0.0,0.0,1.0,1.0,0.0,0.0,0,1.0,0.0,0.0,0.0,0.0,
0077.jpg,P4,crop seedling,0.5904761904761905,0.0,1.0,0.9523809523809523,1.0,0.0,1.0,1.0,1,0.0,0.0,0.0,1.0,1.0,0.0,0.0,0,1.0,1.0,0.0,0.0,0.0,
0077.jpg,P5,plant body without background,0.5904761904761905,0.0,1.0,0.9523809523809523,1.0,0.0,1.0,1.0,1,0.0,0.0,0.0,1.0,1.0,0.0,0.0,0,1.0,1.0,0.0,0.0,0.0,
0078.jpg,P1,green plant,0.8651306756212017,0.08428105221518978,1.0,0.7220237449476133,0.5352146540542251,0.4743821918964386,1.0,1.0,1,0.3019503469985084,0.5461700177056238,0.22805780754317942,0.0,0.0,0.6974043544376782,0.043291015625,1,7.699920037188124,0.5352146540542251,0.11859554797410965,0.0,0.0,0.972656
0078.jpg,P2,entire plant excluding pot,1.0261209315489954,0.19792857038209088,1.0,0.7399267108443222,0.6689620935189398,0.7287827134132385,1.0,1.0,1,0.3590009139172773,0.5940461786326424,0.4458935495241452,0.007623578953125106,0.0,0.7311098616744387,0.08818178530092592,1,7.029704032684837,0.6689620935189398,0.18219567835330963,0.0,0.0,0.625000
0078.jpg,P3,leaves and stems,0.5904761904761905,0.0,1.0,0.9523809523809523,1.0,0.0,1.0,1.0,1,0.0,0.0,0.0,1.0,1.0,0.0,0.0,0,1.0,1.0,0.0,0.0,0.0,
0078.jpg,P4,crop seedling,0.5904761904761905,0.0,1.0,0.9523809523809523,1.0,0.0,1.0,1.0,1,0.0,0.0,0.0,1.0,1.0,0.0,0.0,0,1.0,1.0,0.0,0.0,0.0,
0078.jpg,P5,plant body without background,0.5904761904761905,0.0,1.0,0.9523809523809523,1.0,0.0,1.0,1.0,1,0.0,0.0,0.0,1.0,1.0,0.0,0.0,0,1.0,1.0,0.0,0.0,0.0,
0079.jpg,P1,green plant,0.8634618152750502,0.08021608600953267,1.0,0.7216526798823888,0.5730590855729787,0.42510899901390076,1.0,1.0,1,0.30345444517928993,0.5473994754945171,0.23476052249637155,0.0,0.0,0.6960773470686208,0.04168535397376543,1,7.7141630004886785,0.5730590855729787,0.10627724975347519,0.0,0.0,0.976562
0079.jpg,P2,entire plant excluding pot,1.0200613732720245,0.18789953752539457,1.0,0.7379148655870331,0.7564396884530867,0.6737169623374939,1.0,1.0,1,0.3488671624914228,0.5957650226403766,0.45101596516690856,0.0455367278547062,0.0,0.7282754919365927,0.08422031732253087,1,7.103397604125252,0.7564396884530867,0.16842924058437347,0.0,0.0,0.828125
0079.jpg,P3,leaves and stems,0.7494768787908753,0.08049658638068447,1.0,0.7225836718029091,0.0,0.4262559711933136,1.0,1.0,1,0.30360963291549387,0.5475254609986442,0.23548621190130625,0.0,0.0,0.6958820342373329,0.04179615162037037,1,7.678455493047972,0.0,0.1065639927983284,0.0,0.0,0.339844
0079.jpg,P4,crop seedling,0.5904761904761905,0.0,1.0,0.9523809523809523,1.0,0.0,1.0,1.0,1,0.0,0.0,0.0,1.0,1.0,0.0,0.0,0,1.0,1.0,0.0,0.0,0.0,
0079.jpg,P5,plant body without background,0.5904761904761905,0.0,1.0,0.9523809523809523,1.0,0.0,1.0,1.0,1,0.0,0.0,0.0,1.0,1.0,0.0,0.0,0,1.0,1.0,0.0,0.0,0.0,
0080.jpg,P1,green plant,0.8848559875985101,0.07644047165572743,1.0,0.7282111796506789,0.7219748678992688,0.3652490973472595,1.0,1.0,1,0.3064808642879232,0.5467318998955984,0.2342606149341142,0.0,0.0,0.7295778863632321,0.040193986304012344,1,7.464560499598413,0.7219748678992688,0.09131227433681488,0.0,0.0,0.976562
0080.jpg,P2,entire plant excluding pot,1.015745023967674,0.18032175437568354,1.0,0.7419350348296149,0.7874883746375623,0.6202191114425659,1.0,1.0,1,0.3497521689105886,0.5944394106413352,0.4480234260614934,0.04988942157837709,0.0,0.760209849685656,0.08122709297839506,1,6.956538054026516,0.7874883746375623,0.15505477786064148,0.0,0.0,0.910156
0080.jpg,P3,leaves and stems,0.8854873524282592,0.07672738171979998,1.0,0.7291327693556039,0.722578458378548,0.36648014187812805,1.0,1.0,1,0.3065036021618433,0.5468636634299562,0.2342606149341142,0.0,0.0,0.729344092732181,0.040307315779320986,1,7.429846580171791,0.722578458378548,0.09162003546953201,0.0,0.0,0.406250
0080.jpg,P4,crop seedling,0.7407377168264575,0.07686992108141899,1.0,0.7283984329767337,0.0,0.36502668261528015,1.0,1.0,1,0.306678709491771,0.5469291246752169,0.2349926793557833,0.0,0.0,0.7295483357140409,0.0403636188271605,1,7.457500036437933,0.0,0.09125667065382004,0.0,0.0,0.482422
0080.jpg,P5,plant body without background,0.5904761904761905,0.0,1.0,0.9523809523809523,1.0,0.0,1.0,1.0,1,0.0,0.0,0.0,1.0,1.0,0.0,0.0,0,1.0,1.0,0.0,0.0,0.0,
0081.jpg,P1,green plant,0.8683059372884046,0.07271552439834339,1.0,0.7248756641934829,0.7086213377325787,0.31309616565704346,1.0,1.0,1,0.30444419889211477,0.5353042445203187,0.22763636363636364,0.0,0.0,0.7611316785545779,0.038722632137345676,1,7.590938678087039,0.7086213377325787,0.07827404141426086,0.0,0.0,0.968750
0081.jpg,P2,entire plant excluding pot,1.0027073347049211,0.1746033926199405,1.0,0.7375418052356036,0.7766030843613201,0.5753771662712097,1.0,1.0,1,0.34988224500730625,0.5719971095413057,0.43745454545454543,0.026815471873831098,0.0,0.7898608004818043,0.07896834008487655,1,7.1171069328214,0.7766030843613201,0.14384429156780243,0.0,0.0,0.929688
0081.jpg,P3,leaves and stems,0.8688439137535425,0.072839445128145,1.0,0.7253725616310993,0.7097738677093516,0.31401124596595764,1.0,1.0,1,0.30444448966663185,0.5353488720769775,0.22763636363636364,0.0,0.0,0.7609783898514433,0.03877158082561728,1,7.572038229606133,0.7097738677093516,0.07850281149148941,0.0,0.0,0.423828
0081.jpg,P4,crop seedling,0.868323098247501,0.07318556854586644,1.0,0.7250746405112198,0.7090733756326045,0.31164076924324036,1.0,1.0,1,0.3045282274609147,0.5354735214593694,0.22763636363636364,0.0,0.0,0.7613794949558994,0.03890829957561728,1,7.583367121899112,0.7090733756326045,0.07791019231081009,0.0,0.0,0.392578
0081.jpg,P5,plant body without background,0.5904761904761905,0.0,1.0,0.9523809523809523,1.0,0.0,1.0,1.0,1,0.0,0.0,0.0,1.0,1.0,0.0,0.0,0,1.0,1.0,0.0,0.0,0.0,
0082.jpg,P1,green plant,0.8548121495051386,0.06764148939287395,1.0,0.7324854031620138,0.7249793935785153,0.23012284934520721,1.0,1.0,1,0.30376632240941653,0.5333210577242465,0.21793948126801152,0.0,0.0,0.7787484557768819,0.03671838831018519,1,7.30429837053876,0.7249793935785153,0.057530712336301804,0.0,0.0,0.964844
0082.jpg,P2,entire plant excluding pot,0.9976695163935909,0.1656463045983747,1.0,0.7432764584126553,0.8105760815932974,0.49147287011146545,1.0,1.0,1,0.35547517345043234,0.5684511813687326,0.42255043227665706,0.0002701195079029935,0.0,0.8053921801394854,0.07543029031635802,1,6.907888408994001,0.8105760815932974,0.12286821752786636,0.0,0.0,0.890625
0082.jpg,P3,leaves and stems,0.8551058702832773,0.06784141076730732,1.0,0.7318223198474579,0.7261151057343574,0.23050248622894287,1.0,1.0,1,0.3038496057676642,0.53339272014806,0.21829971181556196,0.0,0.0,0.7786820558904206,0.03679735725308642,1,7.32903801590641,0.7261151057343574,0.05762562155723572,0.0,0.0,0.449219
0082.jpg,P4,crop seedling,0.3904761904761905,0.0,1.0,0.9523809523809523,0.0,0.0,1.0,1.0,1,0.0,0.0,0.0,1.0,1.0,0.0,0.0,0,1.0,0.0,0.0,0.0,0.0,
0082.jpg,P5,plant body without background,0.5904761904761905,0.0,1.0,0.9523809523809523,1.0,0.0,1.0,1.0,1,0.0,0.0,0.0,1.0,1.0,0.0,0.0,0,1.0,1.0,0.0,0.0,0.0,
0083.jpg,P1,green plant,0.8722234854413674,0.060992196046257274,1.0,0.7337567119615483,0.8944691200330298,0.15920941531658173,1.0,1.0,1,0.302537996769884,0.5313223806391684,0.21178171304662088,0.0,0.0,0.7845445519778333,0.034091917438271606,1,7.25699087172108,0.8944691200330298,0.03980235382914543,0.0,0.0,0.960938
0083.jpg,P2,entire plant excluding pot,0.9861113453337245,0.1521981584036569,1.0,0.7424115139377063,0.9130471987386203,0.36270180344581604,1.0,1.0,1,0.3520396104285646,0.5644220503923771,0.4087459342247922,0.0,0.0,0.8091762463077001,0.07011827256944445,1,6.9392373697455145,0.9130471987386203,0.09067545086145401,0.0,0.0,0.937500
0083.jpg,P3,leaves and stems,0.8723317769136529,0.061119474234255344,1.0,0.7343057022838199,0.8943950599000003,0.1590392291545868,1.0,1.0,1,0.30255988379912047,0.5313685713253979,0.21178171304662088,0.0,0.0,0.7846017548683941,0.034142192322530865,1,7.2366126775217525,0.8943950599000003,0.0397598072886467,0.0,0.0,0.800781
0083.jpg,P4,crop seedling,0.693283070219804,0.061569373632598845,1.0,0.7328940184494223,0.0,0.15849876403808594,1.0,1.0,1,0.3026906389957826,0.5315318448781619,0.21214311528731478,0.0,0.0,0.7846873253670925,0.03431990258487654,1,7.289075223064086,0.0,0.039624691009521484,0.0,0.0,0.765625
0083.jpg,P5,plant body without background,0.6933998990632199,0.061059955657133846,1.0,0.7340358755609505,0.0,0.15909600257873535,1.0,1.0,1,0.3025615323038559,0.5313469713642115,0.21178171304662088,0.0,0.0,0.7846938397799015,0.034118682484567904,1,7.24662467582527,0.0,0.03977400064468384,0.0,0.0,0.609375
0084.jpg,P1,green plant,0.8683354574633216,0.05502599283091103,1.0,0.7333493721052292,0.8495958644706265,0.19470825791358948,1.0,1.0,1,0.30179955999925034,0.5300799832153179,0.2075127644055434,0.0,0.0,0.7891926828089129,0.031735267168209874,1,7.272130802520381,0.8495958644706265,0.04867706447839737,0.0,0.0,0.972656
0084.jpg,P2,entire plant excluding pot,0.9621511275658654,0.14077516994842942,1.0,0.7431931384478289,0.9058044987531678,0.2729969024658203,1.0,1.0,1,0.3495971856428162,0.5621842301695518,0.3982494529540481,0.0,0.0,0.8114780355174442,0.06560619212962963,1,6.910905073438019,0.9058044987531678,0.06824922561645508,0.0,0.0,0.820312
0084.jpg,P3,leaves and stems,0.3904761904761905,0.0,1.0,0.9523809523809523,0.0,0.0,1.0,1.0,1,0.0,0.0,0.0,1.0,1.0,0.0,0.0,0,1.0,0.0,0.0,0.0,0.0,
0084.jpg,P4,crop seedling,0.3904761904761905,0.0,1.0,0.9523809523809523,0.0,0.0,1.0,1.0,1,0.0,0.0,0.0,1.0,1.0,0.0,0.0,0,1.0,0.0,0.0,0.0,0.0,
0084.jpg,P5,plant body without background,0.3904761904761905,0.0,1.0,0.9523809523809523,0.0,0.0,1.0,1.0,1,0.0,0.0,0.0,1.0,1.0,0.0,0.0,0,1.0,0.0,0.0,0.0,0.0,
0085.jpg,P1,green plant,0.8625036682245688,0.050479994432723774,1.0,0.729746829491383,0.7297432550779229,0.28556275367736816,1.0,1.0,1,0.3033971016886892,0.5297816842120412,0.20508100147275404,0.0,0.0,0.8105893194937909,0.029939597800925925,1,7.406765184494935,0.7297432550779229,0.07139068841934204,0.0,0.0,0.316406;0.964844
0085.jpg,P2,entire plant excluding pot,0.9227591902349096,0.13125067149163927,1.0,0.7394589975680255,0.8132687699509257,0.17849965393543243,1.0,1.0,1,0.3502635716457051,0.5615178248052979,0.3917525773195876,0.0,0.0,0.8321686904632506,0.06184401523919753,1,7.046800520079044,0.8132687699509257,0.04462491348385811,0.0,0.0,0.929688
0085.jpg,P3,leaves and stems,0.7167065268992687,0.05071593217690262,1.0,0.7316048925850929,0.0,0.2840478718280792,1.0,1.0,1,0.3034327875812538,0.5298743880705844,0.20508100147275404,0.0,0.0,0.8106217149145353,0.030032793209876542,1,7.3371599926442554,0.0,0.0710119679570198,0.0,0.0,0.429688;0.789062
0085.jpg,P4,crop seedling,0.716740436679217,0.050892351343959974,1.0,0.7294819026291431,0.0,0.2850779891014099,1.0,1.0,1,0.3036499880643144,0.5299437060915909,0.20618556701030927,0.0,0.0,0.8105628887040193,0.030102478780864198,1,7.416718533958857,0.0,0.07126949727535248,0.0,0.0,0.535156
0085.jpg,P5,plant body without background,0.7162976836356887,0.050458323566182184,1.0,0.7292914002107356,0.0,0.28470951318740845,1.0,1.0,1,0.30340583624282347,0.5297731693686304,0.20508100147275404,0.0,0.0,0.8107064669870712,0.029931037808641977,1,7.423880213342448,0.0,0.07117737829685211,0.0,0.0,0.392578
0086.jpg,P1,green plant,0.8734304178746624,0.0470987288052821,1.0,0.7383604645204043,0.6701485504380157,0.3788314759731293,1.0,1.0,1,0.3065425739272961,0.5301225148763349,0.20537714712471994,0.0,0.0,0.8403180723812935,0.02860399787808642,1,7.08704076265897,0.6701485504380157,0.09470786899328232,0.0,0.0,0.960938;0.302734
0086.jpg,P2,entire plant excluding pot,0.9015870506261557,0.1233490462376935,1.0,0.7461789782560213,0.7630590272084737,0.11301988363265991,1.0,1.0,1,0.35246566355918607,0.5618403284398144,0.38760268857356234,0.0,0.0,0.8605306466200987,0.05872287326388889,1,6.803220919924929,0.7630590272084737,0.028254970908164978,0.0,0.0,0.687500
0086.jpg,P3,leaves and stems,0.8745447482363413,0.04762523929520235,1.0,0.7419761258583629,0.673898430640913,0.3763248026371002,1.0,1.0,1,0.30657982855002563,0.530341527230917,0.20537714712471994,0.0,0.0,0.8399240753675512,0.02881196952160494,1,6.955045186747468,0.673898430640913,0.09408120065927505,0.0,0.0,0.332031;0.318359;0.318359;0.679688
0086.jpg,P4,crop seedling,0.3904761904761905,0.0,1.0,0.9523809523809523,0.0,0.0,1.0,1.0,1,0.0,0.0,0.0,1.0,1.0,0.0,0.0,0,1.0,0.0,0.0,0.0,0.0,
0086.jpg,P5,plant body without background,0.3904761904761905,0.0,1.0,0.9523809523809523,0.0,0.0,1.0,1.0,1,0.0,0.0,0.0,1.0,1.0,0.0,0.0,0,1.0,0.0,0.0,0.0,0.0,
0087.jpg,P1,green plant,0.9095424815141855,0.04404954631583058,1.0,0.750657836769677,0.7452575340304104,0.46418607234954834,1.0,1.0,1,0.30871228362109226,0.5313706181307798,0.19925512104283055,0.0,0.0,0.8686664548760983,0.027399570794753088,1,6.64329741239558,0.7452575340304104,0.11604651808738708,0.0,0.0,0.953125;0.316406;0.332031
0087.jpg,P2,entire plant excluding pot,0.9097826382710681,0.11693599585872783,1.0,0.7523240959457329,0.7860400707571918,0.12094789743423462,1.0,1.0,1,0.3545330262718907,0.5643333507259485,0.3791433891992551,0.0,0.0,0.8877054346194286,0.05618971836419753,1,6.584287420514377,0.7860400707571918,0.030236974358558655,0.0,0.0,0.882812
0087.jpg,P3,leaves and stems,0.9101012415507489,0.04423909009220184,1.0,0.7522146933962954,0.7459964845356969,0.4640637934207916,1.0,1.0,1,0.3087984292617517,0.5314563388766083,0.19962756052141528,0.0,0.0,0.8685574976108409,0.027474440586419752,1,6.588153854983574,0.7459964845356969,0.1160159483551979,0.0,0.0,0.320312;0.855469;0.404297;0.388672;0.347656
0087.jpg,P4,crop seedling,0.5904761904761905,0.0,1.0,0.9523809523809523,1.0,0.0,1.0,1.0,1,0.0,0.0,0.0,1.0,1.0,0.0,0.0,0,1.0,1.0,0.0,0.0,0.0,
0087.jpg,P5,plant body without background,0.7606064224053553,0.044115779809345224,1.0,0.7508062333547485,0.0,0.46412625908851624,1.0,1.0,1,0.3087967679548333,0.531400572079,0.19962756052141528,0.0,0.0,0.8687360683332854,0.027425733024691357,1,6.638031374135114,0.0,0.11603156477212906,0.0,0.0,0.423828
0088.jpg,P1,green plant,0.8896780032530793,0.04076534175261759,1.0,0.732697719725736,0.6473055692697177,0.49765780568122864,1.0,1.0,1,0.3059927159672193,0.5304896270515432,0.19143484626647145,0.0,0.0,0.8586307417121432,0.02610230999228395,1,7.296386301688524,0.6473055692697177,0.12441445142030716,0.0,0.0,0.349609;0.960938
0088.jpg,P2,entire plant excluding pot,0.9013093379650863,0.11270315674324105,1.0,0.7400138433516555,0.7745988922429954,0.1237136498093605,1.0,1.0,1,0.35110342953563584,0.5636811750215537,0.36676427525622257,0.0,0.0,0.8779744873197197,0.054517746913580245,1,7.026521435621271,0.7745988922429954,0.030928412452340126,0.0,0.0,0.851562
0088.jpg,P3,leaves and stems,0.8904509885719196,0.041132525589935964,1.0,0.7342207352354188,0.6497589728020615,0.49689581990242004,1.0,1.0,1,0.3060493778659525,0.5306590428164195,0.19143484626647145,0.0,0.0,0.8586044055224082,0.02624734760802469,1,7.239764610553051,0.6497589728020615,0.12422395497560501,0.0,0.0,0.330078;0.609375
0088.jpg,P4,crop seedling,0.5904761904761905,0.0,1.0,0.9523809523809523,1.0,0.0,1.0,1.0,1,0.0,0.0,0.0,1.0,1.0,0.0,0.0,0,1.0,1.0,0.0,0.0,0.0,
0088.jpg,P5,plant body without background,0.3904761904761905,0.0,1.0,0.9523809523809523,0.0,0.0,1.0,1.0,1,0.0,0.0,0.0,1.0,1.0,0.0,0.0,0,1.0,0.0,0.0,0.0,0.0,
0089.jpg,P1,green plant,0.7980510957255995,0.03735904780043753,1.0,0.7516163096895252,0.21208272754960722,0.533239483833313,1.0,1.0,1,0.29119158195102296,0.5321396619609321,0.1837742504409171,0.0,0.0,0.7186333518533166,0.02475682388117284,1,6.609321461187456,0.21208272754960722,0.13330987095832825,0.0,0.0,0.960938
0089.jpg,P2,entire plant excluding pot,0.7873598991375759,0.10540068516565082,1.0,0.7545750163666638,0.30953648727437144,0.09424620866775513,1.0,1.0,1,0.3346082196426876,0.5670310485822381,0.345679012345679,0.0,0.0,0.7392513041668208,0.0516332706404321,1,6.504985675647632,0.30953648727437144,0.023561552166938782,0.0,0.0,0.796875
0089.jpg,P3,leaves and stems,0.7988970741383334,0.037730504766369743,1.0,0.7557320345345536,0.21422152518216214,0.5304166078567505,1.0,1.0,1,0.2912769396703663,0.5323301431003254,0.1837742504409171,0.0,0.0,0.718820245058873,0.02490354938271605,1,6.464406808317659,0.21422152518216214,0.13260415196418762,0.0,0.0,0.558594
0089.jpg,P4,crop seedling,0.5904761904761905,0.0,1.0,0.9523809523809523,1.0,0.0,1.0,1.0,1,0.0,0.0,0.0,1.0,1.0,0.0,0.0,0,1.0,1.0,0.0,0.0,0.0,
0089.jpg,P5,plant body without background,0.5904761904761905,0.0,1.0,0.9523809523809523,1.0,0.0,1.0,1.0,1,0.0,0.0,0.0,1.0,1.0,0.0,0.0,0,1.0,1.0,0.0,0.0,0.0,
0090.jpg,P1,green plant,0.8962335928227024,0.03754645501250187,1.0,0.751957192001596,0.6968871836128473,0.5542790293693542,1.0,1.0,1,0.28809962082344254,0.5335004149388393,0.1862020415346709,0.0,0.0,0.6785810811860806,0.02483084972993827,1,6.597258743896088,0.6968871836128473,0.13856975734233856,0.0,0.0,0.960938
0090.jpg,P2,entire plant excluding pot,0.8732037552889871,0.10489645598921704,1.0,0.752826079784638,0.7324627266444962,0.11826702952384949,1.0,1.0,1,0.33151329690054687,0.5693920552306204,0.34565293910594863,0.0,0.0,0.70008548530759,0.05143410011574074,1,6.566561038535523,0.7324627266444962,0.029566757380962372,0.0,0.0,0.898438
0090.jpg,P3,leaves and stems,0.8969695965762823,0.03785747773089543,1.0,0.7536012117395946,0.6994304218823201,0.5523800253868103,1.0,1.0,1,0.2883157692283583,0.53366616275427,0.18690601900739176,0.0,0.0,0.6788952884303328,0.024953703703703704,1,6.539235458277051,0.6994304218823201,0.13809500634670258,0.0,0.0,0.314453;0.394531;0.804688
0090.jpg,P4,crop seedling,0.7571916360531652,0.037970410415689826,1.0,0.7529568332968211,0.0,0.5538637042045593,1.0,1.0,1,0.2882334464697511,0.5337263459649759,0.18655403027103132,0.0,0.0,0.6784949993322388,0.02499831211419753,1,6.561947664954461,0.0,0.13846592605113983,0.0,0.0,0.357422
0090.jpg,P5,plant body without background,0.5904761904761905,0.0,1.0,0.9523809523809523,1.0,0.0,1.0,1.0,1,0.0,0.0,0.0,1.0,1.0,0.0,0.0,0,1.0,1.0,0.0,0.0,0.0,
0091.jpg,P1,green plant,0.6592534384935553,0.03783489119393657,1.0,0.7502741438501461,0.6092228657847348,0.5516633987426758,1.0,1.0,1,0.06945437857925665,0.0,0.007929883138564273,0.0,0.0,0.6802699961431509,0.02494478202160494,1,6.656922891367349,0.6092228657847348,0.13791584968566895,0.0,0.0,0.960938
0091.jpg,P2,entire plant excluding pot,0.3904761904761905,0.0,1.0,0.9523809523809523,0.0,0.0,1.0,1.0,1,0.0,0.0,0.0,1.0,1.0,0.0,0.0,0,1.0,0.0,0.0,0.0,0.0,
0091.jpg,P3,leaves and stems,0.3904761904761905,0.0,1.0,0.9523809523809523,0.0,0.0,1.0,1.0,1,0.0,0.0,0.0,1.0,1.0,0.0,0.0,0,1.0,0.0,0.0,0.0,0.0,
0091.jpg,P4,crop seedling,0.3904761904761905,0.0,1.0,0.9523809523809523,0.0,0.0,1.0,1.0,1,0.0,0.0,0.0,1.0,1.0,0.0,0.0,0,1.0,0.0,0.0,0.0,0.0,
0091.jpg,P5,plant body without background,0.5904761904761905,0.0,1.0,0.9523809523809523,1.0,0.0,1.0,1.0,1,0.0,0.0,0.0,1.0,1.0,0.0,0.0,0,1.0,1.0,0.0,0.0,0.0,
0092.jpg,P1,green plant,0.8064364307379387,0.04413134620643844,1.0,0.7524854376042173,0.26370583256006075,0.5199095606803894,1.0,1.0,1,0.2903899953277175,0.5352052659283284,0.1834948421381682,0.0,0.0,0.700390806679323,0.02743188175154321,1,6.578587439082567,0.26370583256006075,0.12997739017009735,0.0,0.0,0.964844
0092.jpg,P2,entire plant excluding pot,0.7243916230145041,0.11655080383653693,1.0,0.756494304979251,0.0,0.08602875471115112,1.0,1.0,1,0.33257685030911627,0.5719169572188194,0.3307283526101907,0.0,0.0,0.7287481181269517,0.056037567515432096,1,6.43774033506909,0.0,0.02150718867778778,0.0,0.0,0.625000
0092.jpg,P3,leaves and stems,0.5904761904761905,0.0,1.0,0.9523809523809523,1.0,0.0,1.0,1.0,1,0.0,0.0,0.0,1.0,1.0,0.0,0.0,0,1.0,1.0,0.0,0.0,0.0,
0092.jpg,P4,crop seedling,0.5904761904761905,0.0,1.0,0.9523809523809523,1.0,0.0,1.0,1.0,1,0.0,0.0,0.0,1.0,1.0,0.0,0.0,0,1.0,1.0,0.0,0.0,0.0,
0092.jpg,P5,plant body without background,0.5904761904761905,0.0,1.0,0.9523809523809523,1.0,0.0,1.0,1.0,1,0.0,0.0,0.0,1.0,1.0,0.0,0.0,0,1.0,1.0,0.0,0.0,0.0,
0093.jpg,P1,green plant,0.5543555945412835,0.050769956731520516,1.0,0.7522337689967816,0.1837379158991266,0.4653952121734619,1.0,1.0,1,0.06392822378110531,0.0,0.024253075571177504,0.0,0.0,0.5956267017829335,0.030054132908950617,1,6.587479616440313,0.1837379158991266,0.11634880304336548,0.0,0.0,0.968750
0093.jpg,P2,entire plant excluding pot,0.5635891397782183,0.12585828840443825,1.0,0.7560752488179435,0.3957920813670502,0.05624079704284668,1.0,1.0,1,0.09679585665176257,0.0,0.18945518453427065,0.0,0.0,0.6269392343559387,0.059714023919753084,1,6.4523935035146645,0.3957920813670502,0.01406019926071167,0.0,0.0,0.585938
0093.jpg,P3,leaves and stems,0.5904761904761905,0.0,1.0,0.9523809523809523,1.0,0.0,1.0,1.0,1,0.0,0.0,0.0,1.0,1.0,0.0,0.0,0,1.0,1.0,0.0,0.0,0.0,
0093.jpg,P4,crop seedling,0.5904761904761905,0.0,1.0,0.9523809523809523,1.0,0.0,1.0,1.0,1,0.0,0.0,0.0,1.0,1.0,0.0,0.0,0,1.0,1.0,0.0,0.0,0.0,
0093.jpg,P5,plant body without background,0.5904761904761905,0.0,1.0,0.9523809523809523,1.0,0.0,1.0,1.0,1,0.0,0.0,0.0,1.0,1.0,0.0,0.0,0,1.0,1.0,0.0,0.0,0.0,
0094.jpg,P1,green plant,0.7737939471921602,0.06771138556805745,1.0,0.7249119250058758,0.18773097930939867,0.38323700428009033,1.0,1.0,1,0.30107568835947573,0.5246763149444782,0.21323111868256672,0.0,0.0,0.7905737676604637,0.036745997299382716,1,7.589558552010152,0.18773097930939867,0.09580925107002258,0.0,0.0,0.968750
0094.jpg,P2,entire plant excluding pot,0.7681368825596933,0.15692698566182206,1.0,0.7372415238219443,0.21777430952314594,0.0431947223842144,1.0,1.0,1,0.3371093742814678,0.5483414050503597,0.35093696763202725,0.0,0.0,0.8202122834007705,0.07198615933641975,1,7.1281518386508065,0.21777430952314594,0.0107986805960536,0.0,0.0,0.675781
0094.jpg,P3,leaves and stems,0.5904761904761905,0.0,1.0,0.9523809523809523,1.0,0.0,1.0,1.0,1,0.0,0.0,0.0,1.0,1.0,0.0,0.0,0,1.0,1.0,0.0,0.0,0.0,
0094.jpg,P4,crop seedling,0.5904761904761905,0.0,1.0,0.9523809523809523,1.0,0.0,1.0,1.0,1,0.0,0.0,0.0,1.0,1.0,0.0,0.0,0,1.0,1.0,0.0,0.0,0.0,
0094.jpg,P5,plant body without background,0.5904761904761905,0.0,1.0,0.9523809523809523,1.0,0.0,1.0,1.0,1,0.0,0.0,0.0,1.0,1.0,0.0,0.0,0,1.0,1.0,0.0,0.0,0.0,
0095.jpg,P1,green plant,0.7840647945927071,0.10068223550554778,1.0,0.7342441711032478,0.28451215517380263,0.2963026165962219,1.0,1.0,1,0.300916558916943,0.5401813889798447,0.26567607726597325,0.0,0.0,0.6403137886612222,0.049769483024691356,1,7.238895162012315,0.28451215517380263,0.07407565414905548,0.0,0.0,0.968750
0095.jpg,P2,entire plant excluding pot,0.8161992917494323,0.21251123222378498,1.0,0.7482767464712876,0.3088959625365082,0.09110596030950546,1.0,1.0,1,0.34404131144121497,0.5758440166905272,0.41545319465081726,0.0,0.0,0.6771433056238336,0.09394193672839506,1,6.7280790086230855,0.3088959625365082,0.022776490077376366,0.0,0.0,0.369141
0095.jpg,P3,leaves and stems,0.5904761904761905,0.0,1.0,0.9523809523809523,1.0,0.0,1.0,1.0,1,0.0,0.0,0.0,1.0,1.0,0.0,0.0,0,1.0,1.0,0.0,0.0,0.0,
0095.jpg,P4,crop seedling,0.5904761904761905,0.0,1.0,0.9523809523809523,1.0,0.0,1.0,1.0,1,0.0,0.0,0.0,1.0,1.0,0.0,0.0,0,1.0,1.0,0.0,0.0,0.0,
0095.jpg,P5,plant body without background,0.5904761904761905,0.0,1.0,0.9523809523809523,1.0,0.0,1.0,1.0,1,0.0,0.0,0.0,1.0,1.0,0.0,0.0,0,1.0,1.0,0.0,0.0,0.0,
0096.jpg,P1,green plant,0.8645480177453551,0.11192544733552112,1.0,0.7373962846507898,0.685632142347586,0.2897763252258301,1.0,0.3006646606486125,1,0.2996019778334097,0.5436958653335031,0.2792497767192617,0.0,0.0,0.590434651572165,0.05421055169753086,1,7.122458325744669,0.685632142347586,0.07244408130645752,0.0,0.013303858163347003,0.972656
0096.jpg,P2,entire plant excluding pot,0.9081247780769647,0.23107400814580403,1.0,0.7555376127918877,0.7333415404378312,0.10056529194116592,1.0,0.31487545684565643,1,0.3440210874136269,0.5816310684517765,0.43078297112235786,0.0,0.0,0.629092786534807,0.10127423321759259,1,6.471216867807992,0.7333415404378312,0.02514132298529148,0.0,0.012703435320335854,0.707031
0096.jpg,P3,leaves and stems,0.5904761904761905,0.0,1.0,0.9523809523809523,1.0,0.0,1.0,1.0,1,0.0,0.0,0.0,1.0,1.0,0.0,0.0,0,1.0,1.0,0.0,0.0,0.0,
0096.jpg,P4,crop seedling,0.5904761904761905,0.0,1.0,0.9523809523809523,1.0,0.0,1.0,1.0,1,0.0,0.0,0.0,1.0,1.0,0.0,0.0,0,1.0,1.0,0.0,0.0,0.0,
0096.jpg,P5,plant body without background,0.5904761904761905,0.0,1.0,0.9523809523809523,1.0,0.0,1.0,1.0,1,0.0,0.0,0.0,1.0,1.0,0.0,0.0,0,1.0,1.0,0.0,0.0,0.0,
0097.jpg,P1,green plant,0.8211614189929692,0.1211367865096109,1.0,0.7495921870972535,0.5036877654196158,0.24894961714744568,1.0,0.07815979801270566,1,0.2964881477581841,0.5440378799392934,0.28205128205128205,0.0,0.0,0.5530565901020065,0.0578490306712963,1,6.681174569666589,0.5036877654196158,0.06223740428686142,0.0,0.051177204927650405,0.972656
0097.jpg,P2,entire plant excluding pot,0.9136237980662893,0.24598234343256764,1.0,0.7678130793132099,0.6909889211333757,0.16054415702819824,1.0,0.10783779193205945,1,0.34055809788481906,0.5815784189121421,0.42998027613412226,0.0,0.0,0.5960920156142735,0.10716302565586419,1,6.0480063948500495,0.6909889211333757,0.04013603925704956,0.0,0.037092747619685146,0.703125
0097.jpg,P3,leaves and stems,0.5904761904761905,0.0,1.0,0.9523809523809523,1.0,0.0,1.0,1.0,1,0.0,0.0,0.0,1.0,1.0,0.0,0.0,0,1.0,1.0,0.0,0.0,0.0,
0097.jpg,P4,crop seedling,0.5904761904761905,0.0,1.0,0.9523809523809523,1.0,0.0,1.0,1.0,1,0.0,0.0,0.0,1.0,1.0,0.0,0.0,0,1.0,1.0,0.0,0.0,0.0,
0097.jpg,P5,plant body without background,0.5904761904761905,0.0,1.0,0.9523809523809523,1.0,0.0,1.0,1.0,1,0.0,0.0,0.0,1.0,1.0,0.0,0.0,0,1.0,1.0,0.0,0.0,0.0,
0098.jpg,P1,green plant,0.7584260756988788,0.10591407104625727,1.0,0.7591770238269836,0.1535726603233856,0.33352020382881165,1.0,1.0,1,0.2879892838937911,0.5340659166522067,0.1920062695924765,0.0,0.0,0.6650508453887296,0.05183605806327161,1,6.3443167697314236,0.1535726603233856,0.08338005095720291,0.0,0.0,0.490234;0.968750
0098.jpg,P2,entire plant excluding pot,0.8556576260006427,0.2609993382755117,1.0,0.7759540332690241,0.2566228878088239,0.3019423186779022,1.0,1.0,1,0.3365539103943903,0.5743242461625739,0.351619644723093,0.0,0.0,0.7224888818733273,0.11309473861882716,1,5.774722654306993,0.2566228878088239,0.07548557966947556,0.0,0.0,0.404297
0098.jpg,P3,leaves and stems,0.5904761904761905,0.0,1.0,0.9523809523809523,1.0,0.0,1.0,1.0,1,0.0,0.0,0.0,1.0,1.0,0.0,0.0,0,1.0,1.0,0.0,0.0,0.0,
0098.jpg,P4,crop seedling,0.5904761904761905,0.0,1.0,0.9523809523809523,1.0,0.0,1.0,1.0,1,0.0,0.0,0.0,1.0,1.0,0.0,0.0,0,1.0,1.0,0.0,0.0,0.0,
0098.jpg,P5,plant body without background,0.5904761904761905,0.0,1.0,0.9523809523809523,1.0,0.0,1.0,1.0,1,0.0,0.0,0.0,1.0,1.0,0.0,0.0,0,1.0,1.0,0.0,0.0,0.0,
0099.jpg,P1,green plant,0.8560404381450581,0.09489367235114854,1.0,0.7587409174236278,0.6619867774130616,0.3174531161785126,1.0,1.0,1,0.2894255414717881,0.532934687059302,0.17084639498432602,0.0,0.0,0.7214604990385374,0.0474830005787037,1,6.359458862337062,0.6619867774130616,0.07936327904462814,0.0,0.0,0.570312;0.960938
0099.jpg,P2,entire plant excluding pot,0.9538511286323682,0.25662884337396474,1.0,0.7853426390451208,0.7275799514700493,0.29844197630882263,1.0,1.0,1,0.34025244659277676,0.5772462382625496,0.3349007314524556,0.0,0.0,0.7793413153944242,0.11136839313271604,1,5.466591275774248,0.7275799514700493,0.07461049407720566,0.0,0.0,0.369141;0.820312
0099.jpg,P3,leaves and stems,0.5904761904761905,0.0,1.0,0.9523809523809523,1.0,0.0,1.0,1.0,1,0.0,0.0,0.0,1.0,1.0,0.0,0.0,0,1.0,1.0,0.0,0.0,0.0,
0099.jpg,P4,crop seedling,0.5904761904761905,0.0,1.0,0.9523809523809523,1.0,0.0,1.0,1.0,1,0.0,0.0,0.0,1.0,1.0,0.0,0.0,0,1.0,1.0,0.0,0.0,0.0,
0099.jpg,P5,plant body without background,0.5904761904761905,0.0,1.0,0.9523809523809523,1.0,0.0,1.0,1.0,1,0.0,0.0,0.0,1.0,1.0,0.0,0.0,0,1.0,1.0,0.0,0.0,0.0,
0100.jpg,P1,green plant,0.6801811756470542,0.1013659360837631,1.0,0.7553175322685094,0.7354563535058153,0.31280186772346497,1.0,1.0,1,0.09919283773074365,0.0,0.12558653049958599,0.0,0.0,0.7658726224081817,0.05003954475308642,1,6.4789299143266295,0.7354563535058153,0.07820046693086624,0.0,0.0,0.972656
0100.jpg,P2,entire plant excluding pot,0.7635613446085641,0.26854904086576015,1.0,0.7806538808888865,0.8039687806594618,0.28274133801460266,1.0,1.0,1,0.1363787365228217,0.0,0.3000276014352746,0.0,0.0,0.8237376826447227,0.1160768711419753,1,5.619548547209077,0.8039687806594618,0.07068533450365067,0.0,0.0,0.890625
0100.jpg,P3,leaves and stems,0.5904761904761905,0.0,1.0,0.9523809523809523,1.0,0.0,1.0,1.0,1,0.0,0.0,0.0,1.0,1.0,0.0,0.0,0,1.0,1.0,0.0,0.0,0.0,
0100.jpg,P4,crop seedling,0.5332505012220808,0.10212227984841382,1.0,0.7549840125875519,0.0,0.3128741681575775,1.0,1.0,1,0.09925440910337222,0.0,0.1258625448523323,0.0,0.0,0.7659915102995241,0.050338300540123455,1,6.490627174281646,0.0,0.07821854203939438,0.0,0.0,0.400391
0100.jpg,P5,plant body without background,0.5904761904761905,0.0,1.0,0.9523809523809523,1.0,0.0,1.0,1.0,1,0.0,0.0,0.0,1.0,1.0,0.0,0.0,0,1.0,1.0,0.0,0.0,0.0,
